{
    "0": {
        "cache-07": 3.6754095135556746, 
        "cache-08": 4.019754725099166
    }, 
    "1": {
        "cache-07": 3.6754095135556746, 
        "cache-08": 4.019754725099166
    }, 
    "2": {
        "cache-07": 3.6754095135556746, 
        "cache-08": 4.019754725099166
    }, 
    "3": {
        "cache-07": 3.6754095135556746, 
        "cache-08": 4.019754725099166
    }, 
    "4": {
        "cache-07": 3.6754095135556746, 
        "cache-08": 4.019754725099166
    }, 
    "5": {
        "cache-07": 3.6754095135556746, 
        "cache-08": 4.019754725099166
    }, 
    "6": {
        "cache-07": 3.6754095135565397, 
        "cache-08": 4.009004259807448
    }, 
    "7": {
        "cache-07": 3.6754095135565397, 
        "cache-08": 4.009004259807448
    }, 
    "8": {
        "cache-07": 3.6754095135565397, 
        "cache-08": 4.009004259807448
    }, 
    "9": {
        "cache-07": 3.6754095135565397, 
        "cache-08": 4.009004259807448
    }, 
    "10": {
        "cache-07": 3.6754095135565397, 
        "cache-08": 4.009004259807448
    }, 
    "11": {
        "cache-07": 3.675409513557232, 
        "cache-08": 3.7210485959403763
    }, 
    "12": {
        "cache-07": 3.675409513557232, 
        "cache-08": 3.7210485959403763
    }, 
    "13": {
        "cache-07": 3.675409513557232, 
        "cache-08": 3.7210485959403763
    }, 
    "14": {
        "cache-07": 3.675409513557232, 
        "cache-08": 3.7210485959403763
    }, 
    "15": {
        "cache-07": 3.675409513557232, 
        "cache-08": 3.7210485959403763
    }, 
    "16": {
        "cache-07": 3.6754095135582285, 
        "cache-08": 3.7197362877342472
    }, 
    "17": {
        "cache-07": 3.6754095135582285, 
        "cache-08": 3.7197362877342472
    }, 
    "18": {
        "cache-07": 3.6754095135582285, 
        "cache-08": 3.7197362877342472
    }, 
    "19": {
        "cache-07": 3.6754095135582285, 
        "cache-08": 3.7197362877342472
    }, 
    "20": {
        "cache-07": 3.6754095135582285, 
        "cache-08": 3.7197362877342472
    }, 
    "21": {
        "cache-07": 3.6565360875556663, 
        "cache-08": 3.7186782392430318
    }, 
    "22": {
        "cache-07": 3.6565360875556663, 
        "cache-08": 3.7186782392430318
    }, 
    "23": {
        "cache-07": 3.6565360875556663, 
        "cache-08": 3.7186782392430318
    }, 
    "24": {
        "cache-07": 3.6565360875556663, 
        "cache-08": 3.7186782392430318
    }, 
    "25": {
        "cache-07": 3.6565360875556663, 
        "cache-08": 3.7186782392430318
    }, 
    "26": {
        "cache-07": 3.638795067114027, 
        "cache-08": 3.717825187646997
    }, 
    "27": {
        "cache-07": 3.638795067114027, 
        "cache-08": 3.717825187646997
    }, 
    "28": {
        "cache-07": 3.638795067114027, 
        "cache-08": 3.717825187646997
    }, 
    "29": {
        "cache-07": 3.638795067114027, 
        "cache-08": 3.717825187646997
    }, 
    "30": {
        "cache-07": 3.638795067114027, 
        "cache-08": 3.717825187646997
    }, 
    "31": {
        "cache-07": 3.6380854262949773, 
        "cache-08": 3.90396417044711
    }, 
    "32": {
        "cache-07": 3.6380854262949773, 
        "cache-08": 3.90396417044711
    }, 
    "33": {
        "cache-07": 3.6380854262949773, 
        "cache-08": 3.90396417044711
    }, 
    "34": {
        "cache-07": 3.6380854262949773, 
        "cache-08": 3.90396417044711
    }, 
    "35": {
        "cache-07": 3.6380854262949773, 
        "cache-08": 3.90396417044711
    }, 
    "36": {
        "cache-07": 3.6380570406611863, 
        "cache-08": 4.042300432560393
    }, 
    "37": {
        "cache-07": 3.6380570406611863, 
        "cache-08": 4.042300432560393
    }, 
    "38": {
        "cache-07": 3.6380570406611863, 
        "cache-08": 4.042300432560393
    }, 
    "39": {
        "cache-07": 3.6380570406611863, 
        "cache-08": 4.042300432560393
    }, 
    "40": {
        "cache-07": 3.6380570406611863, 
        "cache-08": 4.042300432560393
    }, 
    "41": {
        "cache-07": 3.63805590523516, 
        "cache-08": 4.05447388340237
    }, 
    "42": {
        "cache-07": 3.63805590523516, 
        "cache-08": 4.05447388340237
    }, 
    "43": {
        "cache-07": 3.63805590523516, 
        "cache-08": 4.05447388340237
    }, 
    "44": {
        "cache-07": 3.63805590523516, 
        "cache-08": 4.05447388340237
    }, 
    "45": {
        "cache-07": 3.63805590523516, 
        "cache-08": 4.05447388340237
    }, 
    "46": {
        "cache-07": 3.638055859819303, 
        "cache-08": 3.990724091533131
    }, 
    "47": {
        "cache-07": 3.638055859819303, 
        "cache-08": 3.990724091533131
    }, 
    "48": {
        "cache-07": 3.638055859819303, 
        "cache-08": 3.990724091533131
    }, 
    "49": {
        "cache-07": 3.638055859819303, 
        "cache-08": 3.990724091533131
    }, 
    "50": {
        "cache-07": 3.638055859819303, 
        "cache-08": 3.990724091533131
    }, 
    "51": {
        "cache-07": 3.638055858001954, 
        "cache-08": 4.170177391481497
    }, 
    "52": {
        "cache-07": 3.638055858001954, 
        "cache-08": 4.170177391481497
    }, 
    "53": {
        "cache-07": 3.638055858001954, 
        "cache-08": 4.170177391481497
    }, 
    "54": {
        "cache-07": 3.638055858001954, 
        "cache-08": 4.170177391481497
    }, 
    "55": {
        "cache-07": 3.638055858001954, 
        "cache-08": 4.170177391481497
    }, 
    "56": {
        "cache-07": 3.638055857929251, 
        "cache-08": 3.369560731198413
    }, 
    "57": {
        "cache-07": 3.638055857929251, 
        "cache-08": 3.369560731198413
    }, 
    "58": {
        "cache-07": 3.638055857929251, 
        "cache-08": 3.369560731198413
    }, 
    "59": {
        "cache-07": 3.638055857929251, 
        "cache-08": 3.369560731198413
    }, 
    "60": {
        "cache-07": 3.638055857929251, 
        "cache-08": 3.369560731198413
    }, 
    "61": {
        "cache-07": 3.6371471769215127, 
        "cache-08": 3.5425713111122556
    }, 
    "62": {
        "cache-07": 3.6371471769215127, 
        "cache-08": 3.5425713111122556
    }, 
    "63": {
        "cache-07": 3.6371471769215127, 
        "cache-08": 3.5425713111122556
    }, 
    "64": {
        "cache-07": 3.6371471769215127, 
        "cache-08": 3.5425713111122556
    }, 
    "65": {
        "cache-07": 3.6371471769215127, 
        "cache-08": 3.5425713111122556
    }, 
    "66": {
        "cache-07": 3.48591027011948, 
        "cache-08": 3.8329417459477275
    }, 
    "67": {
        "cache-07": 3.48591027011948, 
        "cache-08": 3.8329417459477275
    }, 
    "68": {
        "cache-07": 3.48591027011948, 
        "cache-08": 3.8329417459477275
    }, 
    "69": {
        "cache-07": 3.48591027011948, 
        "cache-08": 3.8329417459477275
    }, 
    "70": {
        "cache-07": 3.48591027011948, 
        "cache-08": 3.8329417459477275
    }, 
    "71": {
        "cache-07": 3.524103435446773, 
        "cache-08": 3.8115745679072663
    }, 
    "72": {
        "cache-07": 3.524103435446773, 
        "cache-08": 3.8115745679072663
    }, 
    "73": {
        "cache-07": 3.524103435446773, 
        "cache-08": 3.8115745679072663
    }, 
    "74": {
        "cache-07": 3.524103435446773, 
        "cache-08": 3.8115745679072663
    }, 
    "75": {
        "cache-07": 3.524103435446773, 
        "cache-08": 3.8115745679072663
    }, 
    "76": {
        "cache-07": 3.614958826525683, 
        "cache-08": 3.519048381976499
    }, 
    "77": {
        "cache-07": 3.614958826525683, 
        "cache-08": 3.519048381976499
    }, 
    "78": {
        "cache-07": 3.614958826525683, 
        "cache-08": 3.519048381976499
    }, 
    "79": {
        "cache-07": 3.614958826525683, 
        "cache-08": 3.519048381976499
    }, 
    "80": {
        "cache-07": 3.614958826525683, 
        "cache-08": 3.519048381976499
    },