{
    "0": {
        "cache-07": 4.954799988973216, 
        "cache-08": 4.0
    }, 
    "1": {
        "cache-07": 4.954799988973216, 
        "cache-08": 4.0
    }, 
    "2": {
        "cache-07": 4.954799988973216, 
        "cache-08": 4.0
    }, 
    "3": {
        "cache-07": 4.954799988973216, 
        "cache-08": 4.0
    }, 
    "4": {
        "cache-07": 4.954799988973216, 
        "cache-08": 4.0
    }, 
    "5": {
        "cache-07": 4.954799988973216, 
        "cache-08": 4.0
    }, 
    "6": {
        "cache-07": 4.99967255579492, 
        "cache-08": 4.0
    }, 
    "7": {
        "cache-07": 4.99967255579492, 
        "cache-08": 4.0
    }, 
    "8": {
        "cache-07": 4.99967255579492, 
        "cache-08": 4.0
    }, 
    "9": {
        "cache-07": 4.99967255579492, 
        "cache-08": 4.0
    }, 
    "10": {
        "cache-07": 4.99967255579492, 
        "cache-08": 4.0
    }, 
    "11": {
        "cache-07": 4.999727009282395, 
        "cache-08": 4.0
    }, 
    "12": {
        "cache-07": 4.999727009282395, 
        "cache-08": 4.0
    }, 
    "13": {
        "cache-07": 4.999727009282395, 
        "cache-08": 4.0
    }, 
    "14": {
        "cache-07": 4.999727009282395, 
        "cache-08": 4.0
    }, 
    "15": {
        "cache-07": 4.999727009282395, 
        "cache-08": 4.0
    }, 
    "16": {
        "cache-07": 4.999770912406689, 
        "cache-08": 4.0
    }, 
    "17": {
        "cache-07": 4.999770912406689, 
        "cache-08": 4.0
    }, 
    "18": {
        "cache-07": 4.999770912406689, 
        "cache-08": 4.0
    }, 
    "19": {
        "cache-07": 4.999770912406689, 
        "cache-08": 4.0
    }, 
    "20": {
        "cache-07": 4.999770912406689, 
        "cache-08": 4.0
    }, 
    "21": {
        "cache-07": 4.999806309300684, 
        "cache-08": 4.0
    }, 
    "22": {
        "cache-07": 4.999806309300684, 
        "cache-08": 4.0
    }, 
    "23": {
        "cache-07": 4.999806309300684, 
        "cache-08": 4.0
    }, 
    "24": {
        "cache-07": 4.999806309300684, 
        "cache-08": 4.0
    }, 
    "25": {
        "cache-07": 4.999806309300684, 
        "cache-08": 4.0
    }, 
    "26": {
        "cache-07": 3.829132135885184, 
        "cache-08": 4.572099091096572
    }, 
    "27": {
        "cache-07": 3.829132135885184, 
        "cache-08": 4.572099091096572
    }, 
    "28": {
        "cache-07": 3.829132135885184, 
        "cache-08": 4.572099091096572
    }, 
    "29": {
        "cache-07": 3.829132135885184, 
        "cache-08": 4.572099091096572
    }, 
    "30": {
        "cache-07": 3.829132135885184, 
        "cache-08": 4.572099091096572
    }, 
    "31": {
        "cache-07": 4.006044383360042, 
        "cache-08": 3.350727242625065
    }, 
    "32": {
        "cache-07": 4.006044383360042, 
        "cache-08": 3.350727242625065
    }, 
    "33": {
        "cache-07": 4.006044383360042, 
        "cache-08": 3.350727242625065
    }, 
    "34": {
        "cache-07": 4.006044383360042, 
        "cache-08": 3.350727242625065
    }, 
    "35": {
        "cache-07": 4.006044383360042, 
        "cache-08": 3.350727242625065
    }, 
    "36": {
        "cache-07": 3.6402846015404973, 
        "cache-08": 3.4038620959822006
    }, 
    "37": {
        "cache-07": 3.6402846015404973, 
        "cache-08": 3.4038620959822006
    }, 
    "38": {
        "cache-07": 3.6402846015404973, 
        "cache-08": 3.4038620959822006
    }, 
    "39": {
        "cache-07": 3.6402846015404973, 
        "cache-08": 3.4038620959822006
    }, 
    "40": {
        "cache-07": 3.6402846015404973, 
        "cache-08": 3.4038620959822006
    }, 
    "41": {
        "cache-07": 3.8021388995287477, 
        "cache-08": 3.8917893496373916
    }, 
    "42": {
        "cache-07": 3.8021388995287477, 
        "cache-08": 3.8917893496373916
    }, 
    "43": {
        "cache-07": 3.8021388995287477, 
        "cache-08": 3.8917893496373916
    }, 
    "44": {
        "cache-07": 3.8021388995287477, 
        "cache-08": 3.8917893496373916
    }, 
    "45": {
        "cache-07": 3.8021388995287477, 
        "cache-08": 3.8917893496373916
    }, 
    "46": {
        "cache-07": 3.786407449028463, 
        "cache-08": 4.073470495775171
    }, 
    "47": {
        "cache-07": 3.786407449028463, 
        "cache-08": 4.073470495775171
    }, 
    "48": {
        "cache-07": 3.786407449028463, 
        "cache-08": 4.073470495775171
    }, 
    "49": {
        "cache-07": 3.786407449028463, 
        "cache-08": 4.073470495775171
    }, 
    "50": {
        "cache-07": 3.786407449028463, 
        "cache-08": 4.073470495775171
    }, 
    "51": {
        "cache-07": 4.952491201740727, 
        "cache-08": 3.9014555705720646
    }, 
    "52": {
        "cache-07": 4.952491201740727, 
        "cache-08": 3.9014555705720646
    }, 
    "53": {
        "cache-07": 4.952491201740727, 
        "cache-08": 3.9014555705720646
    }, 
    "54": {
        "cache-07": 4.952491201740727, 
        "cache-08": 3.9014555705720646
    }, 
    "55": {
        "cache-07": 4.952491201740727, 
        "cache-08": 3.9014555705720646
    }, 
    "56": {
        "cache-07": 4.979473653920547, 
        "cache-08": 3.901455570571652
    }, 
    "57": {
        "cache-07": 4.979473653920547, 
        "cache-08": 3.901455570571652
    }, 
    "58": {
        "cache-07": 4.979473653920547, 
        "cache-08": 3.901455570571652
    }, 
    "59": {
        "cache-07": 4.979473653920547, 
        "cache-08": 3.901455570571652
    }, 
    "60": {
        "cache-07": 4.979473653920547, 
        "cache-08": 3.901455570571652
    }, 
    "61": {
        "cache-07": 4.983441644646209, 
        "cache-08": 3.901455570571322
    }, 
    "62": {
        "cache-07": 4.983441644646209, 
        "cache-08": 3.901455570571322
    }, 
    "63": {
        "cache-07": 4.983441644646209, 
        "cache-08": 3.901455570571322
    }, 
    "64": {
        "cache-07": 4.983441644646209, 
        "cache-08": 3.901455570571322
    }, 
    "65": {
        "cache-07": 4.983441644646209, 
        "cache-08": 3.901455570571322
    }, 
    "66": {
        "cache-07": 4.986640837168801, 
        "cache-08": 3.901455570571058
    }, 
    "67": {
        "cache-07": 4.986640837168801, 
        "cache-08": 3.901455570571058
    }, 
    "68": {
        "cache-07": 4.986640837168801, 
        "cache-08": 3.901455570571058
    }, 
    "69": {
        "cache-07": 4.986640837168801, 
        "cache-08": 3.901455570571058
    }, 
    "70": {
        "cache-07": 4.986640837168801, 
        "cache-08": 3.901455570571058
    }, 
    "71": {
        "cache-07": 4.208989227379093, 
        "cache-08": 3.9014555705708465
    }, 
    "72": {
        "cache-07": 4.208989227379093, 
        "cache-08": 3.9014555705708465
    }, 
    "73": {
        "cache-07": 4.208989227379093, 
        "cache-08": 3.9014555705708465
    }, 
    "74": {
        "cache-07": 4.208989227379093, 
        "cache-08": 3.9014555705708465
    }, 
    "75": {
        "cache-07": 4.208989227379093, 
        "cache-08": 3.9014555705708465
    }, 
    "76": {
        "cache-07": 3.8208641158274266, 
        "cache-08": 4.547462983739242
    }, 
    "77": {
        "cache-07": 3.8208641158274266, 
        "cache-08": 4.547462983739242
    }, 
    "78": {
        "cache-07": 3.8208641158274266, 
        "cache-08": 4.547462983739242
    }, 
    "79": {
        "cache-07": 3.8208641158274266, 
        "cache-08": 4.547462983739242
    }, 
    "80": {
        "cache-07": 3.8208641158274266, 
        "cache-08": 4.547462983739242
    }, 
    "81": {
        "cache-07": 4.03370022611918, 
        "cache-08": 3.7771410247466326
    }, 
    "82": {
        "cache-07": 4.03370022611918, 
        "cache-08": 3.7771410247466326
    }, 
    "83": {
        "cache-07": 4.03370022611918, 
        "cache-08": 3.7771410247466326
    }, 
    "84": {
        "cache-07": 4.03370022611918, 
        "cache-08": 3.7771410247466326
    },