{
    "cache-02": 267.181921, 
    "cache-08": 110.8602524
}