{
    "1455833909.727731": {
        "cache-02": 5, 
        "cache-04": 4.5, 
        "cache-06": 4.5
    }, 
    "1455833909.888968": {
        "cache-02": 4.852639712716087, 
        "cache-04": 4.5, 
        "cache-06": 4.5
    }, 
    "1455833910.0182": {
        "cache-02": 4.86737110204978, 
        "cache-04": 4.5, 
        "cache-06": 4.5
    }, 
    "1455833910.107505": {
        "cache-02": 4.880629352450103, 
        "cache-04": 4.5, 
        "cache-06": 4.5
    }, 
    "1455833910.228117": {
        "cache-02": 4.892561777810394, 
        "cache-04": 4.5, 
        "cache-06": 4.5
    }, 
    "1455833910.356401": {
        "cache-02": 4.903300960634656, 
        "cache-04": 4.5, 
        "cache-06": 4.5
    }, 
    "1455833915.541434": {
        "cache-02": 4.912966225176492, 
        "cache-04": 4.5, 
        "cache-06": 4.5
    }, 
    "1455833920.665886": {
        "cache-02": 4.921664963264144, 
        "cache-04": 4.5, 
        "cache-06": 4.5
    }, 
    "1455833925.77698": {
        "cache-02": 4.929493827543031, 
        "cache-04": 4.5, 
        "cache-06": 4.5
    }, 
    "1455833930.898983": {
        "cache-02": 4.9365398053940295, 
        "cache-04": 4.5, 
        "cache-06": 4.5
    }, 
    "1455833936.003758": {
        "cache-02": 4.942881185459928, 
        "cache-04": 4.5, 
        "cache-06": 4.5
    }, 
    "1455833941.119716": {
        "cache-02": 4.948588427519237, 
        "cache-04": 4.5, 
        "cache-06": 4.5
    }, 
    "1455833946.216547": {
        "cache-02": 4.953724945372615, 
        "cache-04": 4.5, 
        "cache-06": 4.5
    }, 
    "1455833951.38624": {
        "cache-02": 4.958347811440655, 
        "cache-04": 4.5, 
        "cache-06": 4.5
    }, 
    "1455833956.483398": {
        "cache-02": 4.962508390901891, 
        "cache-04": 4.5, 
        "cache-06": 4.5
    }, 
    "1455833961.690459": {
        "cache-02": 4.966252912417003, 
        "cache-04": 4.5, 
        "cache-06": 4.5
    }, 
    "1455833966.801839": {
        "cache-02": 4.969622981780605, 
        "cache-04": 4.5, 
        "cache-06": 4.5
    }, 
    "1455833971.901949": {
        "cache-02": 4.972656044207846, 
        "cache-04": 4.5, 
        "cache-06": 4.5
    }, 
    "1455833976.99312": {
        "cache-02": 4.975385800392363, 
        "cache-04": 4.5, 
        "cache-06": 4.5
    }, 
    "1455833982.122528": {
        "cache-02": 4.977842580958429, 
        "cache-04": 4.5, 
        "cache-06": 4.5
    }, 
    "1455833987.238613": {
        "cache-02": 4.9800536834678875, 
        "cache-04": 4.5, 
        "cache-06": 4.5
    }, 
    "1455833992.343527": {
        "cache-02": 4.9820436757264, 
        "cache-04": 4.5, 
        "cache-06": 4.5
    }, 
    "1455833997.445546": {
        "cache-02": 4.983834668759061, 
        "cache-04": 4.5, 
        "cache-06": 4.5
    }, 
    "1455834002.668821": {
        "cache-02": 4.985446562488456, 
        "cache-04": 4.5, 
        "cache-06": 4.5
    }, 
    "1455834007.761033": {
        "cache-02": 4.986897266844912, 
        "cache-04": 4.5, 
        "cache-06": 4.5
    }, 
    "1455834012.904532": {
        "cache-02": 4.988202900765723, 
        "cache-04": 4.5, 
        "cache-06": 4.5
    }, 
    "1455834017.991342": {
        "cache-02": 4.989377971294452, 
        "cache-04": 4.5, 
        "cache-06": 4.5
    }, 
    "1455834023.087684": {
        "cache-02": 4.990435534770309, 
        "cache-04": 4.5, 
        "cache-06": 4.5
    }, 
    "1455834028.174035": {
        "cache-02": 4.991387341898579, 
        "cache-04": 4.5, 
        "cache-06": 4.5
    }, 
    "1455834033.262761": {
        "cache-02": 4.992243968314023, 
        "cache-04": 4.5, 
        "cache-06": 4.5
    }, 
    "1455834038.384296": {
        "cache-02": 4.993014932087922, 
        "cache-04": 4.5, 
        "cache-06": 4.5
    }, 
    "1455834043.461933": {
        "cache-02": 4.993708799484431, 
        "cache-04": 4.5, 
        "cache-06": 4.5
    }, 
    "1455834048.606011": {
        "cache-02": 4.99433328014129, 
        "cache-04": 4.5, 
        "cache-06": 4.5
    }, 
    "1455834053.772695": {
        "cache-02": 4.994895312732463, 
        "cache-04": 4.5, 
        "cache-06": 4.5
    }, 
    "1455834058.846931": {
        "cache-02": 4.995401142064518, 
        "cache-04": 4.5, 
        "cache-06": 4.5
    }, 
    "1455834083.641737": {
        "cache-02": 4.995856388463367, 
        "cache-04": 4.5, 
        "cache-06": 4.5
    }, 
    "1455834087.579563": {
        "cache-02": 4.996266110222332, 
        "cache-04": 4.5, 
        "cache-06": 4.5
    }, 
    "1455834089.929732": {
        "cache-02": 4.876037189136382, 
        "cache-04": 4.5, 
        "cache-06": 4.5
    }, 
    "1455834090.719352": {
        "cache-02": 4.741073182938831, 
        "cache-04": 4.5, 
        "cache-06": 4.5
    }, 
    "1455834093.180478": {
        "cache-02": 4.619605577361035, 
        "cache-04": 4.5, 
        "cache-06": 4.5
    }, 
    "1455834095.445865": {
        "cache-02": 4.587264151240799, 
        "cache-04": 4.5, 
        "cache-06": 4.5
    }, 
    "1455834099.777885": {
        "cache-02": 4.5790637931692615, 
        "cache-04": 4.5, 
        "cache-06": 4.5
    }, 
    "1455834103.836908": {
        "cache-02": 4.603582303138938, 
        "cache-04": 4.5, 
        "cache-06": 4.5
    }, 
    "1455834108.024598": {
        "cache-02": 4.593750129877586, 
        "cache-04": 4.5, 
        "cache-06": 4.5
    }, 
    "1455834110.666349": {
        "cache-02": 4.6168000061764305, 
        "cache-04": 4.5, 
        "cache-06": 4.5
    }, 
    "1455834115.309433": {
        "cache-02": 4.60564606261133, 
        "cache-04": 4.5, 
        "cache-06": 4.5
    }, 
    "1455834117.686204": {
        "cache-02": 4.595607513402738, 
        "cache-04": 4.5, 
        "cache-06": 4.5
    }, 
    "1455834124.96927": {
        "cache-02": 4.586572819115007, 
        "cache-04": 4.5, 
        "cache-06": 4.5
    }, 
    "1455834131.845283": {
        "cache-02": 4.578441594256049, 
        "cache-04": 4.5, 
        "cache-06": 4.5
    }, 
    "1455834136.05395": {
        "cache-02": 4.571123491882986, 
        "cache-04": 4.5, 
        "cache-06": 4.5
    }, 
    "1455834139.335105": {
        "cache-02": 4.56453719974723, 
        "cache-04": 4.5, 
        "cache-06": 4.5
    }, 
    "1455834147.679912": {
        "cache-02": 4.558609536825049, 
        "cache-04": 4.5, 
        "cache-06": 4.5
    }, 
    "1455834151.666344": {
        "cache-02": 4.553274640195086, 
        "cache-04": 4.5, 
        "cache-06": 4.5
    }, 
    "1455834155.9167": {
        "cache-02": 4.58037206546218, 
        "cache-04": 4.5, 
        "cache-06": 4.5
    }, 
    "1455834160.535231": {
        "cache-02": 4.604759748202565, 
        "cache-04": 4.5, 
        "cache-06": 4.5
    }, 
    "1455834164.898348": {
        "cache-02": 4.594809830434851, 
        "cache-04": 4.5, 
        "cache-06": 4.5
    }, 
    "1455834169.707042": {
        "cache-02": 4.617753736677969, 
        "cache-04": 4.5, 
        "cache-06": 4.5
    }, 
    "1455834172.093972": {
        "cache-02": 4.638403252296775, 
        "cache-04": 4.5, 
        "cache-06": 4.5
    }, 
    "1455834180.503119": {
        "cache-02": 4.6569878163537, 
        "cache-04": 4.5, 
        "cache-06": 4.5
    }, 
    "1455834182.834538": {
        "cache-02": 4.641815091770873, 
        "cache-04": 4.5, 
        "cache-06": 4.5
    }, 
    "1455834200.092321": {
        "cache-02": 4.628159639646327, 
        "cache-04": 4.5, 
        "cache-06": 4.5
    }, 
    "1455834202.382557": {
        "cache-02": 4.647768564968297, 
        "cache-04": 4.5, 
        "cache-06": 4.5
    }, 
    "1455834206.544151": {
        "cache-02": 4.63351776552401, 
        "cache-04": 4.5, 
        "cache-06": 4.5
    }, 
    "1455834209.727643": {
        "cache-02": 4.652590878258212, 
        "cache-04": 4.5, 
        "cache-06": 4.5
    },