{
    "1455833910.337076": {
        "cache-02": 5, 
        "cache-04": 4.5, 
        "cache-06": 4.5
    }, 
    "1455833910.3791": {
        "cache-02": 4.758795379872566, 
        "cache-04": 4.5, 
        "cache-06": 4.5
    }, 
    "1455833910.416073": {
        "cache-02": 4.782906563095913, 
        "cache-04": 4.5, 
        "cache-06": 4.5
    }, 
    "1455833910.440558": {
        "cache-02": 4.804606627996924, 
        "cache-04": 4.5, 
        "cache-06": 4.5
    }, 
    "1455833910.488237": {
        "cache-02": 4.824136686407835, 
        "cache-04": 4.5, 
        "cache-06": 4.5
    }, 
    "1455833910.543511": {
        "cache-02": 4.841713738977655, 
        "cache-04": 4.5, 
        "cache-06": 4.5
    }, 
    "1455833915.587956": {
        "cache-02": 4.857533086290492, 
        "cache-04": 4.5, 
        "cache-06": 4.5
    }, 
    "1455833920.665011": {
        "cache-02": 4.871770498872046, 
        "cache-04": 4.5, 
        "cache-06": 4.5
    }, 
    "1455833925.776767": {
        "cache-02": 4.884584170195444, 
        "cache-04": 4.5, 
        "cache-06": 4.5
    }, 
    "1455833930.897345": {
        "cache-02": 4.896116474386503, 
        "cache-04": 4.5, 
        "cache-06": 4.5
    }, 
    "1455833936.0044": {
        "cache-02": 4.906495548158455, 
        "cache-04": 4.5, 
        "cache-06": 4.5
    }, 
    "1455833941.119352": {
        "cache-02": 4.915836714553213, 
        "cache-04": 4.5, 
        "cache-06": 4.5
    }, 
    "1455833946.218104": {
        "cache-02": 4.924243764308494, 
        "cache-04": 4.5, 
        "cache-06": 4.5
    }, 
    "1455833951.382584": {
        "cache-02": 4.931810109088248, 
        "cache-04": 4.5, 
        "cache-06": 4.5
    }, 
    "1455833956.484391": {
        "cache-02": 4.938619819390026, 
        "cache-04": 4.5, 
        "cache-06": 4.5
    }, 
    "1455833961.691753": {
        "cache-02": 4.944748558661626, 
        "cache-04": 4.5, 
        "cache-06": 4.5
    }, 
    "1455833966.800758": {
        "cache-02": 4.9502644240060665, 
        "cache-04": 4.5, 
        "cache-06": 4.5
    }, 
    "1455833971.901771": {
        "cache-02": 4.955228702816063, 
        "cache-04": 4.5, 
        "cache-06": 4.5
    }, 
    "1455833976.992399": {
        "cache-02": 4.95969655374506, 
        "cache-04": 4.5, 
        "cache-06": 4.5
    }, 
    "1455833982.123638": {
        "cache-02": 4.963717619581157, 
        "cache-04": 4.5, 
        "cache-06": 4.5
    }, 
    "1455833987.237007": {
        "cache-02": 4.9673365788336445, 
        "cache-04": 4.5, 
        "cache-06": 4.5
    }, 
    "1455833992.344377": {
        "cache-02": 4.970593642160883, 
        "cache-04": 4.5, 
        "cache-06": 4.5
    }, 
    "1455833997.451518": {
        "cache-02": 4.973524999155397, 
        "cache-04": 4.5, 
        "cache-06": 4.5
    }, 
    "1455834002.668001": {
        "cache-02": 4.97616322045046, 
        "cache-04": 4.5, 
        "cache-06": 4.5
    }, 
    "1455834007.761186": {
        "cache-02": 4.978537619616017, 
        "cache-04": 4.5, 
        "cache-06": 4.5
    }, 
    "1455834012.903851": {
        "cache-02": 4.980674578865019, 
        "cache-04": 4.5, 
        "cache-06": 4.5
    }, 
    "1455834017.991331": {
        "cache-02": 4.9825978421891195, 
        "cache-04": 4.5, 
        "cache-06": 4.5
    }, 
    "1455834023.084817": {
        "cache-02": 4.98432877918081, 
        "cache-04": 4.5, 
        "cache-06": 4.5
    }, 
    "1455834028.173429": {
        "cache-02": 4.985886622473332, 
        "cache-04": 4.5, 
        "cache-06": 4.5
    }, 
    "1455834033.261843": {
        "cache-02": 4.987288681436602, 
        "cache-04": 4.5, 
        "cache-06": 4.5
    }, 
    "1455834038.383032": {
        "cache-02": 4.988550534503545, 
        "cache-04": 4.5, 
        "cache-06": 4.5
    }, 
    "1455834043.463653": {
        "cache-02": 4.989686202263793, 
        "cache-04": 4.5, 
        "cache-06": 4.5
    }, 
    "1455834048.604162": {
        "cache-02": 4.990708303248017, 
        "cache-04": 4.5, 
        "cache-06": 4.5
    }, 
    "1455834053.775022": {
        "cache-02": 4.991628194133818, 
        "cache-04": 4.5, 
        "cache-06": 4.5
    }, 
    "1455834058.844688": {
        "cache-02": 4.992456095931039, 
        "cache-04": 4.5, 
        "cache-06": 4.5
    }, 
    "1455834083.65526": {
        "cache-02": 4.9932012075485375, 
        "cache-04": 4.5, 
        "cache-06": 4.5
    }, 
    "1455834087.579756": {
        "cache-02": 4.993871808004287, 
        "cache-04": 4.5, 
        "cache-06": 4.5
    }, 
    "1455834089.918592": {
        "cache-02": 4.753280007076425, 
        "cache-04": 4.5, 
        "cache-06": 4.5
    }, 
    "1455834090.192835": {
        "cache-02": 4.483231431800956, 
        "cache-04": 4.5, 
        "cache-06": 4.5
    }, 
    "1455834090.240452": {
        "cache-02": 4.483231431800956, 
        "cache-04": 4.5, 
        "cache-06": 4.255279425432173
    }, 
    "1455834090.279166": {
        "cache-02": 4.483231431800956, 
        "cache-04": 4.5499907212106026, 
        "cache-06": 4.255279425432173
    }, 
    "1455834090.32047": {
        "cache-02": 4.483231431800956, 
        "cache-04": 4.594982370300145, 
        "cache-06": 4.255279425432173
    }, 
    "1455834095.389045": {
        "cache-02": 4.483231431800956, 
        "cache-04": 4.635474854480734, 
        "cache-06": 4.255279425432173
    }, 
    "1455834100.42887": {
        "cache-02": 4.483231431800956, 
        "cache-04": 4.671918090243263, 
        "cache-06": 4.255279425432173
    }, 
    "1455834105.479525": {
        "cache-02": 4.483231431800956, 
        "cache-04": 4.70471700242954, 
        "cache-06": 4.255279425432173
    }, 
    "1455834110.545553": {
        "cache-02": 4.483231431800956, 
        "cache-04": 4.734236023397188, 
        "cache-06": 4.255279425432173
    }, 
    "1455834115.594783": {
        "cache-02": 4.483231431800956, 
        "cache-04": 4.760803142268072, 
        "cache-06": 4.255279425432173
    }, 
    "1455834120.653684": {
        "cache-02": 4.483231431800956, 
        "cache-04": 4.784713549251868, 
        "cache-06": 4.255279425432173
    }, 
    "1455834125.730833": {
        "cache-02": 4.483231431800956, 
        "cache-04": 4.806232915537284, 
        "cache-06": 4.255279425432173
    }, 
    "1455834130.795471": {
        "cache-02": 4.483231431800956, 
        "cache-04": 4.825600345194158, 
        "cache-06": 4.255279425432173
    }, 
    "1455834135.83656": {
        "cache-02": 4.483231431800956, 
        "cache-04": 4.843031031885345, 
        "cache-06": 4.255279425432173
    }, 
    "1455834140.886259": {
        "cache-02": 4.483231431800956, 
        "cache-04": 4.858718649907413, 
        "cache-06": 4.255279425432173
    }, 
    "1455834145.926694": {
        "cache-02": 4.483231431800956, 
        "cache-04": 4.872837506127275, 
        "cache-06": 4.255279425432173
    }, 
    "1455834150.982749": {
        "cache-02": 4.483231431800956, 
        "cache-04": 4.88554447672515, 
        "cache-06": 4.255279425432173
    }, 
    "1455834156.184137": {
        "cache-02": 4.483231431800956, 
        "cache-04": 4.896980750263238, 
        "cache-06": 4.255279425432173
    }, 
    "1455834161.262493": {
        "cache-02": 4.483231431800956, 
        "cache-04": 4.9072733964475175, 
        "cache-06": 4.255279425432173
    }, 
    "1455834166.426035": {
        "cache-02": 4.483231431800956, 
        "cache-04": 4.916536778013368, 
        "cache-06": 4.255279425432173
    }, 
    "1455834171.467469": {
        "cache-02": 4.483231431800956, 
        "cache-04": 4.924873821422635, 
        "cache-06": 4.255279425432173
    }, 
    "1455834176.592136": {
        "cache-02": 4.483231431800956, 
        "cache-04": 4.932377160490974, 
        "cache-06": 4.255279425432173
    }, 
    "1455834181.69311": {
        "cache-02": 4.483231431800956,