{
    "0": {
        "cache-03": 4, 
        "cache-04": 3.25
    }, 
    "1": {
        "cache-03": 4, 
        "cache-04": 3.1098729221327375
    }, 
    "2": {
        "cache-03": 4, 
        "cache-04": 3.039809383199106
    }, 
    "3": {
        "cache-03": 4, 
        "cache-04": 2.769904691599553
    }, 
    "4": {
        "cache-03": 4, 
        "cache-04": 2.6349523457997766
    }, 
    "5": {
        "cache-03": 4, 
        "cache-04": 3.037222017165363
    }, 
    "6": {
        "cache-03": 4.14424457614013, 
        "cache-04": 3.037222017165363
    }, 
    "7": {
        "cache-03": 3.929259984217991, 
        "cache-04": 3.037222017165363
    }, 
    "8": {
        "cache-03": 3.821767688256922, 
        "cache-04": 3.037222017165363
    }, 
    "9": {
        "cache-03": 3.7680215402763872, 
        "cache-04": 3.037222017165363
    }, 
    "10": {
        "cache-03": 3.74114846628612, 
        "cache-04": 3.037222017165363
    }, 
    "11": {
        "cache-03": 3.727711929290986, 
        "cache-04": 3.037222017165363
    }, 
    "12": {
        "cache-03": 3.720993660793419, 
        "cache-04": 3.037222017165363
    }, 
    "13": {
        "cache-03": 3.7176345265446358, 
        "cache-04": 3.037222017165363
    }, 
    "14": {
        "cache-03": 3.715954959420244, 
        "cache-04": 3.037222017165363
    }, 
    "15": {
        "cache-03": 3.715115175858048, 
        "cache-04": 3.037222017165363
    }, 
    "16": {
        "cache-03": 3.8877885466900564, 
        "cache-04": 3.037222017165363
    }, 
    "17": {
        "cache-03": 3.9741252321060605, 
        "cache-04": 3.037222017165363
    }, 
    "18": {
        "cache-03": 4.017293574814063, 
        "cache-04": 3.037222017165363
    }, 
    "19": {
        "cache-03": 4.038877746168064, 
        "cache-04": 3.037222017165363
    }, 
    "20": {
        "cache-03": 4.049669831845064, 
        "cache-04": 3.037222017165363
    }, 
    "21": {
        "cache-03": 4.055065874683564, 
        "cache-04": 3.037222017165363
    }, 
    "22": {
        "cache-03": 4.057763896102815, 
        "cache-04": 3.037222017165363
    }, 
    "23": {
        "cache-03": 4.059112906812439, 
        "cache-04": 3.037222017165363
    }, 
    "24": {
        "cache-03": 4.17380102954635, 
        "cache-04": 3.037222017165363
    }, 
    "25": {
        "cache-03": 4.231145090913305, 
        "cache-04": 3.037222017165363
    }, 
    "26": {
        "cache-03": 4.259817121596782, 
        "cache-04": 3.037222017165363
    }, 
    "27": {
        "cache-03": 4.274153136938521, 
        "cache-04": 3.037222017165363
    }, 
    "28": {
        "cache-03": 4.281321144609391, 
        "cache-04": 3.037222017165363
    }, 
    "29": {
        "cache-03": 4.284905148444826, 
        "cache-04": 3.037222017165363
    }, 
    "30": {
        "cache-03": 4.286697150362544, 
        "cache-04": 3.037222017165363
    }, 
    "31": {
        "cache-03": 4.287593151321403, 
        "cache-04": 3.037222017165363
    }, 
    "32": {
        "cache-03": 4.288041151800831, 
        "cache-04": 3.037222017165363
    }, 
    "33": {
        "cache-03": 4.391743723990964, 
        "cache-04": 3.037222017165363
    }, 
    "34": {
        "cache-03": 4.44359501008603, 
        "cache-04": 3.037222017165363
    }, 
    "35": {
        "cache-03": 4.366042081183146, 
        "cache-04": 3.037222017165363
    }, 
    "36": {
        "cache-03": 4.327265616731703, 
        "cache-04": 3.037222017165363
    }, 
    "37": {
        "cache-03": 4.307877384505982, 
        "cache-04": 3.037222017165363
    }, 
    "38": {
        "cache-03": 4.4016618403435395, 
        "cache-04": 3.037222017165363
    }, 
    "39": {
        "cache-03": 4.057968616319696, 
        "cache-04": 3.037222017165363
    }, 
    "40": {
        "cache-03": 3.8861220043077744, 
        "cache-04": 3.037222017165363
    }, 
    "41": {
        "cache-03": 3.8001986983018137, 
        "cache-04": 3.037222017165363
    }, 
    "42": {
        "cache-03": 3.757237045298833, 
        "cache-04": 3.037222017165363
    }, 
    "43": {
        "cache-03": 3.7357562187973428, 
        "cache-04": 3.037222017165363
    }, 
    "44": {
        "cache-03": 3.7250158055465974, 
        "cache-04": 3.037222017165363
    }, 
    "45": {
        "cache-03": 3.719645598921225, 
        "cache-04": 3.037222017165363
    }, 
    "46": {
        "cache-03": 3.7169604956085385, 
        "cache-04": 3.037222017165363
    }, 
    "47": {
        "cache-03": 3.7156179439521955, 
        "cache-04": 3.037222017165363
    }, 
    "48": {
        "cache-03": 3.714946668124024, 
        "cache-04": 3.037222017165363
    }, 
    "49": {
        "cache-03": 3.714611030209938, 
        "cache-04": 3.037222017165363
    }, 
    "50": {
        "cache-03": 3.577051359370444, 
        "cache-04": 3.037222017165363
    }, 
    "51": {
        "cache-03": 3.6456633758331485, 
        "cache-04": 3.037222017165363
    }, 
    "52": {
        "cache-03": 3.6799693840645005, 
        "cache-04": 3.037222017165363
    }, 
    "53": {
        "cache-03": 3.6971223881801762, 
        "cache-04": 3.037222017165363
    }, 
    "54": {
        "cache-03": 3.7056988902380144, 
        "cache-04": 3.037222017165363
    }, 
    "55": {
        "cache-03": 3.709987141266933, 
        "cache-04": 3.037222017165363
    }, 
    "56": {
        "cache-03": 3.712131266781393, 
        "cache-04": 3.037222017165363
    }, 
    "57": {
        "cache-03": 3.7132033295386226, 
        "cache-04": 3.037222017165363
    }, 
    "58": {
        "cache-03": 3.576347509034786, 
        "cache-04": 3.037222017165363
    }, 
    "59": {
        "cache-03": 3.6453114506653193, 
        "cache-04": 3.037222017165363
    }, 
    "60": {
        "cache-03": 3.6797934214805856, 
        "cache-04": 3.037222017165363
    }, 
    "61": {
        "cache-03": 3.697034406888219, 
        "cache-04": 3.037222017165363
    }, 
    "62": {
        "cache-03": 3.7056548995920355, 
        "cache-04": 3.037222017165363
    }, 
    "63": {
        "cache-03": 3.88305840855705, 
        "cache-04": 3.037222017165363
    }, 
    "64": {
        "cache-03": 3.9717601630395576, 
        "cache-04": 3.037222017165363
    }, 
    "65": {
        "cache-03": 4.016111040280811, 
        "cache-04": 3.037222017165363
    }, 
    "66": {
        "cache-03": 4.152300096280536, 
        "cache-04": 3.037222017165363
    }, 
    "67": {
        "cache-03": 4.220394624280399, 
        "cache-04": 3.037222017165363
    }, 
    "68": {
        "cache-03": 4.254441888280329, 
        "cache-04": 3.037222017165363
    }, 
    "69": {
        "cache-03": 4.2714655202802945, 
        "cache-04": 3.037222017165363
    }, 
    "70": {
        "cache-03": 4.383455908230696, 
        "cache-04": 3.037222017165363
    }, 
    "71": {
        "cache-03": 4.594223686891569, 
        "cache-04": 3.037222017165363
    }, 
    "72": {
        "cache-03": 4.6996075762220055, 
        "cache-04": 3.037222017165363
    }, 
    "73": {
        "cache-03": 4.752299520887224, 
        "cache-04": 3.037222017165363
    }, 
    "74": {
        "cache-03": 4.778645493219833, 
        "cache-04": 3.037222017165363
    }, 
    "75": {
        "cache-03": 4.637045894700465, 
        "cache-04": 3.037222017165363
    }, 
    "76": {
        "cache-03": 4.566246095440781, 
        "cache-04": 3.037222017165363
    }, 
    "77": {
        "cache-03": 4.427367623860521, 
        "cache-04": 3.037222017165363
    }, 
    "78": {
        "cache-03": 4.243914770691292, 
        "cache-04": 3.037222017165363
    }, 
    "79": {
        "cache-03": 4.266201961485777, 
        "cache-04": 3.037222017165363
    }, 
    "80": {
        "cache-03": 4.277345556883018, 
        "cache-04": 3.037222017165363
    }, 
    "81": {
        "cache-03": 4.28291735458164, 
        "cache-04": 3.037222017165363
    }, 
    "82": {
        "cache-03": 4.285703253430951,