{
    "cache-06": 29.98847961, 
    "cache-08": 31.80093765
}