{
    "0": {
        "cache-06": 4.5448861697596605, 
        "cache-08": 4.0
    }, 
    "1": {
        "cache-06": 4.5448861697596605, 
        "cache-08": 4.0
    }, 
    "2": {
        "cache-06": 4.5448861697596605, 
        "cache-08": 4.0
    }, 
    "3": {
        "cache-06": 4.5448861697596605, 
        "cache-08": 4.0
    }, 
    "4": {
        "cache-06": 4.5448861697596605, 
        "cache-08": 4.0
    }, 
    "5": {
        "cache-06": 4.5448861697596605, 
        "cache-08": 4.0
    }, 
    "6": {
        "cache-06": 4.996583540297728, 
        "cache-08": 4.0
    }, 
    "7": {
        "cache-06": 4.996583540297728, 
        "cache-08": 4.0
    }, 
    "8": {
        "cache-06": 4.996583540297728, 
        "cache-08": 4.0
    }, 
    "9": {
        "cache-06": 4.996583540297728, 
        "cache-08": 4.0
    }, 
    "10": {
        "cache-06": 4.996583540297728, 
        "cache-08": 4.0
    }, 
    "11": {
        "cache-06": 4.998202416602874, 
        "cache-08": 4.0
    }, 
    "12": {
        "cache-06": 4.998202416602874, 
        "cache-08": 4.0
    }, 
    "13": {
        "cache-06": 4.998202416602874, 
        "cache-08": 4.0
    }, 
    "14": {
        "cache-06": 4.998202416602874, 
        "cache-08": 4.0
    }, 
    "15": {
        "cache-06": 4.998202416602874, 
        "cache-08": 4.0
    }, 
    "16": {
        "cache-06": 3.4276280896156663, 
        "cache-08": 4.0
    }, 
    "17": {
        "cache-06": 3.4276280896156663, 
        "cache-08": 4.0
    }, 
    "18": {
        "cache-06": 3.4276280896156663, 
        "cache-08": 4.0
    }, 
    "19": {
        "cache-06": 3.4276280896156663, 
        "cache-08": 4.0
    }, 
    "20": {
        "cache-06": 3.4276280896156663, 
        "cache-08": 4.0
    }, 
    "21": {
        "cache-06": 2.6223694897904606, 
        "cache-08": 4.857101617314878
    }, 
    "22": {
        "cache-06": 2.6223694897904606, 
        "cache-08": 4.857101617314878
    }, 
    "23": {
        "cache-06": 2.6223694897904606, 
        "cache-08": 4.857101617314878
    }, 
    "24": {
        "cache-06": 2.6223694897904606, 
        "cache-08": 4.857101617314878
    }, 
    "25": {
        "cache-06": 2.6223694897904606, 
        "cache-08": 4.857101617314878
    }, 
    "26": {
        "cache-06": 4.127526566093504, 
        "cache-08": 3.5688425806977593
    }, 
    "27": {
        "cache-06": 4.127526566093504, 
        "cache-08": 3.5688425806977593
    }, 
    "28": {
        "cache-06": 4.127526566093504, 
        "cache-08": 3.5688425806977593
    }, 
    "29": {
        "cache-06": 4.127526566093504, 
        "cache-08": 3.5688425806977593
    }, 
    "30": {
        "cache-06": 4.127526566093504, 
        "cache-08": 3.5688425806977593
    }, 
    "31": {
        "cache-06": 3.637708802635085, 
        "cache-08": 3.7162080697598787
    }, 
    "32": {
        "cache-06": 3.637708802635085, 
        "cache-08": 3.7162080697598787
    }, 
    "33": {
        "cache-06": 3.637708802635085, 
        "cache-08": 3.7162080697598787
    }, 
    "34": {
        "cache-06": 3.637708802635085, 
        "cache-08": 3.7162080697598787
    }, 
    "35": {
        "cache-06": 3.637708802635085, 
        "cache-08": 3.7162080697598787
    }, 
    "36": {
        "cache-06": 4.4131519779623485, 
        "cache-08": 3.5756101248681325
    }, 
    "37": {
        "cache-06": 4.4131519779623485, 
        "cache-08": 3.5756101248681325
    }, 
    "38": {
        "cache-06": 4.4131519779623485, 
        "cache-08": 3.5756101248681325
    }, 
    "39": {
        "cache-06": 4.4131519779623485, 
        "cache-08": 3.5756101248681325
    }, 
    "40": {
        "cache-06": 4.4131519779623485, 
        "cache-08": 3.5756101248681325
    }, 
    "41": {
        "cache-06": 3.342423777536997, 
        "cache-08": 4.093923029922827
    }, 
    "42": {
        "cache-06": 3.342423777536997, 
        "cache-08": 4.093923029922827
    }, 
    "43": {
        "cache-06": 3.342423777536997, 
        "cache-08": 4.093923029922827
    }, 
    "44": {
        "cache-06": 3.342423777536997, 
        "cache-08": 4.093923029922827
    }, 
    "45": {
        "cache-06": 3.342423777536997, 
        "cache-08": 4.093923029922827
    }, 
    "46": {
        "cache-06": 3.828428001906862, 
        "cache-08": 4.73868752246233
    }, 
    "47": {
        "cache-06": 3.828428001906862, 
        "cache-08": 4.73868752246233
    }, 
    "48": {
        "cache-06": 3.828428001906862, 
        "cache-08": 4.73868752246233
    }, 
    "49": {
        "cache-06": 3.828428001906862, 
        "cache-08": 4.73868752246233
    }, 
    "50": {
        "cache-06": 3.828428001906862, 
        "cache-08": 4.73868752246233
    }, 
    "51": {
        "cache-06": 4.139577052608219, 
        "cache-08": 4.971837355470388
    }, 
    "52": {
        "cache-06": 4.139577052608219, 
        "cache-08": 4.971837355470388
    }, 
    "53": {
        "cache-06": 4.139577052608219, 
        "cache-08": 4.971837355470388
    }, 
    "54": {
        "cache-06": 4.139577052608219, 
        "cache-08": 4.971837355470388
    }, 
    "55": {
        "cache-06": 4.139577052608219, 
        "cache-08": 4.971837355470388
    }, 
    "56": {
        "cache-06": 4.980635046092152, 
        "cache-08": 4.274554341021166
    }, 
    "57": {
        "cache-06": 4.980635046092152, 
        "cache-08": 4.274554341021166
    }, 
    "58": {
        "cache-06": 4.980635046092152, 
        "cache-08": 4.274554341021166
    }, 
    "59": {
        "cache-06": 4.980635046092152, 
        "cache-08": 4.274554341021166
    }, 
    "60": {
        "cache-06": 4.980635046092152, 
        "cache-08": 4.274554341021166
    }, 
    "61": {
        "cache-06": 2.8170153106780487, 
        "cache-08": 3.6221500926432038
    }, 
    "62": {
        "cache-06": 2.8170153106780487, 
        "cache-08": 3.6221500926432038
    }, 
    "63": {
        "cache-06": 2.8170153106780487, 
        "cache-08": 3.6221500926432038
    }, 
    "64": {
        "cache-06": 2.8170153106780487, 
        "cache-08": 3.6221500926432038
    }, 
    "65": {
        "cache-06": 2.8170153106780487, 
        "cache-08": 3.6221500926432038
    }, 
    "66": {
        "cache-06": 3.5066841957623556, 
        "cache-08": 3.4982006781680304
    }, 
    "67": {
        "cache-06": 3.5066841957623556, 
        "cache-08": 3.4982006781680304
    }, 
    "68": {
        "cache-06": 3.5066841957623556, 
        "cache-08": 3.4982006781680304
    }, 
    "69": {
        "cache-06": 3.5066841957623556, 
        "cache-08": 3.4982006781680304
    }, 
    "70": {
        "cache-06": 3.5066841957623556, 
        "cache-08": 3.4982006781680304
    }, 
    "71": {
        "cache-06": 4.485832841471462, 
        "cache-08": 3.1447156381996693
    }, 
    "72": {
        "cache-06": 4.485832841471462, 
        "cache-08": 3.1447156381996693
    }, 
    "73": {
        "cache-06": 4.485832841471462, 
        "cache-08": 3.1447156381996693
    }, 
    "74": {
        "cache-06": 4.485832841471462, 
        "cache-08": 3.1447156381996693
    }, 
    "75": {
        "cache-06": 4.485832841471462, 
        "cache-08": 3.1447156381996693
    }, 
    "76": {
        "cache-06": 3.7540375772915704, 
        "cache-08": 3.7584086764230134
    }, 
    "77": {
        "cache-06": 3.7540375772915704, 
        "cache-08": 3.7584086764230134
    }, 
    "78": {
        "cache-06": 3.7540375772915704, 
        "cache-08": 3.7584086764230134
    }, 
    "79": {
        "cache-06": 3.7540375772915704, 
        "cache-08": 3.7584086764230134
    }, 
    "80": {
        "cache-06": 3.7540375772915704, 
        "cache-08": 3.7584086764230134
    }, 
    "81": {
        "cache-06": 3.4444977069311244, 
        "cache-08": 3.7177158972794278
    }, 
    "82": {
        "cache-06": 3.4444977069311244, 
        "cache-08": 3.7177158972794278
    }, 
    "83": {
        "cache-06": 3.4444977069311244, 
        "cache-08": 3.7177158972794278
    },