{
    "0": {
        "cache-05": 3.7803066634411255, 
        "cache-06": 2.8520293739000016
    }, 
    "1": {
        "cache-05": 3.7803066634411255, 
        "cache-06": 2.8520293739000016
    }, 
    "2": {
        "cache-05": 3.7803066634411255, 
        "cache-06": 2.8520293739000016
    }, 
    "3": {
        "cache-05": 3.7803066634411255, 
        "cache-06": 2.8520293739000016
    }, 
    "4": {
        "cache-05": 3.7803066634411255, 
        "cache-06": 2.8520293739000016
    }, 
    "5": {
        "cache-05": 3.7803066634411255, 
        "cache-06": 2.8520293739000016
    }, 
    "6": {
        "cache-05": 3.75733181001002, 
        "cache-06": 2.8520293739000016
    }, 
    "7": {
        "cache-05": 3.75733181001002, 
        "cache-06": 2.8520293739000016
    }, 
    "8": {
        "cache-05": 3.75733181001002, 
        "cache-06": 2.8520293739000016
    }, 
    "9": {
        "cache-05": 3.75733181001002, 
        "cache-06": 2.8520293739000016
    }, 
    "10": {
        "cache-05": 3.75733181001002, 
        "cache-06": 2.8520293739000016
    }, 
    "11": {
        "cache-05": 4.012643843829298, 
        "cache-06": 2.8520293739000016
    }, 
    "12": {
        "cache-05": 4.012643843829298, 
        "cache-06": 2.8520293739000016
    }, 
    "13": {
        "cache-05": 4.012643843829298, 
        "cache-06": 2.8520293739000016
    }, 
    "14": {
        "cache-05": 4.012643843829298, 
        "cache-06": 2.8520293739000016
    }, 
    "15": {
        "cache-05": 4.012643843829298, 
        "cache-06": 2.8520293739000016
    }, 
    "16": {
        "cache-05": 3.5240312874561095, 
        "cache-06": 2.8520293739000016
    }, 
    "17": {
        "cache-05": 3.5240312874561095, 
        "cache-06": 2.8520293739000016
    }, 
    "18": {
        "cache-05": 3.5240312874561095, 
        "cache-06": 2.8520293739000016
    }, 
    "19": {
        "cache-05": 3.5240312874561095, 
        "cache-06": 2.8520293739000016
    }, 
    "20": {
        "cache-05": 3.5240312874561095, 
        "cache-06": 2.8520293739000016
    }, 
    "21": {
        "cache-05": 4.044545673745393, 
        "cache-06": 2.8520293739000016
    }, 
    "22": {
        "cache-05": 4.044545673745393, 
        "cache-06": 2.8520293739000016
    }, 
    "23": {
        "cache-05": 4.044545673745393, 
        "cache-06": 2.8520293739000016
    }, 
    "24": {
        "cache-05": 4.044545673745393, 
        "cache-06": 2.8520293739000016
    }, 
    "25": {
        "cache-05": 4.044545673745393, 
        "cache-06": 2.8520293739000016
    }, 
    "26": {
        "cache-05": 3.7535621877872476, 
        "cache-06": 2.8520293739000016
    }, 
    "27": {
        "cache-05": 3.7535621877872476, 
        "cache-06": 2.8520293739000016
    }, 
    "28": {
        "cache-05": 3.7535621877872476, 
        "cache-06": 2.8520293739000016
    }, 
    "29": {
        "cache-05": 3.7535621877872476, 
        "cache-06": 2.8520293739000016
    }, 
    "30": {
        "cache-05": 3.7535621877872476, 
        "cache-06": 2.8520293739000016
    }, 
    "31": {
        "cache-05": 3.297058730720374, 
        "cache-06": 2.8520293739000016
    }, 
    "32": {
        "cache-05": 3.297058730720374, 
        "cache-06": 2.8520293739000016
    }, 
    "33": {
        "cache-05": 3.297058730720374, 
        "cache-06": 2.8520293739000016
    }, 
    "34": {
        "cache-05": 3.297058730720374, 
        "cache-06": 2.8520293739000016
    }, 
    "35": {
        "cache-05": 3.297058730720374, 
        "cache-06": 2.8520293739000016
    }, 
    "36": {
        "cache-05": 4.147565487806945, 
        "cache-06": 2.8520293739000016
    }, 
    "37": {
        "cache-05": 4.147565487806945, 
        "cache-06": 2.8520293739000016
    }, 
    "38": {
        "cache-05": 4.147565487806945, 
        "cache-06": 2.8520293739000016
    }, 
    "39": {
        "cache-05": 4.147565487806945, 
        "cache-06": 2.8520293739000016
    }, 
    "40": {
        "cache-05": 4.147565487806945, 
        "cache-06": 2.8520293739000016
    }, 
    "41": {
        "cache-05": 3.719952542540434, 
        "cache-06": 2.8520293739000016
    }, 
    "42": {
        "cache-05": 3.719952542540434, 
        "cache-06": 2.8520293739000016
    }, 
    "43": {
        "cache-05": 3.719952542540434, 
        "cache-06": 2.8520293739000016
    }, 
    "44": {
        "cache-05": 3.719952542540434, 
        "cache-06": 2.8520293739000016
    }, 
    "45": {
        "cache-05": 3.719952542540434, 
        "cache-06": 2.8520293739000016
    }, 
    "46": {
        "cache-05": 3.9793508008481906, 
        "cache-06": 2.8520293739000016
    }, 
    "47": {
        "cache-05": 3.9793508008481906, 
        "cache-06": 2.8520293739000016
    }, 
    "48": {
        "cache-05": 3.9793508008481906, 
        "cache-06": 2.8520293739000016
    }, 
    "49": {
        "cache-05": 3.9793508008481906, 
        "cache-06": 2.8520293739000016
    }, 
    "50": {
        "cache-05": 3.9793508008481906, 
        "cache-06": 2.8520293739000016
    }, 
    "51": {
        "cache-05": 3.4829802778839376, 
        "cache-06": 2.8520293739000016
    }, 
    "52": {
        "cache-05": 3.4829802778839376, 
        "cache-06": 2.8520293739000016
    }, 
    "53": {
        "cache-05": 3.4829802778839376, 
        "cache-06": 2.8520293739000016
    }, 
    "54": {
        "cache-05": 3.4829802778839376, 
        "cache-06": 2.8520293739000016
    }, 
    "55": {
        "cache-05": 3.4829802778839376, 
        "cache-06": 2.8520293739000016
    }, 
    "56": {
        "cache-05": 3.619290970014263, 
        "cache-06": 2.8520293739000016
    }, 
    "57": {
        "cache-05": 3.619290970014263, 
        "cache-06": 2.8520293739000016
    }, 
    "58": {
        "cache-05": 3.619290970014263, 
        "cache-06": 2.8520293739000016
    }, 
    "59": {
        "cache-05": 3.619290970014263, 
        "cache-06": 2.8520293739000016
    }, 
    "60": {
        "cache-05": 3.619290970014263, 
        "cache-06": 2.8520293739000016
    }, 
    "61": {
        "cache-05": 3.794854334509555, 
        "cache-06": 2.8520293739000016
    }, 
    "62": {
        "cache-05": 3.794854334509555, 
        "cache-06": 2.8520293739000016
    }, 
    "63": {
        "cache-05": 3.794854334509555, 
        "cache-06": 2.8520293739000016
    }, 
    "64": {
        "cache-05": 3.794854334509555, 
        "cache-06": 2.8520293739000016
    }, 
    "65": {
        "cache-05": 3.794854334509555, 
        "cache-06": 2.8520293739000016
    }, 
    "66": {
        "cache-05": 3.7182960885096117, 
        "cache-06": 2.8520293739000016
    }, 
    "67": {
        "cache-05": 3.7182960885096117, 
        "cache-06": 2.8520293739000016
    }, 
    "68": {
        "cache-05": 3.7182960885096117, 
        "cache-06": 2.8520293739000016
    }, 
    "69": {
        "cache-05": 3.7182960885096117, 
        "cache-06": 2.8520293739000016
    }, 
    "70": {
        "cache-05": 3.7182960885096117, 
        "cache-06": 2.8520293739000016
    }, 
    "71": {
        "cache-05": 3.750216202013425, 
        "cache-06": 2.8520293739000016
    }, 
    "72": {
        "cache-05": 3.750216202013425, 
        "cache-06": 2.8520293739000016
    }, 
    "73": {
        "cache-05": 3.750216202013425, 
        "cache-06": 2.8520293739000016
    }, 
    "74": {
        "cache-05": 3.750216202013425, 
        "cache-06": 2.8520293739000016
    }, 
    "75": {
        "cache-05": 3.750216202013425, 
        "cache-06": 2.8520293739000016
    }, 
    "76": {
        "cache-05": 3.658601631655338, 
        "cache-06": 2.8520293739000016
    }, 
    "77": {
        "cache-05": 3.658601631655338, 
        "cache-06": 2.8520293739000016
    }, 
    "78": {
        "cache-05": 3.658601631655338, 
        "cache-06": 2.8520293739000016
    }, 
    "79": {
        "cache-05": 3.658601631655338, 
        "cache-06": 2.8520293739000016
    }, 
    "80": {
        "cache-05": 3.658601631655338,