{
    "0": {
        "cache-05": 4, 
        "cache-06": 3.25
    }, 
    "1": {
        "cache-05": 4, 
        "cache-06": 3.344745844265475
    }, 
    "2": {
        "cache-05": 4, 
        "cache-06": 3.5295106182806637
    }, 
    "3": {
        "cache-05": 4, 
        "cache-06": 3.794986267901364
    }, 
    "4": {
        "cache-05": 4, 
        "cache-06": 4.041737710090812
    }, 
    "5": {
        "cache-05": 4, 
        "cache-06": 3.8780065511933324
    }, 
    "6": {
        "cache-05": 4.14424457614013, 
        "cache-06": 3.8780065511933324
    }, 
    "7": {
        "cache-05": 4.102353246831097, 
        "cache-06": 3.8780065511933324
    }, 
    "8": {
        "cache-05": 4.081407582176581, 
        "cache-06": 3.8780065511933324
    }, 
    "9": {
        "cache-05": 4.070934749849323, 
        "cache-06": 3.8780065511933324
    }, 
    "10": {
        "cache-05": 4.0656983336856936, 
        "cache-06": 3.8780065511933324
    }, 
    "11": {
        "cache-05": 4.063080125603879, 
        "cache-06": 3.8780065511933324
    }, 
    "12": {
        "cache-05": 4.061771021562972, 
        "cache-06": 3.8780065511933324
    }, 
    "13": {
        "cache-05": 4.061116469542519, 
        "cache-06": 3.8780065511933324
    }, 
    "14": {
        "cache-05": 4.174802810911389, 
        "cache-06": 3.8780065511933324
    }, 
    "15": {
        "cache-05": 4.1176323642167265, 
        "cache-06": 3.8780065511933324
    }, 
    "16": {
        "cache-05": 4.203060758248494, 
        "cache-06": 3.8780065511933324
    }, 
    "17": {
        "cache-05": 4.13176133788528, 
        "cache-06": 3.8780065511933324
    }, 
    "18": {
        "cache-05": 4.096111627703673, 
        "cache-06": 3.8780065511933324
    }, 
    "19": {
        "cache-05": 4.078286772612868, 
        "cache-06": 3.8780065511933324
    }, 
    "20": {
        "cache-05": 4.069374345067466, 
        "cache-06": 3.8780065511933324
    }, 
    "21": {
        "cache-05": 4.178931748673863, 
        "cache-06": 3.8780065511933324
    }, 
    "22": {
        "cache-05": 4.233710450477062, 
        "cache-06": 3.8780065511933324
    }, 
    "23": {
        "cache-05": 4.261099801378661, 
        "cache-06": 3.8780065511933324
    }, 
    "24": {
        "cache-05": 4.274794476829461, 
        "cache-06": 3.8780065511933324
    }, 
    "25": {
        "cache-05": 4.281641814554861, 
        "cache-06": 3.8780065511933324
    }, 
    "26": {
        "cache-05": 4.285065483417561, 
        "cache-06": 3.8780065511933324
    }, 
    "27": {
        "cache-05": 4.286777317848911, 
        "cache-06": 3.8780065511933324
    }, 
    "28": {
        "cache-05": 4.287633235064586, 
        "cache-06": 3.8780065511933324
    }, 
    "29": {
        "cache-05": 4.288061193672423, 
        "cache-06": 3.8780065511933324
    }, 
    "30": {
        "cache-05": 4.288275172976341, 
        "cache-06": 3.8780065511933324
    }, 
    "31": {
        "cache-05": 4.2883821626283005, 
        "cache-06": 3.8780065511933324
    }, 
    "32": {
        "cache-05": 4.288435657454281, 
        "cache-06": 3.8780065511933324
    }, 
    "33": {
        "cache-05": 4.288462404867271, 
        "cache-06": 3.8780065511933324
    }, 
    "34": {
        "cache-05": 4.2884757785737655, 
        "cache-06": 3.8780065511933324
    }, 
    "35": {
        "cache-05": 4.1744688480479155, 
        "cache-06": 3.8780065511933324
    }, 
    "36": {
        "cache-05": 4.231479000164088, 
        "cache-06": 3.8780065511933324
    }, 
    "37": {
        "cache-05": 4.259984076222175, 
        "cache-06": 3.8780065511933324
    }, 
    "38": {
        "cache-05": 4.274236614251217, 
        "cache-06": 3.8780065511933324
    }, 
    "39": {
        "cache-05": 4.281362883265739, 
        "cache-06": 3.8780065511933324
    }, 
    "40": {
        "cache-05": 4.2849260177729995, 
        "cache-06": 3.8780065511933324
    }, 
    "41": {
        "cache-05": 4.28670758502663, 
        "cache-06": 3.8780065511933324
    }, 
    "42": {
        "cache-05": 4.287598368653445, 
        "cache-06": 3.8780065511933324
    }, 
    "43": {
        "cache-05": 4.288043760466852, 
        "cache-06": 3.8780065511933324
    }, 
    "44": {
        "cache-05": 4.288266456373556, 
        "cache-06": 3.8780065511933324
    }, 
    "45": {
        "cache-05": 4.288377804326908, 
        "cache-06": 3.8780065511933324
    }, 
    "46": {
        "cache-05": 4.288433478303585, 
        "cache-06": 3.8780065511933324
    }, 
    "47": {
        "cache-05": 4.288461315291922, 
        "cache-06": 3.8780065511933324
    }, 
    "48": {
        "cache-05": 4.288475233786091, 
        "cache-06": 3.8780065511933324
    }, 
    "49": {
        "cache-05": 4.288482193033175, 
        "cache-06": 3.8780065511933324
    }, 
    "50": {
        "cache-05": 4.2884856726567175, 
        "cache-06": 3.8780065511933324
    }, 
    "51": {
        "cache-05": 4.2884874124684895, 
        "cache-06": 3.8780065511933324
    }, 
    "52": {
        "cache-05": 4.2884882823743755, 
        "cache-06": 3.8780065511933324
    }, 
    "53": {
        "cache-05": 4.2884887173273185, 
        "cache-06": 3.8780065511933324
    }, 
    "54": {
        "cache-05": 4.288488934803789, 
        "cache-06": 3.8780065511933324
    }, 
    "55": {
        "cache-05": 4.288489043542025, 
        "cache-06": 3.8780065511933324
    }, 
    "56": {
        "cache-05": 4.2884890979111425, 
        "cache-06": 3.8780065511933324
    }, 
    "57": {
        "cache-05": 4.174475507716604, 
        "cache-06": 3.8780065511933324
    }, 
    "58": {
        "cache-05": 4.117468712619335, 
        "cache-06": 3.8780065511933324
    }, 
    "59": {
        "cache-05": 4.0889653150707, 
        "cache-06": 3.8780065511933324
    }, 
    "60": {
        "cache-05": 4.074713616296382, 
        "cache-06": 3.8780065511933324
    }, 
    "61": {
        "cache-05": 4.181601384288321, 
        "cache-06": 3.8780065511933324
    }, 
    "62": {
        "cache-05": 4.23504526828429, 
        "cache-06": 3.8780065511933324
    }, 
    "63": {
        "cache-05": 4.261767210282276, 
        "cache-06": 3.8780065511933324
    }, 
    "64": {
        "cache-05": 4.275128181281268, 
        "cache-06": 3.8780065511933324
    }, 
    "65": {
        "cache-05": 4.281808666780764, 
        "cache-06": 3.8780065511933324
    }, 
    "66": {
        "cache-05": 4.285148909530513, 
        "cache-06": 3.8780065511933324
    }, 
    "67": {
        "cache-05": 4.286819030905386, 
        "cache-06": 3.8780065511933324
    }, 
    "68": {
        "cache-05": 4.173640474213725, 
        "cache-06": 3.8780065511933324
    }, 
    "69": {
        "cache-05": 4.231064813246993, 
        "cache-06": 3.8780065511933324
    }, 
    "70": {
        "cache-05": 4.259776982763627, 
        "cache-06": 3.8780065511933324
    }, 
    "71": {
        "cache-05": 4.274133067521944, 
        "cache-06": 3.8780065511933324
    }, 
    "72": {
        "cache-05": 4.281311109901102, 
        "cache-06": 3.8780065511933324
    }, 
    "73": {
        "cache-05": 4.284900131090682, 
        "cache-06": 3.8780065511933324
    }, 
    "74": {
        "cache-05": 4.286694641685472, 
        "cache-06": 3.8780065511933324
    }, 
    "75": {
        "cache-05": 4.287591896982866, 
        "cache-06": 3.8780065511933324
    }, 
    "76": {
        "cache-05": 4.288040524631564, 
        "cache-06": 3.8780065511933324
    }, 
    "77": {
        "cache-05": 4.174251221076814, 
        "cache-06": 3.8780065511933324
    }, 
    "78": {
        "cache-05": 4.117356569299439, 
        "cache-06": 3.8780065511933324
    }, 
    "79": {
        "cache-05": 4.088909243410752, 
        "cache-06": 3.8780065511933324
    }, 
    "80": {
        "cache-05": 4.074685580466408, 
        "cache-06": 3.8780065511933324
    }, 
    "81": {
        "cache-05": 4.067573748994237, 
        "cache-06": 3.8780065511933324
    },