{
    "cache-01": 194.0, 
    "cache-02": 189.8, 
    "cache-03": 195.0, 
    "cache-04": 191.0, 
    "cache-05": 190.0, 
    "cache-06": 198.0, 
    "cache-07": 85.04, 
    "cache-08": 85.2, 
    "cache-09": 85.1, 
    "cache-10": 84.5, 
    "cache-11": 29.580000000000002, 
    "cache-12": 29.82, 
    "cache-13": 34.0, 
    "cache-14": 29.666666666666668, 
    "cache-15": 43.4, 
    "cache-16": 32.3
}