{
    "cache-01": 140.0, 
    "cache-02": 140.0, 
    "cache-03": 140.0, 
    "cache-04": 140.0, 
    "cache-05": 140.6, 
    "cache-06": 140.6, 
    "cache-07": 152.2, 
    "cache-08": 153.0, 
    "cache-09": 152.0, 
    "cache-10": 152.2, 
    "cache-11": 78.11999999999999, 
    "cache-12": 78.1, 
    "cache-13": 77.64, 
    "cache-14": 77.61999999999999, 
    "cache-15": 78.16, 
    "cache-16": 75.82000000000001
}