{
    "cache-01": 159.6, 
    "cache-02": 159.4, 
    "cache-03": 159.0, 
    "cache-04": 159.4, 
    "cache-05": 159.4, 
    "cache-06": 160.0, 
    "cache-07": 121.6, 
    "cache-08": 117.0, 
    "cache-09": 118.8, 
    "cache-10": 116.4, 
    "cache-11": 133.84, 
    "cache-12": 12.620000000000001, 
    "cache-13": 12.6, 
    "cache-14": 12.540000000000001, 
    "cache-15": 12.64, 
    "cache-16": 12.6
}