{
    "cache-01": 312.0, 
    "cache-02": 308.0, 
    "cache-03": 307.2, 
    "cache-04": 308.0, 
    "cache-05": 309.0, 
    "cache-06": 313.0, 
    "cache-07": 53.6, 
    "cache-08": 52.96, 
    "cache-09": 53.580000000000005, 
    "cache-10": 53.88000000000001, 
    "cache-11": 160.0, 
    "cache-12": 158.0, 
    "cache-13": 157.0, 
    "cache-14": 157.4, 
    "cache-15": 159.4, 
    "cache-16": 158.0
}