{
    "cache-01": 185.0, 
    "cache-02": 185.2, 
    "cache-03": 185.8, 
    "cache-04": 185.0, 
    "cache-05": 185.0, 
    "cache-06": 186.0, 
    "cache-07": 98.26, 
    "cache-08": 98.52000000000001, 
    "cache-09": 98.62, 
    "cache-10": 98.58, 
    "cache-11": 28.639999999999997, 
    "cache-12": 28.5, 
    "cache-13": 28.639999999999997, 
    "cache-14": 28.580000000000002, 
    "cache-15": 28.82, 
    "cache-16": 29.059999999999995
}