{
    "cache-01": 272.2, 
    "cache-02": 270.0, 
    "cache-03": 276.8, 
    "cache-04": 275.0, 
    "cache-05": 276.2, 
    "cache-06": 270.4, 
    "cache-07": 22.4, 
    "cache-08": 25.42, 
    "cache-09": 25.619999999999997, 
    "cache-10": 22.339999999999996, 
    "cache-11": 123.4, 
    "cache-12": 120.2, 
    "cache-13": 120.4, 
    "cache-14": 119.2, 
    "cache-15": 120.0, 
    "cache-16": 117.0
}