{
    "cache-01": 125.8, 
    "cache-02": 126.0, 
    "cache-03": 126.4, 
    "cache-04": 126.2, 
    "cache-05": 126.8, 
    "cache-06": 124.4, 
    "cache-07": 134.0, 
    "cache-08": 133.8, 
    "cache-09": 134.4, 
    "cache-10": 134.0, 
    "cache-11": 38.839999999999996, 
    "cache-12": 38.66, 
    "cache-13": 38.7, 
    "cache-14": 38.839999999999996, 
    "cache-15": 38.879999999999995, 
    "cache-16": 39.17999999999999
}