{
    "cache-01": 255.0, 
    "cache-02": 254.8, 
    "cache-03": 254.0, 
    "cache-04": 255.4, 
    "cache-05": 255.2, 
    "cache-06": 257.6, 
    "cache-07": 9.425999999999998, 
    "cache-08": 7.946000000000001, 
    "cache-09": 8.664, 
    "cache-10": 8.686000000000002, 
    "cache-11": 104.0, 
    "cache-12": 105.8, 
    "cache-13": 104.2, 
    "cache-14": 105.4, 
    "cache-15": 105.8, 
    "cache-16": 102.6
}