{
    "cache-01": 89.84, 
    "cache-02": 89.85999999999999, 
    "cache-03": 88.32, 
    "cache-04": 89.5, 
    "cache-05": 86.85999999999999, 
    "cache-06": 86.53999999999999, 
    "cache-07": 324.0, 
    "cache-08": 323.0, 
    "cache-09": 324.4, 
    "cache-10": 323.2, 
    "cache-11": 230.2, 
    "cache-12": 228.2, 
    "cache-13": 237.2, 
    "cache-14": 230.0, 
    "cache-15": 228.2, 
    "cache-16": 229.0
}