{
    "cache-01": 145.0, 
    "cache-02": 143.8, 
    "cache-03": 145.0, 
    "cache-04": 146.2, 
    "cache-05": 147.6, 
    "cache-06": 145.0, 
    "cache-07": 144.4, 
    "cache-08": 145.0, 
    "cache-09": 145.6, 
    "cache-10": 143.8, 
    "cache-11": 51.120000000000005, 
    "cache-12": 52.0, 
    "cache-13": 53.760000000000005, 
    "cache-14": 53.64000000000001, 
    "cache-15": 72.35999999999999, 
    "cache-16": 53.84000000000001
}