{
    "1455937144.599": {
        "cache-02": 5, 
        "cache-04": 4.5, 
        "cache-06": 4.5
    }, 
    "1455937160.743": {
        "cache-02": 4.410558850864346, 
        "cache-04": 4.5, 
        "cache-06": 4.5
    }, 
    "1455937162.219": {
        "cache-02": 4.410558850864346, 
        "cache-04": 4.5, 
        "cache-06": 4.318476526463466
    }, 
    "1455937164.376": {
        "cache-02": 4.410558850864346, 
        "cache-04": 4.1175907597451324, 
        "cache-06": 4.318476526463466
    }, 
    "1455937166.757": {
        "cache-02": 4.160545923863783, 
        "cache-04": 4.1175907597451324, 
        "cache-06": 4.318476526463466
    }, 
    "1455937168.853": {
        "cache-02": 4.160545923863783, 
        "cache-04": 4.1175907597451324, 
        "cache-06": 3.865340072035119
    }, 
    "1455937171.822": {
        "cache-02": 3.7389955899553726, 
        "cache-04": 4.1175907597451324, 
        "cache-06": 3.865340072035119
    }, 
    "1455937173.443": {
        "cache-02": 3.7389955899553726, 
        "cache-04": 4.012549134259572, 
        "cache-06": 3.865340072035119
    }, 
    "1455937175.515": {
        "cache-02": 3.7389955899553726, 
        "cache-04": 3.9285158338711237, 
        "cache-06": 3.865340072035119
    }, 
    "1455937208.617": {
        "cache-02": 3.7389955899553726, 
        "cache-04": 3.861289193560365, 
        "cache-06": 3.865340072035119
    }, 
    "1455937209.716": {
        "cache-02": 3.7389955899553726, 
        "cache-04": 3.861289193560365, 
        "cache-06": 3.546993928785002
    }, 
    "1455937217.737": {
        "cache-02": 3.7389955899553726, 
        "cache-04": 3.606622114593424, 
        "cache-06": 3.546993928785002
    }, 
    "1455937218.945": {
        "cache-02": 3.6232953151366036, 
        "cache-04": 3.606622114593424, 
        "cache-06": 3.546993928785002
    }, 
    "1455937219.5": {
        "cache-02": 3.3091951029736295, 
        "cache-04": 3.606622114593424, 
        "cache-06": 3.546993928785002
    }, 
    "1455937224.786": {
        "cache-02": 3.3091951029736295, 
        "cache-04": 3.2958565425390853, 
        "cache-06": 3.546993928785002
    }, 
    "1455937226.548": {
        "cache-02": 3.3091951029736295, 
        "cache-04": 3.2958565425390853, 
        "cache-06": 3.469693986200307
    }, 
    "1455937228.997": {
        "cache-02": 3.3091951029736295, 
        "cache-04": 3.2958565425390853, 
        "cache-06": 3.02890413573791
    }, 
    "1455937229.826": {
        "cache-02": 3.164946842124036, 
        "cache-04": 3.2958565425390853, 
        "cache-06": 3.02890413573791
    }, 
    "1455937244.833": {
        "cache-02": 3.164946842124036, 
        "cache-04": 3.047244084895615, 
        "cache-06": 3.02890413573791
    }, 
    "1455937248.021": {
        "cache-02": 3.4616570308456387, 
        "cache-04": 3.047244084895615, 
        "cache-06": 3.02890413573791
    }, 
    "1455937250.304": {
        "cache-02": 3.1798844755408577, 
        "cache-04": 3.047244084895615, 
        "cache-06": 3.02890413573791
    }, 
    "1455937251.207": {
        "cache-02": 2.954466431297033, 
        "cache-04": 3.047244084895615, 
        "cache-06": 3.02890413573791
    }, 
    "1455937274.523": {
        "cache-02": 2.954466431297033, 
        "cache-04": 2.848354118780838, 
        "cache-06": 3.02890413573791
    }, 
    "1455937277.041": {
        "cache-02": 2.954466431297033, 
        "cache-04": 2.848354118780838, 
        "cache-06": 2.9546685004323496
    }, 
    "1455937279.821": {
        "cache-02": 2.954466431297033, 
        "cache-04": 2.848354118780838, 
        "cache-06": 2.616883747123544
    }, 
    "1455937281.76": {
        "cache-02": 2.8811639047827584, 
        "cache-04": 2.848354118780838, 
        "cache-06": 2.616883747123544
    }, 
    "1455937282.851": {
        "cache-02": 2.715489974690553, 
        "cache-04": 2.848354118780838, 
        "cache-06": 2.616883747123544
    }, 
    "1455937285.675": {
        "cache-02": 2.715489974690553, 
        "cache-04": 2.6892421458890166, 
        "cache-06": 2.616883747123544
    }, 
    "1455937288.039": {
        "cache-02": 2.804490822924748, 
        "cache-04": 2.6892421458890166, 
        "cache-06": 2.616883747123544
    }, 
    "1455937290.939": {
        "cache-02": 2.6541515092041443, 
        "cache-04": 2.6892421458890166, 
        "cache-06": 2.616883747123544
    }, 
    "1455937293.093": {
        "cache-02": 2.6541515092041443, 
        "cache-04": 2.8698702431746788, 
        "cache-06": 2.616883747123544
    }, 
    "1455937297.079": {
        "cache-02": 2.6541515092041443, 
        "cache-04": 3.09800042274991, 
        "cache-06": 2.616883747123544
    }, 
    "1455937301.404": {
        "cache-02": 2.6541515092041443, 
        "cache-04": 3.196876864663394, 
        "cache-06": 2.616883747123544
    }, 
    "1455937305.033": {
        "cache-02": 2.6541515092041443, 
        "cache-04": 3.2759780181941807, 
        "cache-06": 2.616883747123544
    }, 
    "1455937308.054": {
        "cache-02": 2.6541515092041443, 
        "cache-04": 3.3392589410188105, 
        "cache-06": 2.616883747123544
    }, 
    "1455937316.044": {
        "cache-02": 2.6541515092041443, 
        "cache-04": 3.389883679278514, 
        "cache-06": 2.616883747123544
    }, 
    "1455937318.152": {
        "cache-02": 2.6541515092041443, 
        "cache-04": 3.430383469886277, 
        "cache-06": 2.616883747123544
    }, 
    "1455937326.248": {
        "cache-02": 2.6541515092041443, 
        "cache-04": 3.4627833023724874, 
        "cache-06": 2.616883747123544
    }, 
    "1455937330.91": {
        "cache-02": 2.6541515092041443, 
        "cache-04": 3.4887031683614556, 
        "cache-06": 2.616883747123544
    }, 
    "1455937333.197": {
        "cache-02": 2.6541515092041443, 
        "cache-04": 3.50943906115263, 
        "cache-06": 2.616883747123544
    }, 
    "1455937340.664": {
        "cache-02": 2.6541515092041443, 
        "cache-04": 3.52602777538557, 
        "cache-06": 2.616883747123544
    }, 
    "1455937344.481": {
        "cache-02": 2.6541515092041443, 
        "cache-04": 3.5392987467719217, 
        "cache-06": 2.616883747123544
    }, 
    "1455937351.653": {
        "cache-02": 2.6541515092041443, 
        "cache-04": 3.549915523881003, 
        "cache-06": 2.616883747123544
    }, 
    "1455937353.452": {
        "cache-02": 2.6541515092041443, 
        "cache-04": 3.558408945568268, 
        "cache-06": 2.616883747123544
    }, 
    "1455937363.816": {
        "cache-02": 2.6541515092041443, 
        "cache-04": 3.56520368291808, 
        "cache-06": 2.616883747123544
    }, 
    "1455937367.337": {
        "cache-02": 2.6541515092041443, 
        "cache-04": 3.57063947279793, 
        "cache-06": 2.616883747123544
    }, 
    "1455937370.315": {
        "cache-02": 2.6541515092041443, 
        "cache-04": 3.5749881047018097, 
        "cache-06": 2.616883747123544
    }, 
    "1455937373.651": {
        "cache-02": 2.6541515092041443, 
        "cache-04": 3.5784670102249136, 
        "cache-06": 2.616883747123544
    }, 
    "1455937381.512": {
        "cache-02": 2.6541515092041443, 
        "cache-04": 3.5812501346433967, 
        "cache-06": 2.616883747123544
    }, 
    "1455937384.017": {
        "cache-02": 2.6541515092041443, 
        "cache-04": 3.583476634178183, 
        "cache-06": 2.616883747123544
    }, 
    "1455937393.609": {
        "cache-02": 2.6541515092041443, 
        "cache-04": 3.585257833806012, 
        "cache-06": 2.616883747123544
    }, 
    "1455937397.101": {
        "cache-02": 2.6541515092041443, 
        "cache-04": 3.5866827935082757,