{
    "0": {
        "cache-03": 4.145837081153858, 
        "cache-08": 3.7385067471107254
    }, 
    "1": {
        "cache-03": 4.145837081153858, 
        "cache-08": 3.7385067471107254
    }, 
    "2": {
        "cache-03": 4.145837081153858, 
        "cache-08": 3.7385067471107254
    }, 
    "3": {
        "cache-03": 4.145837081153858, 
        "cache-08": 3.7385067471107254
    }, 
    "4": {
        "cache-03": 4.145837081153858, 
        "cache-08": 3.7385067471107254
    }, 
    "5": {
        "cache-03": 4.145837081153858, 
        "cache-08": 3.7385067471107254
    }, 
    "6": {
        "cache-03": 4.275086917909107, 
        "cache-08": 3.7385067471105806
    }, 
    "7": {
        "cache-03": 4.275086917909107, 
        "cache-08": 3.7385067471105806
    }, 
    "8": {
        "cache-03": 4.275086917909107, 
        "cache-08": 3.7385067471105806
    }, 
    "9": {
        "cache-03": 4.275086917909107, 
        "cache-08": 3.7385067471105806
    }, 
    "10": {
        "cache-03": 4.275086917909107, 
        "cache-08": 3.7385067471105806
    }, 
    "11": {
        "cache-03": 4.2776836008185235, 
        "cache-08": 3.7385067471104647
    }, 
    "12": {
        "cache-03": 4.2776836008185235, 
        "cache-08": 3.7385067471104647
    }, 
    "13": {
        "cache-03": 4.2776836008185235, 
        "cache-08": 3.7385067471104647
    }, 
    "14": {
        "cache-03": 4.2776836008185235, 
        "cache-08": 3.7385067471104647
    }, 
    "15": {
        "cache-03": 4.2776836008185235, 
        "cache-08": 3.7385067471104647
    }, 
    "16": {
        "cache-03": 4.279777176414244, 
        "cache-08": 3.738506747110372
    }, 
    "17": {
        "cache-03": 4.279777176414244, 
        "cache-08": 3.738506747110372
    }, 
    "18": {
        "cache-03": 4.279777176414244, 
        "cache-08": 3.738506747110372
    }, 
    "19": {
        "cache-03": 4.279777176414244, 
        "cache-08": 3.738506747110372
    }, 
    "20": {
        "cache-03": 4.279777176414244, 
        "cache-08": 3.738506747110372
    }, 
    "21": {
        "cache-03": 4.2814651217382576, 
        "cache-08": 3.7385067471102977
    }, 
    "22": {
        "cache-03": 4.2814651217382576, 
        "cache-08": 3.7385067471102977
    }, 
    "23": {
        "cache-03": 4.2814651217382576, 
        "cache-08": 3.7385067471102977
    }, 
    "24": {
        "cache-03": 4.2814651217382576, 
        "cache-08": 3.7385067471102977
    }, 
    "25": {
        "cache-03": 4.2814651217382576, 
        "cache-08": 3.7385067471102977
    }, 
    "26": {
        "cache-03": 4.110769183314906, 
        "cache-08": 3.7385067471102382
    }, 
    "27": {
        "cache-03": 4.110769183314906, 
        "cache-08": 3.7385067471102382
    }, 
    "28": {
        "cache-03": 4.110769183314906, 
        "cache-08": 3.7385067471102382
    }, 
    "29": {
        "cache-03": 4.110769183314906, 
        "cache-08": 3.7385067471102382
    }, 
    "30": {
        "cache-03": 4.110769183314906, 
        "cache-08": 3.7385067471102382
    }, 
    "31": {
        "cache-03": 4.282847902774614, 
        "cache-08": 3.7385067471101907
    }, 
    "32": {
        "cache-03": 4.282847902774614, 
        "cache-08": 3.7385067471101907
    }, 
    "33": {
        "cache-03": 4.282847902774614, 
        "cache-08": 3.7385067471101907
    }, 
    "34": {
        "cache-03": 4.282847902774614, 
        "cache-08": 3.7385067471101907
    }, 
    "35": {
        "cache-03": 4.282847902774614, 
        "cache-08": 3.7385067471101907
    }, 
    "36": {
        "cache-03": 4.283940894866303, 
        "cache-08": 3.7385067471101525
    }, 
    "37": {
        "cache-03": 4.283940894866303, 
        "cache-08": 3.7385067471101525
    }, 
    "38": {
        "cache-03": 4.283940894866303, 
        "cache-08": 3.7385067471101525
    }, 
    "39": {
        "cache-03": 4.283940894866303, 
        "cache-08": 3.7385067471101525
    }, 
    "40": {
        "cache-03": 4.283940894866303, 
        "cache-08": 3.7385067471101525
    }, 
    "41": {
        "cache-03": 4.284822119740282, 
        "cache-08": 3.7385067471101223
    }, 
    "42": {
        "cache-03": 4.284822119740282, 
        "cache-08": 3.7385067471101223
    }, 
    "43": {
        "cache-03": 4.284822119740282, 
        "cache-08": 3.7385067471101223
    }, 
    "44": {
        "cache-03": 4.284822119740282, 
        "cache-08": 3.7385067471101223
    }, 
    "45": {
        "cache-03": 4.284822119740282, 
        "cache-08": 3.7385067471101223
    }, 
    "46": {
        "cache-03": 4.2855326072949005, 
        "cache-08": 3.738506747110098
    }, 
    "47": {
        "cache-03": 4.2855326072949005, 
        "cache-08": 3.738506747110098
    }, 
    "48": {
        "cache-03": 4.2855326072949005, 
        "cache-08": 3.738506747110098
    }, 
    "49": {
        "cache-03": 4.2855326072949005, 
        "cache-08": 3.738506747110098
    }, 
    "50": {
        "cache-03": 4.2855326072949005, 
        "cache-08": 3.738506747110098
    }, 
    "51": {
        "cache-03": 4.000034976165809, 
        "cache-08": 3.7385067471100784
    }, 
    "52": {
        "cache-03": 4.000034976165809, 
        "cache-08": 3.7385067471100784
    }, 
    "53": {
        "cache-03": 4.000034976165809, 
        "cache-08": 3.7385067471100784
    }, 
    "54": {
        "cache-03": 4.000034976165809, 
        "cache-08": 3.7385067471100784
    }, 
    "55": {
        "cache-03": 4.000034976165809, 
        "cache-08": 3.7385067471100784
    }, 
    "56": {
        "cache-03": 4.28477934216399, 
        "cache-08": 3.738506747110063
    }, 
    "57": {
        "cache-03": 4.28477934216399, 
        "cache-08": 3.738506747110063
    }, 
    "58": {
        "cache-03": 4.28477934216399, 
        "cache-08": 3.738506747110063
    }, 
    "59": {
        "cache-03": 4.28477934216399, 
        "cache-08": 3.738506747110063
    }, 
    "60": {
        "cache-03": 4.28477934216399, 
        "cache-08": 3.738506747110063
    }, 
    "61": {
        "cache-03": 4.285498117873992, 
        "cache-08": 3.7385067471100504
    }, 
    "62": {
        "cache-03": 4.285498117873992, 
        "cache-08": 3.7385067471100504
    }, 
    "63": {
        "cache-03": 4.285498117873992, 
        "cache-08": 3.7385067471100504
    }, 
    "64": {
        "cache-03": 4.285498117873992, 
        "cache-08": 3.7385067471100504
    }, 
    "65": {
        "cache-03": 4.285498117873992, 
        "cache-08": 3.7385067471100504
    }, 
    "66": {
        "cache-03": 4.286077630790182, 
        "cache-08": 3.7385067471100406
    }, 
    "67": {
        "cache-03": 4.286077630790182, 
        "cache-08": 3.7385067471100406
    }, 
    "68": {
        "cache-03": 4.286077630790182, 
        "cache-08": 3.7385067471100406
    }, 
    "69": {
        "cache-03": 4.286077630790182, 
        "cache-08": 3.7385067471100406
    }, 
    "70": {
        "cache-03": 4.286077630790182, 
        "cache-08": 3.7385067471100406
    }, 
    "71": {
        "cache-03": 4.286544863078884, 
        "cache-08": 3.7385067471100326
    }, 
    "72": {
        "cache-03": 4.286544863078884, 
        "cache-08": 3.7385067471100326
    }, 
    "73": {
        "cache-03": 4.286544863078884, 
        "cache-08": 3.7385067471100326
    }, 
    "74": {
        "cache-03": 4.286544863078884, 
        "cache-08": 3.7385067471100326
    }, 
    "75": {
        "cache-03": 4.286544863078884, 
        "cache-08": 3.7385067471100326
    }, 
    "76": {
        "cache-03": 4.286921569111657, 
        "cache-08": 3.7385067471100264
    }, 
    "77": {
        "cache-03": 4.286921569111657, 
        "cache-08": 3.7385067471100264
    }, 
    "78": {
        "cache-03": 4.286921569111657, 
        "cache-08": 3.7385067471100264
    }, 
    "79": {
        "cache-03": 4.286921569111657, 
        "cache-08": 3.7385067471100264
    }, 
    "80": {
        "cache-03": 4.286921569111657,