{
    "0": {
        "cache-06": 4, 
        "cache-07": 3.25
    }, 
    "1": {
        "cache-06": 4, 
        "cache-07": 3.1098729221327375
    }, 
    "2": {
        "cache-06": 4, 
        "cache-07": 3.039809383199106
    }, 
    "3": {
        "cache-06": 4, 
        "cache-07": 3.0047776137322906
    }, 
    "4": {
        "cache-06": 4, 
        "cache-07": 2.9872617289988828
    }, 
    "5": {
        "cache-06": 4, 
        "cache-07": 3.2133767087649163
    }, 
    "6": {
        "cache-06": 4.14424457614013, 
        "cache-07": 3.2133767087649163
    }, 
    "7": {
        "cache-06": 4.102353246831097, 
        "cache-07": 3.2133767087649163
    }, 
    "8": {
        "cache-06": 3.9083143195634746, 
        "cache-07": 3.2133767087649163
    }, 
    "9": {
        "cache-06": 3.6739030040472125, 
        "cache-07": 3.2133767087649163
    }, 
    "10": {
        "cache-06": 3.556697346289081, 
        "cache-07": 3.2133767087649163
    }, 
    "11": {
        "cache-06": 3.635486369292467, 
        "cache-07": 3.2133767087649163
    }, 
    "12": {
        "cache-06": 3.5374890289117085, 
        "cache-07": 3.2133767087649163
    }, 
    "13": {
        "cache-06": 3.488490358721329, 
        "cache-07": 3.2133767087649163
    }, 
    "14": {
        "cache-06": 3.4639910236261393, 
        "cache-07": 3.2133767087649163
    }, 
    "15": {
        "cache-06": 3.4517413560785446, 
        "cache-07": 3.2133767087649163
    }, 
    "16": {
        "cache-06": 3.5830083741871985, 
        "cache-07": 3.2133767087649163
    }, 
    "17": {
        "cache-06": 3.511250031359074, 
        "cache-07": 3.2133767087649163
    }, 
    "18": {
        "cache-06": 3.475370859945012, 
        "cache-07": 3.2133767087649163
    }, 
    "19": {
        "cache-06": 3.457431274237981, 
        "cache-07": 3.2133767087649163
    }, 
    "20": {
        "cache-06": 3.4484614813844656, 
        "cache-07": 3.2133767087649163
    }, 
    "21": {
        "cache-06": 3.581368436840159, 
        "cache-07": 3.2133767087649163
    }, 
    "22": {
        "cache-06": 3.6478219145680058, 
        "cache-07": 3.2133767087649163
    }, 
    "23": {
        "cache-06": 3.681048653431929, 
        "cache-07": 3.2133767087649163
    }, 
    "24": {
        "cache-06": 3.6976620228638906, 
        "cache-07": 3.2133767087649163
    }, 
    "25": {
        "cache-06": 3.7059687075798715, 
        "cache-07": 3.2133767087649163
    }, 
    "26": {
        "cache-06": 3.710122049937862, 
        "cache-07": 3.2133767087649163
    }, 
    "27": {
        "cache-06": 3.7121987211168572, 
        "cache-07": 3.2133767087649163
    }, 
    "28": {
        "cache-06": 3.5758452048239038, 
        "cache-07": 3.2133767087649163
    }, 
    "29": {
        "cache-06": 3.507668446677427, 
        "cache-07": 3.2133767087649163
    }, 
    "30": {
        "cache-06": 3.473580067604188, 
        "cache-07": 3.2133767087649163
    }, 
    "31": {
        "cache-06": 3.5939277299500203, 
        "cache-07": 3.2133767087649163
    }, 
    "32": {
        "cache-06": 3.2818367871077476, 
        "cache-07": 3.2133767087649163
    }, 
    "33": {
        "cache-06": 3.1257913156866115, 
        "cache-07": 3.2133767087649163
    }, 
    "34": {
        "cache-06": 3.1257913156866115, 
        "cache-07": 3.4638260505303844
    }, 
    "35": {
        "cache-06": 3.1257913156866115, 
        "cache-07": 3.451658869530667
    }, 
    "36": {
        "cache-06": 3.1257913156866115, 
        "cache-07": 3.58296713091326
    }, 
    "37": {
        "cache-06": 3.1257913156866115, 
        "cache-07": 3.648621261604556
    }, 
    "38": {
        "cache-06": 3.1257913156866115, 
        "cache-07": 3.6814483269502043
    }, 
    "39": {
        "cache-06": 3.1257913156866115, 
        "cache-07": 3.6978618596230284
    }, 
    "40": {
        "cache-06": 3.1257913156866115, 
        "cache-07": 3.7060686259594404
    }, 
    "41": {
        "cache-06": 3.1257913156866115, 
        "cache-07": 3.710172009127646
    }, 
    "42": {
        "cache-06": 3.1257913156866115, 
        "cache-07": 3.7122237007117493
    }, 
    "43": {
        "cache-06": 3.1257913156866115, 
        "cache-07": 3.7132495465038007
    }, 
    "44": {
        "cache-06": 3.1257913156866115, 
        "cache-07": 3.7137624693998266
    }, 
    "45": {
        "cache-06": 3.1257913156866115, 
        "cache-07": 3.5766270789653882
    }, 
    "46": {
        "cache-06": 3.1257913156866115, 
        "cache-07": 3.6454512356306203
    }, 
    "47": {
        "cache-06": 3.1257913156866115, 
        "cache-07": 3.6798633139632364
    }, 
    "48": {
        "cache-06": 3.1257913156866115, 
        "cache-07": 3.5596775012470934
    }, 
    "49": {
        "cache-06": 3.1257913156866115, 
        "cache-07": 3.636976446771473
    }, 
    "50": {
        "cache-06": 3.1257913156866115, 
        "cache-07": 3.6756259195336627
    }, 
    "51": {
        "cache-06": 3.1257913156866115, 
        "cache-07": 3.6949506559147576
    }, 
    "52": {
        "cache-06": 3.1257913156866115, 
        "cache-07": 3.704613024105305
    }, 
    "53": {
        "cache-06": 3.1257913156866115, 
        "cache-07": 3.709444208200579
    }, 
    "54": {
        "cache-06": 3.1257913156866115, 
        "cache-07": 3.7118598002482157
    }, 
    "55": {
        "cache-06": 3.1257913156866115, 
        "cache-07": 3.713067596272034
    }, 
    "56": {
        "cache-06": 3.1257913156866115, 
        "cache-07": 3.7136714942839433
    }, 
    "57": {
        "cache-06": 3.1257913156866115, 
        "cache-07": 3.713973443289898
    }, 
    "58": {
        "cache-06": 3.1257913156866115, 
        "cache-07": 3.576732565910424
    }, 
    "59": {
        "cache-06": 3.1257913156866115, 
        "cache-07": 3.508112127220687
    }, 
    "60": {
        "cache-06": 3.1257913156866115, 
        "cache-07": 3.4738019078758184
    }, 
    "61": {
        "cache-06": 3.1257913156866115, 
        "cache-07": 3.5940386500858352
    }, 
    "62": {
        "cache-06": 3.1257913156866115, 
        "cache-07": 3.654157021190844
    }, 
    "63": {
        "cache-06": 3.1257913156866115, 
        "cache-07": 3.684216206743348
    }, 
    "64": {
        "cache-06": 3.1257913156866115, 
        "cache-07": 3.6992457995196
    }, 
    "65": {
        "cache-06": 3.1257913156866115, 
        "cache-07": 3.7067605959077263
    }, 
    "66": {
        "cache-06": 3.1257913156866115, 
        "cache-07": 3.7105179941017896
    }, 
    "67": {
        "cache-06": 3.1257913156866115, 
        "cache-07": 3.712396693198821
    }, 
    "68": {
        "cache-06": 3.1257913156866115, 
        "cache-07": 3.5759441908648855
    }, 
    "69": {
        "cache-06": 3.1257913156866115, 
        "cache-07": 3.5077179396979177
    }, 
    "70": {
        "cache-06": 3.1257913156866115, 
        "cache-07": 3.6109966659968853
    }, 
    "71": {
        "cache-06": 3.1257913156866115, 
        "cache-07": 3.662636029146369
    }, 
    "72": {
        "cache-06": 3.1257913156866115, 
        "cache-07": 3.6884557107211107
    }, 
    "73": {
        "cache-06": 3.1257913156866115, 
        "cache-07": 3.7013655515084816
    }, 
    "74": {
        "cache-06": 3.1257913156866115, 
        "cache-07": 3.707820471902167
    }, 
    "75": {
        "cache-06": 3.1257913156866115, 
        "cache-07": 3.7110479320990097
    }, 
    "76": {
        "cache-06": 3.1257913156866115, 
        "cache-07": 3.57526981031498
    }, 
    "77": {
        "cache-06": 3.1257913156866115, 
        "cache-07": 3.507380749422965
    }, 
    "78": {
        "cache-06": 3.1257913156866115, 
        "cache-07": 3.4734362189769574
    }, 
    "79": {
        "cache-06": 3.1257913156866115, 
        "cache-07": 3.4564639537539534
    }, 
    "80": {
        "cache-06": 3.1257913156866115, 
        "cache-07": 3.4479778211424517
    }, 
    "81": {
        "cache-06": 3.1257913156866115,