{
    "0": {
        "cache-02": 4.06685426579512, 
        "cache-03": 3.8626466381699562
    }, 
    "1": {
        "cache-02": 4.06685426579512, 
        "cache-03": 3.8626466381699562
    }, 
    "2": {
        "cache-02": 4.06685426579512, 
        "cache-03": 3.8626466381699562
    }, 
    "3": {
        "cache-02": 4.06685426579512, 
        "cache-03": 3.8626466381699562
    }, 
    "4": {
        "cache-02": 4.06685426579512, 
        "cache-03": 3.8626466381699562
    }, 
    "5": {
        "cache-02": 4.06685426579512, 
        "cache-03": 3.8626466381699562
    }, 
    "6": {
        "cache-02": 4.2831252397566075, 
        "cache-03": 3.8626466381699722
    }, 
    "7": {
        "cache-02": 4.2831252397566075, 
        "cache-03": 3.8626466381699722
    }, 
    "8": {
        "cache-02": 4.2831252397566075, 
        "cache-03": 3.8626466381699722
    }, 
    "9": {
        "cache-02": 4.2831252397566075, 
        "cache-03": 3.8626466381699722
    }, 
    "10": {
        "cache-02": 4.2831252397566075, 
        "cache-03": 3.8626466381699722
    }, 
    "11": {
        "cache-02": 4.284164497808085, 
        "cache-03": 3.8626466381699824
    }, 
    "12": {
        "cache-02": 4.284164497808085, 
        "cache-03": 3.8626466381699824
    }, 
    "13": {
        "cache-02": 4.284164497808085, 
        "cache-03": 3.8626466381699824
    }, 
    "14": {
        "cache-02": 4.284164497808085, 
        "cache-03": 3.8626466381699824
    }, 
    "15": {
        "cache-02": 4.284164497808085, 
        "cache-03": 3.8626466381699824
    }, 
    "16": {
        "cache-02": 4.227995590922532, 
        "cache-03": 3.862646638169989
    }, 
    "17": {
        "cache-02": 4.227995590922532, 
        "cache-03": 3.862646638169989
    }, 
    "18": {
        "cache-02": 4.227995590922532, 
        "cache-03": 3.862646638169989
    }, 
    "19": {
        "cache-02": 4.227995590922532, 
        "cache-03": 3.862646638169989
    }, 
    "20": {
        "cache-02": 4.227995590922532, 
        "cache-03": 3.862646638169989
    }, 
    "21": {
        "cache-02": 3.9982147853950116, 
        "cache-03": 3.8626466381699913
    }, 
    "22": {
        "cache-02": 3.9982147853950116, 
        "cache-03": 3.8626466381699913
    }, 
    "23": {
        "cache-02": 3.9982147853950116, 
        "cache-03": 3.8626466381699913
    }, 
    "24": {
        "cache-02": 3.9982147853950116, 
        "cache-03": 3.8626466381699913
    }, 
    "25": {
        "cache-02": 3.9982147853950116, 
        "cache-03": 3.8626466381699913
    }, 
    "26": {
        "cache-02": 3.8230431978324546, 
        "cache-03": 3.7760951136833967
    }, 
    "27": {
        "cache-02": 3.8230431978324546, 
        "cache-03": 3.7760951136833967
    }, 
    "28": {
        "cache-02": 3.8230431978324546, 
        "cache-03": 3.7760951136833967
    }, 
    "29": {
        "cache-02": 3.8230431978324546, 
        "cache-03": 3.7760951136833967
    }, 
    "30": {
        "cache-02": 3.8230431978324546, 
        "cache-03": 3.7760951136833967
    }, 
    "31": {
        "cache-02": 4.160962083153706, 
        "cache-03": 3.8453363332719976
    }, 
    "32": {
        "cache-02": 4.160962083153706, 
        "cache-03": 3.8453363332719976
    }, 
    "33": {
        "cache-02": 4.160962083153706, 
        "cache-03": 3.8453363332719976
    }, 
    "34": {
        "cache-02": 4.160962083153706, 
        "cache-03": 3.8453363332719976
    }, 
    "35": {
        "cache-02": 4.160962083153706, 
        "cache-03": 3.8453363332719976
    }, 
    "36": {
        "cache-02": 4.239826921052023, 
        "cache-03": 3.8481059820552788
    }, 
    "37": {
        "cache-02": 4.239826921052023, 
        "cache-03": 3.8481059820552788
    }, 
    "38": {
        "cache-02": 4.239826921052023, 
        "cache-03": 3.8481059820552788
    }, 
    "39": {
        "cache-02": 4.239826921052023, 
        "cache-03": 3.8481059820552788
    }, 
    "40": {
        "cache-02": 4.239826921052023, 
        "cache-03": 3.8481059820552788
    }, 
    "41": {
        "cache-02": 4.283459313566212, 
        "cache-03": 3.8482167680073784
    }, 
    "42": {
        "cache-02": 4.283459313566212, 
        "cache-03": 3.8482167680073784
    }, 
    "43": {
        "cache-02": 4.283459313566212, 
        "cache-03": 3.8482167680073784
    }, 
    "44": {
        "cache-02": 4.283459313566212, 
        "cache-03": 3.8482167680073784
    }, 
    "45": {
        "cache-02": 4.283459313566212, 
        "cache-03": 3.8482167680073784
    }, 
    "46": {
        "cache-02": 4.241678738299921, 
        "cache-03": 3.8482211994451228
    }, 
    "47": {
        "cache-02": 4.241678738299921, 
        "cache-03": 3.8482211994451228
    }, 
    "48": {
        "cache-02": 4.241678738299921, 
        "cache-03": 3.8482211994451228
    }, 
    "49": {
        "cache-02": 4.241678738299921, 
        "cache-03": 3.8482211994451228
    }, 
    "50": {
        "cache-02": 4.241678738299921, 
        "cache-03": 3.8482211994451228
    }, 
    "51": {
        "cache-02": 4.059011748054429, 
        "cache-03": 3.6969166678217107
    }, 
    "52": {
        "cache-02": 4.059011748054429, 
        "cache-03": 3.6969166678217107
    }, 
    "53": {
        "cache-02": 4.059011748054429, 
        "cache-03": 3.6969166678217107
    }, 
    "54": {
        "cache-02": 4.059011748054429, 
        "cache-03": 3.6969166678217107
    }, 
    "55": {
        "cache-02": 4.059011748054429, 
        "cache-03": 3.6969166678217107
    }, 
    "56": {
        "cache-02": 3.774216524748507, 
        "cache-03": 3.817960442017043
    }, 
    "57": {
        "cache-02": 3.774216524748507, 
        "cache-03": 3.817960442017043
    }, 
    "58": {
        "cache-02": 3.774216524748507, 
        "cache-03": 3.817960442017043
    }, 
    "59": {
        "cache-02": 3.774216524748507, 
        "cache-03": 3.817960442017043
    }, 
    "60": {
        "cache-02": 3.774216524748507, 
        "cache-03": 3.817960442017043
    }, 
    "61": {
        "cache-02": 4.024815154020891, 
        "cache-03": 3.8179604420176347
    }, 
    "62": {
        "cache-02": 4.024815154020891, 
        "cache-03": 3.8179604420176347
    }, 
    "63": {
        "cache-02": 4.024815154020891, 
        "cache-03": 3.8179604420176347
    }, 
    "64": {
        "cache-02": 4.024815154020891, 
        "cache-03": 3.8179604420176347
    }, 
    "65": {
        "cache-02": 4.024815154020891, 
        "cache-03": 3.8179604420176347
    }, 
    "66": {
        "cache-02": 3.9801824876103153, 
        "cache-03": 3.82280219298679
    }, 
    "67": {
        "cache-02": 3.9801824876103153, 
        "cache-03": 3.82280219298679
    }, 
    "68": {
        "cache-02": 3.9801824876103153, 
        "cache-03": 3.82280219298679
    }, 
    "69": {
        "cache-02": 3.9801824876103153, 
        "cache-03": 3.82280219298679
    }, 
    "70": {
        "cache-02": 3.9801824876103153, 
        "cache-03": 3.82280219298679
    }, 
    "71": {
        "cache-02": 4.131360896811723, 
        "cache-03": 3.822995863026346
    }, 
    "72": {
        "cache-02": 4.131360896811723, 
        "cache-03": 3.822995863026346
    }, 
    "73": {
        "cache-02": 4.131360896811723, 
        "cache-03": 3.822995863026346
    }, 
    "74": {
        "cache-02": 4.131360896811723, 
        "cache-03": 3.822995863026346
    }, 
    "75": {
        "cache-02": 4.131360896811723, 
        "cache-03": 3.822995863026346
    }, 
    "76": {
        "cache-02": 4.038980753058153, 
        "cache-03": 3.8230036098292617
    }, 
    "77": {
        "cache-02": 4.038980753058153, 
        "cache-03": 3.8230036098292617
    }, 
    "78": {
        "cache-02": 4.038980753058153, 
        "cache-03": 3.8230036098292617
    }, 
    "79": {
        "cache-02": 4.038980753058153, 
        "cache-03": 3.8230036098292617
    }, 
    "80": {
        "cache-02": 4.038980753058153, 
        "cache-03": 3.8230036098292617
    },