{
    "0": {
        "cache-03": 3.25, 
        "cache-08": 4
    }, 
    "1": {
        "cache-03": 3.344745844265475, 
        "cache-08": 4
    }, 
    "2": {
        "cache-03": 3.157245844265475, 
        "cache-08": 4
    }, 
    "3": {
        "cache-03": 3.063495844265475, 
        "cache-08": 4
    }, 
    "4": {
        "cache-03": 3.3888856182806637, 
        "cache-08": 4
    }, 
    "5": {
        "cache-03": 3.838687385280462, 
        "cache-08": 4
    }, 
    "6": {
        "cache-03": 3.838687385280462, 
        "cache-08": 4.402495732776221
    }, 
    "7": {
        "cache-03": 3.838687385280462, 
        "cache-08": 4.231478825149143
    }, 
    "8": {
        "cache-03": 3.838687385280462, 
        "cache-08": 3.600612334707309
    }, 
    "9": {
        "cache-03": 3.776481388788157, 
        "cache-08": 3.600612334707309
    }, 
    "10": {
        "cache-03": 3.7453783905420046, 
        "cache-08": 3.600612334707309
    }, 
    "11": {
        "cache-03": 3.7298268914189285, 
        "cache-08": 3.600612334707309
    }, 
    "12": {
        "cache-03": 3.349786367842202, 
        "cache-08": 3.600612334707309
    }, 
    "13": {
        "cache-03": 3.349786367842202, 
        "cache-08": 3.5200520116191294
    }, 
    "14": {
        "cache-03": 3.349786367842202, 
        "cache-08": 3.617163701957491
    }, 
    "15": {
        "cache-03": 3.349786367842202, 
        "cache-08": 3.838812809739778
    }, 
    "16": {
        "cache-03": 3.349786367842202, 
        "cache-08": 3.949637363630921
    }, 
    "17": {
        "cache-03": 3.349786367842202, 
        "cache-08": 4.005049640576493
    }, 
    "18": {
        "cache-03": 3.349786367842202, 
        "cache-08": 3.8596625164361726
    }, 
    "19": {
        "cache-03": 3.349786367842202, 
        "cache-08": 3.7869689543660128
    }, 
    "20": {
        "cache-03": 3.349786367842202, 
        "cache-08": 3.7506221733309326
    }, 
    "21": {
        "cache-03": 3.349786367842202, 
        "cache-08": 3.9055420454264986
    }, 
    "22": {
        "cache-03": 3.349786367842202, 
        "cache-08": 3.9830019814742816
    }, 
    "23": {
        "cache-03": 3.349786367842202, 
        "cache-08": 4.021731949498173
    }, 
    "24": {
        "cache-03": 3.349786367842202, 
        "cache-08": 4.155110550889217
    }, 
    "25": {
        "cache-03": 3.349786367842202, 
        "cache-08": 4.2217998515847395
    }, 
    "26": {
        "cache-03": 3.349786367842202, 
        "cache-08": 4.141130884553402
    }, 
    "27": {
        "cache-03": 3.349786367842202, 
        "cache-08": 4.100796401037734
    }, 
    "28": {
        "cache-03": 3.349786367842202, 
        "cache-08": 4.0806291592798996
    }, 
    "29": {
        "cache-03": 3.349786367842202, 
        "cache-08": 4.070545538400982
    }, 
    "30": {
        "cache-03": 3.349786367842202, 
        "cache-08": 4.065503727961524
    }, 
    "31": {
        "cache-03": 3.349786367842202, 
        "cache-08": 4.062982822741795
    }, 
    "32": {
        "cache-03": 3.349786367842202, 
        "cache-08": 4.06172237013193
    }, 
    "33": {
        "cache-03": 3.349786367842202, 
        "cache-08": 4.061092143826997
    }, 
    "34": {
        "cache-03": 3.349786367842202, 
        "cache-08": 4.060777030674531
    }, 
    "35": {
        "cache-03": 3.349786367842202, 
        "cache-08": 3.887526211485192
    }, 
    "36": {
        "cache-03": 3.349786367842202, 
        "cache-08": 3.9739940645036285
    }, 
    "37": {
        "cache-03": 3.349786367842202, 
        "cache-08": 4.017227991012847
    }, 
    "38": {
        "cache-03": 3.349786367842202, 
        "cache-08": 4.038844954267455
    }, 
    "39": {
        "cache-03": 3.349786367842202, 
        "cache-08": 4.04965343589476
    }, 
    "40": {
        "cache-03": 3.349786367842202, 
        "cache-08": 4.055057676708412
    }, 
    "41": {
        "cache-03": 3.349786367842202, 
        "cache-08": 4.057759797115239
    }, 
    "42": {
        "cache-03": 3.349786367842202, 
        "cache-08": 4.059110857318652
    }, 
    "43": {
        "cache-03": 3.349786367842202, 
        "cache-08": 4.059786387420358
    }, 
    "44": {
        "cache-03": 3.349786367842202, 
        "cache-08": 4.060124152471211
    }, 
    "45": {
        "cache-03": 3.349786367842202, 
        "cache-08": 4.060293034996638
    }, 
    "46": {
        "cache-03": 3.349786367842202, 
        "cache-08": 4.060377476259351
    }, 
    "47": {
        "cache-03": 3.349786367842202, 
        "cache-08": 4.060419696890708
    }, 
    "48": {
        "cache-03": 3.349786367842202, 
        "cache-08": 4.060440807206387
    }, 
    "49": {
        "cache-03": 3.349786367842202, 
        "cache-08": 4.174464979743323
    }, 
    "50": {
        "cache-03": 3.349786367842202, 
        "cache-08": 4.2314770660117915
    }, 
    "51": {
        "cache-03": 3.349786367842202, 
        "cache-08": 4.1459694917669285
    }, 
    "52": {
        "cache-03": 3.349786367842202, 
        "cache-08": 4.103215704644496
    }, 
    "53": {
        "cache-03": 3.349786367842202, 
        "cache-08": 4.08183881108328
    }, 
    "54": {
        "cache-03": 3.349786367842202, 
        "cache-08": 4.071150364302673
    }, 
    "55": {
        "cache-03": 3.349786367842202, 
        "cache-08": 4.065806140912368
    }, 
    "56": {
        "cache-03": 3.349786367842202, 
        "cache-08": 4.063134029217217
    }, 
    "57": {
        "cache-03": 3.349786367842202, 
        "cache-08": 4.061797973369641
    }, 
    "58": {
        "cache-03": 3.349786367842202, 
        "cache-08": 3.7506448309502955
    }, 
    "59": {
        "cache-03": 3.349786367842202, 
        "cache-08": 3.732460111623074
    }, 
    "60": {
        "cache-03": 3.349786367842202, 
        "cache-08": 3.7233677519594632
    }, 
    "61": {
        "cache-03": 3.349786367842202, 
        "cache-08": 3.891914834740764
    }, 
    "62": {
        "cache-03": 3.349786367842202, 
        "cache-08": 3.9761883761314145
    }, 
    "63": {
        "cache-03": 3.349786367842202, 
        "cache-08": 4.01832514682674
    }, 
    "64": {
        "cache-03": 3.349786367842202, 
        "cache-08": 4.039393532174403
    }, 
    "65": {
        "cache-03": 3.349786367842202, 
        "cache-08": 4.049927724848233
    }, 
    "66": {
        "cache-03": 3.349786367842202, 
        "cache-08": 4.0551948211851485
    }, 
    "67": {
        "cache-03": 3.349786367842202, 
        "cache-08": 4.057828369353606
    }, 
    "68": {
        "cache-03": 3.349786367842202, 
        "cache-08": 3.8860518808247293
    }, 
    "69": {
        "cache-03": 3.349786367842202, 
        "cache-08": 3.800163636560291
    }, 
    "70": {
        "cache-03": 3.349786367842202, 
        "cache-08": 3.930312777041178
    }, 
    "71": {
        "cache-03": 3.349786367842202, 
        "cache-08": 3.9953873472816213
    }, 
    "72": {
        "cache-03": 3.349786367842202, 
        "cache-08": 4.027924632401843
    }, 
    "73": {
        "cache-03": 3.349786367842202, 
        "cache-08": 4.044193274961954
    }, 
    "74": {
        "cache-03": 3.349786367842202, 
        "cache-08": 4.052327596242009
    }, 
    "75": {
        "cache-03": 3.349786367842202, 
        "cache-08": 4.056394756882037
    }, 
    "76": {
        "cache-03": 3.349786367842202, 
        "cache-08": 3.885335074588945
    }, 
    "77": {
        "cache-03": 3.349786367842202, 
        "cache-08": 3.799805233442399
    }, 
    "78": {
        "cache-03": 3.349786367842202, 
        "cache-08": 3.6196484609866744
    }, 
    "79": {
        "cache-03": 3.349786367842202, 
        "cache-08": 3.6669619266412634
    }, 
    "80": {
        "cache-03": 3.349786367842202, 
        "cache-08": 3.6906186594685577
    }, 
    "81": {
        "cache-03": 3.349786367842202, 
        "cache-08": 3.702447025882205
    }, 
    "82": {
        "cache-03": 3.349786367842202,