{
    "0": {
        "cache-07": 3.75, 
        "cache-08": 4
    }, 
    "1": {
        "cache-07": 4.01924457614013, 
        "cache-08": 4
    }, 
    "2": {
        "cache-07": 3.866759984217991, 
        "cache-08": 4
    }, 
    "3": {
        "cache-07": 4.181103140199544, 
        "cache-08": 4
    }, 
    "4": {
        "cache-07": 4.590528373126279, 
        "cache-08": 4
    }, 
    "5": {
        "cache-07": 4.795240989589647, 
        "cache-08": 4
    }, 
    "6": {
        "cache-07": 4.427851453555856, 
        "cache-08": 4
    }, 
    "7": {
        "cache-07": 4.244156685538961, 
        "cache-08": 4
    }, 
    "8": {
        "cache-07": 4.369801490860029, 
        "cache-08": 4
    }, 
    "9": {
        "cache-07": 4.432623893520563, 
        "cache-08": 4
    }, 
    "10": {
        "cache-07": 4.716288749786789, 
        "cache-08": 4
    }, 
    "11": {
        "cache-07": 4.858121177919902, 
        "cache-08": 4
    }, 
    "12": {
        "cache-07": 4.573305165100081, 
        "cache-08": 4
    }, 
    "13": {
        "cache-07": 4.43089715869017, 
        "cache-08": 4
    }, 
    "14": {
        "cache-07": 4.617944312121306, 
        "cache-08": 4
    }, 
    "15": {
        "cache-07": 4.808948959087161, 
        "cache-08": 4
    }, 
    "16": {
        "cache-07": 4.652197627634129, 
        "cache-08": 4
    }, 
    "17": {
        "cache-07": 4.470343389957195, 
        "cache-08": 4
    }, 
    "18": {
        "cache-07": 4.735148498005104, 
        "cache-08": 4
    }, 
    "19": {
        "cache-07": 4.867551052029059, 
        "cache-08": 4
    }, 
    "20": {
        "cache-07": 4.57802010215466, 
        "cache-08": 4
    }, 
    "21": {
        "cache-07": 4.43325462721746, 
        "cache-08": 4
    }, 
    "22": {
        "cache-07": 4.464350461699278, 
        "cache-08": 4
    }, 
    "23": {
        "cache-07": 4.7321520338761465, 
        "cache-08": 4
    }, 
    "24": {
        "cache-07": 4.396306975699106, 
        "cache-08": 4
    }, 
    "25": {
        "cache-07": 4.69813029087606, 
        "cache-08": 4
    }, 
    "26": {
        "cache-07": 4.849041948464537, 
        "cache-08": 4
    }, 
    "27": {
        "cache-07": 4.924497777258775, 
        "cache-08": 4
    }, 
    "28": {
        "cache-07": 4.864744621405609, 
        "cache-08": 4
    }, 
    "29": {
        "cache-07": 4.576616886842935, 
        "cache-08": 4
    }, 
    "30": {
        "cache-07": 4.432553019561597, 
        "cache-08": 4
    }, 
    "31": {
        "cache-07": 4.360521085920929, 
        "cache-08": 4
    }, 
    "32": {
        "cache-07": 4.680237345986972, 
        "cache-08": 4
    }, 
    "33": {
        "cache-07": 4.484363249133617, 
        "cache-08": 4
    }, 
    "34": {
        "cache-07": 4.386426200706939, 
        "cache-08": 4
    }, 
    "35": {
        "cache-07": 4.223444059114502, 
        "cache-08": 4
    }, 
    "36": {
        "cache-07": 4.611698832583759, 
        "cache-08": 4
    }, 
    "37": {
        "cache-07": 4.553572564382428, 
        "cache-08": 4
    }, 
    "38": {
        "cache-07": 4.524509430281762, 
        "cache-08": 4
    }, 
    "39": {
        "cache-07": 4.762231518167388, 
        "cache-08": 4
    }, 
    "40": {
        "cache-07": 4.881092562110201, 
        "cache-08": 4
    }, 
    "41": {
        "cache-07": 4.688269429145649, 
        "cache-08": 4
    }, 
    "42": {
        "cache-07": 4.488379290712954, 
        "cache-08": 4
    }, 
    "43": {
        "cache-07": 4.4919127934470255, 
        "cache-08": 4
    }, 
    "44": {
        "cache-07": 4.74593319975002, 
        "cache-08": 4
    }, 
    "45": {
        "cache-07": 4.51721117601514, 
        "cache-08": 4
    }, 
    "46": {
        "cache-07": 4.288836546768602, 
        "cache-08": 4
    }, 
    "47": {
        "cache-07": 4.288662849524432, 
        "cache-08": 4
    }, 
    "48": {
        "cache-07": 4.546827157538437, 
        "cache-08": 4
    }, 
    "49": {
        "cache-07": 4.521136726859767, 
        "cache-08": 4
    }, 
    "50": {
        "cache-07": 4.508291511520432, 
        "cache-08": 4
    }, 
    "51": {
        "cache-07": 4.656641488536437, 
        "cache-08": 4
    }, 
    "52": {
        "cache-07": 4.828297547294726, 
        "cache-08": 4
    }, 
    "53": {
        "cache-07": 4.91412557667387, 
        "cache-08": 4
    }, 
    "54": {
        "cache-07": 4.601307364477066, 
        "cache-08": 4
    }, 
    "55": {
        "cache-07": 4.548376830329081, 
        "cache-08": 4
    }, 
    "56": {
        "cache-07": 4.774165218191047, 
        "cache-08": 4
    }, 
    "57": {
        "cache-07": 4.887059412122031, 
        "cache-08": 4
    }, 
    "58": {
        "cache-07": 4.587774282201146, 
        "cache-08": 4
    }, 
    "59": {
        "cache-07": 4.324118099861606, 
        "cache-08": 4
    }, 
    "60": {
        "cache-07": 4.3063036260709335, 
        "cache-08": 4
    }, 
    "61": {
        "cache-07": 4.555647545811688, 
        "cache-08": 4
    }, 
    "62": {
        "cache-07": 4.422068349045974, 
        "cache-08": 4
    }, 
    "63": {
        "cache-07": 4.458757322613535, 
        "cache-08": 4
    }, 
    "64": {
        "cache-07": 4.4771018093973165, 
        "cache-08": 4
    }, 
    "65": {
        "cache-07": 4.738527707725165, 
        "cache-08": 4
    }, 
    "66": {
        "cache-07": 4.616987001953131, 
        "cache-08": 4
    }, 
    "67": {
        "cache-07": 4.338724459737598, 
        "cache-08": 4
    }, 
    "68": {
        "cache-07": 4.313606806008929, 
        "cache-08": 4
    }, 
    "69": {
        "cache-07": 4.656780206030971, 
        "cache-08": 4
    }, 
    "70": {
        "cache-07": 4.3586210617765175, 
        "cache-08": 4
    }, 
    "71": {
        "cache-07": 4.427033678978807, 
        "cache-08": 4
    }, 
    "72": {
        "cache-07": 4.71349364251591, 
        "cache-08": 4
    }, 
    "73": {
        "cache-07": 4.856723624284463, 
        "cache-08": 4
    }, 
    "74": {
        "cache-07": 4.8308575449184525, 
        "cache-08": 4
    }, 
    "75": {
        "cache-07": 4.663151920549774, 
        "cache-08": 4
    }, 
    "76": {
        "cache-07": 4.5792991083654355, 
        "cache-08": 4
    }, 
    "77": {
        "cache-07": 4.537372702273267, 
        "cache-08": 4
    }, 
    "78": {
        "cache-07": 4.768663154163141, 
        "cache-08": 4
    }, 
    "79": {
        "cache-07": 4.632054725172119, 
        "cache-08": 4
    }, 
    "80": {
        "cache-07": 4.563750510676607, 
        "cache-08": 4
    }, 
    "81": {
        "cache-07": 4.4261198314784345, 
        "cache-08": 4
    }, 
    "82": {
        "cache-07": 4.615555648515438, 
        "cache-08": 4
    }, 
    "83": {
        "cache-07": 4.4520224003978495, 
        "cache-08": 4
    }, 
    "84": {
        "cache-07": 4.3702557763390555, 
        "cache-08": 4
    }, 
    "85": {
        "cache-07": 4.432851036260076, 
        "cache-08": 4
    }, 
    "86": {
        "cache-07": 4.716402321156545, 
        "cache-08": 4
    }, 
    "87": {
        "cache-07": 4.605924308668821, 
        "cache-08": 4
    }, 
    "88": {
        "cache-07": 4.705457887110631, 
        "cache-08": 4
    }, 
    "89": {
        "cache-07": 4.755224676331537, 
        "cache-08": 4
    }, 
    "90": {
        "cache-07": 4.877589141192276, 
        "cache-08": 4
    }, 
    "91": {
        "cache-07": 4.686517718686686, 
        "cache-08": 4
    }, 
    "92": {
        "cache-07": 4.590982007433892, 
        "cache-08": 4
    }, 
    "93": {
        "cache-07": 4.543214151807494, 
        "cache-08": 4
    }, 
    "94": {
        "cache-07": 4.674102808679969, 
        "cache-08": 4
    }, 
    "95": {
        "cache-07": 4.837028207366492, 
        "cache-08": 4
    }, 
    "96": {
        "cache-07": 4.6662372517737944, 
        "cache-08": 4
    }, 
    "97": {
        "cache-07": 4.4773632020270275,