{
    "0": {
        "cache-07": 3.75, 
        "cache-08": 4
    }, 
    "1": {
        "cache-07": 3.7321376961479262, 
        "cache-08": 4
    }, 
    "2": {
        "cache-07": 4.010313424214093, 
        "cache-08": 4
    }, 
    "3": {
        "cache-07": 4.1494012882471765, 
        "cache-08": 4
    }, 
    "4": {
        "cache-07": 4.218945220263718, 
        "cache-08": 4
    }, 
    "5": {
        "cache-07": 4.609449413158366, 
        "cache-08": 4
    }, 
    "6": {
        "cache-07": 4.552447854669731, 
        "cache-08": 4
    }, 
    "7": {
        "cache-07": 4.420468503474996, 
        "cache-08": 4
    }, 
    "8": {
        "cache-07": 4.457957399828047, 
        "cache-08": 4
    }, 
    "9": {
        "cache-07": 4.476701848004572, 
        "cache-08": 4
    }, 
    "10": {
        "cache-07": 4.486074072092834, 
        "cache-08": 4
    }, 
    "11": {
        "cache-07": 4.743013839072924, 
        "cache-08": 4
    }, 
    "12": {
        "cache-07": 4.619230067627011, 
        "cache-08": 4
    }, 
    "13": {
        "cache-07": 4.557338181904054, 
        "cache-08": 4
    }, 
    "14": {
        "cache-07": 4.5263922390425755, 
        "cache-08": 4
    }, 
    "15": {
        "cache-07": 4.7631729225477955, 
        "cache-08": 4
    }, 
    "16": {
        "cache-07": 4.784082194050119, 
        "cache-08": 4
    }, 
    "17": {
        "cache-07": 4.639764245115607, 
        "cache-08": 4
    }, 
    "18": {
        "cache-07": 4.722377855334025, 
        "cache-08": 4
    }, 
    "19": {
        "cache-07": 4.86116573069352, 
        "cache-08": 4
    }, 
    "20": {
        "cache-07": 4.574827441486891, 
        "cache-08": 4
    }, 
    "21": {
        "cache-07": 4.431658296883576, 
        "cache-08": 4
    }, 
    "22": {
        "cache-07": 4.360073724581918, 
        "cache-08": 4
    }, 
    "23": {
        "cache-07": 4.680013665317466, 
        "cache-08": 4
    }, 
    "24": {
        "cache-07": 4.742502565434954, 
        "cache-08": 4
    }, 
    "25": {
        "cache-07": 4.515495858857607, 
        "cache-08": 4
    }, 
    "26": {
        "cache-07": 4.401992505568934, 
        "cache-08": 4
    }, 
    "27": {
        "cache-07": 4.345240828924597, 
        "cache-08": 4
    }, 
    "28": {
        "cache-07": 4.672597217488805, 
        "cache-08": 4
    }, 
    "29": {
        "cache-07": 4.584021756834951, 
        "cache-08": 4
    }, 
    "30": {
        "cache-07": 4.5397340265080235, 
        "cache-08": 4
    }, 
    "31": {
        "cache-07": 4.4141115893941425, 
        "cache-08": 4
    }, 
    "32": {
        "cache-07": 4.45477894278762, 
        "cache-08": 4
    }, 
    "33": {
        "cache-07": 4.475112619484358, 
        "cache-08": 4
    }, 
    "34": {
        "cache-07": 4.38180088588231, 
        "cache-08": 4
    }, 
    "35": {
        "cache-07": 4.221131401702188, 
        "cache-08": 4
    }, 
    "36": {
        "cache-07": 4.610542503877602, 
        "cache-08": 4
    }, 
    "37": {
        "cache-07": 4.707766984715022, 
        "cache-08": 4
    }, 
    "38": {
        "cache-07": 4.498128068497641, 
        "cache-08": 4
    }, 
    "39": {
        "cache-07": 4.749040837275327, 
        "cache-08": 4
    }, 
    "40": {
        "cache-07": 4.874497221664171, 
        "cache-08": 4
    }, 
    "41": {
        "cache-07": 4.937225413858593, 
        "cache-08": 4
    }, 
    "42": {
        "cache-07": 4.612857283069427, 
        "cache-08": 4
    }, 
    "43": {
        "cache-07": 4.554151789625262, 
        "cache-08": 4
    }, 
    "44": {
        "cache-07": 4.777052697839139, 
        "cache-08": 4
    }, 
    "45": {
        "cache-07": 4.7910220816957905, 
        "cache-08": 4
    }, 
    "46": {
        "cache-07": 4.425741999608928, 
        "cache-08": 4
    }, 
    "47": {
        "cache-07": 4.615366732580685, 
        "cache-08": 4
    }, 
    "48": {
        "cache-07": 4.80766016931685, 
        "cache-08": 4
    }, 
    "49": {
        "cache-07": 4.8063258174346455, 
        "cache-08": 4
    }, 
    "50": {
        "cache-07": 4.650886056807871, 
        "cache-08": 4
    }, 
    "51": {
        "cache-07": 4.5731661764944835, 
        "cache-08": 4
    }, 
    "52": {
        "cache-07": 4.786559891273749, 
        "cache-08": 4
    }, 
    "53": {
        "cache-07": 4.893256748663381, 
        "cache-08": 4
    }, 
    "54": {
        "cache-07": 4.694351522422239, 
        "cache-08": 4
    }, 
    "55": {
        "cache-07": 4.49142033735125, 
        "cache-08": 4
    }, 
    "56": {
        "cache-07": 4.6482059014518455, 
        "cache-08": 4
    }, 
    "57": {
        "cache-07": 4.8240797537524305, 
        "cache-08": 4
    }, 
    "58": {
        "cache-07": 4.556284453016346, 
        "cache-08": 4
    }, 
    "59": {
        "cache-07": 4.422386802648303, 
        "cache-08": 4
    }, 
    "60": {
        "cache-07": 4.4589165494147, 
        "cache-08": 4
    }, 
    "61": {
        "cache-07": 4.729435077733857, 
        "cache-08": 4
    }, 
    "62": {
        "cache-07": 4.864694341893436, 
        "cache-08": 4
    }, 
    "63": {
        "cache-07": 4.834842903722939, 
        "cache-08": 4
    }, 
    "64": {
        "cache-07": 4.6651445999520185, 
        "cache-08": 4
    }, 
    "65": {
        "cache-07": 4.73506803275223, 
        "cache-08": 4
    }, 
    "66": {
        "cache-07": 4.615257164466664, 
        "cache-08": 4
    }, 
    "67": {
        "cache-07": 4.451873158373463, 
        "cache-08": 4
    }, 
    "68": {
        "cache-07": 4.370181155326861, 
        "cache-08": 4
    }, 
    "69": {
        "cache-07": 4.3293351538035605, 
        "cache-08": 4
    }, 
    "70": {
        "cache-07": 4.412390724992329, 
        "cache-08": 4
    }, 
    "71": {
        "cache-07": 4.350439938636295, 
        "cache-08": 4
    }, 
    "72": {
        "cache-07": 4.319464545458278, 
        "cache-08": 4
    }, 
    "73": {
        "cache-07": 4.407455420819687, 
        "cache-08": 4
    }, 
    "74": {
        "cache-07": 4.703704513436351, 
        "cache-08": 4
    }, 
    "75": {
        "cache-07": 4.599575404808724, 
        "cache-08": 4
    }, 
    "76": {
        "cache-07": 4.547510850494911, 
        "cache-08": 4
    }, 
    "77": {
        "cache-07": 4.521478573338004, 
        "cache-08": 4
    }, 
    "78": {
        "cache-07": 4.508462434759551, 
        "cache-08": 4
    }, 
    "79": {
        "cache-07": 4.6567269501559965, 
        "cache-08": 4
    }, 
    "80": {
        "cache-07": 4.4726080512181285, 
        "cache-08": 4
    }, 
    "81": {
        "cache-07": 4.380548601749195, 
        "cache-08": 4
    }, 
    "82": {
        "cache-07": 4.334518877014728, 
        "cache-08": 4
    }, 
    "83": {
        "cache-07": 4.667236241533871, 
        "cache-08": 4
    }, 
    "84": {
        "cache-07": 4.581341268857484, 
        "cache-08": 4
    }, 
    "85": {
        "cache-07": 4.693166367204963, 
        "cache-08": 4
    }, 
    "86": {
        "cache-07": 4.846559986628989, 
        "cache-08": 4
    }, 
    "87": {
        "cache-07": 4.923256796341002, 
        "cache-08": 4
    }, 
    "88": {
        "cache-07": 4.961605201197008, 
        "cache-08": 4
    }, 
    "89": {
        "cache-07": 4.883298333374725, 
        "cache-08": 4
    }, 
    "90": {
        "cache-07": 4.689372314777911, 
        "cache-08": 4
    }, 
    "91": {
        "cache-07": 4.7471818901651766, 
        "cache-08": 4
    }, 
    "92": {
        "cache-07": 4.517835521222718, 
        "cache-08": 4
    }, 
    "93": {
        "cache-07": 4.5066409087019075, 
        "cache-08": 4
    }, 
    "94": {
        "cache-07": 4.501043602441502, 
        "cache-08": 4
    }, 
    "95": {
        "cache-07": 4.750498604247259, 
        "cache-08": 4
    }, 
    "96": {
        "cache-07": 4.519493878263759, 
        "cache-08": 4
    }, 
    "97": {
        "cache-07": 4.507470087222428,