{
    "0": {
        "cache-09": 2.28677190274, 
        "cache-10": 4.698071395516354
    }, 
    "1": {
        "cache-09": 2.28677190274, 
        "cache-10": 4.698071395516354
    }, 
    "2": {
        "cache-09": 2.28677190274, 
        "cache-10": 4.698071395516354
    }, 
    "3": {
        "cache-09": 2.28677190274, 
        "cache-10": 4.698071395516354
    }, 
    "4": {
        "cache-09": 2.28677190274, 
        "cache-10": 4.698071395516354
    }, 
    "5": {
        "cache-09": 2.28677190274, 
        "cache-10": 4.698071395516354
    }, 
    "6": {
        "cache-09": 2.28677190274, 
        "cache-10": 4.698071395516354
    }, 
    "7": {
        "cache-09": 2.28677190274, 
        "cache-10": 4.698071395516354
    }, 
    "8": {
        "cache-09": 2.28677190274, 
        "cache-10": 4.698071395516354
    }, 
    "9": {
        "cache-09": 2.28677190274, 
        "cache-10": 4.698071395516354
    }, 
    "10": {
        "cache-09": 2.28677190274, 
        "cache-10": 4.698071395516354
    }, 
    "11": {
        "cache-09": 2.28677190274, 
        "cache-10": 4.512833198730298
    }, 
    "12": {
        "cache-09": 2.28677190274, 
        "cache-10": 4.512833198730298
    }, 
    "13": {
        "cache-09": 2.28677190274, 
        "cache-10": 4.512833198730298
    }, 
    "14": {
        "cache-09": 2.28677190274, 
        "cache-10": 4.512833198730298
    }, 
    "15": {
        "cache-09": 2.28677190274, 
        "cache-10": 4.512833198730298
    }, 
    "16": {
        "cache-09": 2.28677190274, 
        "cache-10": 4.512833198730298
    }, 
    "17": {
        "cache-09": 2.28677190274, 
        "cache-10": 4.512833198730298
    }, 
    "18": {
        "cache-09": 2.28677190274, 
        "cache-10": 4.512833198730298
    }, 
    "19": {
        "cache-09": 2.28677190274, 
        "cache-10": 4.512833198730298
    }, 
    "20": {
        "cache-09": 2.28677190274, 
        "cache-10": 4.512833198730298
    }, 
    "21": {
        "cache-09": 2.28677190274, 
        "cache-10": 4.76986112834936
    }, 
    "22": {
        "cache-09": 2.28677190274, 
        "cache-10": 4.76986112834936
    }, 
    "23": {
        "cache-09": 2.28677190274, 
        "cache-10": 4.76986112834936
    }, 
    "24": {
        "cache-09": 2.28677190274, 
        "cache-10": 4.76986112834936
    }, 
    "25": {
        "cache-09": 2.28677190274, 
        "cache-10": 4.76986112834936
    }, 
    "26": {
        "cache-09": 2.28677190274, 
        "cache-10": 4.76986112834936
    }, 
    "27": {
        "cache-09": 2.28677190274, 
        "cache-10": 4.76986112834936
    }, 
    "28": {
        "cache-09": 2.28677190274, 
        "cache-10": 4.76986112834936
    }, 
    "29": {
        "cache-09": 2.28677190274, 
        "cache-10": 4.76986112834936
    }, 
    "30": {
        "cache-09": 2.28677190274, 
        "cache-10": 4.76986112834936
    }, 
    "31": {
        "cache-09": 2.28677190274, 
        "cache-10": 4.366753342672071
    }, 
    "32": {
        "cache-09": 2.28677190274, 
        "cache-10": 4.366753342672071
    }, 
    "33": {
        "cache-09": 2.28677190274, 
        "cache-10": 4.366753342672071
    }, 
    "34": {
        "cache-09": 2.28677190274, 
        "cache-10": 4.366753342672071
    }, 
    "35": {
        "cache-09": 2.28677190274, 
        "cache-10": 4.366753342672071
    }, 
    "36": {
        "cache-09": 2.28677190274, 
        "cache-10": 4.366753342672071
    }, 
    "37": {
        "cache-09": 2.28677190274, 
        "cache-10": 4.366753342672071
    }, 
    "38": {
        "cache-09": 2.28677190274, 
        "cache-10": 4.366753342672071
    }, 
    "39": {
        "cache-09": 2.28677190274, 
        "cache-10": 4.366753342672071
    }, 
    "40": {
        "cache-09": 2.28677190274, 
        "cache-10": 4.366753342672071
    }, 
    "41": {
        "cache-09": 2.28677190274, 
        "cache-10": 4.4595470296111
    }, 
    "42": {
        "cache-09": 2.28677190274, 
        "cache-10": 4.4595470296111
    }, 
    "43": {
        "cache-09": 2.28677190274, 
        "cache-10": 4.4595470296111
    }, 
    "44": {
        "cache-09": 2.28677190274, 
        "cache-10": 4.4595470296111
    }, 
    "45": {
        "cache-09": 2.28677190274, 
        "cache-10": 4.4595470296111
    }, 
    "46": {
        "cache-09": 2.28677190274, 
        "cache-10": 4.4595470296111
    }, 
    "47": {
        "cache-09": 2.28677190274, 
        "cache-10": 4.4595470296111
    }, 
    "48": {
        "cache-09": 2.28677190274, 
        "cache-10": 4.4595470296111
    }, 
    "49": {
        "cache-09": 2.28677190274, 
        "cache-10": 4.4595470296111
    }, 
    "50": {
        "cache-09": 2.28677190274, 
        "cache-10": 4.4595470296111
    }, 
    "51": {
        "cache-09": 2.28677190274, 
        "cache-10": 4.9219924272708635
    }, 
    "52": {
        "cache-09": 2.28677190274, 
        "cache-10": 4.9219924272708635
    }, 
    "53": {
        "cache-09": 2.28677190274, 
        "cache-10": 4.9219924272708635
    }, 
    "54": {
        "cache-09": 2.28677190274, 
        "cache-10": 4.9219924272708635
    }, 
    "55": {
        "cache-09": 2.28677190274, 
        "cache-10": 4.9219924272708635
    }, 
    "56": {
        "cache-09": 2.28677190274, 
        "cache-10": 4.9219924272708635
    }, 
    "57": {
        "cache-09": 2.28677190274, 
        "cache-10": 4.9219924272708635
    }, 
    "58": {
        "cache-09": 2.28677190274, 
        "cache-10": 4.9219924272708635
    }, 
    "59": {
        "cache-09": 2.28677190274, 
        "cache-10": 4.9219924272708635
    }, 
    "60": {
        "cache-09": 2.28677190274, 
        "cache-10": 4.9219924272708635
    }, 
    "61": {
        "cache-09": 2.28677190274, 
        "cache-10": 4.46552906641448
    }, 
    "62": {
        "cache-09": 2.28677190274, 
        "cache-10": 4.46552906641448
    }, 
    "63": {
        "cache-09": 2.28677190274, 
        "cache-10": 4.46552906641448
    }, 
    "64": {
        "cache-09": 2.28677190274, 
        "cache-10": 4.46552906641448
    }, 
    "65": {
        "cache-09": 2.28677190274, 
        "cache-10": 4.46552906641448
    }, 
    "66": {
        "cache-09": 2.28677190274, 
        "cache-10": 4.46552906641448
    }, 
    "67": {
        "cache-09": 2.28677190274, 
        "cache-10": 4.46552906641448
    }, 
    "68": {
        "cache-09": 2.28677190274, 
        "cache-10": 4.46552906641448
    }, 
    "69": {
        "cache-09": 2.28677190274, 
        "cache-10": 4.46552906641448
    }, 
    "70": {
        "cache-09": 2.28677190274, 
        "cache-10": 4.46552906641448
    }, 
    "71": {
        "cache-09": 2.28677190274, 
        "cache-10": 4.710899808941454
    }, 
    "72": {
        "cache-09": 2.28677190274, 
        "cache-10": 4.710899808941454
    }, 
    "73": {
        "cache-09": 2.28677190274, 
        "cache-10": 4.710899808941454
    }, 
    "74": {
        "cache-09": 2.28677190274, 
        "cache-10": 4.710899808941454
    }, 
    "75": {
        "cache-09": 2.28677190274, 
        "cache-10": 4.710899808941454
    }, 
    "76": {
        "cache-09": 2.28677190274, 
        "cache-10": 4.710899808941454
    }, 
    "77": {
        "cache-09": 2.28677190274, 
        "cache-10": 4.710899808941454
    }, 
    "78": {
        "cache-09": 2.28677190274, 
        "cache-10": 4.710899808941454
    }, 
    "79": {
        "cache-09": 2.28677190274, 
        "cache-10": 4.710899808941454
    }, 
    "80": {
        "cache-09": 2.28677190274, 
        "cache-10": 4.710899808941454
    }, 
    "81": {
        "cache-09": 2.28677190274, 
        "cache-10": 4.7633669170718544
    }, 
    "82": {
        "cache-09": 2.28677190274, 
        "cache-10": 4.7633669170718544
    }, 
    "83": {
        "cache-09": 2.28677190274, 
        "cache-10": 4.7633669170718544
    }, 
    "84": {
        "cache-09": 2.28677190274, 
        "cache-10": 4.7633669170718544
    },