{
    "0": {
        "cache-09": 2.3237698845, 
        "cache-10": 4.8376129730039885
    }, 
    "1": {
        "cache-09": 2.3237698845, 
        "cache-10": 4.8376129730039885
    }, 
    "2": {
        "cache-09": 2.3237698845, 
        "cache-10": 4.8376129730039885
    }, 
    "3": {
        "cache-09": 2.3237698845, 
        "cache-10": 4.8376129730039885
    }, 
    "4": {
        "cache-09": 2.3237698845, 
        "cache-10": 4.8376129730039885
    }, 
    "5": {
        "cache-09": 2.3237698845, 
        "cache-10": 4.8376129730039885
    }, 
    "6": {
        "cache-09": 2.3237698845, 
        "cache-10": 4.8376129730039885
    }, 
    "7": {
        "cache-09": 2.3237698845, 
        "cache-10": 4.8376129730039885
    }, 
    "8": {
        "cache-09": 2.3237698845, 
        "cache-10": 4.8376129730039885
    }, 
    "9": {
        "cache-09": 2.3237698845, 
        "cache-10": 4.8376129730039885
    }, 
    "10": {
        "cache-09": 2.3237698845, 
        "cache-10": 4.8376129730039885
    }, 
    "11": {
        "cache-09": 2.3237698845, 
        "cache-10": 4.410260964525278
    }, 
    "12": {
        "cache-09": 2.3237698845, 
        "cache-10": 4.410260964525278
    }, 
    "13": {
        "cache-09": 2.3237698845, 
        "cache-10": 4.410260964525278
    }, 
    "14": {
        "cache-09": 2.3237698845, 
        "cache-10": 4.410260964525278
    }, 
    "15": {
        "cache-09": 2.3237698845, 
        "cache-10": 4.410260964525278
    }, 
    "16": {
        "cache-09": 2.3237698845, 
        "cache-10": 4.410260964525278
    }, 
    "17": {
        "cache-09": 2.3237698845, 
        "cache-10": 4.410260964525278
    }, 
    "18": {
        "cache-09": 2.3237698845, 
        "cache-10": 4.410260964525278
    }, 
    "19": {
        "cache-09": 2.3237698845, 
        "cache-10": 4.410260964525278
    }, 
    "20": {
        "cache-09": 2.3237698845, 
        "cache-10": 4.410260964525278
    }, 
    "21": {
        "cache-09": 2.3237698845, 
        "cache-10": 4.461851563532133
    }, 
    "22": {
        "cache-09": 2.3237698845, 
        "cache-10": 4.461851563532133
    }, 
    "23": {
        "cache-09": 2.3237698845, 
        "cache-10": 4.461851563532133
    }, 
    "24": {
        "cache-09": 2.3237698845, 
        "cache-10": 4.461851563532133
    }, 
    "25": {
        "cache-09": 2.3237698845, 
        "cache-10": 4.461851563532133
    }, 
    "26": {
        "cache-09": 2.3237698845, 
        "cache-10": 4.461851563532133
    }, 
    "27": {
        "cache-09": 2.3237698845, 
        "cache-10": 4.461851563532133
    }, 
    "28": {
        "cache-09": 2.3237698845, 
        "cache-10": 4.461851563532133
    }, 
    "29": {
        "cache-09": 2.3237698845, 
        "cache-10": 4.461851563532133
    }, 
    "30": {
        "cache-09": 2.3237698845, 
        "cache-10": 4.461851563532133
    }, 
    "31": {
        "cache-09": 2.323769884349198, 
        "cache-10": 4.910590053152603
    }, 
    "32": {
        "cache-09": 2.323769884349198, 
        "cache-10": 4.910590053152603
    }, 
    "33": {
        "cache-09": 2.323769884349198, 
        "cache-10": 4.910590053152603
    }, 
    "34": {
        "cache-09": 2.323769884349198, 
        "cache-10": 4.910590053152603
    }, 
    "35": {
        "cache-09": 2.323769884349198, 
        "cache-10": 4.910590053152603
    }, 
    "36": {
        "cache-09": 2.323769884349198, 
        "cache-10": 4.910590053152603
    }, 
    "37": {
        "cache-09": 2.323769884349198, 
        "cache-10": 4.910590053152603
    }, 
    "38": {
        "cache-09": 2.323769884349198, 
        "cache-10": 4.910590053152603
    }, 
    "39": {
        "cache-09": 2.323769884349198, 
        "cache-10": 4.910590053152603
    }, 
    "40": {
        "cache-09": 2.323769884349198, 
        "cache-10": 4.910590053152603
    }, 
    "41": {
        "cache-09": 2.3237613567830526, 
        "cache-10": 4.717782763686408
    }, 
    "42": {
        "cache-09": 2.3237613567830526, 
        "cache-10": 4.717782763686408
    }, 
    "43": {
        "cache-09": 2.3237613567830526, 
        "cache-10": 4.717782763686408
    }, 
    "44": {
        "cache-09": 2.3237613567830526, 
        "cache-10": 4.717782763686408
    }, 
    "45": {
        "cache-09": 2.3237613567830526, 
        "cache-10": 4.717782763686408
    }, 
    "46": {
        "cache-09": 2.3237613567830526, 
        "cache-10": 4.717782763686408
    }, 
    "47": {
        "cache-09": 2.3237613567830526, 
        "cache-10": 4.717782763686408
    }, 
    "48": {
        "cache-09": 2.3237613567830526, 
        "cache-10": 4.717782763686408
    }, 
    "49": {
        "cache-09": 2.3237613567830526, 
        "cache-10": 4.717782763686408
    }, 
    "50": {
        "cache-09": 2.3237613567830526, 
        "cache-10": 4.717782763686408
    }, 
    "51": {
        "cache-09": 2.322434398757246, 
        "cache-10": 4.720714319346332
    }, 
    "52": {
        "cache-09": 2.322434398757246, 
        "cache-10": 4.720714319346332
    }, 
    "53": {
        "cache-09": 2.322434398757246, 
        "cache-10": 4.720714319346332
    }, 
    "54": {
        "cache-09": 2.322434398757246, 
        "cache-10": 4.720714319346332
    }, 
    "55": {
        "cache-09": 2.322434398757246, 
        "cache-10": 4.720714319346332
    }, 
    "56": {
        "cache-09": 2.322434398757246, 
        "cache-10": 4.720714319346332
    }, 
    "57": {
        "cache-09": 2.322434398757246, 
        "cache-10": 4.720714319346332
    }, 
    "58": {
        "cache-09": 2.322434398757246, 
        "cache-10": 4.720714319346332
    }, 
    "59": {
        "cache-09": 2.322434398757246, 
        "cache-10": 4.720714319346332
    }, 
    "60": {
        "cache-09": 2.322434398757246, 
        "cache-10": 4.720714319346332
    }, 
    "61": {
        "cache-09": 2.3212079843170335, 
        "cache-10": 4.849266182790218
    }, 
    "62": {
        "cache-09": 2.3212079843170335, 
        "cache-10": 4.849266182790218
    }, 
    "63": {
        "cache-09": 2.3212079843170335, 
        "cache-10": 4.849266182790218
    }, 
    "64": {
        "cache-09": 2.3212079843170335, 
        "cache-10": 4.849266182790218
    }, 
    "65": {
        "cache-09": 2.3212079843170335, 
        "cache-10": 4.849266182790218
    }, 
    "66": {
        "cache-09": 2.3212079843170335, 
        "cache-10": 4.849266182790218
    }, 
    "67": {
        "cache-09": 2.3212079843170335, 
        "cache-10": 4.849266182790218
    }, 
    "68": {
        "cache-09": 2.3212079843170335, 
        "cache-10": 4.849266182790218
    }, 
    "69": {
        "cache-09": 2.3212079843170335, 
        "cache-10": 4.849266182790218
    }, 
    "70": {
        "cache-09": 2.3212079843170335, 
        "cache-10": 4.849266182790218
    }, 
    "71": {
        "cache-09": 2.3191165021074447, 
        "cache-10": 4.537391879483875
    }, 
    "72": {
        "cache-09": 2.3191165021074447, 
        "cache-10": 4.537391879483875
    }, 
    "73": {
        "cache-09": 2.3191165021074447, 
        "cache-10": 4.537391879483875
    }, 
    "74": {
        "cache-09": 2.3191165021074447, 
        "cache-10": 4.537391879483875
    }, 
    "75": {
        "cache-09": 2.3191165021074447, 
        "cache-10": 4.537391879483875
    }, 
    "76": {
        "cache-09": 2.3191165021074447, 
        "cache-10": 4.537391879483875
    }, 
    "77": {
        "cache-09": 2.3191165021074447, 
        "cache-10": 4.537391879483875
    }, 
    "78": {
        "cache-09": 2.3191165021074447, 
        "cache-10": 4.537391879483875
    }, 
    "79": {
        "cache-09": 2.3191165021074447, 
        "cache-10": 4.537391879483875
    }, 
    "80": {
        "cache-09": 2.3191165021074447, 
        "cache-10": 4.537391879483875
    }, 
    "81": {
        "cache-09": 2.3154450623589162, 
        "cache-10": 4.956496174856557
    }, 
    "82": {
        "cache-09": 2.3154450623589162,