{
    "0": {
        "cache-07": 4.577039215932215, 
        "cache-08": 1.8788840348634592
    }, 
    "1": {
        "cache-07": 4.577039215932215, 
        "cache-08": 1.8788840348634592
    }, 
    "2": {
        "cache-07": 4.577039215932215, 
        "cache-08": 1.8788840348634592
    }, 
    "3": {
        "cache-07": 4.577039215932215, 
        "cache-08": 1.8788840348634592
    }, 
    "4": {
        "cache-07": 4.577039215932215, 
        "cache-08": 1.8788840348634592
    }, 
    "5": {
        "cache-07": 4.577039215932215, 
        "cache-08": 1.8788840348634592
    }, 
    "6": {
        "cache-07": 4.577039215932215, 
        "cache-08": 1.8788840348634592
    }, 
    "7": {
        "cache-07": 4.577039215932215, 
        "cache-08": 1.8788840348634592
    }, 
    "8": {
        "cache-07": 4.577039215932215, 
        "cache-08": 1.8788840348634592
    }, 
    "9": {
        "cache-07": 4.577039215932215, 
        "cache-08": 1.8788840348634592
    }, 
    "10": {
        "cache-07": 4.577039215932215, 
        "cache-08": 1.8788840348634592
    }, 
    "11": {
        "cache-07": 4.325892115415019, 
        "cache-08": 1.8788840348602163
    }, 
    "12": {
        "cache-07": 4.325892115415019, 
        "cache-08": 1.8788840348602163
    }, 
    "13": {
        "cache-07": 4.325892115415019, 
        "cache-08": 1.8788840348602163
    }, 
    "14": {
        "cache-07": 4.325892115415019, 
        "cache-08": 1.8788840348602163
    }, 
    "15": {
        "cache-07": 4.325892115415019, 
        "cache-08": 1.8788840348602163
    }, 
    "16": {
        "cache-07": 4.325892115415019, 
        "cache-08": 1.8788840348602163
    }, 
    "17": {
        "cache-07": 4.325892115415019, 
        "cache-08": 1.8788840348602163
    }, 
    "18": {
        "cache-07": 4.325892115415019, 
        "cache-08": 1.8788840348602163
    }, 
    "19": {
        "cache-07": 4.325892115415019, 
        "cache-08": 1.8788840348602163
    }, 
    "20": {
        "cache-07": 4.325892115415019, 
        "cache-08": 1.8788840348602163
    }, 
    "21": {
        "cache-07": 4.668139772310409, 
        "cache-08": 1.8879099239837505
    }, 
    "22": {
        "cache-07": 4.668139772310409, 
        "cache-08": 1.8879099239837505
    }, 
    "23": {
        "cache-07": 4.668139772310409, 
        "cache-08": 1.8879099239837505
    }, 
    "24": {
        "cache-07": 4.668139772310409, 
        "cache-08": 1.8879099239837505
    }, 
    "25": {
        "cache-07": 4.668139772310409, 
        "cache-08": 1.8879099239837505
    }, 
    "26": {
        "cache-07": 4.668139772310409, 
        "cache-08": 1.8879099239837505
    }, 
    "27": {
        "cache-07": 4.668139772310409, 
        "cache-08": 1.8879099239837505
    }, 
    "28": {
        "cache-07": 4.668139772310409, 
        "cache-08": 1.8879099239837505
    }, 
    "29": {
        "cache-07": 4.668139772310409, 
        "cache-08": 1.8879099239837505
    }, 
    "30": {
        "cache-07": 4.668139772310409, 
        "cache-08": 1.8879099239837505
    }, 
    "31": {
        "cache-07": 4.289900630967418, 
        "cache-08": 2.26694867850889
    }, 
    "32": {
        "cache-07": 4.289900630967418, 
        "cache-08": 2.26694867850889
    }, 
    "33": {
        "cache-07": 4.289900630967418, 
        "cache-08": 2.26694867850889
    }, 
    "34": {
        "cache-07": 4.289900630967418, 
        "cache-08": 2.26694867850889
    }, 
    "35": {
        "cache-07": 4.289900630967418, 
        "cache-08": 2.26694867850889
    }, 
    "36": {
        "cache-07": 4.289900630967418, 
        "cache-08": 2.26694867850889
    }, 
    "37": {
        "cache-07": 4.289900630967418, 
        "cache-08": 2.26694867850889
    }, 
    "38": {
        "cache-07": 4.289900630967418, 
        "cache-08": 2.26694867850889
    }, 
    "39": {
        "cache-07": 4.289900630967418, 
        "cache-08": 2.26694867850889
    }, 
    "40": {
        "cache-07": 4.289900630967418, 
        "cache-08": 2.26694867850889
    }, 
    "41": {
        "cache-07": 4.11931157042779, 
        "cache-08": 2.3873854961440406
    }, 
    "42": {
        "cache-07": 4.11931157042779, 
        "cache-08": 2.3873854961440406
    }, 
    "43": {
        "cache-07": 4.11931157042779, 
        "cache-08": 2.3873854961440406
    }, 
    "44": {
        "cache-07": 4.11931157042779, 
        "cache-08": 2.3873854961440406
    }, 
    "45": {
        "cache-07": 4.11931157042779, 
        "cache-08": 2.3873854961440406
    }, 
    "46": {
        "cache-07": 4.11931157042779, 
        "cache-08": 2.3873854961440406
    }, 
    "47": {
        "cache-07": 4.11931157042779, 
        "cache-08": 2.3873854961440406
    }, 
    "48": {
        "cache-07": 4.11931157042779, 
        "cache-08": 2.3873854961440406
    }, 
    "49": {
        "cache-07": 4.11931157042779, 
        "cache-08": 2.3873854961440406
    }, 
    "50": {
        "cache-07": 4.11931157042779, 
        "cache-08": 2.3873854961440406
    }, 
    "51": {
        "cache-07": 4.274800685040979, 
        "cache-08": 2.3514661355028386
    }, 
    "52": {
        "cache-07": 4.274800685040979, 
        "cache-08": 2.3514661355028386
    }, 
    "53": {
        "cache-07": 4.274800685040979, 
        "cache-08": 2.3514661355028386
    }, 
    "54": {
        "cache-07": 4.274800685040979, 
        "cache-08": 2.3514661355028386
    }, 
    "55": {
        "cache-07": 4.274800685040979, 
        "cache-08": 2.3514661355028386
    }, 
    "56": {
        "cache-07": 4.274800685040979, 
        "cache-08": 2.3514661355028386
    }, 
    "57": {
        "cache-07": 4.274800685040979, 
        "cache-08": 2.3514661355028386
    }, 
    "58": {
        "cache-07": 4.274800685040979, 
        "cache-08": 2.3514661355028386
    }, 
    "59": {
        "cache-07": 4.274800685040979, 
        "cache-08": 2.3514661355028386
    }, 
    "60": {
        "cache-07": 4.274800685040979, 
        "cache-08": 2.3514661355028386
    }, 
    "61": {
        "cache-07": 4.156920150740882, 
        "cache-08": 2.7855909862508446
    }, 
    "62": {
        "cache-07": 4.156920150740882, 
        "cache-08": 2.7855909862508446
    }, 
    "63": {
        "cache-07": 4.156920150740882, 
        "cache-08": 2.7855909862508446
    }, 
    "64": {
        "cache-07": 4.156920150740882, 
        "cache-08": 2.7855909862508446
    }, 
    "65": {
        "cache-07": 4.156920150740882, 
        "cache-08": 2.7855909862508446
    }, 
    "66": {
        "cache-07": 4.156920150740882, 
        "cache-08": 2.7855909862508446
    }, 
    "67": {
        "cache-07": 4.156920150740882, 
        "cache-08": 2.7855909862508446
    }, 
    "68": {
        "cache-07": 4.156920150740882, 
        "cache-08": 2.7855909862508446
    }, 
    "69": {
        "cache-07": 4.156920150740882, 
        "cache-08": 2.7855909862508446
    }, 
    "70": {
        "cache-07": 4.156920150740882, 
        "cache-08": 2.7855909862508446
    }, 
    "71": {
        "cache-07": 4.231709662846068, 
        "cache-08": 2.6335400092965795
    }, 
    "72": {
        "cache-07": 4.231709662846068, 
        "cache-08": 2.6335400092965795
    }, 
    "73": {
        "cache-07": 4.231709662846068, 
        "cache-08": 2.6335400092965795
    }, 
    "74": {
        "cache-07": 4.231709662846068, 
        "cache-08": 2.6335400092965795
    }, 
    "75": {
        "cache-07": 4.231709662846068, 
        "cache-08": 2.6335400092965795
    }, 
    "76": {
        "cache-07": 4.231709662846068, 
        "cache-08": 2.6335400092965795
    }, 
    "77": {
        "cache-07": 4.231709662846068, 
        "cache-08": 2.6335400092965795
    }, 
    "78": {
        "cache-07": 4.231709662846068, 
        "cache-08": 2.6335400092965795
    }, 
    "79": {
        "cache-07": 4.231709662846068, 
        "cache-08": 2.6335400092965795
    }, 
    "80": {
        "cache-07": 4.231709662846068, 
        "cache-08": 2.6335400092965795
    },