{
    "0": {
        "cache-07": 3.6522663335864136, 
        "cache-08": 2.768270573280161
    }, 
    "1": {
        "cache-07": 3.6522663335864136, 
        "cache-08": 2.768270573280161
    }, 
    "2": {
        "cache-07": 3.6522663335864136, 
        "cache-08": 2.768270573280161
    }, 
    "3": {
        "cache-07": 3.6522663335864136, 
        "cache-08": 2.768270573280161
    }, 
    "4": {
        "cache-07": 3.6522663335864136, 
        "cache-08": 2.768270573280161
    }, 
    "5": {
        "cache-07": 3.6522663335864136, 
        "cache-08": 2.768270573280161
    }, 
    "6": {
        "cache-07": 3.4918232457760956, 
        "cache-08": 3.512020502579321
    }, 
    "7": {
        "cache-07": 3.4918232457760956, 
        "cache-08": 3.512020502579321
    }, 
    "8": {
        "cache-07": 3.4918232457760956, 
        "cache-08": 3.512020502579321
    }, 
    "9": {
        "cache-07": 3.4918232457760956, 
        "cache-08": 3.512020502579321
    }, 
    "10": {
        "cache-07": 3.4918232457760956, 
        "cache-08": 3.512020502579321
    }, 
    "11": {
        "cache-07": 3.2652577739842767, 
        "cache-08": 3.222750969910339
    }, 
    "12": {
        "cache-07": 3.2652577739842767, 
        "cache-08": 3.222750969910339
    }, 
    "13": {
        "cache-07": 3.2652577739842767, 
        "cache-08": 3.222750969910339
    }, 
    "14": {
        "cache-07": 3.2652577739842767, 
        "cache-08": 3.222750969910339
    }, 
    "15": {
        "cache-07": 3.2652577739842767, 
        "cache-08": 3.222750969910339
    }, 
    "16": {
        "cache-07": 3.2260311288241086, 
        "cache-08": 3.5118563413508292
    }, 
    "17": {
        "cache-07": 3.2260311288241086, 
        "cache-08": 3.5118563413508292
    }, 
    "18": {
        "cache-07": 3.2260311288241086, 
        "cache-08": 3.5118563413508292
    }, 
    "19": {
        "cache-07": 3.2260311288241086, 
        "cache-08": 3.5118563413508292
    }, 
    "20": {
        "cache-07": 3.2260311288241086, 
        "cache-08": 3.5118563413508292
    }, 
    "21": {
        "cache-07": 3.5626579029150807, 
        "cache-08": 3.465704545106453
    }, 
    "22": {
        "cache-07": 3.5626579029150807, 
        "cache-08": 3.465704545106453
    }, 
    "23": {
        "cache-07": 3.5626579029150807, 
        "cache-08": 3.465704545106453
    }, 
    "24": {
        "cache-07": 3.5626579029150807, 
        "cache-08": 3.465704545106453
    }, 
    "25": {
        "cache-07": 3.5626579029150807, 
        "cache-08": 3.465704545106453
    }, 
    "26": {
        "cache-07": 3.685632245692087, 
        "cache-08": 3.4657045451071626
    }, 
    "27": {
        "cache-07": 3.685632245692087, 
        "cache-08": 3.4657045451071626
    }, 
    "28": {
        "cache-07": 3.685632245692087, 
        "cache-08": 3.4657045451071626
    }, 
    "29": {
        "cache-07": 3.685632245692087, 
        "cache-08": 3.4657045451071626
    }, 
    "30": {
        "cache-07": 3.685632245692087, 
        "cache-08": 3.4657045451071626
    }, 
    "31": {
        "cache-07": 3.54822176114877, 
        "cache-08": 3.46570454510773
    }, 
    "32": {
        "cache-07": 3.54822176114877, 
        "cache-08": 3.46570454510773
    }, 
    "33": {
        "cache-07": 3.54822176114877, 
        "cache-08": 3.46570454510773
    }, 
    "34": {
        "cache-07": 3.54822176114877, 
        "cache-08": 3.46570454510773
    }, 
    "35": {
        "cache-07": 3.54822176114877, 
        "cache-08": 3.46570454510773
    }, 
    "36": {
        "cache-07": 3.459542358561249, 
        "cache-08": 3.4657045451081845
    }, 
    "37": {
        "cache-07": 3.459542358561249, 
        "cache-08": 3.4657045451081845
    }, 
    "38": {
        "cache-07": 3.459542358561249, 
        "cache-08": 3.4657045451081845
    }, 
    "39": {
        "cache-07": 3.459542358561249, 
        "cache-08": 3.4657045451081845
    }, 
    "40": {
        "cache-07": 3.459542358561249, 
        "cache-08": 3.4657045451081845
    }, 
    "41": {
        "cache-07": 3.4553327236623264, 
        "cache-08": 3.617588904513039
    }, 
    "42": {
        "cache-07": 3.4553327236623264, 
        "cache-08": 3.617588904513039
    }, 
    "43": {
        "cache-07": 3.4553327236623264, 
        "cache-08": 3.617588904513039
    }, 
    "44": {
        "cache-07": 3.4553327236623264, 
        "cache-08": 3.617588904513039
    }, 
    "45": {
        "cache-07": 3.4553327236623264, 
        "cache-08": 3.617588904513039
    }, 
    "46": {
        "cache-07": 3.7134584020184493, 
        "cache-08": 3.4960814169888383
    }, 
    "47": {
        "cache-07": 3.7134584020184493, 
        "cache-08": 3.4960814169888383
    }, 
    "48": {
        "cache-07": 3.7134584020184493, 
        "cache-08": 3.4960814169888383
    }, 
    "49": {
        "cache-07": 3.7134584020184493, 
        "cache-08": 3.4960814169888383
    }, 
    "50": {
        "cache-07": 3.7134584020184493, 
        "cache-08": 3.4960814169888383
    }, 
    "51": {
        "cache-07": 3.709168497008467, 
        "cache-08": 3.496081416989071
    }, 
    "52": {
        "cache-07": 3.709168497008467, 
        "cache-08": 3.496081416989071
    }, 
    "53": {
        "cache-07": 3.709168497008467, 
        "cache-08": 3.496081416989071
    }, 
    "54": {
        "cache-07": 3.709168497008467, 
        "cache-08": 3.496081416989071
    }, 
    "55": {
        "cache-07": 3.709168497008467, 
        "cache-08": 3.496081416989071
    }, 
    "56": {
        "cache-07": 3.2650798236885477, 
        "cache-08": 3.6051784046425546
    }, 
    "57": {
        "cache-07": 3.2650798236885477, 
        "cache-08": 3.6051784046425546
    }, 
    "58": {
        "cache-07": 3.2650798236885477, 
        "cache-08": 3.6051784046425546
    }, 
    "59": {
        "cache-07": 3.2650798236885477, 
        "cache-08": 3.6051784046425546
    }, 
    "60": {
        "cache-07": 3.2650798236885477, 
        "cache-08": 3.6051784046425546
    }, 
    "61": {
        "cache-07": 3.4893164081301835, 
        "cache-08": 3.5707468348578875
    }, 
    "62": {
        "cache-07": 3.4893164081301835, 
        "cache-08": 3.5707468348578875
    }, 
    "63": {
        "cache-07": 3.4893164081301835, 
        "cache-08": 3.5707468348578875
    }, 
    "64": {
        "cache-07": 3.4893164081301835, 
        "cache-08": 3.5707468348578875
    }, 
    "65": {
        "cache-07": 3.4893164081301835, 
        "cache-08": 3.5707468348578875
    }, 
    "66": {
        "cache-07": 3.6454216937217856, 
        "cache-08": 3.528470018587525
    }, 
    "67": {
        "cache-07": 3.6454216937217856, 
        "cache-08": 3.528470018587525
    }, 
    "68": {
        "cache-07": 3.6454216937217856, 
        "cache-08": 3.528470018587525
    }, 
    "69": {
        "cache-07": 3.6454216937217856, 
        "cache-08": 3.528470018587525
    }, 
    "70": {
        "cache-07": 3.6454216937217856, 
        "cache-08": 3.528470018587525
    }, 
    "71": {
        "cache-07": 3.817351248629903, 
        "cache-08": 3.52847001858802
    }, 
    "72": {
        "cache-07": 3.817351248629903, 
        "cache-08": 3.52847001858802
    }, 
    "73": {
        "cache-07": 3.817351248629903, 
        "cache-08": 3.52847001858802
    }, 
    "74": {
        "cache-07": 3.817351248629903, 
        "cache-08": 3.52847001858802
    }, 
    "75": {
        "cache-07": 3.817351248629903, 
        "cache-08": 3.52847001858802
    }, 
    "76": {
        "cache-07": 3.466327528786647, 
        "cache-08": 3.65670175761181
    }, 
    "77": {
        "cache-07": 3.466327528786647, 
        "cache-08": 3.65670175761181
    }, 
    "78": {
        "cache-07": 3.466327528786647, 
        "cache-08": 3.65670175761181
    }, 
    "79": {
        "cache-07": 3.466327528786647, 
        "cache-08": 3.65670175761181
    }, 
    "80": {
        "cache-07": 3.466327528786647, 
        "cache-08": 3.65670175761181
    },