{
    "1455876029.295042": {
        "cache-03": 4.5, 
        "cache-10": 5, 
        "cache-13": 4.5
    }, 
    "1455876030.453452": {
        "cache-03": 4.5, 
        "cache-10": 4.5134495992111825, 
        "cache-13": 4.5
    }, 
    "1455876031.243884": {
        "cache-03": 4.5, 
        "cache-10": 4.562095360500667, 
        "cache-13": 4.5
    }, 
    "1455876031.709684": {
        "cache-03": 4.5, 
        "cache-10": 4.605876545661203, 
        "cache-13": 4.5
    }, 
    "1455876033.402199": {
        "cache-03": 4.5, 
        "cache-10": 4.645279612305686, 
        "cache-13": 4.5
    }, 
    "1455876034.86683": {
        "cache-03": 4.5, 
        "cache-10": 4.68074237228572, 
        "cache-13": 4.5
    }, 
    "1455876035.914642": {
        "cache-03": 4.5, 
        "cache-10": 4.712658856267751, 
        "cache-13": 4.5
    }, 
    "1455876041.404453": {
        "cache-03": 4.5, 
        "cache-10": 4.741383691851579, 
        "cache-13": 4.5
    }, 
    "1455876046.987561": {
        "cache-03": 4.5, 
        "cache-10": 4.767236043877023, 
        "cache-13": 4.5
    }, 
    "1455876053.174138": {
        "cache-03": 4.5, 
        "cache-10": 4.790503160699924, 
        "cache-13": 4.5
    }, 
    "1455876059.348194": {
        "cache-03": 4.5, 
        "cache-10": 4.811443565840534, 
        "cache-13": 4.5
    }, 
    "1455876059.864078": {
        "cache-03": 4.5, 
        "cache-10": 4.830289930467083, 
        "cache-13": 4.5
    }, 
    "1455876065.592692": {
        "cache-03": 4.5, 
        "cache-10": 4.847251658630978, 
        "cache-13": 4.5
    }, 
    "1455876071.819264": {
        "cache-03": 4.5, 
        "cache-10": 4.862517213978483, 
        "cache-13": 4.5
    }, 
    "1455876077.706326": {
        "cache-03": 4.5, 
        "cache-10": 4.876256213791238, 
        "cache-13": 4.5
    }, 
    "1455876084.90334": {
        "cache-03": 4.5, 
        "cache-10": 4.888621313622717, 
        "cache-13": 4.5
    }, 
    "1455876085.59377": {
        "cache-03": 4.5, 
        "cache-10": 4.899749903471048, 
        "cache-13": 4.5
    }, 
    "1455876091.026401": {
        "cache-03": 4.5, 
        "cache-10": 4.909765634334546, 
        "cache-13": 4.5
    }, 
    "1455876096.694708": {
        "cache-03": 4.5, 
        "cache-10": 4.918779792111694, 
        "cache-13": 4.5
    }, 
    "1455876102.337284": {
        "cache-03": 4.5, 
        "cache-10": 4.926892534111127, 
        "cache-13": 4.5
    }, 
    "1455876108.336102": {
        "cache-03": 4.5, 
        "cache-10": 4.934194001910617, 
        "cache-13": 4.5
    }, 
    "1455876114.323944": {
        "cache-03": 4.5, 
        "cache-10": 4.940765322930158, 
        "cache-13": 4.5
    }, 
    "1455876115.645252": {
        "cache-03": 4.5, 
        "cache-10": 4.946679511847745, 
        "cache-13": 4.5
    }, 
    "1455876122.882755": {
        "cache-03": 4.5, 
        "cache-10": 4.952002281873574, 
        "cache-13": 4.5
    }, 
    "1455876129.211731": {
        "cache-03": 4.5, 
        "cache-10": 4.956792774896819, 
        "cache-13": 4.5
    }, 
    "1455876135.18481": {
        "cache-03": 4.5, 
        "cache-10": 4.96110421861774, 
        "cache-13": 4.5
    }, 
    "1455876136.266354": {
        "cache-03": 4.5, 
        "cache-10": 4.964984517966569, 
        "cache-13": 4.5
    }, 
    "1455876142.355085": {
        "cache-03": 4.5, 
        "cache-10": 4.9684767873805145, 
        "cache-13": 4.5
    }, 
    "1455876148.471985": {
        "cache-03": 4.5, 
        "cache-10": 4.971619829853066, 
        "cache-13": 4.5
    }, 
    "1455876154.297344": {
        "cache-03": 4.5, 
        "cache-10": 4.974448568078362, 
        "cache-13": 4.5
    }, 
    "1455876155.43257": {
        "cache-03": 4.5, 
        "cache-10": 4.976994432481129, 
        "cache-13": 4.5
    }, 
    "1455876161.159406": {
        "cache-03": 4.5, 
        "cache-10": 4.979285710443619, 
        "cache-13": 4.5
    }, 
    "1455876167.503273": {
        "cache-03": 4.5, 
        "cache-10": 4.981347860609859, 
        "cache-13": 4.5
    }, 
    "1455876173.644468": {
        "cache-03": 4.5, 
        "cache-10": 4.983203795759477, 
        "cache-13": 4.5
    }, 
    "1455876179.171222": {
        "cache-03": 4.5, 
        "cache-10": 4.984874137394132, 
        "cache-13": 4.5
    }, 
    "1455876185.60797": {
        "cache-03": 4.5, 
        "cache-10": 4.9863774448653215, 
        "cache-13": 4.5
    }, 
    "1455876187.13544": {
        "cache-03": 4.5, 
        "cache-10": 4.987730421589392, 
        "cache-13": 4.5
    }, 
    "1455876193.506121": {
        "cache-03": 4.5, 
        "cache-10": 4.988948100641055, 
        "cache-13": 4.5
    }, 
    "1455876199.676894": {
        "cache-03": 4.5, 
        "cache-10": 4.990044011787552, 
        "cache-13": 4.5
    }, 
    "1455876200.761867": {
        "cache-03": 4.5, 
        "cache-10": 4.9910303318194, 
        "cache-13": 4.5
    }, 
    "1455876206.554695": {
        "cache-03": 4.5, 
        "cache-10": 4.991918019848063, 
        "cache-13": 4.5
    }, 
    "1455876212.666241": {
        "cache-03": 4.5, 
        "cache-10": 4.992716939073859, 
        "cache-13": 4.5
    }, 
    "1455876219.177025": {
        "cache-03": 4.5, 
        "cache-10": 4.993435966377076, 
        "cache-13": 4.5
    }, 
    "1455876225.202328": {
        "cache-03": 4.5, 
        "cache-10": 4.994083090949971, 
        "cache-13": 4.5
    }, 
    "1455876226.1829": {
        "cache-03": 4.5, 
        "cache-10": 4.994665503065577, 
        "cache-13": 4.5
    }, 
    "1455876232.764804": {
        "cache-03": 4.5, 
        "cache-10": 4.995189673969622, 
        "cache-13": 4.5
    }, 
    "1455876238.620963": {
        "cache-03": 4.5, 
        "cache-10": 4.995661427783263, 
        "cache-13": 4.5
    }, 
    "1455876244.490201": {
        "cache-03": 4.5, 
        "cache-10": 4.99608600621554, 
        "cache-13": 4.5
    }, 
    "1455876246.571786": {
        "cache-03": 4.5, 
        "cache-10": 4.996468126804589, 
        "cache-13": 4.5
    }, 
    "1455876252.951301": {
        "cache-03": 4.5, 
        "cache-10": 4.996812035334733, 
        "cache-13": 4.5
    }, 
    "1455876259.012594": {
        "cache-03": 4.5, 
        "cache-10": 4.997121553011862, 
        "cache-13": 4.5
    }, 
    "1455876265.177255": {
        "cache-03": 4.5, 
        "cache-10": 4.997400118921279, 
        "cache-13": 4.5
    }, 
    "1455876266.231371": {
        "cache-03": 4.5, 
        "cache-10": 4.997650828239754, 
        "cache-13": 4.5
    }, 
    "1455876272.305012": {
        "cache-03": 4.5, 
        "cache-10": 4.997876466626382, 
        "cache-13": 4.5
    }, 
    "1455876278.97074": {
        "cache-03": 4.5, 
        "cache-10": 4.998079541174347, 
        "cache-13": 4.5
    }, 
    "1455876285.215594": {
        "cache-03": 4.5, 
        "cache-10": 4.998262308267515, 
        "cache-13": 4.5
    }, 
    "1455876286.506234": {
        "cache-03": 4.5, 
        "cache-10": 4.998426798651367, 
        "cache-13": 4.5
    }, 
    "1455876291.973454": {
        "cache-03": 4.5, 
        "cache-10": 4.998574839996833, 
        "cache-13": 4.5
    }, 
    "1455876297.827041": {
        "cache-03": 4.5, 
        "cache-10": 4.998708077207752, 
        "cache-13": 4.5
    }, 
    "1455876303.657695": {
        "cache-03": 4.5, 
        "cache-10": 4.998827990697579, 
        "cache-13": 4.5
    }, 
    "1455876312.749286": {
        "cache-03": 4.5, 
        "cache-10": 4.998935912838425, 
        "cache-13": 4.5
    }, 
    "1455876313.58945": {
        "cache-03": 4.5, 
        "cache-10": 4.999033042765185, 
        "cache-13": 4.5
    }, 
    "1455876319.563236": {
        "cache-03": 4.5, 
        "cache-10": 4.999120459699269, 
        "cache-13": 4.5
    }, 
    "1455876320.578918": {
        "cache-03": 4.5, 
        "cache-10": 4.999199134939945, 
        "cache-13": 4.5
    },