{
    "1455876031.312453": {
        "cache-04": 4.5, 
        "cache-09": 4.5, 
        "cache-11": 4.5
    }, 
    "1455876032.454262": {
        "cache-04": 4.063449599211182, 
        "cache-09": 4.5, 
        "cache-11": 4.5
    }, 
    "1455876034.367884": {
        "cache-04": 3.8623840647222374, 
        "cache-09": 4.5, 
        "cache-11": 4.5
    }, 
    "1455876035.515744": {
        "cache-04": 3.73494103812258, 
        "cache-09": 4.5, 
        "cache-11": 4.5
    }, 
    "1455876037.55141": {
        "cache-04": 3.620242314182888, 
        "cache-09": 4.5, 
        "cache-11": 4.5
    }, 
    "1455876042.481121": {
        "cache-04": 3.517013462637165, 
        "cache-09": 4.5, 
        "cache-11": 4.5
    }, 
    "1455876046.151276": {
        "cache-04": 3.524550379605181, 
        "cache-09": 4.5, 
        "cache-11": 4.5
    }, 
    "1455876100.211803": {
        "cache-04": 3.5313336048763957, 
        "cache-09": 4.5, 
        "cache-11": 4.5
    }, 
    "1455876100.335135": {
        "cache-04": 3.5313336048763957, 
        "cache-09": 4.5, 
        "cache-11": 4.05
    }, 
    "1455876102.428302": {
        "cache-04": 3.5313336048763957, 
        "cache-09": 4.063449599211182, 
        "cache-11": 4.05
    }, 
    "1455876104.396974": {
        "cache-04": 3.5313336048763957, 
        "cache-09": 4.0581567533951475, 
        "cache-11": 4.05
    }, 
    "1455876105.346883": {
        "cache-04": 3.5313336048763957, 
        "cache-09": 4.0533931921607165, 
        "cache-11": 4.05
    }, 
    "1455876208.974917": {
        "cache-04": 3.5313336048763957, 
        "cache-09": 4.049105987049728, 
        "cache-11": 4.05
    }, 
    "1455876209.149512": {
        "cache-04": 3.5313336048763957, 
        "cache-09": 4.049105987049728, 
        "cache-11": 3.645
    }, 
    "1455876210.811306": {
        "cache-04": 3.5313336048763957, 
        "cache-09": 3.6576449875559374, 
        "cache-11": 3.645
    }, 
    "1455876215.200035": {
        "cache-04": 3.5313336048763957, 
        "cache-09": 3.6929326029054272, 
        "cache-11": 3.645
    }, 
    "1455876216.446215": {
        "cache-04": 3.5313336048763957, 
        "cache-09": 3.724691456719968, 
        "cache-11": 3.645
    }, 
    "1455876217.301294": {
        "cache-04": 3.5313336048763957, 
        "cache-09": 3.7532744251530548, 
        "cache-11": 3.645
    }, 
    "1455876218.959755": {
        "cache-04": 3.5313336048763957, 
        "cache-09": 3.778999096742833, 
        "cache-11": 3.645
    }, 
    "1455876220.601129": {
        "cache-04": 3.5313336048763957, 
        "cache-09": 3.8659489656417545, 
        "cache-11": 3.645
    }, 
    "1455876223.309168": {
        "cache-04": 3.5313336048763957, 
        "cache-09": 3.9442038476507837, 
        "cache-11": 3.645
    }, 
    "1455876230.713358": {
        "cache-04": 3.5313336048763957, 
        "cache-09": 4.0146332414589105, 
        "cache-11": 3.645
    }, 
    "1455876235.050068": {
        "cache-04": 3.5313336048763957, 
        "cache-09": 4.0780196958862245, 
        "cache-11": 3.645
    }, 
    "1455876248.363797": {
        "cache-04": 3.5313336048763957, 
        "cache-09": 4.135067504870807, 
        "cache-11": 3.645
    }, 
    "1455876253.637604": {
        "cache-04": 3.5313336048763957, 
        "cache-09": 4.186410532956931, 
        "cache-11": 3.645
    }, 
    "1455876256.053762": {
        "cache-04": 3.5313336048763957, 
        "cache-09": 4.127007742892971, 
        "cache-11": 3.645
    }, 
    "1455876260.301057": {
        "cache-04": 3.5313336048763957, 
        "cache-09": 4.0303563901898265, 
        "cache-11": 3.645
    }, 
    "1455876263.531864": {
        "cache-04": 3.5313336048763957, 
        "cache-09": 3.9433701727569965, 
        "cache-11": 3.645
    }, 
    "1455876266.351502": {
        "cache-04": 3.5313336048763957, 
        "cache-09": 3.807828535353863, 
        "cache-11": 3.645
    }, 
    "1455876269.008428": {
        "cache-04": 3.5313336048763957, 
        "cache-09": 3.6858410616910424, 
        "cache-11": 3.645
    }, 
    "1455876308.010737": {
        "cache-04": 3.5313336048763957, 
        "cache-09": 3.5760523353945044, 
        "cache-11": 3.645
    }, 
    "1455876308.774375": {
        "cache-04": 3.5313336048763957, 
        "cache-09": 3.5760523353945044, 
        "cache-11": 3.3020884496591334
    }, 
    "1455876312.268196": {
        "cache-04": 3.5313336048763957, 
        "cache-09": 3.231896701066236, 
        "cache-11": 3.3020884496591334
    }, 
    "1455876313.544375": {
        "cache-04": 3.304774717777588, 
        "cache-09": 3.231896701066236, 
        "cache-11": 3.3020884496591334
    }, 
    "1455876321.978785": {
        "cache-04": 3.1008717193886612, 
        "cache-09": 3.231896701066236, 
        "cache-11": 3.3020884496591334
    }, 
    "1455876322.242682": {
        "cache-04": 3.1008717193886612, 
        "cache-09": 3.231896701066236, 
        "cache-11": 3.1771590301253934
    }, 
    "1455876422.867407": {
        "cache-04": 3.1008717193886612, 
        "cache-09": 2.9221566301707944, 
        "cache-11": 3.1771590301253934
    }, 
    "1455876423.731713": {
        "cache-04": 3.1008717193886612, 
        "cache-09": 2.9221566301707944, 
        "cache-11": 2.859443127112854
    }, 
    "1455876424.165254": {
        "cache-04": 2.8042341466609773, 
        "cache-09": 2.9221566301707944, 
        "cache-11": 2.859443127112854
    }, 
    "1455876505.450866": {
        "cache-04": 2.8042341466609773, 
        "cache-09": 2.835220392585888, 
        "cache-11": 2.859443127112854
    }, 
    "1455876505.554461": {
        "cache-04": 2.8042341466609773, 
        "cache-09": 2.835220392585888, 
        "cache-11": 2.5734988144015687
    }, 
    "1455876512.584199": {
        "cache-04": 2.8042341466609773, 
        "cache-09": 2.565147952538481, 
        "cache-11": 2.5734988144015687
    }, 
    "1455876516.446888": {
        "cache-04": 2.924862846099963, 
        "cache-09": 2.565147952538481, 
        "cache-11": 2.5734988144015687
    }, 
    "1455876518.165688": {
        "cache-04": 2.8911719413625327, 
        "cache-09": 2.565147952538481, 
        "cache-11": 2.5734988144015687
    }, 
    "1455876520.187618": {
        "cache-04": 2.8608501270988453, 
        "cache-09": 2.565147952538481, 
        "cache-11": 2.5734988144015687
    }, 
    "1455876522.365989": {
        "cache-04": 2.8335604942615267, 
        "cache-09": 2.565147952538481, 
        "cache-11": 2.5734988144015687
    }, 
    "1455876524.147337": {
        "cache-04": 2.7554838702675473, 
        "cache-09": 2.565147952538481, 
        "cache-11": 2.5734988144015687
    }, 
    "1455876526.051563": {
        "cache-04": 2.7387308631133584, 
        "cache-09": 2.565147952538481, 
        "cache-11": 2.5734988144015687
    }, 
    "1455876530.601889": {
        "cache-04": 2.7809071983881752, 
        "cache-09": 2.565147952538481, 
        "cache-11": 2.5734988144015687
    }, 
    "1455876534.969751": {
        "cache-04": 2.8188659001355103, 
        "cache-09": 2.565147952538481, 
        "cache-11": 2.5734988144015687
    }, 
    "1455876542.662493": {
        "cache-04": 2.853028731708112, 
        "cache-09": 2.565147952538481, 
        "cache-11": 2.5734988144015687
    }, 
    "1455876546.92776": {
        "cache-04": 2.8837752801234537, 
        "cache-09": 2.565147952538481, 
        "cache-11": 2.5734988144015687
    }, 
    "1455876551.522197": {
        "cache-04": 2.8006771775432813, 
        "cache-09": 2.565147952538481, 
        "cache-11": 2.5734988144015687
    }, 
    "1455876553.131711": {
        "cache-04": 2.725888885221126, 
        "cache-09": 2.565147952538481, 
        "cache-11": 2.5734988144015687
    }, 
    "1455876556.395737": {
        "cache-04": 2.6585794221311865, 
        "cache-09": 2.565147952538481, 
        "cache-11": 2.5734988144015687
    },