{
    "1455876029.941442": {
        "cache-01": 4.5, 
        "cache-03": 5, 
        "cache-10": 4.5
    }, 
    "1455876031.064005": {
        "cache-01": 4.5, 
        "cache-03": 4.5134495992111825, 
        "cache-10": 4.5
    }, 
    "1455876032.95411": {
        "cache-01": 4.5, 
        "cache-03": 4.421342902521797, 
        "cache-10": 4.5
    }, 
    "1455876033.963796": {
        "cache-01": 4.5, 
        "cache-03": 4.380260726374701, 
        "cache-10": 4.5
    }, 
    "1455876037.678391": {
        "cache-01": 4.5, 
        "cache-03": 4.343286767842314, 
        "cache-10": 4.5
    }, 
    "1455876042.105468": {
        "cache-01": 4.5, 
        "cache-03": 4.373807869631288, 
        "cache-10": 4.5
    }, 
    "1455876045.345378": {
        "cache-01": 4.5, 
        "cache-03": 4.436417803878762, 
        "cache-10": 4.5
    }, 
    "1455876049.575074": {
        "cache-01": 4.5, 
        "cache-03": 4.492766744701489, 
        "cache-10": 4.5
    }, 
    "1455876052.054581": {
        "cache-01": 4.5, 
        "cache-03": 4.492766744701489, 
        "cache-10": 4.5499907212106026
    }, 
    "1455876118.924329": {
        "cache-01": 4.5, 
        "cache-03": 4.492766744701489, 
        "cache-10": 4.454229912321275
    }, 
    "1455876119.201999": {
        "cache-01": 4.05, 
        "cache-03": 4.492766744701489, 
        "cache-10": 4.454229912321275
    }, 
    "1455876120.950099": {
        "cache-01": 4.05, 
        "cache-03": 4.0569396694425235, 
        "cache-10": 4.454229912321275
    }, 
    "1455876122.413396": {
        "cache-01": 4.05, 
        "cache-03": 4.0569396694425235, 
        "cache-10": 4.3248563426753
    }, 
    "1455876124.6082": {
        "cache-01": 4.05, 
        "cache-03": 4.0569396694425235, 
        "cache-10": 4.151166088280336
    }, 
    "1455876125.213726": {
        "cache-01": 4.05, 
        "cache-03": 4.0569396694425235, 
        "cache-10": 3.994844859324868
    }, 
    "1455876529.400165": {
        "cache-01": 4.05, 
        "cache-03": 3.9100410823708374, 
        "cache-10": 3.994844859324868
    }, 
    "1455876530.1305": {
        "cache-01": 3.645, 
        "cache-03": 3.9100410823708374, 
        "cache-10": 3.994844859324868
    }, 
    "1455876530.504211": {
        "cache-01": 3.645, 
        "cache-03": 3.9100410823708374, 
        "cache-10": 3.6088099726035634
    }, 
    "1455876531.325534": {
        "cache-01": 3.645, 
        "cache-03": 3.6456114475225854, 
        "cache-10": 3.6088099726035634
    }, 
    "1455876587.09216": {
        "cache-01": 3.645, 
        "cache-03": 3.5970997243564797, 
        "cache-10": 3.6088099726035634
    }, 
    "1455876587.966415": {
        "cache-01": 3.2805, 
        "cache-03": 3.5970997243564797, 
        "cache-10": 3.6088099726035634
    }, 
    "1455876588.435277": {
        "cache-01": 3.2805, 
        "cache-03": 3.5970997243564797, 
        "cache-10": 3.261378574554389
    }, 
    "1455876590.153891": {
        "cache-01": 3.2805, 
        "cache-03": 3.3639642253096635, 
        "cache-10": 3.261378574554389
    }, 
    "1455876593.580807": {
        "cache-01": 3.2805, 
        "cache-03": 3.38680606601043, 
        "cache-10": 3.261378574554389
    }, 
    "1455876596.734595": {
        "cache-01": 3.2805, 
        "cache-03": 3.4491775735144707, 
        "cache-10": 3.261378574554389
    }, 
    "1455876599.769482": {
        "cache-01": 3.2805, 
        "cache-03": 3.5691095947362284, 
        "cache-10": 3.261378574554389
    }, 
    "1455876602.992633": {
        "cache-01": 3.2805, 
        "cache-03": 3.7121893564732087, 
        "cache-10": 3.261378574554389
    }, 
    "1455876606.39452": {
        "cache-01": 3.2805, 
        "cache-03": 3.840961142036491, 
        "cache-10": 3.261378574554389
    }, 
    "1455876609.882527": {
        "cache-01": 3.2805, 
        "cache-03": 3.956855749043445, 
        "cache-10": 3.261378574554389
    }, 
    "1455876612.474247": {
        "cache-01": 3.2805, 
        "cache-03": 4.061160895349704, 
        "cache-10": 3.261378574554389
    }, 
    "1455876615.306296": {
        "cache-01": 3.2805, 
        "cache-03": 4.155035527025336, 
        "cache-10": 3.261378574554389
    }, 
    "1455876622.662596": {
        "cache-01": 3.2805, 
        "cache-03": 4.2043817528960075, 
        "cache-10": 3.261378574554389
    }, 
    "1455876625.744529": {
        "cache-01": 3.2805, 
        "cache-03": 4.28393429881701, 
        "cache-10": 3.261378574554389
    }, 
    "1455876634.18436": {
        "cache-01": 3.2805, 
        "cache-03": 4.320390647508514, 
        "cache-10": 3.261378574554389
    }, 
    "1455876635.900784": {
        "cache-01": 3.2805, 
        "cache-03": 4.388342303968265, 
        "cache-10": 3.261378574554389
    }, 
    "1455876644.24221": {
        "cache-01": 3.2805, 
        "cache-03": 4.449498794782042, 
        "cache-10": 3.261378574554389
    }, 
    "1455876648.735646": {
        "cache-01": 3.2805, 
        "cache-03": 4.469398693877043, 
        "cache-10": 3.261378574554389
    }, 
    "1455876652.718104": {
        "cache-01": 3.2805, 
        "cache-03": 4.522449545699941, 
        "cache-10": 3.261378574554389
    }, 
    "1455876656.343993": {
        "cache-01": 3.2805, 
        "cache-03": 4.57019531234055, 
        "cache-10": 3.261378574554389
    }, 
    "1455876664.736172": {
        "cache-01": 3.2805, 
        "cache-03": 4.613166502317098, 
        "cache-10": 3.261378574554389
    }, 
    "1455876667.140289": {
        "cache-01": 3.2805, 
        "cache-03": 4.651840573295991, 
        "cache-10": 3.261378574554389
    }, 
    "1455876670.387751": {
        "cache-01": 3.2805, 
        "cache-03": 4.686647237176995, 
        "cache-10": 3.261378574554389
    }, 
    "1455876680.025624": {
        "cache-01": 3.2805, 
        "cache-03": 4.717973234669898, 
        "cache-10": 3.261378574554389
    }, 
    "1455876682.928774": {
        "cache-01": 3.2805, 
        "cache-03": 4.746166632413511, 
        "cache-10": 3.261378574554389
    }, 
    "1455876685.770233": {
        "cache-01": 3.2805, 
        "cache-03": 4.771540690382763, 
        "cache-10": 3.261378574554389
    }, 
    "1455876695.263283": {
        "cache-01": 3.2805, 
        "cache-03": 4.79437734255509, 
        "cache-10": 3.261378574554389
    }, 
    "1455876697.815041": {
        "cache-01": 3.2805, 
        "cache-03": 4.814930329510184, 
        "cache-10": 3.261378574554389
    }, 
    "1455876699.868425": {
        "cache-01": 3.2805, 
        "cache-03": 4.833428017769768, 
        "cache-10": 3.261378574554389
    }, 
    "1455876709.658938": {
        "cache-01": 3.2805, 
        "cache-03": 4.814934994565997, 
        "cache-10": 3.261378574554389
    }, 
    "1455876713.930379": {
        "cache-01": 3.2805, 
        "cache-03": 4.798291273682603, 
        "cache-10": 3.261378574554389
    }, 
    "1455876717.107059": {
        "cache-01": 3.2805, 
        "cache-03": 4.818452867524945, 
        "cache-10": 3.261378574554389
    }, 
    "1455876720.552089": {
        "cache-01": 3.2805, 
        "cache-03": 4.836598301983053, 
        "cache-10": 3.261378574554389
    }, 
    "1455876728.695318": {
        "cache-01": 3.2805, 
        "cache-03": 4.852929192995351, 
        "cache-10": 3.261378574554389
    }, 
    "1455876731.775824": {
        "cache-01": 3.2805, 
        "cache-03": 4.867626994906419, 
        "cache-10": 3.261378574554389
    }, 
    "1455876741.569675": {
        "cache-01": 3.2805, 
        "cache-03": 4.88085501662638, 
        "cache-10": 3.261378574554389
    }, 
    "1455876745.220051": {
        "cache-01": 3.2805, 
        "cache-03": 4.892760236174345, 
        "cache-10": 3.261378574554389
    }, 
    "1455876749.21449": {
        "cache-01": 3.2805, 
        "cache-03": 4.903474933767513, 
        "cache-10": 3.261378574554389
    }, 
    "1455876750.774605": {
        "cache-01": 3.2805,