{
    "1455870628.994653": {
        "cache-03": 4.5, 
        "cache-04": 5, 
        "cache-13": 4.5
    }, 
    "1455870630.268233": {
        "cache-03": 4.5, 
        "cache-04": 4.5134495992111825, 
        "cache-13": 4.5
    }, 
    "1455870631.207565": {
        "cache-03": 4.5, 
        "cache-04": 4.562095360500667, 
        "cache-13": 4.5
    }, 
    "1455870631.73609": {
        "cache-03": 4.5, 
        "cache-04": 4.605876545661203, 
        "cache-13": 4.5
    }, 
    "1455870633.52722": {
        "cache-03": 4.5, 
        "cache-04": 4.645279612305686, 
        "cache-13": 4.5
    }, 
    "1455870635.172481": {
        "cache-03": 4.5, 
        "cache-04": 4.68074237228572, 
        "cache-13": 4.5
    }, 
    "1455870636.338144": {
        "cache-03": 4.5, 
        "cache-04": 4.712658856267751, 
        "cache-13": 4.5
    }, 
    "1455870641.874043": {
        "cache-03": 4.5, 
        "cache-04": 4.741383691851579, 
        "cache-13": 4.5
    }, 
    "1455870647.525974": {
        "cache-03": 4.5, 
        "cache-04": 4.767236043877023, 
        "cache-13": 4.5
    }, 
    "1455870653.778542": {
        "cache-03": 4.5, 
        "cache-04": 4.790503160699924, 
        "cache-13": 4.5
    }, 
    "1455870660.031963": {
        "cache-03": 4.5, 
        "cache-04": 4.811443565840534, 
        "cache-13": 4.5
    }, 
    "1455870660.626601": {
        "cache-03": 4.5, 
        "cache-04": 4.830289930467083, 
        "cache-13": 4.5
    }, 
    "1455870666.403246": {
        "cache-03": 4.5, 
        "cache-04": 4.847251658630978, 
        "cache-13": 4.5
    }, 
    "1455870672.697664": {
        "cache-03": 4.5, 
        "cache-04": 4.862517213978483, 
        "cache-13": 4.5
    }, 
    "1455870678.639548": {
        "cache-03": 4.5, 
        "cache-04": 4.876256213791238, 
        "cache-13": 4.5
    }, 
    "1455870685.957694": {
        "cache-03": 4.5, 
        "cache-04": 4.888621313622717, 
        "cache-13": 4.5
    }, 
    "1455870686.778637": {
        "cache-03": 4.5, 
        "cache-04": 4.899749903471048, 
        "cache-13": 4.5
    }, 
    "1455870692.296036": {
        "cache-03": 4.5, 
        "cache-04": 4.909765634334546, 
        "cache-13": 4.5
    }, 
    "1455870698.037178": {
        "cache-03": 4.5, 
        "cache-04": 4.918779792111694, 
        "cache-13": 4.5
    }, 
    "1455870703.781513": {
        "cache-03": 4.5, 
        "cache-04": 4.926892534111127, 
        "cache-13": 4.5
    }, 
    "1455870709.858618": {
        "cache-03": 4.5, 
        "cache-04": 4.934194001910617, 
        "cache-13": 4.5
    }, 
    "1455870710.989153": {
        "cache-03": 4.5, 
        "cache-04": 4.940765322930158, 
        "cache-13": 4.5
    }, 
    "1455870717.531037": {
        "cache-03": 4.5, 
        "cache-04": 4.946679511847745, 
        "cache-13": 4.5
    }, 
    "1455870724.957187": {
        "cache-03": 4.5, 
        "cache-04": 4.952002281873574, 
        "cache-13": 4.5
    }, 
    "1455870726.406707": {
        "cache-03": 4.5, 
        "cache-04": 4.956792774896819, 
        "cache-13": 4.5
    }, 
    "1455870732.516864": {
        "cache-03": 4.5, 
        "cache-04": 4.96110421861774, 
        "cache-13": 4.5
    }, 
    "1455870738.657343": {
        "cache-03": 4.5, 
        "cache-04": 4.964984517966569, 
        "cache-13": 4.5
    }, 
    "1455870744.872915": {
        "cache-03": 4.5, 
        "cache-04": 4.9684767873805145, 
        "cache-13": 4.5
    }, 
    "1455870746.048966": {
        "cache-03": 4.5, 
        "cache-04": 4.971619829853066, 
        "cache-13": 4.5
    }, 
    "1455870751.953446": {
        "cache-03": 4.5, 
        "cache-04": 4.974448568078362, 
        "cache-13": 4.5
    }, 
    "1455870758.168203": {
        "cache-03": 4.5, 
        "cache-04": 4.976994432481129, 
        "cache-13": 4.5
    }, 
    "1455870764.01162": {
        "cache-03": 4.5, 
        "cache-04": 4.979285710443619, 
        "cache-13": 4.5
    }, 
    "1455870765.390783": {
        "cache-03": 4.5, 
        "cache-04": 4.981347860609859, 
        "cache-13": 4.5
    }, 
    "1455870771.655113": {
        "cache-03": 4.5, 
        "cache-04": 4.983203795759477, 
        "cache-13": 4.5
    }, 
    "1455870777.250383": {
        "cache-03": 4.5, 
        "cache-04": 4.984874137394132, 
        "cache-13": 4.5
    }, 
    "1455870783.736474": {
        "cache-03": 4.5, 
        "cache-04": 4.9863774448653215, 
        "cache-13": 4.5
    }, 
    "1455870790.3866": {
        "cache-03": 4.5, 
        "cache-04": 4.987730421589392, 
        "cache-13": 4.5
    }, 
    "1455870791.825217": {
        "cache-03": 4.5, 
        "cache-04": 4.988948100641055, 
        "cache-13": 4.5
    }, 
    "1455870798.131686": {
        "cache-03": 4.5, 
        "cache-04": 4.990044011787552, 
        "cache-13": 4.5
    }, 
    "1455870804.345751": {
        "cache-03": 4.5, 
        "cache-04": 4.9910303318194, 
        "cache-13": 4.5
    }, 
    "1455870805.215321": {
        "cache-03": 4.5, 
        "cache-04": 4.991918019848063, 
        "cache-13": 4.5
    }, 
    "1455870811.385642": {
        "cache-03": 4.5, 
        "cache-04": 4.992716939073859, 
        "cache-13": 4.5
    }, 
    "1455870818.070264": {
        "cache-03": 4.5, 
        "cache-04": 4.993435966377076, 
        "cache-13": 4.5
    }, 
    "1455870824.066267": {
        "cache-03": 4.5, 
        "cache-04": 4.994083090949971, 
        "cache-13": 4.5
    }, 
    "1455870825.105768": {
        "cache-03": 4.5, 
        "cache-04": 4.994665503065577, 
        "cache-13": 4.5
    }, 
    "1455870831.730759": {
        "cache-03": 4.5, 
        "cache-04": 4.995189673969622, 
        "cache-13": 4.5
    }, 
    "1455870837.653796": {
        "cache-03": 4.5, 
        "cache-04": 4.995661427783263, 
        "cache-13": 4.5
    }, 
    "1455870844.402701": {
        "cache-03": 4.5, 
        "cache-04": 4.99608600621554, 
        "cache-13": 4.5
    }, 
    "1455870846.623718": {
        "cache-03": 4.5, 
        "cache-04": 4.996468126804589, 
        "cache-13": 4.5
    }, 
    "1455870853.106003": {
        "cache-03": 4.5, 
        "cache-04": 4.996812035334733, 
        "cache-13": 4.5
    }, 
    "1455870859.211192": {
        "cache-03": 4.5, 
        "cache-04": 4.997121553011862, 
        "cache-13": 4.5
    }, 
    "1455870860.497407": {
        "cache-03": 4.5, 
        "cache-04": 4.997400118921279, 
        "cache-13": 4.5
    }, 
    "1455870866.623056": {
        "cache-03": 4.5, 
        "cache-04": 4.997650828239754, 
        "cache-13": 4.5
    }, 
    "1455870872.741337": {
        "cache-03": 4.5, 
        "cache-04": 4.997876466626382, 
        "cache-13": 4.5
    }, 
    "1455870879.442914": {
        "cache-03": 4.5, 
        "cache-04": 4.998079541174347, 
        "cache-13": 4.5
    }, 
    "1455870880.744275": {
        "cache-03": 4.5, 
        "cache-04": 4.998262308267515, 
        "cache-13": 4.5
    }, 
    "1455870887.198267": {
        "cache-03": 4.5, 
        "cache-04": 4.998426798651367, 
        "cache-13": 4.5
    }, 
    "1455870892.716352": {
        "cache-03": 4.5, 
        "cache-04": 4.998574839996833, 
        "cache-13": 4.5
    }, 
    "1455870898.655649": {
        "cache-03": 4.5, 
        "cache-04": 4.998708077207752, 
        "cache-13": 4.5
    }, 
    "1455870904.548642": {
        "cache-03": 4.5, 
        "cache-04": 4.998827990697579, 
        "cache-13": 4.5
    }, 
    "1455870908.814001": {
        "cache-03": 4.5, 
        "cache-04": 4.998935912838425, 
        "cache-13": 4.5
    }, 
    "1455870914.811259": {
        "cache-03": 4.5, 
        "cache-04": 4.999033042765185, 
        "cache-13": 4.5
    }, 
    "1455870915.939663": {
        "cache-03": 4.5, 
        "cache-04": 4.999120459699269, 
        "cache-13": 4.5
    }, 
    "1455870922.145526": {
        "cache-03": 4.5, 
        "cache-04": 4.999199134939945, 
        "cache-13": 4.5
    },