{
    "1455870634.345041": {
        "cache-03": 4.5, 
        "cache-06": 4.5, 
        "cache-09": 4.5
    }, 
    "1455870635.964655": {
        "cache-03": 4.5, 
        "cache-06": 4.063449599211182, 
        "cache-09": 4.5
    }, 
    "1455870637.788251": {
        "cache-03": 4.5, 
        "cache-06": 3.7836791126788962, 
        "cache-09": 4.5
    }, 
    "1455870639.416659": {
        "cache-03": 4.5, 
        "cache-06": 3.5318856747998386, 
        "cache-09": 4.5
    }, 
    "1455870641.439436": {
        "cache-03": 4.5, 
        "cache-06": 3.383976532752028, 
        "cache-09": 4.5
    }, 
    "1455870644.508602": {
        "cache-03": 4.5, 
        "cache-06": 3.172153352865657, 
        "cache-09": 4.5
    }, 
    "1455870648.148316": {
        "cache-03": 4.5, 
        "cache-06": 3.0602174430112643, 
        "cache-09": 4.5
    }, 
    "1455870650.083203": {
        "cache-03": 4.5, 
        "cache-06": 3.012991078582704, 
        "cache-09": 4.5
    }, 
    "1455870653.133835": {
        "cache-03": 4.308795379872565, 
        "cache-06": 3.012991078582704, 
        "cache-09": 4.5
    }, 
    "1455870655.582404": {
        "cache-03": 4.308795379872565, 
        "cache-06": 3.012991078582704, 
        "cache-09": 4.308795379872565
    }, 
    "1455870665.269595": {
        "cache-03": 4.083195267317482, 
        "cache-06": 3.012991078582704, 
        "cache-09": 4.308795379872565
    }, 
    "1455870667.488678": {
        "cache-03": 4.083195267317482, 
        "cache-06": 3.012991078582704, 
        "cache-09": 4.136711221757874
    }, 
    "1455870674.102637": {
        "cache-03": 4.083195267317482, 
        "cache-06": 3.012991078582704, 
        "cache-09": 3.92831952501426
    }, 
    "1455870679.34105": {
        "cache-03": 3.8801551660179068, 
        "cache-06": 3.012991078582704, 
        "cache-09": 3.92831952501426
    }, 
    "1455870681.251853": {
        "cache-03": 3.8801551660179068, 
        "cache-06": 3.012991078582704, 
        "cache-09": 3.7942829523854003
    }, 
    "1455870694.845027": {
        "cache-03": 3.6974190748482894, 
        "cache-06": 3.012991078582704, 
        "cache-09": 3.7942829523854003
    }, 
    "1455870696.412676": {
        "cache-03": 3.6974190748482894, 
        "cache-06": 3.012991078582704, 
        "cache-09": 3.673650037019426
    }, 
    "1455870698.893744": {
        "cache-03": 3.5329565927956335, 
        "cache-06": 3.012991078582704, 
        "cache-09": 3.673650037019426
    }, 
    "1455870701.377688": {
        "cache-03": 3.5329565927956335, 
        "cache-06": 3.012991078582704, 
        "cache-09": 3.5650804131900493
    }, 
    "1455870708.122254": {
        "cache-03": 3.5329565927956335, 
        "cache-06": 3.012991078582704, 
        "cache-09": 3.4138517973032174
    }, 
    "1455870717.525204": {
        "cache-03": 3.3849403589482434, 
        "cache-06": 3.012991078582704, 
        "cache-09": 3.4138517973032174
    }, 
    "1455870719.440374": {
        "cache-03": 3.3849403589482434, 
        "cache-06": 3.012991078582704, 
        "cache-09": 3.331261997445462
    }, 
    "1455870724.674044": {
        "cache-03": 3.251725748485592, 
        "cache-06": 3.012991078582704, 
        "cache-09": 3.331261997445462
    }, 
    "1455870729.890911": {
        "cache-03": 3.251725748485592, 
        "cache-06": 3.012991078582704, 
        "cache-09": 3.2569311775734815
    }, 
    "1455870732.341401": {
        "cache-03": 3.251725748485592, 
        "cache-06": 3.012991078582704, 
        "cache-09": 3.1365174852483064
    }, 
    "1455870741.486843": {
        "cache-03": 3.131832599069206, 
        "cache-06": 3.012991078582704, 
        "cache-09": 3.1365174852483064
    }, 
    "1455870743.393312": {
        "cache-03": 3.131832599069206, 
        "cache-06": 3.012991078582704, 
        "cache-09": 3.0816611165960417
    }, 
    "1455870748.106081": {
        "cache-03": 3.0239287645944586, 
        "cache-06": 3.012991078582704, 
        "cache-09": 3.0816611165960417
    }, 
    "1455870756.677039": {
        "cache-03": 3.0239287645944586, 
        "cache-06": 3.012991078582704, 
        "cache-09": 3.0322903848090035
    }, 
    "1455870758.756018": {
        "cache-03": 3.0239287645944586, 
        "cache-06": 3.012991078582704, 
        "cache-09": 2.9343407717602763
    }, 
    "1455870762.426363": {
        "cache-03": 2.926815313567186, 
        "cache-06": 3.012991078582704, 
        "cache-09": 2.9343407717602763
    }, 
    "1455870769.861576": {
        "cache-03": 2.926815313567186, 
        "cache-06": 2.9704873505969993, 
        "cache-09": 2.9343407717602763
    }, 
    "1455870775.382475": {
        "cache-03": 2.926815313567186, 
        "cache-06": 2.9322339954098653, 
        "cache-09": 2.9343407717602763
    }, 
    "1455870778.01084": {
        "cache-03": 2.926815313567186, 
        "cache-06": 2.9322339954098653, 
        "cache-09": 2.8997020744568145
    }, 
    "1455870784.578473": {
        "cache-03": 2.926815313567186, 
        "cache-06": 2.844290021301052, 
        "cache-09": 2.8997020744568145
    }, 
    "1455870790.390227": {
        "cache-03": 2.8929291620830333, 
        "cache-06": 2.844290021301052, 
        "cache-09": 2.8997020744568145
    }, 
    "1455870793.357918": {
        "cache-03": 2.8929291620830333, 
        "cache-06": 2.844290021301052, 
        "cache-09": 2.868527246883699
    }, 
    "1455870798.851453": {
        "cache-03": 2.8089156713069032, 
        "cache-06": 2.844290021301052, 
        "cache-09": 2.868527246883699
    }, 
    "1455870801.284805": {
        "cache-03": 2.8089156713069032, 
        "cache-06": 2.844290021301052, 
        "cache-09": 2.840469902067895
    }, 
    "1455870810.757407": {
        "cache-03": 2.8089156713069032, 
        "cache-06": 2.76514044460312, 
        "cache-09": 2.840469902067895
    }, 
    "1455870813.234649": {
        "cache-03": 2.8089156713069032, 
        "cache-06": 2.76514044460312, 
        "cache-09": 2.8152182917336717
    }, 
    "1455870815.666364": {
        "cache-03": 2.8089156713069032, 
        "cache-06": 2.76514044460312, 
        "cache-09": 2.7389758879924777
    }, 
    "1455870825.971038": {
        "cache-03": 2.733303529608386, 
        "cache-06": 2.76514044460312, 
        "cache-09": 2.7389758879924777
    }, 
    "1455870828.605487": {
        "cache-03": 2.733303529608386, 
        "cache-06": 2.7474217800153737, 
        "cache-09": 2.7389758879924777
    }, 
    "1455870832.200246": {
        "cache-03": 2.733303529608386, 
        "cache-06": 2.7314749818864024, 
        "cache-09": 2.7389758879924777
    }, 
    "1455870839.661479": {
        "cache-03": 2.733303529608386, 
        "cache-06": 2.7314749818864024, 
        "cache-09": 2.723873679065796
    }, 
    "1455870842.120189": {
        "cache-03": 2.6652526020797205, 
        "cache-06": 2.7314749818864024, 
        "cache-09": 2.723873679065796
    }, 
    "1455870850.145073": {
        "cache-03": 2.6652526020797205, 
        "cache-06": 2.717122863570328, 
        "cache-09": 2.723873679065796
    }, 
    "1455870854.20254": {
        "cache-03": 2.6652526020797205, 
        "cache-06": 2.717122863570328, 
        "cache-09": 2.710281691031782
    }, 
    "1455870859.712954": {
        "cache-03": 2.6652526020797205, 
        "cache-06": 2.6506900026454683, 
        "cache-09": 2.710281691031782
    }, 
    "1455870863.285806": {
        "cache-03": 2.6652526020797205, 
        "cache-06": 2.6506900026454683, 
        "cache-09": 2.69804890180117
    }, 
    "1455870865.599509": {
        "cache-03": 2.6652526020797205, 
        "cache-06": 2.6506900026454683, 
        "cache-09": 2.6335234370532263
    }, 
    "1455870873.845926": {
        "cache-03": 2.6040067673039213, 
        "cache-06": 2.6506900026454683, 
        "cache-09": 2.6335234370532263
    }, 
    "1455870876.501217": {
        "cache-03": 2.6040067673039213,