{
    "1455870630.107489": {
        "cache-01": 4.5, 
        "cache-03": 4.5, 
        "cache-05": 4.5
    }, 
    "1455870630.38857": {
        "cache-01": 4.5, 
        "cache-03": 4.5, 
        "cache-05": 4.063449599211182
    }, 
    "1455870630.691678": {
        "cache-01": 4.5, 
        "cache-03": 4.5, 
        "cache-05": 4.1570953605006675
    }, 
    "1455870630.937627": {
        "cache-01": 4.5, 
        "cache-03": 4.5, 
        "cache-05": 4.241376545661204
    }, 
    "1455870631.37866": {
        "cache-01": 4.5, 
        "cache-03": 4.5, 
        "cache-05": 4.317229612305686
    }, 
    "1455870631.850694": {
        "cache-01": 4.5, 
        "cache-03": 4.5, 
        "cache-05": 4.3854973722857205
    }, 
    "1455870637.196934": {
        "cache-01": 4.5, 
        "cache-03": 4.5, 
        "cache-05": 4.446938356267752
    }, 
    "1455870642.419869": {
        "cache-01": 4.5, 
        "cache-03": 4.5, 
        "cache-05": 4.502235241851579
    }, 
    "1455870647.676223": {
        "cache-01": 4.5, 
        "cache-03": 4.5, 
        "cache-05": 4.552002438877024
    }, 
    "1455870653.044894": {
        "cache-01": 4.5, 
        "cache-03": 4.5, 
        "cache-05": 4.596792916199925
    }, 
    "1455870658.357347": {
        "cache-01": 4.5, 
        "cache-03": 4.5, 
        "cache-05": 4.637104345790535
    }, 
    "1455870663.591922": {
        "cache-01": 4.5, 
        "cache-03": 4.5, 
        "cache-05": 4.673384632422084
    }, 
    "1455870668.91284": {
        "cache-01": 4.5, 
        "cache-03": 4.5, 
        "cache-05": 4.706036890390479
    }, 
    "1455870674.257453": {
        "cache-01": 4.5, 
        "cache-03": 4.5, 
        "cache-05": 4.735423922562034
    }, 
    "1455870679.556719": {
        "cache-01": 4.5, 
        "cache-03": 4.5, 
        "cache-05": 4.761872251516433
    }, 
    "1455870685.035409": {
        "cache-01": 4.5, 
        "cache-03": 4.5, 
        "cache-05": 4.785675747575392
    }, 
    "1455870685.308764": {
        "cache-01": 4.5, 
        "cache-03": 4.5, 
        "cache-05": 4.807098894028456
    }, 
    "1455870690.529099": {
        "cache-01": 4.5, 
        "cache-03": 4.5, 
        "cache-05": 4.826379725836213
    }, 
    "1455870695.792242": {
        "cache-01": 4.5, 
        "cache-03": 4.5, 
        "cache-05": 4.843732474463194
    }, 
    "1455870701.05786": {
        "cache-01": 4.5, 
        "cache-03": 4.5, 
        "cache-05": 4.859349948227478
    }, 
    "1455870706.392344": {
        "cache-01": 4.5, 
        "cache-03": 4.5, 
        "cache-05": 4.8734056746153325
    }, 
    "1455870711.712739": {
        "cache-01": 4.5, 
        "cache-03": 4.5, 
        "cache-05": 4.886055828364402
    }, 
    "1455870717.086079": {
        "cache-01": 4.5, 
        "cache-03": 4.5, 
        "cache-05": 4.897440966738564
    }, 
    "1455870722.84227": {
        "cache-01": 4.5, 
        "cache-03": 4.5, 
        "cache-05": 4.907687591275311
    }, 
    "1455870728.223113": {
        "cache-01": 4.5, 
        "cache-03": 4.5, 
        "cache-05": 4.916909553358383
    }, 
    "1455870733.603761": {
        "cache-01": 4.5, 
        "cache-03": 4.5, 
        "cache-05": 4.925209319233147
    }, 
    "1455870738.968036": {
        "cache-01": 4.5, 
        "cache-03": 4.5, 
        "cache-05": 4.932679108520436
    }, 
    "1455870744.370117": {
        "cache-01": 4.5, 
        "cache-03": 4.5, 
        "cache-05": 4.939401918878995
    }, 
    "1455870749.764674": {
        "cache-01": 4.5, 
        "cache-03": 4.5, 
        "cache-05": 4.945452448201698
    }, 
    "1455870755.130895": {
        "cache-01": 4.5, 
        "cache-03": 4.5, 
        "cache-05": 4.950897924592131
    }, 
    "1455870755.599864": {
        "cache-01": 4.5, 
        "cache-03": 4.5, 
        "cache-05": 4.955798853343521
    }, 
    "1455870760.937361": {
        "cache-01": 4.5, 
        "cache-03": 4.5, 
        "cache-05": 4.960209689219772
    }, 
    "1455870766.40206": {
        "cache-01": 4.5, 
        "cache-03": 4.5, 
        "cache-05": 4.9641794415083975
    }, 
    "1455870771.819973": {
        "cache-01": 4.5, 
        "cache-03": 4.5, 
        "cache-05": 4.967752218568161
    }, 
    "1455870777.152627": {
        "cache-01": 4.5, 
        "cache-03": 4.5, 
        "cache-05": 4.970967717921948
    }, 
    "1455870782.660071": {
        "cache-01": 4.5, 
        "cache-03": 4.5, 
        "cache-05": 4.973861667340356
    }, 
    "1455870788.167899": {
        "cache-01": 4.5, 
        "cache-03": 4.5, 
        "cache-05": 4.976466221816923
    }, 
    "1455870793.587957": {
        "cache-01": 4.5, 
        "cache-03": 4.5, 
        "cache-05": 4.978810320845834
    }, 
    "1455870799.234683": {
        "cache-01": 4.5, 
        "cache-03": 4.5, 
        "cache-05": 4.980920009971853
    }, 
    "1455870804.706231": {
        "cache-01": 4.5, 
        "cache-03": 4.5, 
        "cache-05": 4.98281873018527
    }, 
    "1455870810.078909": {
        "cache-01": 4.5, 
        "cache-03": 4.5, 
        "cache-05": 4.984527578377346
    }, 
    "1455870810.53276": {
        "cache-01": 4.5, 
        "cache-03": 4.5, 
        "cache-05": 4.986065541750214
    }, 
    "1455870816.070602": {
        "cache-01": 4.5, 
        "cache-03": 4.5, 
        "cache-05": 4.987449708785796
    }, 
    "1455870821.457281": {
        "cache-01": 4.5, 
        "cache-03": 4.5, 
        "cache-05": 4.988695459117819
    }, 
    "1455870826.859021": {
        "cache-01": 4.5, 
        "cache-03": 4.5, 
        "cache-05": 4.98981663441664
    }, 
    "1455870832.31376": {
        "cache-01": 4.5, 
        "cache-03": 4.5, 
        "cache-05": 4.990825692185579
    }, 
    "1455870837.649947": {
        "cache-01": 4.5, 
        "cache-03": 4.5, 
        "cache-05": 4.991733844177624
    }, 
    "1455870843.014102": {
        "cache-01": 4.5, 
        "cache-03": 4.5, 
        "cache-05": 4.992551180970464
    }, 
    "1455870848.503486": {
        "cache-01": 4.5, 
        "cache-03": 4.5, 
        "cache-05": 4.99328678408402
    }, 
    "1455870853.957953": {
        "cache-01": 4.5, 
        "cache-03": 4.5, 
        "cache-05": 4.993948826886221
    }, 
    "1455870859.322785": {
        "cache-01": 4.5, 
        "cache-03": 4.5, 
        "cache-05": 4.994544665408202
    }, 
    "1455870864.745779": {
        "cache-01": 4.5, 
        "cache-03": 4.5, 
        "cache-05": 4.995080920077984
    }, 
    "1455870870.112291": {
        "cache-01": 4.5, 
        "cache-03": 4.5, 
        "cache-05": 4.995563549280789
    }, 
    "1455870870.491901": {
        "cache-01": 4.5, 
        "cache-03": 4.5, 
        "cache-05": 4.995997915563312
    }, 
    "1455870875.947823": {
        "cache-01": 4.5, 
        "cache-03": 4.5, 
        "cache-05": 4.9963888452175835
    }, 
    "1455870881.327896": {
        "cache-01": 4.5, 
        "cache-03": 4.5, 
        "cache-05": 4.996740681906428
    }, 
    "1455870886.714196": {
        "cache-01": 4.5, 
        "cache-03": 4.5, 
        "cache-05": 4.997057334926388
    }, 
    "1455870891.953975": {
        "cache-01": 4.5, 
        "cache-03": 4.5, 
        "cache-05": 4.997342322644352
    }, 
    "1455870897.270789": {
        "cache-01": 4.5, 
        "cache-03": 4.5, 
        "cache-05": 4.997598811590519
    }, 
    "1455870902.582829": {
        "cache-01": 4.5, 
        "cache-03": 4.5, 
        "cache-05": 4.99782965164207
    }, 
    "1455870908.243916": {
        "cache-01": 4.5, 
        "cache-03": 4.5, 
        "cache-05": 4.998037407688466
    }, 
    "1455870913.517927": {
        "cache-01": 4.5, 
        "cache-03": 4.5, 
        "cache-05": 4.998224388130223
    }, 
    "1455870918.809106": {
        "cache-01": 4.5, 
        "cache-03": 4.5, 
        "cache-05": 4.998392670527803
    }, 
    "1455870924.253109": {
        "cache-01": 4.5, 
        "cache-03": 4.5, 
        "cache-05": 4.998544124685625
    },