{
    "1455876031.823552": {
        "cache-04": 4.5, 
        "cache-10": 4.5, 
        "cache-13": 4.5
    }, 
    "1455876032.90393": {
        "cache-04": 4.063449599211182, 
        "cache-10": 4.5, 
        "cache-13": 4.5
    }, 
    "1455876036.110862": {
        "cache-04": 3.973154060876217, 
        "cache-10": 4.5, 
        "cache-13": 4.5
    }, 
    "1455876038.353464": {
        "cache-04": 3.935076918020328, 
        "cache-10": 4.5, 
        "cache-13": 4.5
    }, 
    "1455876042.354938": {
        "cache-04": 3.8576186478044483, 
        "cache-10": 4.5, 
        "cache-13": 4.5
    }, 
    "1455876044.970931": {
        "cache-04": 3.6771362084561767, 
        "cache-10": 4.5, 
        "cache-13": 4.5
    }, 
    "1455876047.310615": {
        "cache-04": 3.435997060999391, 
        "cache-10": 4.5, 
        "cache-13": 4.5
    }, 
    "1455876048.695537": {
        "cache-04": 3.2976767803316247, 
        "cache-10": 4.5, 
        "cache-13": 4.5
    }, 
    "1455876051.428867": {
        "cache-04": 3.2976767803316247, 
        "cache-10": 4.308795379872565, 
        "cache-13": 4.5
    }, 
    "1455876054.703301": {
        "cache-04": 3.2976767803316247, 
        "cache-10": 4.308795379872565, 
        "cache-13": 4.366049421586153
    }, 
    "1455876061.406074": {
        "cache-04": 3.2976767803316247, 
        "cache-10": 4.308795379872565, 
        "cache-13": 4.188239859300104
    }, 
    "1455876064.895818": {
        "cache-04": 3.2976767803316247, 
        "cache-10": 4.136711221757874, 
        "cache-13": 4.188239859300104
    }, 
    "1455876071.168812": {
        "cache-04": 3.2976767803316247, 
        "cache-10": 4.136711221757874, 
        "cache-13": 4.128654136601827
    }, 
    "1455876081.004682": {
        "cache-04": 3.2976767803316247, 
        "cache-10": 3.981835479454653, 
        "cache-13": 4.128654136601827
    }, 
    "1455876083.655412": {
        "cache-04": 3.2976767803316247, 
        "cache-10": 3.981835479454653, 
        "cache-13": 4.031838144527796
    }, 
    "1455876086.6144": {
        "cache-04": 3.2976767803316247, 
        "cache-10": 3.981835479454653, 
        "cache-13": 3.8874497099475827
    }, 
    "1455876090.416516": {
        "cache-04": 3.2976767803316247, 
        "cache-10": 3.8424473113817537, 
        "cache-13": 3.8874497099475827
    }, 
    "1455876097.220915": {
        "cache-04": 3.2976767803316247, 
        "cache-10": 3.8424473113817537, 
        "cache-13": 3.857943002184557
    }, 
    "1455876098.460632": {
        "cache-04": 3.2976767803316247, 
        "cache-10": 3.8424473113817537, 
        "cache-13": 3.7309440818386674
    }, 
    "1455876106.651472": {
        "cache-04": 3.2976767803316247, 
        "cache-10": 3.7169979601161445, 
        "cache-13": 3.7309440818386674
    }, 
    "1455876108.266226": {
        "cache-04": 3.2976767803316247, 
        "cache-10": 3.7169979601161445, 
        "cache-13": 3.6738990952409534
    }, 
    "1455876116.786707": {
        "cache-04": 3.2976767803316247, 
        "cache-10": 3.604093543977096, 
        "cache-13": 3.6738990952409534
    }, 
    "1455876120.334171": {
        "cache-04": 3.2976767803316247, 
        "cache-10": 3.604093543977096, 
        "cache-13": 3.6225586073030107
    }, 
    "1455876127.88474": {
        "cache-04": 3.2976767803316247, 
        "cache-10": 3.604093543977096, 
        "cache-13": 3.5190981264452756
    }, 
    "1455876135.080808": {
        "cache-04": 3.2976767803316247, 
        "cache-10": 3.5024795694519524, 
        "cache-13": 3.5190981264452756
    }, 
    "1455876137.94394": {
        "cache-04": 3.2976767803316247, 
        "cache-10": 3.5024795694519524, 
        "cache-13": 3.5264265770324807
    }, 
    "1455876139.556475": {
        "cache-04": 3.2976767803316247, 
        "cache-10": 3.5024795694519524, 
        "cache-13": 3.4325792992017985
    }, 
    "1455876148.72654": {
        "cache-04": 3.2976767803316247, 
        "cache-10": 3.4110269923793233, 
        "cache-13": 3.4325792992017985
    }, 
    "1455876150.464951": {
        "cache-04": 3.2976767803316247, 
        "cache-10": 3.4110269923793233, 
        "cache-13": 3.4053707908677713
    }, 
    "1455876161.16558": {
        "cache-04": 3.2976767803316247, 
        "cache-10": 3.328719673013957, 
        "cache-13": 3.4053707908677713
    }, 
    "1455876164.445325": {
        "cache-04": 3.2976767803316247, 
        "cache-10": 3.328719673013957, 
        "cache-13": 3.424071975012727
    }, 
    "1455876166.93479": {
        "cache-04": 3.2976767803316247, 
        "cache-10": 3.328719673013957, 
        "cache-13": 3.3404601573840202
    }, 
    "1455876168.905086": {
        "cache-04": 3.2976767803316247, 
        "cache-10": 3.328719673013957, 
        "cache-13": 3.265209521518184
    }, 
    "1455876176.320963": {
        "cache-04": 3.2976767803316247, 
        "cache-10": 3.254643085585127, 
        "cache-13": 3.265209521518184
    }, 
    "1455876183.22952": {
        "cache-04": 3.327147365530195, 
        "cache-10": 3.254643085585127, 
        "cache-13": 3.265209521518184
    }, 
    "1455876187.00419": {
        "cache-04": 3.395484743082259, 
        "cache-10": 3.254643085585127, 
        "cache-13": 3.265209521518184
    }, 
    "1455876192.308074": {
        "cache-04": 3.456988382879117, 
        "cache-10": 3.254643085585127, 
        "cache-13": 3.265209521518184
    }, 
    "1455876196.733532": {
        "cache-04": 3.57613932316441, 
        "cache-10": 3.254643085585127, 
        "cache-13": 3.265209521518184
    }, 
    "1455876200.841406": {
        "cache-04": 3.6833751694211734, 
        "cache-10": 3.254643085585127, 
        "cache-13": 3.265209521518184
    }, 
    "1455876209.637646": {
        "cache-04": 3.7798874310522605, 
        "cache-10": 3.254643085585127, 
        "cache-13": 3.265209521518184
    }, 
    "1455876212.340959": {
        "cache-04": 3.866748466520239, 
        "cache-10": 3.254643085585127, 
        "cache-13": 3.265209521518184
    }, 
    "1455876215.898444": {
        "cache-04": 3.94492339844142, 
        "cache-10": 3.254643085585127, 
        "cache-13": 3.265209521518184
    }, 
    "1455876226.106908": {
        "cache-04": 4.015280837170483, 
        "cache-10": 3.254643085585127, 
        "cache-13": 3.265209521518184
    }, 
    "1455876229.296771": {
        "cache-04": 4.07860253202664, 
        "cache-10": 3.254643085585127, 
        "cache-13": 3.265209521518184
    }, 
    "1455876232.606644": {
        "cache-04": 4.13559205739718, 
        "cache-10": 3.254643085585127, 
        "cache-13": 3.265209521518184
    }, 
    "1455876237.656193": {
        "cache-04": 4.186882630230667, 
        "cache-10": 3.254643085585127, 
        "cache-13": 3.265209521518184
    }, 
    "1455876240.441375": {
        "cache-04": 4.233044145780806, 
        "cache-10": 3.254643085585127, 
        "cache-13": 3.265209521518184
    }, 
    "1455876248.379701": {
        "cache-04": 4.27458950977593, 
        "cache-10": 3.254643085585127, 
        "cache-13": 3.265209521518184
    }, 
    "1455876254.868863": {
        "cache-04": 4.3119803373715415, 
        "cache-10": 3.254643085585127, 
        "cache-13": 3.265209521518184
    }, 
    "1455876259.554953": {
        "cache-04": 4.345632082207592, 
        "cache-10": 3.254643085585127, 
        "cache-13": 3.265209521518184
    }, 
    "1455876263.109989": {
        "cache-04": 4.3759186525600375, 
        "cache-10": 3.254643085585127, 
        "cache-13": 3.265209521518184
    }, 
    "1455876267.070759": {
        "cache-04": 4.403176565877239, 
        "cache-10": 3.254643085585127, 
        "cache-13": 3.265209521518184
    }, 
    "1455876270.722381": {
        "cache-04": 4.42770868786272, 
        "cache-10": 3.254643085585127, 
        "cache-13": 3.265209521518184
    }, 
    "1455876279.192404": {
        "cache-04": 4.449787597649653,