{
    "1455870634.025081": {
        "cache-02": 4.5, 
        "cache-03": 4.5, 
        "cache-07": 4.5
    }, 
    "1455870635.214177": {
        "cache-02": 4.5, 
        "cache-03": 4.5, 
        "cache-07": 4.063449599211182
    }, 
    "1455870637.395195": {
        "cache-02": 4.5, 
        "cache-03": 4.5, 
        "cache-07": 3.8623840647222374
    }, 
    "1455870638.579681": {
        "cache-02": 4.5, 
        "cache-03": 4.5, 
        "cache-07": 3.73494103812258
    }, 
    "1455870641.013295": {
        "cache-02": 4.5, 
        "cache-03": 4.5, 
        "cache-07": 3.620242314182888
    }, 
    "1455870644.147881": {
        "cache-02": 4.5, 
        "cache-03": 4.5, 
        "cache-07": 3.517013462637165
    }, 
    "1455870647.755289": {
        "cache-02": 4.5, 
        "cache-03": 4.5, 
        "cache-07": 3.481361537959601
    }, 
    "1455870650.329427": {
        "cache-02": 4.5, 
        "cache-03": 4.5, 
        "cache-07": 3.4924636473953736
    }, 
    "1455870652.716148": {
        "cache-02": 4.5, 
        "cache-03": 4.409238263231733, 
        "cache-07": 3.4924636473953736
    }, 
    "1455870660.238044": {
        "cache-02": 4.366049421586153, 
        "cache-03": 4.409238263231733, 
        "cache-07": 3.4924636473953736
    }, 
    "1455870663.270194": {
        "cache-02": 4.366049421586153, 
        "cache-03": 4.227109816781125, 
        "cache-07": 3.4924636473953736
    }, 
    "1455870665.38063": {
        "cache-02": 4.24549390101369, 
        "cache-03": 4.227109816781125, 
        "cache-07": 3.4924636473953736
    }, 
    "1455870673.18921": {
        "cache-02": 4.1369939324984735, 
        "cache-03": 4.227109816781125, 
        "cache-07": 3.4924636473953736
    }, 
    "1455870677.264087": {
        "cache-02": 4.1369939324984735, 
        "cache-03": 4.120448256689166, 
        "cache-07": 3.4924636473953736
    }, 
    "1455870685.011161": {
        "cache-02": 4.039343960834779, 
        "cache-03": 4.120448256689166, 
        "cache-07": 3.4924636473953736
    }, 
    "1455870691.874274": {
        "cache-02": 4.039343960834779, 
        "cache-03": 4.024452852606402, 
        "cache-07": 3.4924636473953736
    }, 
    "1455870694.086053": {
        "cache-02": 3.951458986337454, 
        "cache-03": 4.024452852606402, 
        "cache-07": 3.4924636473953736
    }, 
    "1455870696.17249": {
        "cache-02": 3.951458986337454, 
        "cache-03": 3.938056988931914, 
        "cache-07": 3.4924636473953736
    }, 
    "1455870703.006935": {
        "cache-02": 3.8723625092898613, 
        "cache-03": 3.938056988931914, 
        "cache-07": 3.4924636473953736
    }, 
    "1455870709.803294": {
        "cache-02": 3.8723625092898613, 
        "cache-03": 3.803046669911289, 
        "cache-07": 3.4924636473953736
    }, 
    "1455870711.884018": {
        "cache-02": 3.743921638233441, 
        "cache-03": 3.803046669911289, 
        "cache-07": 3.4924636473953736
    }, 
    "1455870719.658038": {
        "cache-02": 3.743921638233441, 
        "cache-03": 3.681537382792726, 
        "cache-07": 3.4924636473953736
    }, 
    "1455870723.616457": {
        "cache-02": 3.6855788959962497, 
        "cache-03": 3.681537382792726, 
        "cache-07": 3.4924636473953736
    }, 
    "1455870728.517931": {
        "cache-02": 3.6330704279827772, 
        "cache-03": 3.681537382792726, 
        "cache-07": 3.4924636473953736
    }, 
    "1455870732.290619": {
        "cache-02": 3.6330704279827772, 
        "cache-03": 3.6294330660996064, 
        "cache-07": 3.4924636473953736
    }, 
    "1455870740.600439": {
        "cache-02": 3.5858128067706523, 
        "cache-03": 3.6294330660996064, 
        "cache-07": 3.4924636473953736
    }, 
    "1455870743.39554": {
        "cache-02": 3.5858128067706523, 
        "cache-03": 3.5825391810757985, 
        "cache-07": 3.4924636473953736
    }, 
    "1455870747.071917": {
        "cache-02": 3.54328094767974, 
        "cache-03": 3.5825391810757985, 
        "cache-07": 3.4924636473953736
    }, 
    "1455870755.750667": {
        "cache-02": 3.54328094767974, 
        "cache-03": 3.5403346845543715, 
        "cache-07": 3.4924636473953736
    }, 
    "1455870759.279121": {
        "cache-02": 3.5050022744979183, 
        "cache-03": 3.5403346845543715, 
        "cache-07": 3.4924636473953736
    }, 
    "1455870763.179179": {
        "cache-02": 3.5050022744979183, 
        "cache-03": 3.5023506376850873, 
        "cache-07": 3.4924636473953736
    }, 
    "1455870765.686991": {
        "cache-02": 3.4705514686342793, 
        "cache-03": 3.5023506376850873, 
        "cache-07": 3.4924636473953736
    }, 
    "1455870774.109579": {
        "cache-02": 3.4705514686342793, 
        "cache-03": 3.468164995502731, 
        "cache-07": 3.4924636473953736
    }, 
    "1455870777.542364": {
        "cache-02": 3.4705514686342793, 
        "cache-03": 3.468164995502731, 
        "cache-07": 3.459266704241989
    }, 
    "1455870784.172684": {
        "cache-02": 3.4395457433570042, 
        "cache-03": 3.468164995502731, 
        "cache-07": 3.459266704241989
    }, 
    "1455870787.494739": {
        "cache-02": 3.4395457433570042, 
        "cache-03": 3.4373979175386107, 
        "cache-07": 3.459266704241989
    }, 
    "1455870799.834158": {
        "cache-02": 3.4395457433570042, 
        "cache-03": 3.4373979175386107, 
        "cache-07": 3.429389455403943
    }, 
    "1455870803.560349": {
        "cache-02": 3.4548294322530366, 
        "cache-03": 3.4373979175386107, 
        "cache-07": 3.429389455403943
    }, 
    "1455870806.732025": {
        "cache-02": 3.4253959106138856, 
        "cache-03": 3.4373979175386107, 
        "cache-07": 3.429389455403943
    }, 
    "1455870809.297322": {
        "cache-02": 3.4253959106138856, 
        "cache-03": 3.4097075473709024, 
        "cache-07": 3.429389455403943
    }, 
    "1455870811.692591": {
        "cache-02": 3.4253959106138856, 
        "cache-03": 3.4097075473709024, 
        "cache-07": 3.4024999314497015
    }, 
    "1455870819.944088": {
        "cache-02": 3.3989057411386496, 
        "cache-03": 3.4097075473709024, 
        "cache-07": 3.4024999314497015
    }, 
    "1455870824.474907": {
        "cache-02": 3.3989057411386496, 
        "cache-03": 3.384786214219965, 
        "cache-07": 3.4024999314497015
    }, 
    "1455870826.899665": {
        "cache-02": 3.3989057411386496, 
        "cache-03": 3.384786214219965, 
        "cache-07": 3.378299359890884
    }, 
    "1455870835.070063": {
        "cache-02": 3.3750645886109374, 
        "cache-03": 3.384786214219965, 
        "cache-07": 3.378299359890884
    }, 
    "1455870838.282673": {
        "cache-02": 3.3750645886109374, 
        "cache-03": 3.3623570143841213, 
        "cache-07": 3.378299359890884
    }, 
    "1455870841.710253": {
        "cache-02": 3.3750645886109374, 
        "cache-03": 3.3623570143841213, 
        "cache-07": 3.3565188454879484
    }, 
    "1455870848.916787": {
        "cache-02": 3.3967963929815763, 
        "cache-03": 3.3623570143841213, 
        "cache-07": 3.3565188454879484
    }, 
    "1455870853.04603": {
        "cache-02": 3.3731661752695716, 
        "cache-03": 3.3623570143841213, 
        "cache-07": 3.3565188454879484
    }, 
    "1455870861.857342": {
        "cache-02": 3.2946449376151805, 
        "cache-03": 3.3623570143841213, 
        "cache-07": 3.3565188454879484
    }, 
    "1455870865.121699": {
        "cache-02": 3.2946449376151805, 
        "cache-03": 3.342170734531862, 
        "cache-07": 3.3565188454879484
    }, 
    "1455870869.244888": {
        "cache-02": 3.2946449376151805, 
        "cache-03": 3.342170734531862, 
        "cache-07": 3.3369163825253065
    }, 
    "1455870871.793792": {
        "cache-02": 3.2946449376151805, 
        "cache-03": 3.3240030826648286, 
        "cache-07": 3.3369163825253065
    },