{
    "1455870632.905914": {
        "cache-01": 4.5, 
        "cache-06": 4.5, 
        "cache-10": 5
    }, 
    "1455870634.837829": {
        "cache-01": 4.5, 
        "cache-06": 4.5, 
        "cache-10": 4.5134495992111825
    }, 
    "1455870637.110133": {
        "cache-01": 4.5, 
        "cache-06": 4.5, 
        "cache-10": 4.526954417863269
    }, 
    "1455870638.178108": {
        "cache-01": 4.5, 
        "cache-06": 4.5, 
        "cache-10": 4.574249697287545
    }, 
    "1455870645.162005": {
        "cache-01": 4.5, 
        "cache-06": 4.5, 
        "cache-10": 4.5816745061319955
    }, 
    "1455870648.97213": {
        "cache-01": 4.5, 
        "cache-06": 4.5, 
        "cache-10": 4.588356834092001
    }, 
    "1455870651.250075": {
        "cache-01": 4.5, 
        "cache-06": 4.5, 
        "cache-10": 4.488759413914534
    }, 
    "1455870653.581166": {
        "cache-01": 4.5, 
        "cache-06": 4.5, 
        "cache-10": 4.355932894109234
    }, 
    "1455870655.767697": {
        "cache-01": 4.5, 
        "cache-06": 4.409238263231733, 
        "cache-10": 4.355932894109234
    }, 
    "1455870658.470591": {
        "cache-01": 4.366049421586153, 
        "cache-06": 4.409238263231733, 
        "cache-10": 4.355932894109234
    }, 
    "1455870666.629926": {
        "cache-01": 4.366049421586153, 
        "cache-06": 4.284363858494713, 
        "cache-10": 4.355932894109234
    }, 
    "1455870667.826352": {
        "cache-01": 4.288682742659271, 
        "cache-06": 4.284363858494713, 
        "cache-10": 4.355932894109234
    }, 
    "1455870672.771217": {
        "cache-01": 4.288682742659271, 
        "cache-06": 4.284363858494713, 
        "cache-10": 4.179134984570877
    }, 
    "1455870674.292084": {
        "cache-01": 4.175863889979496, 
        "cache-06": 4.284363858494713, 
        "cache-10": 4.179134984570877
    }, 
    "1455870680.559815": {
        "cache-01": 4.175863889979496, 
        "cache-06": 4.0612068980774145, 
        "cache-10": 4.179134984570877
    }, 
    "1455870725.954533": {
        "cache-01": 4.175863889979496, 
        "cache-06": 4.0612068980774145, 
        "cache-10": 4.077270907699942
    }, 
    "1455870726.219712": {
        "cache-01": 3.7582775009815466, 
        "cache-06": 4.0612068980774145, 
        "cache-10": 4.077270907699942
    }, 
    "1455870728.038988": {
        "cache-01": 3.7582775009815466, 
        "cache-06": 4.0612068980774145, 
        "cache-10": 3.79611829031878
    }, 
    "1455870730.389096": {
        "cache-01": 3.7582775009815466, 
        "cache-06": 4.014324471501406, 
        "cache-10": 3.79611829031878
    }, 
    "1455870732.077298": {
        "cache-01": 3.7582775009815466, 
        "cache-06": 3.8716874042238314, 
        "cache-10": 3.79611829031878
    }, 
    "1455870733.334823": {
        "cache-01": 3.7582775009815466, 
        "cache-06": 3.6897980892336215, 
        "cache-10": 3.79611829031878
    }, 
    "1455870740.280788": {
        "cache-01": 3.7582775009815466, 
        "cache-06": 3.6897980892336215, 
        "cache-10": 3.621785886719075
    }, 
    "1455870746.021137": {
        "cache-01": 3.698499172469545, 
        "cache-06": 3.6897980892336215, 
        "cache-10": 3.621785886719075
    }, 
    "1455870748.426319": {
        "cache-01": 3.5339286806547636, 
        "cache-06": 3.6897980892336215, 
        "cache-10": 3.621785886719075
    }, 
    "1455870749.822644": {
        "cache-01": 3.5339286806547636, 
        "cache-06": 3.4473927536990914, 
        "cache-10": 3.621785886719075
    }, 
    "1455870763.439495": {
        "cache-01": 3.5339286806547636, 
        "cache-06": 3.4473927536990914, 
        "cache-10": 3.5184026779197337
    }, 
    "1455870766.949851": {
        "cache-01": 3.581587926694371, 
        "cache-06": 3.4473927536990914, 
        "cache-10": 3.5184026779197337
    }, 
    "1455870767.305339": {
        "cache-01": 3.3500036074137656, 
        "cache-06": 3.4473927536990914, 
        "cache-10": 3.5184026779197337
    }, 
    "1455870773.284664": {
        "cache-01": 3.3500036074137656, 
        "cache-06": 3.4473927536990914, 
        "cache-10": 3.1800120093389426
    }, 
    "1455870777.049559": {
        "cache-01": 3.3500036074137656, 
        "cache-06": 3.418702899915335, 
        "cache-10": 3.1800120093389426
    }, 
    "1455870781.159449": {
        "cache-01": 3.3500036074137656, 
        "cache-06": 3.335627989796367, 
        "cache-10": 3.1800120093389426
    }, 
    "1455870782.727802": {
        "cache-01": 3.2202826721045623, 
        "cache-06": 3.335627989796367, 
        "cache-10": 3.1800120093389426
    }, 
    "1455870790.452704": {
        "cache-01": 3.2202826721045623, 
        "cache-06": 3.2073446162489034, 
        "cache-10": 3.1800120093389426
    }, 
    "1455870792.470019": {
        "cache-01": 3.1570497847666723, 
        "cache-06": 3.2073446162489034, 
        "cache-10": 3.1800120093389426
    }, 
    "1455870793.003594": {
        "cache-01": 3.1570497847666723, 
        "cache-06": 3.0918895800561863, 
        "cache-10": 3.1800120093389426
    }, 
    "1455870828.450459": {
        "cache-01": 3.1570497847666723, 
        "cache-06": 3.0918895800561863, 
        "cache-10": 3.1208061882776144
    }, 
    "1455870830.135069": {
        "cache-01": 2.9907818711994776, 
        "cache-06": 3.0918895800561863, 
        "cache-10": 3.1208061882776144
    }, 
    "1455870835.294778": {
        "cache-01": 2.9907818711994776, 
        "cache-06": 3.0918895800561863, 
        "cache-10": 2.935300042838685
    }, 
    "1455870836.772957": {
        "cache-01": 2.9907818711994776, 
        "cache-06": 3.0414960019231336, 
        "cache-10": 2.935300042838685
    }, 
    "1455870839.571889": {
        "cache-01": 2.9907818711994776, 
        "cache-06": 2.863920875119652, 
        "cache-10": 2.935300042838685
    }, 
    "1455870843.0717": {
        "cache-01": 2.896983109511703, 
        "cache-06": 2.863920875119652, 
        "cache-10": 2.935300042838685
    }, 
    "1455870844.84164": {
        "cache-01": 2.896983109511703, 
        "cache-06": 2.863920875119652, 
        "cache-10": 2.7683445119436483
    }, 
    "1455870846.5337": {
        "cache-01": 2.620734397771715, 
        "cache-06": 2.863920875119652, 
        "cache-10": 2.7683445119436483
    }, 
    "1455870847.47379": {
        "cache-01": 2.620734397771715, 
        "cache-06": 2.590978386818869, 
        "cache-10": 2.7683445119436483
    }, 
    "1455870848.234642": {
        "cache-01": 2.620734397771715, 
        "cache-06": 2.590978386818869, 
        "cache-10": 2.6967894861814568
    }, 
    "1455870860.150669": {
        "cache-01": 2.620734397771715, 
        "cache-06": 2.590978386818869, 
        "cache-10": 2.7431599591494638
    }, 
    "1455870861.983863": {
        "cache-01": 2.620734397771715, 
        "cache-06": 2.590978386818869, 
        "cache-10": 2.9336937418077222
    }, 
    "1455870865.361861": {
        "cache-01": 2.620734397771715, 
        "cache-06": 2.590978386818869, 
        "cache-10": 3.0413764817320335
    }, 
    "1455870870.156624": {
        "cache-01": 2.620734397771715, 
        "cache-06": 2.590978386818869, 
        "cache-10": 3.2020886121320347
    }, 
    "1455870876.791937": {
        "cache-01": 2.620734397771715, 
        "cache-06": 2.590978386818869, 
        "cache-10": 3.2829318650239148
    }, 
    "1455870882.435766": {
        "cache-01": 2.620734397771715, 
        "cache-06": 2.590978386818869, 
        "cache-10": 3.419488457094728
    }, 
    "1455870886.950357": {
        "cache-01": 2.620734397771715, 
        "cache-06": 2.590978386818869, 
        "cache-10": 3.478591725490339
    }, 
    "1455870888.665228": {
        "cache-01": 2.620734397771715, 
        "cache-06": 2.590978386818869, 
        "cache-10": 3.489970816173038
    }, 
    "1455870892.843805": {
        "cache-01": 2.620734397771715,