{
    "1455876037.029013": {
        "cache-04": 4.5, 
        "cache-07": 4.5, 
        "cache-13": 4.5
    }, 
    "1455876050.849339": {
        "cache-04": 4.5, 
        "cache-07": 4.063449599211182, 
        "cache-13": 4.5
    }, 
    "1455876053.675804": {
        "cache-04": 4.5, 
        "cache-07": 3.6591638636313446, 
        "cache-13": 4.5
    }, 
    "1455876054.446456": {
        "cache-04": 4.5, 
        "cache-07": 3.3066970764793924, 
        "cache-13": 4.5
    }, 
    "1455876058.338307": {
        "cache-04": 4.5, 
        "cache-07": 2.989476968042635, 
        "cache-13": 4.5
    }, 
    "1455876062.054517": {
        "cache-04": 4.5, 
        "cache-07": 2.703978870449554, 
        "cache-13": 4.5
    }, 
    "1455876065.179378": {
        "cache-04": 4.5, 
        "cache-07": 2.4470305826157808, 
        "cache-13": 4.5
    }, 
    "1455876066.469066": {
        "cache-04": 4.5, 
        "cache-07": 2.2157771235653847, 
        "cache-13": 4.5
    }, 
    "1455876077.917258": {
        "cache-04": 4.063449599211182, 
        "cache-07": 2.2157771235653847, 
        "cache-13": 4.5
    }, 
    "1455876084.937266": {
        "cache-04": 4.063449599211182, 
        "cache-07": 2.2157771235653847, 
        "cache-13": 4.063449599211182
    }, 
    "1455876099.278798": {
        "cache-04": 3.6705542385012464, 
        "cache-07": 2.2157771235653847, 
        "cache-13": 4.063449599211182
    }, 
    "1455876102.612132": {
        "cache-04": 3.6705542385012464, 
        "cache-07": 2.2157771235653847, 
        "cache-13": 3.661159506016955
    }, 
    "1455876109.336867": {
        "cache-04": 3.316948413862304, 
        "cache-07": 2.2157771235653847, 
        "cache-13": 3.661159506016955
    }, 
    "1455876115.722263": {
        "cache-04": 3.316948413862304, 
        "cache-07": 2.2157771235653847, 
        "cache-13": 3.3061504513378077
    }, 
    "1455876120.272709": {
        "cache-04": 2.9919091346197995, 
        "cache-07": 2.2157771235653847, 
        "cache-13": 3.3061504513378077
    }, 
    "1455876128.194251": {
        "cache-04": 2.9919091346197995, 
        "cache-07": 2.2157771235653847, 
        "cache-13": 2.988985005415209
    }, 
    "1455876132.880102": {
        "cache-04": 2.6977581615954853, 
        "cache-07": 2.2157771235653847, 
        "cache-13": 2.988985005415209
    }, 
    "1455876143.85126": {
        "cache-04": 2.6977581615954853, 
        "cache-07": 2.2157771235653847, 
        "cache-13": 2.70353610408487
    }, 
    "1455876154.630288": {
        "cache-04": 2.6977581615954853, 
        "cache-07": 2.2157771235653847, 
        "cache-13": 2.4357002526415603
    }, 
    "1455876162.510265": {
        "cache-04": 2.430434970204663, 
        "cache-07": 2.2157771235653847, 
        "cache-13": 2.4357002526415603
    }, 
    "1455876171.783863": {
        "cache-04": 2.430434970204663, 
        "cache-07": 2.2157771235653847, 
        "cache-13": 2.196714829520091
    }, 
    "1455876177.136097": {
        "cache-04": 2.190770736232847, 
        "cache-07": 2.2157771235653847, 
        "cache-13": 2.196714829520091
    }, 
    "1455876192.905131": {
        "cache-04": 2.190770736232847, 
        "cache-07": 2.0036491177062166, 
        "cache-13": 2.196714829520091
    }, 
    "1455876205.586479": {
        "cache-04": 2.190770736232847, 
        "cache-07": 2.0036491177062166, 
        "cache-13": 1.977043346568082
    }, 
    "1455876213.191538": {
        "cache-04": 1.97329001575674, 
        "cache-07": 2.0036491177062166, 
        "cache-13": 1.977043346568082
    }, 
    "1455876226.378294": {
        "cache-04": 1.97329001575674, 
        "cache-07": 1.8081688814075367, 
        "cache-13": 1.977043346568082
    }, 
    "1455876228.509255": {
        "cache-04": 1.97329001575674, 
        "cache-07": 1.8081688814075367, 
        "cache-13": 1.780747734184996
    }, 
    "1455876238.837256": {
        "cache-04": 1.789410613392248, 
        "cache-07": 1.8081688814075367, 
        "cache-13": 1.780747734184996
    }, 
    "1455876243.037263": {
        "cache-04": 1.789410613392248, 
        "cache-07": 1.6324075140630268, 
        "cache-13": 1.780747734184996
    }, 
    "1455876250.354372": {
        "cache-04": 1.6239191512642053, 
        "cache-07": 1.6324075140630268, 
        "cache-13": 1.780747734184996
    }, 
    "1455876254.203281": {
        "cache-04": 1.6239191512642053, 
        "cache-07": 1.6324075140630268, 
        "cache-13": 1.609089290274124
    }, 
    "1455876259.08762": {
        "cache-04": 1.6239191512642053, 
        "cache-07": 1.4826163618679062, 
        "cache-13": 1.609089290274124
    }, 
    "1455876265.206254": {
        "cache-04": 1.4749768353489667, 
        "cache-07": 1.4826163618679062, 
        "cache-13": 1.609089290274124
    }, 
    "1455876277.518743": {
        "cache-04": 1.4749768353489667, 
        "cache-07": 1.4826163618679062, 
        "cache-13": 1.4616299604578937
    }, 
    "1455876279.27185": {
        "cache-04": 1.4749768353489667, 
        "cache-07": 1.3361581951734127, 
        "cache-13": 1.4616299604578937
    }, 
    "1455876291.929057": {
        "cache-04": 1.340928751025252, 
        "cache-07": 1.3361581951734127, 
        "cache-13": 1.4616299604578937
    }, 
    "1455876297.344175": {
        "cache-04": 1.340928751025252, 
        "cache-07": 1.3361581951734127, 
        "cache-13": 1.3187492572596833
    }, 
    "1455876299.243257": {
        "cache-04": 1.216032511091204, 
        "cache-07": 1.3361581951734127, 
        "cache-13": 1.3187492572596833
    }, 
    "1455876310.83288": {
        "cache-04": 1.216032511091204, 
        "cache-07": 1.2159919748672536, 
        "cache-13": 1.3187492572596833
    }, 
    "1455876314.611265": {
        "cache-04": 1.216032511091204, 
        "cache-07": 1.2159919748672536, 
        "cache-13": 1.1908768475584925
    }, 
    "1455876318.055032": {
        "cache-04": 1.1078788591932658, 
        "cache-07": 1.2159919748672536, 
        "cache-13": 1.1908768475584925
    }, 
    "1455876325.623157": {
        "cache-04": 1.1078788591932658, 
        "cache-07": 1.1078423765917103, 
        "cache-13": 1.1908768475584925
    }, 
    "1455876340.046266": {
        "cache-04": 1.1078788591932658, 
        "cache-07": 1.1078423765917103, 
        "cache-13": 1.0852387620138253
    }, 
    "1455876343.257257": {
        "cache-04": 0.9981569582552082, 
        "cache-07": 1.1078423765917103, 
        "cache-13": 1.0852387620138253
    }, 
    "1455876355.514802": {
        "cache-04": 0.9981569582552082, 
        "cache-07": 1.0105077381437213, 
        "cache-13": 1.0852387620138253
    }, 
    "1455876375.169248": {
        "cache-04": 0.9981569582552082, 
        "cache-07": 1.0105077381437213, 
        "cache-13": 0.9793362493187465
    }, 
    "1455876378.851552": {
        "cache-04": 0.9981569582552082, 
        "cache-07": 0.9094569643293492, 
        "cache-13": 0.9793362493187465
    }, 
    "1455876390.013203": {
        "cache-04": 0.9117908616408695, 
        "cache-07": 0.9094569643293492, 
        "cache-13": 0.9793362493187465
    }, 
    "1455876393.271341": {
        "cache-04": 0.9117908616408695, 
        "cache-07": 0.9094569643293492, 
        "cache-13": 0.8843962206165574
    }, 
    "1455876407.249494": {
        "cache-04": 0.8340613746879647, 
        "cache-07": 0.9094569643293492, 
        "cache-13": 0.8843962206165574
    }, 
    "1455876416.209122": {
        "cache-04": 0.8340613746879647, 
        "cache-07": 0.8202849280144466, 
        "cache-13": 0.8843962206165574
    }, 
    "1455876419.95812": {
        "cache-04": 0.8340613746879647, 
        "cache-07": 0.8202849280144466, 
        "cache-13": 0.7995706947073955
    }, 
    "1455876425.811358": {
        "cache-04": 0.7641048364303504, 
        "cache-07": 0.8202849280144466, 
        "cache-13": 0.7995706947073955
    },