{
    "1455870632.546659": {
        "cache-06": 4.5, 
        "cache-10": 4.5, 
        "cache-13": 4.5
    }, 
    "1455870634.019656": {
        "cache-06": 4.063449599211182, 
        "cache-10": 4.5, 
        "cache-13": 4.5
    }, 
    "1455870635.834326": {
        "cache-06": 3.8623840647222374, 
        "cache-10": 4.5, 
        "cache-13": 4.5
    }, 
    "1455870637.30536": {
        "cache-06": 3.681425083682187, 
        "cache-10": 4.5, 
        "cache-13": 4.5
    }, 
    "1455870639.284023": {
        "cache-06": 3.572077955186534, 
        "cache-10": 4.5, 
        "cache-13": 4.5
    }, 
    "1455870643.283213": {
        "cache-06": 3.4201495851000536, 
        "cache-10": 4.5, 
        "cache-13": 4.5
    }, 
    "1455870646.713842": {
        "cache-06": 3.394184048176201, 
        "cache-10": 4.5, 
        "cache-13": 4.5
    }, 
    "1455870649.389671": {
        "cache-06": 3.3708150649447335, 
        "cache-10": 4.5, 
        "cache-13": 4.5
    }, 
    "1455870649.761292": {
        "cache-06": 3.3708150649447335, 
        "cache-10": 4.366049421586153, 
        "cache-13": 4.5
    }, 
    "1455870667.737664": {
        "cache-06": 3.3708150649447335, 
        "cache-10": 4.366049421586153, 
        "cache-13": 4.308795379872565
    }, 
    "1455870670.861777": {
        "cache-06": 3.3708150649447335, 
        "cache-10": 4.394294258000743, 
        "cache-13": 4.308795379872565
    }, 
    "1455870671.223283": {
        "cache-06": 3.3708150649447335, 
        "cache-10": 4.2136602120732345, 
        "cache-13": 4.308795379872565
    }, 
    "1455870679.873763": {
        "cache-06": 3.3708150649447335, 
        "cache-10": 4.2136602120732345, 
        "cache-13": 4.136711221757874
    }, 
    "1455870683.451032": {
        "cache-06": 3.3708150649447335, 
        "cache-10": 4.257143969439116, 
        "cache-13": 4.136711221757874
    }, 
    "1455870683.878991": {
        "cache-06": 3.3708150649447335, 
        "cache-10": 4.09022495236777, 
        "cache-13": 4.136711221757874
    }, 
    "1455870713.215355": {
        "cache-06": 3.3708150649447335, 
        "cache-10": 4.09022495236777, 
        "cache-13": 3.981835479454653
    }, 
    "1455870713.579143": {
        "cache-06": 3.3708150649447335, 
        "cache-10": 3.908837835763314, 
        "cache-13": 3.981835479454653
    }, 
    "1455870717.819519": {
        "cache-06": 3.3708150649447335, 
        "cache-10": 3.908837835763314, 
        "cache-13": 3.8424473113817537
    }, 
    "1455870719.830824": {
        "cache-06": 3.3708150649447335, 
        "cache-10": 3.919006166292066, 
        "cache-13": 3.8424473113817537
    }, 
    "1455870720.120814": {
        "cache-06": 3.3708150649447335, 
        "cache-10": 3.7323849750950324, 
        "cache-13": 3.8424473113817537
    }, 
    "1455870729.057307": {
        "cache-06": 3.3708150649447335, 
        "cache-10": 3.7323849750950324, 
        "cache-13": 3.5847770536324104
    }, 
    "1455870731.286006": {
        "cache-06": 3.3708150649447335, 
        "cache-10": 3.760198591690613, 
        "cache-13": 3.5847770536324104
    }, 
    "1455870733.999918": {
        "cache-06": 3.3708150649447335, 
        "cache-10": 3.589458157953725, 
        "cache-13": 3.5847770536324104
    }, 
    "1455870734.577488": {
        "cache-06": 3.3708150649447335, 
        "cache-10": 3.4357917675905254, 
        "cache-13": 3.5847770536324104
    }, 
    "1455870751.818476": {
        "cache-06": 3.3708150649447335, 
        "cache-10": 3.4357917675905254, 
        "cache-13": 3.4315787737013426
    }, 
    "1455870754.732103": {
        "cache-06": 3.3708150649447335, 
        "cache-10": 3.592203312042076, 
        "cache-13": 3.4315787737013426
    }, 
    "1455870756.969601": {
        "cache-06": 3.3708150649447335, 
        "cache-10": 3.4917783607104345, 
        "cache-13": 3.4315787737013426
    }, 
    "1455870757.394904": {
        "cache-06": 3.3708150649447335, 
        "cache-10": 3.347879950071564, 
        "cache-13": 3.4315787737013426
    }, 
    "1455870766.381624": {
        "cache-06": 3.3708150649447335, 
        "cache-10": 3.347879950071564, 
        "cache-13": 3.2937003217633816
    }, 
    "1455870768.686835": {
        "cache-06": 3.4985833370234647, 
        "cache-10": 3.347879950071564, 
        "cache-13": 3.2937003217633816
    }, 
    "1455870771.303989": {
        "cache-06": 3.407520383193684, 
        "cache-10": 3.347879950071564, 
        "cache-13": 3.2937003217633816
    }, 
    "1455870774.683926": {
        "cache-06": 3.325563724746882, 
        "cache-10": 3.347879950071564, 
        "cache-13": 3.2937003217633816
    }, 
    "1455870778.624332": {
        "cache-06": 3.325563724746882, 
        "cache-10": 3.3291413766505604, 
        "cache-13": 3.2937003217633816
    }, 
    "1455870781.096714": {
        "cache-06": 3.325563724746882, 
        "cache-10": 3.2550226188580704, 
        "cache-13": 3.2937003217633816
    }, 
    "1455870781.491295": {
        "cache-06": 3.2518027321447596, 
        "cache-10": 3.2550226188580704, 
        "cache-13": 3.2937003217633816
    }, 
    "1455870789.008623": {
        "cache-06": 3.2518027321447596, 
        "cache-10": 3.2550226188580704, 
        "cache-13": 3.2803797111731963
    }, 
    "1455870792.824086": {
        "cache-06": 3.2518027321447596, 
        "cache-10": 3.2550226188580704, 
        "cache-13": 3.4171915186290813
    }, 
    "1455870800.786945": {
        "cache-06": 3.2518027321447596, 
        "cache-10": 3.2550226188580704, 
        "cache-13": 3.575463087976776
    }, 
    "1455870803.487522": {
        "cache-06": 3.2518027321447596, 
        "cache-10": 3.2550226188580704, 
        "cache-13": 3.7179075003897015
    }, 
    "1455870805.985538": {
        "cache-06": 3.2518027321447596, 
        "cache-10": 3.2550226188580704, 
        "cache-13": 3.846107471561335
    }, 
    "1455870812.771876": {
        "cache-06": 3.2518027321447596, 
        "cache-10": 3.2550226188580704, 
        "cache-13": 3.9614874456158047
    }, 
    "1455870820.228813": {
        "cache-06": 3.2518027321447596, 
        "cache-10": 3.2550226188580704, 
        "cache-13": 4.065329422264827
    }, 
    "1455870823.859723": {
        "cache-06": 3.2518027321447596, 
        "cache-10": 3.2550226188580704, 
        "cache-13": 4.1587872012489475
    }, 
    "1455870826.060185": {
        "cache-06": 3.2518027321447596, 
        "cache-10": 3.2550226188580704, 
        "cache-13": 4.242899202334656
    }, 
    "1455870833.63847": {
        "cache-06": 3.2518027321447596, 
        "cache-10": 3.2550226188580704, 
        "cache-13": 4.3186000033117935
    }, 
    "1455870837.038959": {
        "cache-06": 3.2518027321447596, 
        "cache-10": 3.2550226188580704, 
        "cache-13": 4.386730724191217
    }, 
    "1455870843.852586": {
        "cache-06": 3.2518027321447596, 
        "cache-10": 3.2550226188580704, 
        "cache-13": 4.448048372982699
    }, 
    "1455870845.847103": {
        "cache-06": 3.2518027321447596, 
        "cache-10": 3.2550226188580704, 
        "cache-13": 4.503234256895032
    }, 
    "1455870855.637515": {
        "cache-06": 3.2518027321447596, 
        "cache-10": 3.2550226188580704, 
        "cache-13": 4.552901552416132
    }, 
    "1455870859.312716": {
        "cache-06": 3.2518027321447596, 
        "cache-10": 3.2550226188580704, 
        "cache-13": 4.5976021183851215
    }, 
    "1455870861.619271": {
        "cache-06": 3.2518027321447596, 
        "cache-10": 3.2550226188580704, 
        "cache-13": 4.637832627757212
    }, 
    "1455870869.200213": {
        "cache-06": 3.2518027321447596, 
        "cache-10": 3.2550226188580704, 
        "cache-13": 4.674040086192093
    }, 
    "1455870871.47893": {
        "cache-06": 3.2518027321447596, 
        "cache-10": 3.2550226188580704, 
        "cache-13": 4.706626798783486
    },