{
    "1455870631.778008": {
        "cache-04": 4.5, 
        "cache-08": 4.5, 
        "cache-10": 4.5
    }, 
    "1455870632.99726": {
        "cache-04": 4.063449599211182, 
        "cache-08": 4.5, 
        "cache-10": 4.5
    }, 
    "1455870634.817353": {
        "cache-04": 3.8623840647222374, 
        "cache-08": 4.5, 
        "cache-10": 4.5
    }, 
    "1455870636.039385": {
        "cache-04": 3.73494103812258, 
        "cache-08": 4.5, 
        "cache-10": 4.5
    }, 
    "1455870638.184907": {
        "cache-04": 3.620242314182888, 
        "cache-08": 4.5, 
        "cache-10": 4.5
    }, 
    "1455870641.394732": {
        "cache-04": 3.517013462637165, 
        "cache-08": 4.5, 
        "cache-10": 4.5
    }, 
    "1455870645.035656": {
        "cache-04": 3.481361537959601, 
        "cache-08": 4.5, 
        "cache-10": 4.5
    }, 
    "1455870648.718491": {
        "cache-04": 3.4924636473953736, 
        "cache-08": 4.5, 
        "cache-10": 4.5
    }, 
    "1455870651.130757": {
        "cache-04": 3.4924636473953736, 
        "cache-08": 4.5, 
        "cache-10": 4.409238263231733
    }, 
    "1455870654.592586": {
        "cache-04": 3.4924636473953736, 
        "cache-08": 4.308795379872565, 
        "cache-10": 4.409238263231733
    }, 
    "1455870662.943647": {
        "cache-04": 3.4924636473953736, 
        "cache-08": 4.308795379872565, 
        "cache-10": 4.227109816781125
    }, 
    "1455870665.026936": {
        "cache-04": 3.4924636473953736, 
        "cache-08": 4.136711221757874, 
        "cache-10": 4.227109816781125
    }, 
    "1455870672.372952": {
        "cache-04": 3.4924636473953736, 
        "cache-08": 4.136711221757874, 
        "cache-10": 4.063194214975578
    }, 
    "1455870675.992738": {
        "cache-04": 3.4924636473953736, 
        "cache-08": 3.981835479454653, 
        "cache-10": 4.063194214975578
    }, 
    "1455870678.868787": {
        "cache-04": 3.4924636473953736, 
        "cache-08": 3.981835479454653, 
        "cache-10": 3.9156701733505863
    }, 
    "1455870689.474809": {
        "cache-04": 3.4924636473953736, 
        "cache-08": 3.8424473113817537, 
        "cache-10": 3.9156701733505863
    }, 
    "1455870691.953489": {
        "cache-04": 3.4924636473953736, 
        "cache-08": 3.8424473113817537, 
        "cache-10": 3.7828985358880938
    }, 
    "1455870693.630149": {
        "cache-04": 3.4924636473953736, 
        "cache-08": 3.7169979601161445, 
        "cache-10": 3.7828985358880938
    }, 
    "1455870700.501698": {
        "cache-04": 3.4924636473953736, 
        "cache-08": 3.7169979601161445, 
        "cache-10": 3.6098881077314573
    }, 
    "1455870707.595973": {
        "cache-04": 3.4924636473953736, 
        "cache-08": 3.550577589536703, 
        "cache-10": 3.6098881077314573
    }, 
    "1455870709.988121": {
        "cache-04": 3.4924636473953736, 
        "cache-08": 3.550577589536703, 
        "cache-10": 3.4541787223904845
    }, 
    "1455870716.615144": {
        "cache-04": 3.4924636473953736, 
        "cache-08": 3.400799256015206, 
        "cache-10": 3.4541787223904845
    }, 
    "1455870721.917357": {
        "cache-04": 3.4020126625284024, 
        "cache-08": 3.400799256015206, 
        "cache-10": 3.4541787223904845
    }, 
    "1455870726.804981": {
        "cache-04": 3.4020126625284024, 
        "cache-08": 3.400799256015206, 
        "cache-10": 3.424810271737589
    }, 
    "1455870728.859845": {
        "cache-04": 3.4020126625284024, 
        "cache-08": 3.400799256015206, 
        "cache-10": 3.341124624436396
    }, 
    "1455870737.8322": {
        "cache-04": 3.320606776148128, 
        "cache-08": 3.400799256015206, 
        "cache-10": 3.341124624436396
    }, 
    "1455870740.868151": {
        "cache-04": 3.320606776148128, 
        "cache-08": 3.376768751999838, 
        "cache-10": 3.341124624436396
    }, 
    "1455870749.097073": {
        "cache-04": 3.320606776148128, 
        "cache-08": 3.2978872566724204, 
        "cache-10": 3.341124624436396
    }, 
    "1455870751.102389": {
        "cache-04": 3.320606776148128, 
        "cache-08": 3.2978872566724204, 
        "cache-10": 3.2658075418653225
    }, 
    "1455870755.676016": {
        "cache-04": 3.247341478405881, 
        "cache-08": 3.2978872566724204, 
        "cache-10": 3.2658075418653225
    }, 
    "1455870764.197915": {
        "cache-04": 3.247341478405881, 
        "cache-08": 3.284147952591331, 
        "cache-10": 3.2658075418653225
    }, 
    "1455870766.760879": {
        "cache-04": 3.247341478405881, 
        "cache-08": 3.214528537204764, 
        "cache-10": 3.2658075418653225
    }, 
    "1455870768.933793": {
        "cache-04": 3.247341478405881, 
        "cache-08": 3.214528537204764, 
        "cache-10": 3.1980221675513563
    }, 
    "1455870780.199285": {
        "cache-04": 3.181402710437859, 
        "cache-08": 3.214528537204764, 
        "cache-10": 3.1980221675513563
    }, 
    "1455870782.127078": {
        "cache-04": 3.181402710437859, 
        "cache-08": 3.2523139467160203, 
        "cache-10": 3.1980221675513563
    }, 
    "1455870785.156068": {
        "cache-04": 3.181402710437859, 
        "cache-08": 3.185877931916984, 
        "cache-10": 3.1980221675513563
    }, 
    "1455870794.547511": {
        "cache-04": 3.181402710437859, 
        "cache-08": 3.185877931916984, 
        "cache-10": 3.0834993762283935
    }, 
    "1455870796.82002": {
        "cache-04": 3.181402710437859, 
        "cache-08": 3.1260855185978516, 
        "cache-10": 3.0834993762283935
    }, 
    "1455870801.248367": {
        "cache-04": 3.1220578192666393, 
        "cache-08": 3.1260855185978516, 
        "cache-10": 3.0834993762283935
    }, 
    "1455870804.512012": {
        "cache-04": 3.1220578192666393, 
        "cache-08": 3.1295263883242193, 
        "cache-10": 3.0834993762283935
    }, 
    "1455870811.094127": {
        "cache-04": 3.1220578192666393, 
        "cache-08": 3.0753691293643635, 
        "cache-10": 3.0834993762283935
    }, 
    "1455870815.732928": {
        "cache-04": 3.0686474172125413, 
        "cache-08": 3.0753691293643635, 
        "cache-10": 3.0834993762283935
    }, 
    "1455870825.582982": {
        "cache-04": 3.0686474172125413, 
        "cache-08": 3.0753691293643635, 
        "cache-10": 3.091198860191707
    }, 
    "1455870828.142991": {
        "cache-04": 3.0686474172125413, 
        "cache-08": 3.0753691293643635, 
        "cache-10": 3.040874354045102
    }, 
    "1455870829.622096": {
        "cache-04": 3.0686474172125413, 
        "cache-08": 3.026627596300493, 
        "cache-10": 3.040874354045102
    }, 
    "1455870839.985098": {
        "cache-04": 3.020578055363853, 
        "cache-08": 3.026627596300493, 
        "cache-10": 3.040874354045102
    }, 
    "1455870842.547539": {
        "cache-04": 3.020578055363853, 
        "cache-08": 3.026627596300493, 
        "cache-10": 3.0528363402267447
    }, 
    "1455870844.641611": {
        "cache-04": 3.020578055363853, 
        "cache-08": 3.026627596300493, 
        "cache-10": 3.006348086076636
    }, 
    "1455870852.584763": {
        "cache-04": 3.020578055363853, 
        "cache-08": 2.9827602165430096, 
        "cache-10": 3.006348086076636
    }, 
    "1455870859.994331": {
        "cache-04": 2.977315629700034, 
        "cache-08": 2.9827602165430096, 
        "cache-10": 3.006348086076636
    }, 
    "1455870863.240412": {
        "cache-04": 2.977315629700034, 
        "cache-08": 2.9827602165430096, 
        "cache-10": 3.0649515407007053
    }, 
    "1455870866.745117": {
        "cache-04": 2.977315629700034, 
        "cache-08": 2.9827602165430096, 
        "cache-10": 3.017251766503201
    }, 
    "1455870869.891932": {
        "cache-04": 2.977315629700034, 
        "cache-08": 2.9827602165430096, 
        "cache-10": 2.974321969725447
    }, 
    "1455870876.415826": {
        "cache-04": 2.977315629700034,