{
    "1455876035.134627": {
        "cache-01": 4.5, 
        "cache-03": 4.5, 
        "cache-10": 4.5
    }, 
    "1455876036.708632": {
        "cache-01": 4.5, 
        "cache-03": 4.063449599211182, 
        "cache-10": 4.5
    }, 
    "1455876038.481359": {
        "cache-01": 4.5, 
        "cache-03": 3.7836791126788962, 
        "cache-10": 4.5
    }, 
    "1455876040.120202": {
        "cache-01": 4.5, 
        "cache-03": 3.5318856747998386, 
        "cache-10": 4.5
    }, 
    "1455876041.98393": {
        "cache-01": 4.5, 
        "cache-03": 3.383976532752028, 
        "cache-10": 4.5
    }, 
    "1455876045.598494": {
        "cache-01": 4.5, 
        "cache-03": 3.172153352865657, 
        "cache-10": 4.5
    }, 
    "1455876048.738717": {
        "cache-01": 4.5, 
        "cache-03": 3.1137333974516572, 
        "cache-10": 4.5
    }, 
    "1455876051.364171": {
        "cache-01": 4.5, 
        "cache-03": 3.0611554375790577, 
        "cache-10": 4.5
    }, 
    "1455876072.861804": {
        "cache-01": 4.5, 
        "cache-03": 3.0611554375790577, 
        "cache-10": 4.308795379872565
    }, 
    "1455876074.456596": {
        "cache-01": 4.255279425432173, 
        "cache-03": 3.0611554375790577, 
        "cache-10": 4.308795379872565
    }, 
    "1455876092.614355": {
        "cache-01": 4.255279425432173, 
        "cache-03": 3.0611554375790577, 
        "cache-10": 3.891365441096491
    }, 
    "1455876093.905844": {
        "cache-01": 3.8644641861839926, 
        "cache-03": 3.0611554375790577, 
        "cache-10": 3.891365441096491
    }, 
    "1455876099.722452": {
        "cache-01": 3.8644641861839926, 
        "cache-03": 3.0611554375790577, 
        "cache-10": 3.515678496198024
    }, 
    "1455876101.436594": {
        "cache-01": 3.4914673667767753, 
        "cache-03": 3.0611554375790577, 
        "cache-10": 3.515678496198024
    }, 
    "1455876114.369168": {
        "cache-01": 3.4914673667767753, 
        "cache-03": 3.0611554375790577, 
        "cache-10": 3.1775602457894037
    }, 
    "1455876128.413327": {
        "cache-01": 3.198984165797161, 
        "cache-03": 3.0611554375790577, 
        "cache-10": 3.1775602457894037
    }, 
    "1455876129.738215": {
        "cache-01": 2.8802050438137066, 
        "cache-03": 3.0611554375790577, 
        "cache-10": 3.1775602457894037
    }, 
    "1455876130.783188": {
        "cache-01": 2.8802050438137066, 
        "cache-03": 3.0611554375790577, 
        "cache-10": 2.8732538204216453
    }, 
    "1455876134.838548": {
        "cache-01": 2.8802050438137066, 
        "cache-03": 2.7684894930323343, 
        "cache-10": 2.8732538204216453
    }, 
    "1455876136.19543": {
        "cache-01": 2.6056341386435182, 
        "cache-03": 2.7684894930323343, 
        "cache-10": 2.8732538204216453
    }, 
    "1455876137.550888": {
        "cache-01": 2.6056341386435182, 
        "cache-03": 2.7684894930323343, 
        "cache-10": 2.5993780375906628
    }, 
    "1455876156.794673": {
        "cache-01": 2.6056341386435182, 
        "cache-03": 2.5050901429402828, 
        "cache-10": 2.5993780375906628
    }, 
    "1455876158.524805": {
        "cache-01": 2.4716451981679985, 
        "cache-03": 2.5050901429402828, 
        "cache-10": 2.5993780375906628
    }, 
    "1455876160.150578": {
        "cache-01": 2.4716451981679985, 
        "cache-03": 2.5050901429402828, 
        "cache-10": 2.3528898330427785
    }, 
    "1455876188.237353": {
        "cache-01": 2.4716451981679985, 
        "cache-03": 2.2680307278574365, 
        "cache-10": 2.3528898330427785
    }, 
    "1455876189.783972": {
        "cache-01": 2.2244806783511986, 
        "cache-03": 2.2680307278574365, 
        "cache-10": 2.3528898330427785
    }, 
    "1455876191.006101": {
        "cache-01": 2.2244806783511986, 
        "cache-03": 2.2680307278574365, 
        "cache-10": 2.131050448949683
    }, 
    "1455876215.855641": {
        "cache-01": 2.2244806783511986, 
        "cache-03": 2.054677254282875, 
        "cache-10": 2.131050448949683
    }, 
    "1455876217.682564": {
        "cache-01": 2.002032610516079, 
        "cache-03": 2.054677254282875, 
        "cache-10": 2.131050448949683
    }, 
    "1455876218.862117": {
        "cache-01": 2.002032610516079, 
        "cache-03": 2.054677254282875, 
        "cache-10": 1.9313950032658966
    }, 
    "1455876233.394082": {
        "cache-01": 2.002032610516079, 
        "cache-03": 1.8626591280657696, 
        "cache-10": 1.9313950032658966
    }, 
    "1455876234.781275": {
        "cache-01": 1.8067908797833059, 
        "cache-03": 1.8626591280657696, 
        "cache-10": 1.9313950032658966
    }, 
    "1455876236.64089": {
        "cache-01": 1.8067908797833059, 
        "cache-03": 1.8626591280657696, 
        "cache-10": 1.751705102150489
    }, 
    "1455876249.751929": {
        "cache-01": 1.8067908797833059, 
        "cache-03": 1.6898428144703748, 
        "cache-10": 1.751705102150489
    }, 
    "1455876251.021009": {
        "cache-01": 1.6328194454522802, 
        "cache-03": 1.6898428144703748, 
        "cache-10": 1.751705102150489
    }, 
    "1455876252.437299": {
        "cache-01": 1.6328194454522802, 
        "cache-03": 1.6898428144703748, 
        "cache-10": 1.5899841911466222
    }, 
    "1455876283.874345": {
        "cache-01": 1.6328194454522802, 
        "cache-03": 1.5343081322345193, 
        "cache-10": 1.5899841911466222
    }, 
    "1455876285.701353": {
        "cache-01": 1.4695375009070522, 
        "cache-03": 1.5343081322345193, 
        "cache-10": 1.5899841911466222
    }, 
    "1455876287.483106": {
        "cache-01": 1.4695375009070522, 
        "cache-03": 1.5343081322345193, 
        "cache-10": 1.444435371243142
    }, 
    "1455876289.131593": {
        "cache-01": 1.4695375009070522, 
        "cache-03": 1.5074517923998996, 
        "cache-10": 1.444435371243142
    }, 
    "1455876291.010564": {
        "cache-01": 1.4695375009070522, 
        "cache-03": 1.4832810865487418, 
        "cache-10": 1.444435371243142
    }, 
    "1455876293.364832": {
        "cache-01": 1.4695375009070522, 
        "cache-03": 1.5402324033260406, 
        "cache-10": 1.444435371243142
    }, 
    "1455876299.207298": {
        "cache-01": 1.4695375009070522, 
        "cache-03": 1.5127836363822686, 
        "cache-10": 1.444435371243142
    }, 
    "1455876300.747244": {
        "cache-01": 1.4695375009070522, 
        "cache-03": 1.5667846981762148, 
        "cache-10": 1.444435371243142
    }, 
    "1455876303.540108": {
        "cache-01": 1.4695375009070522, 
        "cache-03": 1.5366807017474255, 
        "cache-10": 1.444435371243142
    }, 
    "1455876307.36422": {
        "cache-01": 1.4695375009070522, 
        "cache-03": 1.588292057004856, 
        "cache-10": 1.444435371243142
    }, 
    "1455876309.926869": {
        "cache-01": 1.4695375009070522, 
        "cache-03": 1.6347422767365436, 
        "cache-10": 1.444435371243142
    }, 
    "1455876311.968632": {
        "cache-01": 1.4695375009070522, 
        "cache-03": 1.6765474744950626, 
        "cache-10": 1.444435371243142
    }, 
    "1455876320.269936": {
        "cache-01": 1.4695375009070522, 
        "cache-03": 1.7141721524777296, 
        "cache-10": 1.444435371243142
    }, 
    "1455876326.009198": {
        "cache-01": 1.4695375009070522, 
        "cache-03": 1.7480343626621297, 
        "cache-10": 1.444435371243142
    }, 
    "1455876329.085443": {
        "cache-01": 1.4695375009070522, 
        "cache-03": 1.8320263062684827, 
        "cache-10": 1.444435371243142
    }, 
    "1455876331.538864": {
        "cache-01": 1.4695375009070522, 
        "cache-03": 1.8541031010738078, 
        "cache-10": 1.444435371243142
    }, 
    "1455876339.807247": {
        "cache-01": 1.4695375009070522, 
        "cache-03": 1.8739722163986001, 
        "cache-10": 1.444435371243142
    },