{
    "1455870630.628033": {
        "cache-01": 4.5, 
        "cache-07": 4.5, 
        "cache-10": 4.5
    }, 
    "1455870631.495124": {
        "cache-01": 4.5, 
        "cache-07": 4.063449599211182, 
        "cache-10": 4.5
    }, 
    "1455870633.595057": {
        "cache-01": 4.5, 
        "cache-07": 3.9159000191626303, 
        "cache-10": 4.5
    }, 
    "1455870634.896029": {
        "cache-01": 4.5, 
        "cache-07": 3.8835482804781, 
        "cache-10": 4.5
    }, 
    "1455870639.543509": {
        "cache-01": 4.5, 
        "cache-07": 3.854431715662023, 
        "cache-10": 4.5
    }, 
    "1455870643.911596": {
        "cache-01": 4.5, 
        "cache-07": 3.8700406582009044, 
        "cache-10": 4.5
    }, 
    "1455870647.149277": {
        "cache-01": 4.5, 
        "cache-07": 3.8840887064858975, 
        "cache-10": 4.5
    }, 
    "1455870650.663508": {
        "cache-01": 4.5, 
        "cache-07": 3.8967319499423914, 
        "cache-10": 4.5
    }, 
    "1455870651.404896": {
        "cache-01": 4.5, 
        "cache-07": 3.8967319499423914, 
        "cache-10": 4.451052114105083
    }, 
    "1455870660.481279": {
        "cache-01": 4.366049421586153, 
        "cache-07": 3.8967319499423914, 
        "cache-10": 4.451052114105083
    }, 
    "1455870663.598526": {
        "cache-01": 4.366049421586153, 
        "cache-07": 3.8967319499423914, 
        "cache-10": 4.47079668126778
    }, 
    "1455870664.290207": {
        "cache-01": 4.366049421586153, 
        "cache-07": 3.8967319499423914, 
        "cache-10": 4.339766434727155
    }, 
    "1455870675.109754": {
        "cache-01": 4.24549390101369, 
        "cache-07": 3.8967319499423914, 
        "cache-10": 4.339766434727155
    }, 
    "1455870679.321135": {
        "cache-01": 4.24549390101369, 
        "cache-07": 3.8967319499423914, 
        "cache-10": 4.370639569827644
    }, 
    "1455870682.037674": {
        "cache-01": 4.24549390101369, 
        "cache-07": 3.8967319499423914, 
        "cache-10": 4.249625034431032
    }, 
    "1455870684.076122": {
        "cache-01": 4.24549390101369, 
        "cache-07": 3.8967319499423914, 
        "cache-10": 4.140711952574081
    }, 
    "1455870694.531246": {
        "cache-01": 4.1369939324984735, 
        "cache-07": 3.8967319499423914, 
        "cache-10": 4.140711952574081
    }, 
    "1455870696.31406": {
        "cache-01": 4.1369939324984735, 
        "cache-07": 3.8967319499423914, 
        "cache-10": 4.191490535889878
    }, 
    "1455870697.109353": {
        "cache-01": 4.1369939324984735, 
        "cache-07": 3.8967319499423914, 
        "cache-10": 4.088390903887043
    }, 
    "1455870707.123261": {
        "cache-01": 4.039343960834779, 
        "cache-07": 3.8967319499423914, 
        "cache-10": 4.088390903887043
    }, 
    "1455870710.262169": {
        "cache-01": 4.039343960834779, 
        "cache-07": 3.8967319499423914, 
        "cache-10": 4.144401592071544
    }, 
    "1455870713.081764": {
        "cache-01": 4.039343960834779, 
        "cache-07": 3.8967319499423914, 
        "cache-10": 4.046010854450542
    }, 
    "1455870719.405243": {
        "cache-01": 4.039343960834779, 
        "cache-07": 3.8967319499423914, 
        "cache-10": 3.9574591905916408
    }, 
    "1455870739.594056": {
        "cache-01": 3.951458986337454, 
        "cache-07": 3.8967319499423914, 
        "cache-10": 3.9574591905916408
    }, 
    "1455870743.154084": {
        "cache-01": 3.951458986337454, 
        "cache-07": 3.8967319499423914, 
        "cache-10": 4.026563050105682
    }, 
    "1455870743.956919": {
        "cache-01": 3.951458986337454, 
        "cache-07": 3.8967319499423914, 
        "cache-10": 3.939956166681266
    }, 
    "1455870752.010773": {
        "cache-01": 3.8151084675762745, 
        "cache-07": 3.8967319499423914, 
        "cache-10": 3.939956166681266
    }, 
    "1455870754.329222": {
        "cache-01": 3.8151084675762745, 
        "cache-07": 3.8967319499423914, 
        "cache-10": 4.010810328586344
    }, 
    "1455870755.983555": {
        "cache-01": 3.8151084675762745, 
        "cache-07": 3.8967319499423914, 
        "cache-10": 3.8685246756002756
    }, 
    "1455870761.654469": {
        "cache-01": 3.8151084675762745, 
        "cache-07": 3.823108176534305, 
        "cache-10": 3.8685246756002756
    }, 
    "1455870764.869963": {
        "cache-01": 3.8151084675762745, 
        "cache-07": 3.823108176534305, 
        "cache-10": 3.882724322145332
    }, 
    "1455870766.065021": {
        "cache-01": 3.8151084675762745, 
        "cache-07": 3.823108176534305, 
        "cache-10": 3.8105013115169513
    }, 
    "1455870768.715285": {
        "cache-01": 3.8151084675762745, 
        "cache-07": 3.7568467804670274, 
        "cache-10": 3.8105013115169513
    }, 
    "1455870776.750307": {
        "cache-01": 3.8346497349237305, 
        "cache-07": 3.7568467804670274, 
        "cache-10": 3.8105013115169513
    }, 
    "1455870778.244338": {
        "cache-01": 3.916034540004562, 
        "cache-07": 3.7568467804670274, 
        "cache-10": 3.8105013115169513
    }, 
    "1455870787.064807": {
        "cache-01": 3.9892808645773106, 
        "cache-07": 3.7568467804670274, 
        "cache-10": 3.8105013115169513
    }, 
    "1455870791.214937": {
        "cache-01": 4.055202556692785, 
        "cache-07": 3.7568467804670274, 
        "cache-10": 3.8105013115169513
    }, 
    "1455870794.805291": {
        "cache-01": 4.114532079596711, 
        "cache-07": 3.7568467804670274, 
        "cache-10": 3.8105013115169513
    }, 
    "1455870802.977603": {
        "cache-01": 4.167928650210245, 
        "cache-07": 3.7568467804670274, 
        "cache-10": 3.8105013115169513
    }, 
    "1455870806.028673": {
        "cache-01": 4.215985563762425, 
        "cache-07": 3.7568467804670274, 
        "cache-10": 3.8105013115169513
    }, 
    "1455870808.097132": {
        "cache-01": 4.259236785959388, 
        "cache-07": 3.7568467804670274, 
        "cache-10": 3.8105013115169513
    }, 
    "1455870815.976868": {
        "cache-01": 4.298162885936654, 
        "cache-07": 3.7568467804670274, 
        "cache-10": 3.8105013115169513
    }, 
    "1455870820.270335": {
        "cache-01": 4.333196375916194, 
        "cache-07": 3.7568467804670274, 
        "cache-10": 3.8105013115169513
    }, 
    "1455870822.870957": {
        "cache-01": 4.36472651689778, 
        "cache-07": 3.7568467804670274, 
        "cache-10": 3.8105013115169513
    }, 
    "1455870830.547945": {
        "cache-01": 4.393103643781207, 
        "cache-07": 3.7568467804670274, 
        "cache-10": 3.8105013115169513
    }, 
    "1455870834.625687": {
        "cache-01": 4.418643057976292, 
        "cache-07": 3.7568467804670274, 
        "cache-10": 3.8105013115169513
    }, 
    "1455870841.852": {
        "cache-01": 4.441628530751867, 
        "cache-07": 3.7568467804670274, 
        "cache-10": 3.8105013115169513
    }, 
    "1455870844.182842": {
        "cache-01": 4.462315456249885, 
        "cache-07": 3.7568467804670274, 
        "cache-10": 3.8105013115169513
    }, 
    "1455870854.439258": {
        "cache-01": 4.4809336891981015, 
        "cache-07": 3.7568467804670274, 
        "cache-10": 3.8105013115169513
    }, 
    "1455870858.086549": {
        "cache-01": 4.497690098851496, 
        "cache-07": 3.7568467804670274, 
        "cache-10": 3.8105013115169513
    }, 
    "1455870860.888576": {
        "cache-01": 4.512770867539552, 
        "cache-07": 3.7568467804670274, 
        "cache-10": 3.8105013115169513
    }, 
    "1455870863.935267": {
        "cache-01": 4.526343559358802, 
        "cache-07": 3.7568467804670274, 
        "cache-10": 3.8105013115169513
    }, 
    "1455870871.736035": {
        "cache-01": 4.538558981996127, 
        "cache-07": 3.7568467804670274, 
        "cache-10": 3.8105013115169513
    }, 
    "1455870874.487752": {
        "cache-01": 4.54955286236972,