{
    "1455870632.415997": {
        "cache-07": 4.5, 
        "cache-10": 5, 
        "cache-13": 4.5
    }, 
    "1455870633.957216": {
        "cache-07": 4.5, 
        "cache-10": 4.5134495992111825, 
        "cache-13": 4.5
    }, 
    "1455870635.491451": {
        "cache-07": 4.5, 
        "cache-10": 4.526954417863269, 
        "cache-13": 4.5
    }, 
    "1455870636.266237": {
        "cache-07": 4.5, 
        "cache-10": 4.574249697287545, 
        "cache-13": 4.5
    }, 
    "1455870639.903055": {
        "cache-07": 4.5, 
        "cache-10": 4.616815448769393, 
        "cache-13": 4.5
    }, 
    "1455870643.582213": {
        "cache-07": 4.5, 
        "cache-10": 4.655124625103056, 
        "cache-13": 4.5
    }, 
    "1455870645.60575": {
        "cache-07": 4.5, 
        "cache-10": 4.689602883803354, 
        "cache-13": 4.5
    }, 
    "1455870646.679468": {
        "cache-07": 4.5, 
        "cache-10": 4.720633316633621, 
        "cache-13": 4.5
    }, 
    "1455870652.828096": {
        "cache-07": 4.5, 
        "cache-10": 4.748560706180862, 
        "cache-13": 4.5
    }, 
    "1455870656.291714": {
        "cache-07": 4.5, 
        "cache-10": 4.773695356773378, 
        "cache-13": 4.5
    }, 
    "1455870665.030905": {
        "cache-07": 4.5, 
        "cache-10": 4.796316542306643, 
        "cache-13": 4.5
    }, 
    "1455870665.998966": {
        "cache-07": 4.5, 
        "cache-10": 4.816675609286582, 
        "cache-13": 4.5
    }, 
    "1455870673.092496": {
        "cache-07": 4.5, 
        "cache-10": 4.799857826931129, 
        "cache-13": 4.5
    }, 
    "1455870677.170742": {
        "cache-07": 4.5, 
        "cache-10": 4.819862765448619, 
        "cache-13": 4.5
    }, 
    "1455870684.03396": {
        "cache-07": 4.5, 
        "cache-10": 4.83786721011436, 
        "cache-13": 4.5
    }, 
    "1455870691.002641": {
        "cache-07": 4.5, 
        "cache-10": 4.818930267676129, 
        "cache-13": 4.5
    }, 
    "1455870692.639262": {
        "cache-07": 4.5, 
        "cache-10": 4.8370279621191195, 
        "cache-13": 4.5
    }, 
    "1455870693.612025": {
        "cache-07": 4.5, 
        "cache-10": 4.818174944480413, 
        "cache-13": 4.5
    }, 
    "1455870701.379676": {
        "cache-07": 4.5, 
        "cache-10": 4.836348171242975, 
        "cache-13": 4.5
    }, 
    "1455870707.989381": {
        "cache-07": 4.5, 
        "cache-10": 4.85270407532928, 
        "cache-13": 4.5
    }, 
    "1455870711.120263": {
        "cache-07": 4.5, 
        "cache-10": 4.832283446369557, 
        "cache-13": 4.5
    }, 
    "1455870718.0836": {
        "cache-07": 4.5, 
        "cache-10": 4.849045822943204, 
        "cache-13": 4.5
    }, 
    "1455870721.319643": {
        "cache-07": 4.5, 
        "cache-10": 4.864131961859486, 
        "cache-13": 4.5
    }, 
    "1455870731.218227": {
        "cache-07": 4.5, 
        "cache-10": 4.87770948688414, 
        "cache-13": 4.5
    }, 
    "1455870734.749189": {
        "cache-07": 4.5, 
        "cache-10": 4.889929259406329, 
        "cache-13": 4.5
    }, 
    "1455870737.206237": {
        "cache-07": 4.5, 
        "cache-10": 4.900927054676298, 
        "cache-13": 4.5
    }, 
    "1455870745.523334": {
        "cache-07": 4.5, 
        "cache-10": 4.910825070419271, 
        "cache-13": 4.5
    }, 
    "1455870747.354105": {
        "cache-07": 4.5, 
        "cache-10": 4.919733284587947, 
        "cache-13": 4.5
    }, 
    "1455870750.811408": {
        "cache-07": 4.5, 
        "cache-10": 4.892609734702358, 
        "cache-13": 4.5
    }, 
    "1455870758.688357": {
        "cache-07": 4.5, 
        "cache-10": 4.903339482442725, 
        "cache-13": 4.5
    }, 
    "1455870760.879411": {
        "cache-07": 4.5, 
        "cache-10": 4.912996255409055, 
        "cache-13": 4.5
    }, 
    "1455870768.394048": {
        "cache-07": 4.5, 
        "cache-10": 4.8865464084413555, 
        "cache-13": 4.5
    }, 
    "1455870770.293454": {
        "cache-07": 4.5, 
        "cache-10": 4.897882488807823, 
        "cache-13": 4.5
    }, 
    "1455870778.261276": {
        "cache-07": 4.5, 
        "cache-10": 4.872944018500245, 
        "cache-13": 4.5
    }, 
    "1455870779.663672": {
        "cache-07": 4.5, 
        "cache-10": 4.885640337860823, 
        "cache-13": 4.5
    }, 
    "1455870788.427109": {
        "cache-07": 4.5, 
        "cache-10": 4.897067025285343, 
        "cache-13": 4.5
    }, 
    "1455870792.296371": {
        "cache-07": 4.5, 
        "cache-10": 4.907351043967412, 
        "cache-13": 4.5
    }, 
    "1455870794.96417": {
        "cache-07": 4.5, 
        "cache-10": 4.916606660781274, 
        "cache-13": 4.5
    }, 
    "1455870802.775433": {
        "cache-07": 4.5, 
        "cache-10": 4.924936715913749, 
        "cache-13": 4.5
    }, 
    "1455870806.086052": {
        "cache-07": 4.5, 
        "cache-10": 4.932433765532977, 
        "cache-13": 4.5
    }, 
    "1455870812.69948": {
        "cache-07": 4.5, 
        "cache-10": 4.939181110190282, 
        "cache-13": 4.5
    }, 
    "1455870815.181175": {
        "cache-07": 4.5, 
        "cache-10": 4.9452537203818565, 
        "cache-13": 4.5
    }, 
    "1455870824.333736": {
        "cache-07": 4.5, 
        "cache-10": 4.950719069554274, 
        "cache-13": 4.5
    }, 
    "1455870826.832589": {
        "cache-07": 4.5, 
        "cache-10": 4.955637883809449, 
        "cache-13": 4.5
    }, 
    "1455870833.576047": {
        "cache-07": 4.5, 
        "cache-10": 4.960064816639107, 
        "cache-13": 4.5
    }, 
    "1455870837.18157": {
        "cache-07": 4.5, 
        "cache-10": 4.964049056185798, 
        "cache-13": 4.5
    }, 
    "1455870843.834751": {
        "cache-07": 4.5, 
        "cache-10": 4.967634871777822, 
        "cache-13": 4.5
    }, 
    "1455870845.765402": {
        "cache-07": 4.5, 
        "cache-10": 4.970862105810642, 
        "cache-13": 4.5
    }, 
    "1455870854.903444": {
        "cache-07": 4.5, 
        "cache-10": 4.973766616440181, 
        "cache-13": 4.5
    }, 
    "1455870858.392471": {
        "cache-07": 4.5, 
        "cache-10": 4.976380676006766, 
        "cache-13": 4.5
    }, 
    "1455870860.241411": {
        "cache-07": 4.5, 
        "cache-10": 4.978733329616692, 
        "cache-13": 4.5
    }, 
    "1455870867.991339": {
        "cache-07": 4.5, 
        "cache-10": 4.980850717865626, 
        "cache-13": 4.5
    }, 
    "1455870870.14922": {
        "cache-07": 4.5, 
        "cache-10": 4.982756367289666, 
        "cache-13": 4.5
    }, 
    "1455870877.239736": {
        "cache-07": 4.5, 
        "cache-10": 4.984471451771302, 
        "cache-13": 4.5
    }, 
    "1455870885.865524": {
        "cache-07": 4.5, 
        "cache-10": 4.986015027804775, 
        "cache-13": 4.5
    }, 
    "1455870888.283744": {
        "cache-07": 4.5, 
        "cache-10": 4.9874042462349, 
        "cache-13": 4.5
    }, 
    "1455870890.805966": {
        "cache-07": 4.5, 
        "cache-10": 4.988654542822013, 
        "cache-13": 4.5
    }, 
    "1455870896.678505": {
        "cache-07": 4.5, 
        "cache-10": 4.989779809750414, 
        "cache-13": 4.5
    }, 
    "1455870903.336597": {
        "cache-07": 4.5, 
        "cache-10": 4.990792549985975, 
        "cache-13": 4.5
    }, 
    "1455870904.795646": {
        "cache-07": 4.5, 
        "cache-10": 4.99170401619798, 
        "cache-13": 4.5
    }, 
    "1455870917.909001": {
        "cache-07": 4.5, 
        "cache-10": 4.992524335788785, 
        "cache-13": 4.5
    }, 
    "1455870919.461998": {
        "cache-07": 4.5, 
        "cache-10": 4.9932626234205095, 
        "cache-13": 4.5
    }, 
    "1455870921.192813": {
        "cache-07": 4.5, 
        "cache-10": 4.993927082289061, 
        "cache-13": 4.5
    }, 
    "1455870928.019836": {
        "cache-07": 4.5, 
        "cache-10": 4.994525095270758, 
        "cache-13": 4.5
    },