{
    "1455870632.485714": {
        "cache-02": 4.5, 
        "cache-08": 4.5, 
        "cache-11": 4.5
    }, 
    "1455870634.111883": {
        "cache-02": 4.5, 
        "cache-08": 4.063449599211182, 
        "cache-11": 4.5
    }, 
    "1455870635.985884": {
        "cache-02": 4.5, 
        "cache-08": 3.8623840647222374, 
        "cache-11": 4.5
    }, 
    "1455870637.241058": {
        "cache-02": 4.5, 
        "cache-08": 3.681425083682187, 
        "cache-11": 4.5
    }, 
    "1455870639.030139": {
        "cache-02": 4.5, 
        "cache-08": 3.518562000746141, 
        "cache-11": 4.5
    }, 
    "1455870643.035346": {
        "cache-02": 4.5, 
        "cache-08": 3.3719852261037, 
        "cache-11": 4.5
    }, 
    "1455870646.199124": {
        "cache-02": 4.5, 
        "cache-08": 3.350836125079483, 
        "cache-11": 4.5
    }, 
    "1455870648.007226": {
        "cache-02": 4.5, 
        "cache-08": 3.331801934157687, 
        "cache-11": 4.5
    }, 
    "1455870648.615294": {
        "cache-02": 4.5, 
        "cache-08": 3.331801934157687, 
        "cache-11": 4.366049421586153
    }, 
    "1455870661.242675": {
        "cache-02": 4.366049421586153, 
        "cache-08": 3.331801934157687, 
        "cache-11": 4.366049421586153
    }, 
    "1455870664.861612": {
        "cache-02": 4.366049421586153, 
        "cache-08": 3.331801934157687, 
        "cache-11": 4.394294258000743
    }, 
    "1455870665.711715": {
        "cache-02": 4.366049421586153, 
        "cache-08": 3.331801934157687, 
        "cache-11": 4.314103095432402
    }, 
    "1455870675.883207": {
        "cache-02": 4.288682742659271, 
        "cache-08": 3.331801934157687, 
        "cache-11": 4.314103095432402
    }, 
    "1455870680.216515": {
        "cache-02": 4.288682742659271, 
        "cache-08": 3.331801934157687, 
        "cache-11": 4.347542564462366
    }, 
    "1455870681.342997": {
        "cache-02": 4.288682742659271, 
        "cache-08": 3.331801934157687, 
        "cache-11": 4.272026571247863
    }, 
    "1455870699.878578": {
        "cache-02": 4.2190527316250765, 
        "cache-08": 3.331801934157687, 
        "cache-11": 4.272026571247863
    }, 
    "1455870702.10949": {
        "cache-02": 4.2190527316250765, 
        "cache-08": 3.331801934157687, 
        "cache-11": 4.309673692696282
    }, 
    "1455870702.543813": {
        "cache-02": 4.2190527316250765, 
        "cache-08": 3.331801934157687, 
        "cache-11": 4.194755745012806
    }, 
    "1455870707.292146": {
        "cache-02": 4.055942838335135, 
        "cache-08": 3.331801934157687, 
        "cache-11": 4.194755745012806
    }, 
    "1455870710.423166": {
        "cache-02": 4.055942838335135, 
        "cache-08": 3.331801934157687, 
        "cache-11": 4.24012994908473
    }, 
    "1455870713.177594": {
        "cache-02": 4.055942838335135, 
        "cache-08": 3.331801934157687, 
        "cache-11": 4.175355217407991
    }, 
    "1455870717.773773": {
        "cache-02": 4.055942838335135, 
        "cache-08": 3.331801934157687, 
        "cache-11": 4.073869117253345
    }, 
    "1455870718.675152": {
        "cache-02": 4.055942838335135, 
        "cache-08": 3.331801934157687, 
        "cache-11": 3.982531627114163
    }, 
    "1455870737.67396": {
        "cache-02": 3.909143934374187, 
        "cache-08": 3.331801934157687, 
        "cache-11": 3.982531627114163
    }, 
    "1455870741.156047": {
        "cache-02": 3.909143934374187, 
        "cache-08": 3.331801934157687, 
        "cache-11": 4.049128242975952
    }, 
    "1455870743.80484": {
        "cache-02": 3.909143934374187, 
        "cache-08": 3.331801934157687, 
        "cache-11": 3.9602648402645095
    }, 
    "1455870745.03214": {
        "cache-02": 3.909143934374187, 
        "cache-08": 3.331801934157687, 
        "cache-11": 3.8802877778242113
    }, 
    "1455870751.181875": {
        "cache-02": 3.834278962522921, 
        "cache-08": 3.331801934157687, 
        "cache-11": 3.8802877778242113
    }, 
    "1455870754.51207": {
        "cache-02": 3.834278962522921, 
        "cache-08": 3.331801934157687, 
        "cache-11": 3.893311114146874
    }, 
    "1455870755.451836": {
        "cache-02": 3.834278962522921, 
        "cache-08": 3.331801934157687, 
        "cache-11": 3.8200294243183395
    }, 
    "1455870767.950214": {
        "cache-02": 3.7669004878567818, 
        "cache-08": 3.331801934157687, 
        "cache-11": 3.8200294243183395
    }, 
    "1455870770.87968": {
        "cache-02": 3.7669004878567818, 
        "cache-08": 3.331801934157687, 
        "cache-11": 3.9028762604597103
    }, 
    "1455870774.374697": {
        "cache-02": 3.7669004878567818, 
        "cache-08": 3.331801934157687, 
        "cache-11": 3.871826897645472
    }, 
    "1455870777.296369": {
        "cache-02": 3.7669004878567818, 
        "cache-08": 3.331801934157687, 
        "cache-11": 3.800693629467078
    }, 
    "1455870777.77973": {
        "cache-02": 3.7669004878567818, 
        "cache-08": 3.331801934157687, 
        "cache-11": 3.736673688106523
    }, 
    "1455870792.299234": {
        "cache-02": 3.7062598606572563, 
        "cache-08": 3.331801934157687, 
        "cache-11": 3.736673688106523
    }, 
    "1455870797.463288": {
        "cache-02": 3.7062598606572563, 
        "cache-08": 3.331801934157687, 
        "cache-11": 3.827856097869075
    }, 
    "1455870802.163972": {
        "cache-02": 3.7062598606572563, 
        "cache-08": 3.331801934157687, 
        "cache-11": 3.8043087513139007
    }, 
    "1455870804.938313": {
        "cache-02": 3.7062598606572563, 
        "cache-08": 3.331801934157687, 
        "cache-11": 3.7831161394142434
    }, 
    "1455870807.686557": {
        "cache-02": 3.7062598606572563, 
        "cache-08": 3.331801934157687, 
        "cache-11": 3.7208539470589717
    }, 
    "1455870808.355257": {
        "cache-02": 3.7062598606572563, 
        "cache-08": 3.331801934157687, 
        "cache-11": 3.6648179739392273
    }, 
    "1455870820.320401": {
        "cache-02": 3.6516832961776835, 
        "cache-08": 3.331801934157687, 
        "cache-11": 3.6648179739392273
    }, 
    "1455870826.362414": {
        "cache-02": 3.6516832961776835, 
        "cache-08": 3.331801934157687, 
        "cache-11": 3.763185955118509
    }, 
    "1455870829.282529": {
        "cache-02": 3.6516832961776835, 
        "cache-08": 3.331801934157687, 
        "cache-11": 3.746105622838391
    }, 
    "1455870832.532845": {
        "cache-02": 3.6516832961776835, 
        "cache-08": 3.331801934157687, 
        "cache-11": 3.7307333237862847
    }, 
    "1455870835.887523": {
        "cache-02": 3.6516832961776835, 
        "cache-08": 3.331801934157687, 
        "cache-11": 3.716898254639389
    }, 
    "1455870843.287448": {
        "cache-02": 3.6516832961776835, 
        "cache-08": 3.331801934157687, 
        "cache-11": 3.661257850761603
    }, 
    "1455870843.891851": {
        "cache-02": 3.6516832961776835, 
        "cache-08": 3.331801934157687, 
        "cache-11": 3.6111814872715953
    }, 
    "1455870861.683833": {
        "cache-02": 3.602564388146068, 
        "cache-08": 3.331801934157687, 
        "cache-11": 3.6111814872715953
    }, 
    "1455870865.392145": {
        "cache-02": 3.602564388146068, 
        "cache-08": 3.331801934157687, 
        "cache-11": 3.7149131171176406
    }, 
    "1455870868.379342": {
        "cache-02": 3.602564388146068, 
        "cache-08": 3.331801934157687, 
        "cache-11": 3.659471226992029
    }, 
    "1455870872.200275": {
        "cache-02": 3.602564388146068, 
        "cache-08": 3.331801934157687, 
        "cache-11": 3.6095735258789787
    }, 
    "1455870873.21477": {
        "cache-02": 3.602564388146068, 
        "cache-08": 3.331801934157687, 
        "cache-11": 3.5646655948772334
    }, 
    "1455870880.91623": {
        "cache-02": 3.558357370917614, 
        "cache-08": 3.331801934157687,