{
    "1455870632.927684": {
        "cache-03": 5, 
        "cache-07": 4.5, 
        "cache-10": 4.5
    }, 
    "1455870633.790554": {
        "cache-03": 4.5134495992111825, 
        "cache-07": 4.5, 
        "cache-10": 4.5
    }, 
    "1455870634.441404": {
        "cache-03": 4.562095360500667, 
        "cache-07": 4.5, 
        "cache-10": 4.5
    }, 
    "1455870634.82214": {
        "cache-03": 4.605876545661203, 
        "cache-07": 4.5, 
        "cache-10": 4.5
    }, 
    "1455870636.153434": {
        "cache-03": 4.645279612305686, 
        "cache-07": 4.5, 
        "cache-10": 4.5
    }, 
    "1455870637.385329": {
        "cache-03": 4.68074237228572, 
        "cache-07": 4.5, 
        "cache-10": 4.5
    }, 
    "1455870644.558749": {
        "cache-03": 4.712658856267751, 
        "cache-07": 4.5, 
        "cache-10": 4.5
    }, 
    "1455870644.994303": {
        "cache-03": 4.741383691851579, 
        "cache-07": 4.5, 
        "cache-10": 4.5
    }, 
    "1455870650.496372": {
        "cache-03": 4.767236043877023, 
        "cache-07": 4.5, 
        "cache-10": 4.5
    }, 
    "1455870656.43171": {
        "cache-03": 4.790503160699924, 
        "cache-07": 4.5, 
        "cache-10": 4.5
    }, 
    "1455870662.384286": {
        "cache-03": 4.811443565840534, 
        "cache-07": 4.5, 
        "cache-10": 4.5
    }, 
    "1455870667.813931": {
        "cache-03": 4.830289930467083, 
        "cache-07": 4.5, 
        "cache-10": 4.5
    }, 
    "1455870673.443355": {
        "cache-03": 4.847251658630978, 
        "cache-07": 4.5, 
        "cache-10": 4.5
    }, 
    "1455870674.404594": {
        "cache-03": 4.862517213978483, 
        "cache-07": 4.5, 
        "cache-10": 4.5
    }, 
    "1455870680.116187": {
        "cache-03": 4.876256213791238, 
        "cache-07": 4.5, 
        "cache-10": 4.5
    }, 
    "1455870686.81553": {
        "cache-03": 4.888621313622717, 
        "cache-07": 4.5, 
        "cache-10": 4.5
    }, 
    "1455870692.430544": {
        "cache-03": 4.899749903471048, 
        "cache-07": 4.5, 
        "cache-10": 4.5
    }, 
    "1455870697.816453": {
        "cache-03": 4.909765634334546, 
        "cache-07": 4.5, 
        "cache-10": 4.5
    }, 
    "1455870703.372926": {
        "cache-03": 4.918779792111694, 
        "cache-07": 4.5, 
        "cache-10": 4.5
    }, 
    "1455870703.929548": {
        "cache-03": 4.926892534111127, 
        "cache-07": 4.5, 
        "cache-10": 4.5
    }, 
    "1455870709.773059": {
        "cache-03": 4.934194001910617, 
        "cache-07": 4.5, 
        "cache-10": 4.5
    }, 
    "1455870715.567652": {
        "cache-03": 4.940765322930158, 
        "cache-07": 4.5, 
        "cache-10": 4.5
    }, 
    "1455870721.644806": {
        "cache-03": 4.946679511847745, 
        "cache-07": 4.5, 
        "cache-10": 4.5
    }, 
    "1455870728.433353": {
        "cache-03": 4.952002281873574, 
        "cache-07": 4.5, 
        "cache-10": 4.5
    }, 
    "1455870729.4554": {
        "cache-03": 4.956792774896819, 
        "cache-07": 4.5, 
        "cache-10": 4.5
    }, 
    "1455870735.296936": {
        "cache-03": 4.96110421861774, 
        "cache-07": 4.5, 
        "cache-10": 4.5
    }, 
    "1455870741.204982": {
        "cache-03": 4.964984517966569, 
        "cache-07": 4.5, 
        "cache-10": 4.5
    }, 
    "1455870747.130575": {
        "cache-03": 4.9684767873805145, 
        "cache-07": 4.5, 
        "cache-10": 4.5
    }, 
    "1455870753.064125": {
        "cache-03": 4.971619829853066, 
        "cache-07": 4.5, 
        "cache-10": 4.5
    }, 
    "1455870753.756945": {
        "cache-03": 4.974448568078362, 
        "cache-07": 4.5, 
        "cache-10": 4.5
    }, 
    "1455870759.722531": {
        "cache-03": 4.976994432481129, 
        "cache-07": 4.5, 
        "cache-10": 4.5
    }, 
    "1455870765.349679": {
        "cache-03": 4.979285710443619, 
        "cache-07": 4.5, 
        "cache-10": 4.5
    }, 
    "1455870771.435544": {
        "cache-03": 4.981347860609859, 
        "cache-07": 4.5, 
        "cache-10": 4.5
    }, 
    "1455870777.415823": {
        "cache-03": 4.983203795759477, 
        "cache-07": 4.5, 
        "cache-10": 4.5
    }, 
    "1455870783.022758": {
        "cache-03": 4.984874137394132, 
        "cache-07": 4.5, 
        "cache-10": 4.5
    }, 
    "1455870784.232967": {
        "cache-03": 4.9863774448653215, 
        "cache-07": 4.5, 
        "cache-10": 4.5
    }, 
    "1455870790.475146": {
        "cache-03": 4.987730421589392, 
        "cache-07": 4.5, 
        "cache-10": 4.5
    }, 
    "1455870796.574844": {
        "cache-03": 4.988948100641055, 
        "cache-07": 4.5, 
        "cache-10": 4.5
    }, 
    "1455870802.573863": {
        "cache-03": 4.990044011787552, 
        "cache-07": 4.5, 
        "cache-10": 4.5
    }, 
    "1455870808.549269": {
        "cache-03": 4.9910303318194, 
        "cache-07": 4.5, 
        "cache-10": 4.5
    }, 
    "1455870809.182597": {
        "cache-03": 4.991918019848063, 
        "cache-07": 4.5, 
        "cache-10": 4.5
    }, 
    "1455870815.025684": {
        "cache-03": 4.992716939073859, 
        "cache-07": 4.5, 
        "cache-10": 4.5
    }, 
    "1455870821.264514": {
        "cache-03": 4.993435966377076, 
        "cache-07": 4.5, 
        "cache-10": 4.5
    }, 
    "1455870827.072042": {
        "cache-03": 4.994083090949971, 
        "cache-07": 4.5, 
        "cache-10": 4.5
    }, 
    "1455870832.873091": {
        "cache-03": 4.994665503065577, 
        "cache-07": 4.5, 
        "cache-10": 4.5
    }, 
    "1455870834.144351": {
        "cache-03": 4.995189673969622, 
        "cache-07": 4.5, 
        "cache-10": 4.5
    }, 
    "1455870839.83379": {
        "cache-03": 4.995661427783263, 
        "cache-07": 4.5, 
        "cache-10": 4.5
    }, 
    "1455870845.606463": {
        "cache-03": 4.99608600621554, 
        "cache-07": 4.5, 
        "cache-10": 4.5
    }, 
    "1455870852.323431": {
        "cache-03": 4.996468126804589, 
        "cache-07": 4.5, 
        "cache-10": 4.5
    }, 
    "1455870858.457884": {
        "cache-03": 4.996812035334733, 
        "cache-07": 4.5, 
        "cache-10": 4.5
    }, 
    "1455870859.295017": {
        "cache-03": 4.997121553011862, 
        "cache-07": 4.5, 
        "cache-10": 4.5
    }, 
    "1455870865.234598": {
        "cache-03": 4.997400118921279, 
        "cache-07": 4.5, 
        "cache-10": 4.5
    }, 
    "1455870871.101198": {
        "cache-03": 4.997650828239754, 
        "cache-07": 4.5, 
        "cache-10": 4.5
    }, 
    "1455870876.976368": {
        "cache-03": 4.997876466626382, 
        "cache-07": 4.5, 
        "cache-10": 4.5
    }, 
    "1455870883.360874": {
        "cache-03": 4.998079541174347, 
        "cache-07": 4.5, 
        "cache-10": 4.5
    }, 
    "1455870884.371873": {
        "cache-03": 4.998262308267515, 
        "cache-07": 4.5, 
        "cache-10": 4.5
    }, 
    "1455870890.463354": {
        "cache-03": 4.998426798651367, 
        "cache-07": 4.5, 
        "cache-10": 4.5
    }, 
    "1455870895.880968": {
        "cache-03": 4.998574839996833, 
        "cache-07": 4.5, 
        "cache-10": 4.5
    }, 
    "1455870901.660416": {
        "cache-03": 4.998708077207752, 
        "cache-07": 4.5, 
        "cache-10": 4.5
    }, 
    "1455870907.396101": {
        "cache-03": 4.998827990697579, 
        "cache-07": 4.5, 
        "cache-10": 4.5
    }, 
    "1455870915.702714": {
        "cache-03": 4.998935912838425, 
        "cache-07": 4.5, 
        "cache-10": 4.5
    }, 
    "1455870916.390193": {
        "cache-03": 4.999033042765185, 
        "cache-07": 4.5, 
        "cache-10": 4.5
    }, 
    "1455870922.205008": {
        "cache-03": 4.999120459699269, 
        "cache-07": 4.5, 
        "cache-10": 4.5
    }, 
    "1455870928.063157": {
        "cache-03": 4.999199134939945, 
        "cache-07": 4.5, 
        "cache-10": 4.5
    },