{
    "1455870630.034023": {
        "cache-05": 4.5, 
        "cache-09": 4.5, 
        "cache-12": 4.5
    }, 
    "1455870631.025392": {
        "cache-05": 4.063449599211182, 
        "cache-09": 4.5, 
        "cache-12": 4.5
    }, 
    "1455870632.649602": {
        "cache-05": 4.016342902521798, 
        "cache-09": 4.5, 
        "cache-12": 4.5
    }, 
    "1455870633.641031": {
        "cache-05": 4.079558390842823, 
        "cache-09": 4.5, 
        "cache-12": 4.5
    }, 
    "1455870637.630888": {
        "cache-05": 4.136452330331745, 
        "cache-09": 4.5, 
        "cache-12": 4.5
    }, 
    "1455870641.409253": {
        "cache-05": 4.222797818509174, 
        "cache-09": 4.5, 
        "cache-12": 4.5
    }, 
    "1455870644.226915": {
        "cache-05": 4.30050875786886, 
        "cache-09": 4.5, 
        "cache-12": 4.5
    }, 
    "1455870647.250685": {
        "cache-05": 4.370448603292577, 
        "cache-09": 4.5, 
        "cache-12": 4.5
    }, 
    "1455870649.853613": {
        "cache-05": 4.370448603292577, 
        "cache-09": 4.5499907212106026, 
        "cache-12": 4.5
    }, 
    "1455870655.568637": {
        "cache-05": 4.370448603292577, 
        "cache-09": 4.496043763194626, 
        "cache-12": 4.5
    }, 
    "1455870657.5828": {
        "cache-05": 4.370448603292577, 
        "cache-09": 4.496043763194626, 
        "cache-12": 4.409238263231733
    }, 
    "1455870665.947074": {
        "cache-05": 4.370448603292577, 
        "cache-09": 4.3624888084613165, 
        "cache-12": 4.409238263231733
    }, 
    "1455870666.385165": {
        "cache-05": 4.370448603292577, 
        "cache-09": 4.3624888084613165, 
        "cache-12": 4.327552700140292
    }, 
    "1455870677.4402": {
        "cache-05": 4.192199122835886, 
        "cache-09": 4.3624888084613165, 
        "cache-12": 4.327552700140292
    }, 
    "1455870680.765485": {
        "cache-05": 4.192199122835886, 
        "cache-09": 4.39108970618839, 
        "cache-12": 4.327552700140292
    }, 
    "1455870688.688634": {
        "cache-05": 4.192199122835886, 
        "cache-09": 4.353032849674634, 
        "cache-12": 4.327552700140292
    }, 
    "1455870694.023141": {
        "cache-05": 4.192199122835886, 
        "cache-09": 4.318781678812255, 
        "cache-12": 4.327552700140292
    }, 
    "1455870695.242455": {
        "cache-05": 4.192199122835886, 
        "cache-09": 4.318781678812255, 
        "cache-12": 4.295849544231347
    }, 
    "1455870698.094156": {
        "cache-05": 4.192199122835886, 
        "cache-09": 4.2029529325171815, 
        "cache-12": 4.295849544231347
    }, 
    "1455870704.305467": {
        "cache-05": 4.192199122835886, 
        "cache-09": 4.2029529325171815, 
        "cache-12": 4.182314011394364
    }, 
    "1455870710.169138": {
        "cache-05": 4.192199122835886, 
        "cache-09": 4.04145301913803, 
        "cache-12": 4.182314011394364
    }, 
    "1455870719.203562": {
        "cache-05": 4.08902863213845, 
        "cache-09": 4.04145301913803, 
        "cache-12": 4.182314011394364
    }, 
    "1455870723.953736": {
        "cache-05": 4.08902863213845, 
        "cache-09": 4.04145301913803, 
        "cache-12": 4.228932388828133
    }, 
    "1455870730.120684": {
        "cache-05": 4.08902863213845, 
        "cache-09": 4.04145301913803, 
        "cache-12": 4.122088571531473
    }, 
    "1455870731.032925": {
        "cache-05": 4.08902863213845, 
        "cache-09": 4.04145301913803, 
        "cache-12": 4.025929135964478
    }, 
    "1455870737.231626": {
        "cache-05": 3.996175190510758, 
        "cache-09": 4.04145301913803, 
        "cache-12": 4.025929135964478
    }, 
    "1455870740.860326": {
        "cache-05": 3.996175190510758, 
        "cache-09": 4.137298438434829, 
        "cache-12": 4.025929135964478
    }, 
    "1455870744.917326": {
        "cache-05": 3.996175190510758, 
        "cache-09": 4.12462070869643, 
        "cache-12": 4.025929135964478
    }, 
    "1455870749.085899": {
        "cache-05": 3.996175190510758, 
        "cache-09": 4.11321075193187, 
        "cache-12": 4.025929135964478
    }, 
    "1455870757.899553": {
        "cache-05": 3.996175190510758, 
        "cache-09": 4.102941790843767, 
        "cache-12": 4.025929135964478
    }, 
    "1455870762.142838": {
        "cache-05": 3.996175190510758, 
        "cache-09": 4.093699725864473, 
        "cache-12": 4.025929135964478
    }, 
    "1455870765.015234": {
        "cache-05": 3.996175190510758, 
        "cache-09": 4.085381867383109, 
        "cache-12": 4.025929135964478
    }, 
    "1455870769.965595": {
        "cache-05": 3.996175190510758, 
        "cache-09": 4.077895794749882, 
        "cache-12": 4.025929135964478
    }, 
    "1455870774.120071": {
        "cache-05": 3.996175190510758, 
        "cache-09": 4.071158329379977, 
        "cache-12": 4.025929135964478
    }, 
    "1455870781.148943": {
        "cache-05": 3.996175190510758, 
        "cache-09": 4.065094610547063, 
        "cache-12": 4.025929135964478
    }, 
    "1455870784.835768": {
        "cache-05": 3.996175190510758, 
        "cache-09": 4.05963726359744, 
        "cache-12": 4.025929135964478
    }, 
    "1455870795.213386": {
        "cache-05": 3.996175190510758, 
        "cache-09": 4.012911800469429, 
        "cache-12": 4.025929135964478
    }, 
    "1455870799.763095": {
        "cache-05": 3.996175190510758, 
        "cache-09": 4.012911800469429, 
        "cache-12": 4.024388336473114
    }, 
    "1455870801.883789": {
        "cache-05": 3.996175190510758, 
        "cache-09": 4.012911800469429, 
        "cache-12": 3.9379989244119558
    }, 
    "1455870802.995536": {
        "cache-05": 3.996175190510758, 
        "cache-09": 3.9276700420086392, 
        "cache-12": 3.9379989244119558
    }, 
    "1455870810.063488": {
        "cache-05": 3.955795934691415, 
        "cache-09": 3.9276700420086392, 
        "cache-12": 3.9379989244119558
    }, 
    "1455870812.673577": {
        "cache-05": 4.060207062432877, 
        "cache-09": 3.9276700420086392, 
        "cache-12": 3.9379989244119558
    }, 
    "1455870821.507419": {
        "cache-05": 4.154177077400192, 
        "cache-09": 3.9276700420086392, 
        "cache-12": 3.9379989244119558
    }, 
    "1455870823.957482": {
        "cache-05": 4.238750090870775, 
        "cache-09": 3.9276700420086392, 
        "cache-12": 3.9379989244119558
    }, 
    "1455870831.297035": {
        "cache-05": 4.314865802994301, 
        "cache-09": 3.9276700420086392, 
        "cache-12": 3.9379989244119558
    }, 
    "1455870835.0316": {
        "cache-05": 4.383369943905474, 
        "cache-09": 3.9276700420086392, 
        "cache-12": 3.9379989244119558
    }, 
    "1455870837.134854": {
        "cache-05": 4.445023670725529, 
        "cache-09": 3.9276700420086392, 
        "cache-12": 3.9379989244119558
    }, 
    "1455870844.396612": {
        "cache-05": 4.500512024863579, 
        "cache-09": 3.9276700420086392, 
        "cache-12": 3.9379989244119558
    }, 
    "1455870854.524359": {
        "cache-05": 4.550451543587824, 
        "cache-09": 3.9276700420086392, 
        "cache-12": 3.9379989244119558
    }, 
    "1455870858.003186": {
        "cache-05": 4.595397110439645, 
        "cache-09": 3.9276700420086392, 
        "cache-12": 3.9379989244119558
    }, 
    "1455870860.574425": {
        "cache-05": 4.635848120606283, 
        "cache-09": 3.9276700420086392, 
        "cache-12": 3.9379989244119558
    }, 
    "1455870863.518968": {
        "cache-05": 4.672254029756258, 
        "cache-09": 3.9276700420086392, 
        "cache-12": 3.9379989244119558
    }, 
    "1455870871.141243": {
        "cache-05": 4.705019347991235, 
        "cache-09": 3.9276700420086392, 
        "cache-12": 3.9379989244119558
    }, 
    "1455870873.799506": {
        "cache-05": 4.734508134402715, 
        "cache-09": 3.9276700420086392,