{
    "1455876029.355403": {
        "cache-02": 4.5, 
        "cache-08": 4.5, 
        "cache-12": 4.5
    }, 
    "1455876030.430678": {
        "cache-02": 4.063449599211182, 
        "cache-08": 4.5, 
        "cache-12": 4.5
    }, 
    "1455876031.77891": {
        "cache-02": 4.0581567533951475, 
        "cache-08": 4.5, 
        "cache-12": 4.5
    }, 
    "1455876032.657455": {
        "cache-02": 4.152331799266236, 
        "cache-08": 4.5, 
        "cache-12": 4.5
    }, 
    "1455876035.383211": {
        "cache-02": 4.237089340550215, 
        "cache-08": 4.5, 
        "cache-12": 4.5
    }, 
    "1455876037.916214": {
        "cache-02": 4.313371127705796, 
        "cache-08": 4.5, 
        "cache-12": 4.5
    }, 
    "1455876039.741759": {
        "cache-02": 4.382024736145819, 
        "cache-08": 4.5, 
        "cache-12": 4.5
    }, 
    "1455876044.992385": {
        "cache-02": 4.44381298374184, 
        "cache-08": 4.5, 
        "cache-12": 4.5
    }, 
    "1455876047.177621": {
        "cache-02": 4.44381298374184, 
        "cache-08": 4.5, 
        "cache-12": 4.5499907212106026
    }, 
    "1455876088.622122": {
        "cache-02": 4.44381298374184, 
        "cache-08": 4.5, 
        "cache-12": 4.4110410706756955
    }, 
    "1455876088.794488": {
        "cache-02": 4.44381298374184, 
        "cache-08": 4.073311048040701, 
        "cache-12": 4.4110410706756955
    }, 
    "1455876092.418128": {
        "cache-02": 4.012881284578839, 
        "cache-08": 4.073311048040701, 
        "cache-12": 4.4110410706756955
    }, 
    "1455876094.248551": {
        "cache-02": 4.012881284578839, 
        "cache-08": 4.073311048040701, 
        "cache-12": 4.37098907771321
    }, 
    "1455876096.413379": {
        "cache-02": 4.012881284578839, 
        "cache-08": 4.073311048040701, 
        "cache-12": 4.192685549814454
    }, 
    "1455876110.001632": {
        "cache-02": 4.012881284578839, 
        "cache-08": 4.073311048040701, 
        "cache-12": 3.978696420265182
    }, 
    "1455876110.244364": {
        "cache-02": 4.012881284578839, 
        "cache-08": 3.9247753231091966, 
        "cache-12": 3.978696420265182
    }, 
    "1455876114.754149": {
        "cache-02": 3.625042755332137, 
        "cache-08": 3.9247753231091966, 
        "cache-12": 3.978696420265182
    }, 
    "1455876116.208373": {
        "cache-02": 3.625042755332137, 
        "cache-08": 3.9247753231091966, 
        "cache-12": 3.9818788923437474
    }, 
    "1455876122.201921": {
        "cache-02": 3.625042755332137, 
        "cache-08": 3.9247753231091966, 
        "cache-12": 3.8424863829819387
    }, 
    "1455876123.105956": {
        "cache-02": 3.625042755332137, 
        "cache-08": 3.73757721623045, 
        "cache-12": 3.8424863829819387
    }, 
    "1455876128.167181": {
        "cache-02": 3.625042755332137, 
        "cache-08": 3.73757721623045, 
        "cache-12": 3.471687343894927
    }, 
    "1455876128.429688": {
        "cache-02": 3.625042755332137, 
        "cache-08": 3.569098920039578, 
        "cache-12": 3.471687343894927
    }, 
    "1455876233.30703": {
        "cache-02": 3.3891129531877553, 
        "cache-08": 3.569098920039578, 
        "cache-12": 3.471687343894927
    }, 
    "1455876234.574337": {
        "cache-02": 3.3891129531877553, 
        "cache-08": 3.2121890280356205, 
        "cache-12": 3.471687343894927
    }, 
    "1455876234.833458": {
        "cache-02": 3.3891129531877553, 
        "cache-08": 3.2121890280356205, 
        "cache-12": 3.1379682087166163
    }, 
    "1455876320.382667": {
        "cache-02": 3.1767761312578116, 
        "cache-08": 3.2121890280356205, 
        "cache-12": 3.1379682087166163
    }, 
    "1455876320.530075": {
        "cache-02": 3.1767761312578116, 
        "cache-08": 2.8909701252320583, 
        "cache-12": 3.1379682087166163
    }, 
    "1455876327.394262": {
        "cache-02": 2.8725481173432126, 
        "cache-08": 2.8909701252320583, 
        "cache-12": 3.1379682087166163
    }, 
    "1455876329.920205": {
        "cache-02": 2.8725481173432126, 
        "cache-08": 2.8909701252320583, 
        "cache-12": 3.225223501950038
    }, 
    "1455876332.273047": {
        "cache-02": 2.8725481173432126, 
        "cache-08": 2.8909701252320583, 
        "cache-12": 3.1614965316276002
    }, 
    "1455876334.978161": {
        "cache-02": 2.8725481173432126, 
        "cache-08": 2.8909701252320583, 
        "cache-12": 3.104142258337406
    }, 
    "1455876336.972159": {
        "cache-02": 2.8725481173432126, 
        "cache-08": 2.8909701252320583, 
        "cache-12": 3.0525234123762317
    }, 
    "1455876339.326084": {
        "cache-02": 2.8725481173432126, 
        "cache-08": 2.8909701252320583, 
        "cache-12": 3.0060664510111748
    }, 
    "1455876341.864096": {
        "cache-02": 2.8725481173432126, 
        "cache-08": 2.8909701252320583, 
        "cache-12": 2.9107392313422302
    }, 
    "1455876356.125231": {
        "cache-02": 2.8725481173432126, 
        "cache-08": 2.8909701252320583, 
        "cache-12": 2.8784606880805734
    }, 
    "1455876360.811589": {
        "cache-02": 2.8725481173432126, 
        "cache-08": 2.917922534295005, 
        "cache-12": 2.8784606880805734
    }, 
    "1455876362.075821": {
        "cache-02": 2.8725481173432126, 
        "cache-08": 2.6395798800766865, 
        "cache-12": 2.8784606880805734
    }, 
    "1455876362.396497": {
        "cache-02": 2.8725481173432126, 
        "cache-08": 2.6395798800766865, 
        "cache-12": 2.6040642184836984
    }, 
    "1455876364.414507": {
        "cache-02": 2.7118677789977235, 
        "cache-08": 2.6395798800766865, 
        "cache-12": 2.6040642184836984
    }, 
    "1455876366.374862": {
        "cache-02": 2.9406717223085543, 
        "cache-08": 2.6395798800766865, 
        "cache-12": 2.6040642184836984
    }, 
    "1455876367.780825": {
        "cache-02": 3.1465952712883016, 
        "cache-08": 2.6395798800766865, 
        "cache-12": 2.6040642184836984
    }, 
    "1455876381.557858": {
        "cache-02": 3.331926465370074, 
        "cache-08": 2.6395798800766865, 
        "cache-12": 2.6040642184836984
    }, 
    "1455876385.80574": {
        "cache-02": 3.4987245400436695, 
        "cache-08": 2.6395798800766865, 
        "cache-12": 2.6040642184836984
    }, 
    "1455876389.054002": {
        "cache-02": 3.5080903492710354, 
        "cache-08": 2.6395798800766865, 
        "cache-12": 2.6040642184836984
    }, 
    "1455876390.541343": {
        "cache-02": 3.5583334284490156, 
        "cache-08": 2.6395798800766865, 
        "cache-12": 2.6040642184836984
    }, 
    "1455876393.080861": {
        "cache-02": 3.6035521997091977, 
        "cache-08": 2.6395798800766865, 
        "cache-12": 2.6040642184836984
    }, 
    "1455876399.474133": {
        "cache-02": 3.743187700948881, 
        "cache-08": 2.6395798800766865, 
        "cache-12": 2.6040642184836984
    }, 
    "1455876406.02357": {
        "cache-02": 3.8688596520645957, 
        "cache-08": 2.6395798800766865, 
        "cache-12": 2.6040642184836984
    }, 
    "1455876409.516408": {
        "cache-02": 3.9819644080687393, 
        "cache-08": 2.6395798800766865, 
        "cache-12": 2.6040642184836984
    }, 
    "1455876416.835215": {
        "cache-02": 4.083758688472469, 
        "cache-08": 2.6395798800766865, 
        "cache-12": 2.6040642184836984
    }, 
    "1455876418.537016": {
        "cache-02": 4.175373540835825, 
        "cache-08": 2.6395798800766865, 
        "cache-12": 2.6040642184836984
    }, 
    "1455876425.489986": {
        "cache-02": 4.257826907962845, 
        "cache-08": 2.6395798800766865, 
        "cache-12": 2.6040642184836984
    }, 
    "1455876427.192813": {
        "cache-02": 4.332034938377164, 
        "cache-08": 2.6395798800766865, 
        "cache-12": 2.6040642184836984
    }, 
    "1455876433.935269": {
        "cache-02": 4.39882216575005,