{
    "1455876029.951851": {
        "cache-02": 4.5, 
        "cache-03": 4.5, 
        "cache-05": 4.5
    }, 
    "1455876030.416666": {
        "cache-02": 4.5, 
        "cache-03": 4.5, 
        "cache-05": 4.063449599211182
    }, 
    "1455876031.261423": {
        "cache-02": 4.5, 
        "cache-03": 4.5, 
        "cache-05": 3.9159000191626303
    }, 
    "1455876032.108158": {
        "cache-02": 4.5, 
        "cache-03": 4.5, 
        "cache-05": 3.925362131351451
    }, 
    "1455876033.741452": {
        "cache-02": 4.5, 
        "cache-03": 4.5, 
        "cache-05": 4.032816639426909
    }, 
    "1455876035.441975": {
        "cache-02": 4.5, 
        "cache-03": 4.5, 
        "cache-05": 4.129525696694821
    }, 
    "1455876036.780881": {
        "cache-02": 4.5, 
        "cache-03": 4.5, 
        "cache-05": 4.216563848235942
    }, 
    "1455876042.678861": {
        "cache-02": 4.5, 
        "cache-03": 4.5, 
        "cache-05": 4.294898184622951
    }, 
    "1455876048.778026": {
        "cache-02": 4.5, 
        "cache-03": 4.5499907212106026, 
        "cache-05": 4.294898184622951
    }, 
    "1455876056.013999": {
        "cache-02": 4.5, 
        "cache-03": 4.594982370300145, 
        "cache-05": 4.294898184622951
    }, 
    "1455876058.080075": {
        "cache-02": 4.5, 
        "cache-03": 4.635474854480734, 
        "cache-05": 4.294898184622951
    }, 
    "1455876064.059497": {
        "cache-02": 4.5, 
        "cache-03": 4.671918090243263, 
        "cache-05": 4.294898184622951
    }, 
    "1455876070.660638": {
        "cache-02": 4.5, 
        "cache-03": 4.70471700242954, 
        "cache-05": 4.294898184622951
    }, 
    "1455876072.763829": {
        "cache-02": 4.5, 
        "cache-03": 4.734236023397188, 
        "cache-05": 4.294898184622951
    }, 
    "1455876079.316244": {
        "cache-02": 4.5, 
        "cache-03": 4.760803142268072, 
        "cache-05": 4.294898184622951
    }, 
    "1455876088.11608": {
        "cache-02": 4.5, 
        "cache-03": 4.784713549251868, 
        "cache-05": 4.294898184622951
    }, 
    "1455876089.408826": {
        "cache-02": 4.5, 
        "cache-03": 4.806232915537284, 
        "cache-05": 4.294898184622951
    }, 
    "1455876095.251295": {
        "cache-02": 4.5, 
        "cache-03": 4.825600345194158, 
        "cache-05": 4.294898184622951
    }, 
    "1455876096.459503": {
        "cache-02": 4.5, 
        "cache-03": 4.843031031885345, 
        "cache-05": 4.294898184622951
    }, 
    "1455876102.642747": {
        "cache-02": 4.5, 
        "cache-03": 4.858718649907413, 
        "cache-05": 4.294898184622951
    }, 
    "1455876109.474215": {
        "cache-02": 4.5, 
        "cache-03": 4.872837506127275, 
        "cache-05": 4.294898184622951
    }, 
    "1455876111.323317": {
        "cache-02": 4.5, 
        "cache-03": 4.88554447672515, 
        "cache-05": 4.294898184622951
    }, 
    "1455876118.674028": {
        "cache-02": 4.5, 
        "cache-03": 4.896980750263238, 
        "cache-05": 4.294898184622951
    }, 
    "1455876127.56903": {
        "cache-02": 4.5, 
        "cache-03": 4.9072733964475175, 
        "cache-05": 4.294898184622951
    }, 
    "1455876129.80461": {
        "cache-02": 4.5, 
        "cache-03": 4.916536778013368, 
        "cache-05": 4.294898184622951
    }, 
    "1455876131.645871": {
        "cache-02": 4.5, 
        "cache-03": 4.924873821422635, 
        "cache-05": 4.294898184622951
    }, 
    "1455876139.529129": {
        "cache-02": 4.5, 
        "cache-03": 4.932377160490974, 
        "cache-05": 4.294898184622951
    }, 
    "1455876145.719007": {
        "cache-02": 4.5, 
        "cache-03": 4.93913016565248, 
        "cache-05": 4.294898184622951
    }, 
    "1455876151.722724": {
        "cache-02": 4.5, 
        "cache-03": 4.945207870297835, 
        "cache-05": 4.294898184622951
    }, 
    "1455876156.090635": {
        "cache-02": 4.5, 
        "cache-03": 4.851739197373135, 
        "cache-05": 4.294898184622951
    }, 
    "1455876156.68443": {
        "cache-02": 4.5, 
        "cache-03": 4.725803540867554, 
        "cache-05": 4.294898184622951
    }, 
    "1455876163.003762": {
        "cache-02": 4.5, 
        "cache-03": 4.569272608366951, 
        "cache-05": 4.294898184622951
    }, 
    "1455876170.326501": {
        "cache-02": 4.5, 
        "cache-03": 4.612336068740859, 
        "cache-05": 4.294898184622951
    }, 
    "1455876172.302732": {
        "cache-02": 4.5, 
        "cache-03": 4.651093183077376, 
        "cache-05": 4.294898184622951
    }, 
    "1455876178.268232": {
        "cache-02": 4.5, 
        "cache-03": 4.685974585980241, 
        "cache-05": 4.294898184622951
    }, 
    "1455876185.737255": {
        "cache-02": 4.5, 
        "cache-03": 4.717367848592819, 
        "cache-05": 4.294898184622951
    }, 
    "1455876188.405939": {
        "cache-02": 4.5, 
        "cache-03": 4.745621784944141, 
        "cache-05": 4.294898184622951
    }, 
    "1455876195.759297": {
        "cache-02": 4.5, 
        "cache-03": 4.77105032766033, 
        "cache-05": 4.294898184622951
    }, 
    "1455876197.891335": {
        "cache-02": 4.5, 
        "cache-03": 4.7939360161049, 
        "cache-05": 4.294898184622951
    }, 
    "1455876204.855443": {
        "cache-02": 4.5, 
        "cache-03": 4.8145331357050125, 
        "cache-05": 4.294898184622951
    }, 
    "1455876206.266457": {
        "cache-02": 4.5, 
        "cache-03": 4.833070543345114, 
        "cache-05": 4.294898184622951
    }, 
    "1455876213.115436": {
        "cache-02": 4.5, 
        "cache-03": 4.849754210221206, 
        "cache-05": 4.294898184622951
    }, 
    "1455876220.859875": {
        "cache-02": 4.5, 
        "cache-03": 4.864769510409688, 
        "cache-05": 4.294898184622951
    }, 
    "1455876225.752193": {
        "cache-02": 4.5, 
        "cache-03": 4.878283280579322, 
        "cache-05": 4.294898184622951
    }, 
    "1455876230.472005": {
        "cache-02": 4.5, 
        "cache-03": 4.890445673731993, 
        "cache-05": 4.294898184622951
    }, 
    "1455876233.475579": {
        "cache-02": 4.5, 
        "cache-03": 4.802453220463877, 
        "cache-05": 4.294898184622951
    }, 
    "1455876241.390954": {
        "cache-02": 4.5, 
        "cache-03": 4.6382573200036425, 
        "cache-05": 4.294898184622951
    }, 
    "1455876241.756882": {
        "cache-02": 4.5, 
        "cache-03": 4.533669851235011, 
        "cache-05": 4.294898184622951
    }, 
    "1455876250.399024": {
        "cache-02": 4.5, 
        "cache-03": 4.396352287697663, 
        "cache-05": 4.294898184622951
    }, 
    "1455876252.947776": {
        "cache-02": 4.5499907212106026, 
        "cache-03": 4.396352287697663, 
        "cache-05": 4.294898184622951
    }, 
    "1455876259.775812": {
        "cache-02": 4.594982370300145, 
        "cache-03": 4.396352287697663, 
        "cache-05": 4.294898184622951
    }, 
    "1455876261.868615": {
        "cache-02": 4.635474854480734, 
        "cache-03": 4.396352287697663, 
        "cache-05": 4.294898184622951
    }, 
    "1455876268.731251": {
        "cache-02": 4.671918090243263, 
        "cache-03": 4.396352287697663, 
        "cache-05": 4.294898184622951
    }, 
    "1455876275.576876": {
        "cache-02": 4.70471700242954, 
        "cache-03": 4.396352287697663, 
        "cache-05": 4.294898184622951
    }, 
    "1455876278.414546": {
        "cache-02": 4.734236023397188, 
        "cache-03": 4.396352287697663, 
        "cache-05": 4.294898184622951
    }, 
    "1455876285.551981": {
        "cache-02": 4.760803142268072, 
        "cache-03": 4.396352287697663, 
        "cache-05": 4.294898184622951
    }, 
    "1455876287.84235": {
        "cache-02": 4.784713549251868, 
        "cache-03": 4.396352287697663, 
        "cache-05": 4.294898184622951
    }, 
    "1455876293.683555": {
        "cache-02": 4.806232915537284,