{
    "0": {
        "cache-03": 4, 
        "cache-06": 3.25
    }, 
    "1": {
        "cache-03": 4, 
        "cache-06": 3.6552309587610323
    }, 
    "2": {
        "cache-03": 4, 
        "cache-06": 3.8578464381415483
    }, 
    "3": {
        "cache-03": 4, 
        "cache-06": 3.9591541778318065
    }, 
    "4": {
        "cache-03": 4, 
        "cache-06": 4.009808047676936
    }, 
    "5": {
        "cache-03": 4, 
        "cache-06": 4.149148599978599
    }, 
    "6": {
        "cache-03": 4, 
        "cache-06": 4.218818876129429
    }, 
    "7": {
        "cache-03": 4, 
        "cache-06": 4.2536540142048445
    }, 
    "8": {
        "cache-03": 4, 
        "cache-06": 4.271071583242552
    }, 
    "9": {
        "cache-03": 4, 
        "cache-06": 4.279780367761406
    }, 
    "10": {
        "cache-03": 4, 
        "cache-06": 4.284134760020834
    }, 
    "11": {
        "cache-03": 4, 
        "cache-06": 4.286311956150547
    }, 
    "12": {
        "cache-03": 4, 
        "cache-06": 4.287400554215404
    }, 
    "13": {
        "cache-03": 4, 
        "cache-06": 4.287944853247833
    }, 
    "14": {
        "cache-03": 4, 
        "cache-06": 4.288217002764046
    }, 
    "15": {
        "cache-03": 4, 
        "cache-06": 4.288353077522153
    }, 
    "16": {
        "cache-03": 4, 
        "cache-06": 4.288421114901206
    }, 
    "17": {
        "cache-03": 4, 
        "cache-06": 4.288455133590734
    }, 
    "18": {
        "cache-03": 4, 
        "cache-06": 4.288472142935497
    }, 
    "19": {
        "cache-03": 4, 
        "cache-06": 4.288480647607878
    }, 
    "20": {
        "cache-03": 4, 
        "cache-06": 4.28848489994407
    }, 
    "21": {
        "cache-03": 4, 
        "cache-06": 4.288487026112165
    }, 
    "22": {
        "cache-03": 4, 
        "cache-06": 4.288488089196212
    }, 
    "23": {
        "cache-03": 4, 
        "cache-06": 4.288488620738237
    }, 
    "24": {
        "cache-03": 4, 
        "cache-06": 4.288488886509249
    }, 
    "25": {
        "cache-03": 4, 
        "cache-06": 4.2884890193947545
    }, 
    "26": {
        "cache-03": 4, 
        "cache-06": 4.288489085837508
    }, 
    "27": {
        "cache-03": 4, 
        "cache-06": 4.288489119058884
    }, 
    "28": {
        "cache-03": 4, 
        "cache-06": 4.288489135669572
    }, 
    "29": {
        "cache-03": 4, 
        "cache-06": 4.288489143974916
    }, 
    "30": {
        "cache-03": 4, 
        "cache-06": 4.288489148127589
    }, 
    "31": {
        "cache-03": 4, 
        "cache-06": 4.288489150203924
    }, 
    "32": {
        "cache-03": 4, 
        "cache-06": 4.288489151242093
    }, 
    "33": {
        "cache-03": 4, 
        "cache-06": 4.288489151761176
    }, 
    "34": {
        "cache-03": 4, 
        "cache-06": 4.288489152020718
    }, 
    "35": {
        "cache-03": 4, 
        "cache-06": 4.28848915215049
    }, 
    "36": {
        "cache-03": 4, 
        "cache-06": 4.288489152215375
    }, 
    "37": {
        "cache-03": 4, 
        "cache-06": 4.288489152247818
    }, 
    "38": {
        "cache-03": 4, 
        "cache-06": 4.28848915226404
    }, 
    "39": {
        "cache-03": 4, 
        "cache-06": 4.288489152272151
    }, 
    "40": {
        "cache-03": 4, 
        "cache-06": 4.288489152276206
    }, 
    "41": {
        "cache-03": 4, 
        "cache-06": 4.288489152278233
    }, 
    "42": {
        "cache-03": 4, 
        "cache-06": 4.288489152279247
    }, 
    "43": {
        "cache-03": 4, 
        "cache-06": 4.2884891522797535
    }, 
    "44": {
        "cache-03": 4, 
        "cache-06": 4.2884891522800075
    }, 
    "45": {
        "cache-03": 4, 
        "cache-06": 4.288489152280134
    }, 
    "46": {
        "cache-03": 4, 
        "cache-06": 4.288489152280198
    }, 
    "47": {
        "cache-03": 4, 
        "cache-06": 4.2884891522802295
    }, 
    "48": {
        "cache-03": 4, 
        "cache-06": 4.2884891522802455
    }, 
    "49": {
        "cache-03": 4, 
        "cache-06": 4.288489152280253
    }, 
    "50": {
        "cache-03": 4, 
        "cache-06": 4.288489152280256
    }, 
    "51": {
        "cache-03": 4, 
        "cache-06": 4.288489152280258
    }, 
    "52": {
        "cache-03": 4, 
        "cache-06": 4.28848915228026
    }, 
    "53": {
        "cache-03": 4, 
        "cache-06": 4.28848915228026
    }, 
    "54": {
        "cache-03": 4, 
        "cache-06": 4.28848915228026
    }, 
    "55": {
        "cache-03": 4, 
        "cache-06": 4.28848915228026
    }, 
    "56": {
        "cache-03": 4, 
        "cache-06": 4.28848915228026
    }, 
    "57": {
        "cache-03": 4, 
        "cache-06": 4.28848915228026
    }, 
    "58": {
        "cache-03": 4, 
        "cache-06": 4.28848915228026
    }, 
    "59": {
        "cache-03": 4, 
        "cache-06": 4.28848915228026
    }, 
    "60": {
        "cache-03": 4, 
        "cache-06": 4.28848915228026
    }, 
    "61": {
        "cache-03": 4, 
        "cache-06": 4.28848915228026
    }, 
    "62": {
        "cache-03": 4, 
        "cache-06": 4.28848915228026
    }, 
    "63": {
        "cache-03": 4, 
        "cache-06": 4.28848915228026
    }, 
    "64": {
        "cache-03": 4, 
        "cache-06": 4.28848915228026
    }, 
    "65": {
        "cache-03": 4, 
        "cache-06": 4.28848915228026
    }, 
    "66": {
        "cache-03": 4, 
        "cache-06": 4.28848915228026
    }, 
    "67": {
        "cache-03": 4, 
        "cache-06": 4.0013822722880565
    }, 
    "68": {
        "cache-03": 4, 
        "cache-06": 4.03092209490506
    }, 
    "69": {
        "cache-03": 4, 
        "cache-06": 4.045692006213562
    }, 
    "70": {
        "cache-03": 4, 
        "cache-06": 4.053076961867813
    }, 
    "71": {
        "cache-03": 4, 
        "cache-06": 4.056769439694939
    }, 
    "72": {
        "cache-03": 4, 
        "cache-06": 4.058615678608502
    }, 
    "73": {
        "cache-03": 4, 
        "cache-06": 4.173552415444382
    }, 
    "74": {
        "cache-03": 4, 
        "cache-06": 4.231020783862322
    }, 
    "75": {
        "cache-03": 4, 
        "cache-06": 4.259754968071292
    }, 
    "76": {
        "cache-03": 4, 
        "cache-06": 4.274122060175776
    }, 
    "77": {
        "cache-03": 4, 
        "cache-06": 4.281305606228019
    }, 
    "78": {
        "cache-03": 4, 
        "cache-06": 4.28489737925414
    }, 
    "79": {
        "cache-03": 4, 
        "cache-06": 4.2866932657672
    }, 
    "80": {
        "cache-03": 4, 
        "cache-06": 4.287591209023731
    }, 
    "81": {
        "cache-03": 4, 
        "cache-06": 4.288040180651995
    }, 
    "82": {
        "cache-03": 4, 
        "cache-06": 4.288264666466128
    }, 
    "83": {
        "cache-03": 4, 
        "cache-06": 4.288376909373195
    }, 
    "84": {
        "cache-03": 4, 
        "cache-06": 4.288433030826727
    }, 
    "85": {
        "cache-03": 4, 
        "cache-06": 4.2884610915534935
    }, 
    "86": {
        "cache-03": 4, 
        "cache-06": 4.288475121916877
    }, 
    "87": {
        "cache-03": 4, 
        "cache-06": 4.288482137098569
    }, 
    "88": {
        "cache-03": 4, 
        "cache-06": 4.288485644689414
    }, 
    "89": {
        "cache-03": 4, 
        "cache-06": 4.288487398484838
    }, 
    "90": {
        "cache-03": 4, 
        "cache-06": 4.28848827538255
    }, 
    "91": {
        "cache-03": 4, 
        "cache-06": 4.288488713831406
    }, 
    "92": {
        "cache-03": 4, 
        "cache-06": 4.288488933055833
    }, 
    "93": {
        "cache-03": 4, 
        "cache-06": 4.288489042668047
    }, 
    "94": {
        "cache-03": 4, 
        "cache-06": 4.288489097474153
    }, 
    "95": {
        "cache-03": 4, 
        "cache-06": 4.2884891248772075
    }, 
    "96": {
        "cache-03": 4, 
        "cache-06": 4.2884891385787345
    }, 
    "97": {
        "cache-03": 4,