{
    "0": {
        "cache-09": 4, 
        "cache-10": 3.75
    }, 
    "1": {
        "cache-09": 4, 
        "cache-10": 3.3598729221327375
    }, 
    "2": {
        "cache-09": 4, 
        "cache-10": 3.164809383199106
    }, 
    "3": {
        "cache-09": 4, 
        "cache-10": 3.4395423877474793
    }, 
    "4": {
        "cache-09": 4, 
        "cache-10": 3.5769088900216657
    }, 
    "5": {
        "cache-09": 4, 
        "cache-10": 3.818685403771865
    }, 
    "6": {
        "cache-09": 4.030230958761033, 
        "cache-10": 3.818685403771865
    }, 
    "7": {
        "cache-09": 4.045346438141548, 
        "cache-10": 3.818685403771865
    }, 
    "8": {
        "cache-09": 3.8798109152187004, 
        "cache-10": 3.818685403771865
    }, 
    "9": {
        "cache-09": 3.7970431537572766, 
        "cache-10": 3.818685403771865
    }, 
    "10": {
        "cache-09": 3.7970431537572766, 
        "cache-10": 3.939573660646965
    }, 
    "11": {
        "cache-09": 3.7970431537572766, 
        "cache-10": 4.114031406463613
    }, 
    "12": {
        "cache-09": 3.7970431537572766, 
        "cache-10": 4.087246661992839
    }, 
    "13": {
        "cache-09": 3.7970431537572766, 
        "cache-10": 4.18786790713655
    }, 
    "14": {
        "cache-09": 3.7970431537572766, 
        "cache-10": 4.124164912329308
    }, 
    "15": {
        "cache-09": 3.7970431537572766, 
        "cache-10": 3.91922015231258
    }, 
    "16": {
        "cache-09": 3.7970431537572766, 
        "cache-10": 4.207333224246838
    }, 
    "17": {
        "cache-09": 3.7970431537572766, 
        "cache-10": 4.247911188263549
    }, 
    "18": {
        "cache-09": 3.7970431537572766, 
        "cache-10": 4.154186552892806
    }, 
    "19": {
        "cache-09": 3.7970431537572766, 
        "cache-10": 4.107324235207436
    }, 
    "20": {
        "cache-09": 3.7970431537572766, 
        "cache-10": 4.083893076364751
    }, 
    "21": {
        "cache-09": 3.7970431537572766, 
        "cache-10": 4.072177496943407
    }, 
    "22": {
        "cache-09": 3.7970431537572766, 
        "cache-10": 4.066319707232736
    }, 
    "23": {
        "cache-09": 3.7970431537572766, 
        "cache-10": 4.177404429756498
    }, 
    "24": {
        "cache-09": 3.7970431537572766, 
        "cache-10": 4.336425362968797
    }, 
    "25": {
        "cache-09": 3.7970431537572766, 
        "cache-10": 4.312457257624529
    }, 
    "26": {
        "cache-09": 3.7970431537572766, 
        "cache-10": 4.300473204952395
    }, 
    "27": {
        "cache-09": 3.7970431537572766, 
        "cache-10": 4.007374298624123
    }, 
    "28": {
        "cache-09": 3.7970431537572766, 
        "cache-10": 3.860824845459988
    }, 
    "29": {
        "cache-09": 3.7970431537572766, 
        "cache-10": 3.9606433814910265
    }, 
    "30": {
        "cache-09": 3.7970431537572766, 
        "cache-10": 4.124566266885644
    }, 
    "31": {
        "cache-09": 3.7970431537572766, 
        "cache-10": 4.206527709582952
    }, 
    "32": {
        "cache-09": 3.7970431537572766, 
        "cache-10": 4.133494813552508
    }, 
    "33": {
        "cache-09": 3.7970431537572766, 
        "cache-10": 4.314470554866802
    }, 
    "34": {
        "cache-09": 3.7970431537572766, 
        "cache-10": 4.3014798535735315
    }, 
    "35": {
        "cache-09": 3.7970431537572766, 
        "cache-10": 4.180970885547798
    }, 
    "36": {
        "cache-09": 3.7970431537572766, 
        "cache-10": 4.120716401534931
    }, 
    "37": {
        "cache-09": 3.7970431537572766, 
        "cache-10": 4.090589159528498
    }, 
    "38": {
        "cache-09": 3.7970431537572766, 
        "cache-10": 4.075525538525282
    }, 
    "39": {
        "cache-09": 3.7970431537572766, 
        "cache-10": 4.067993728023673
    }, 
    "40": {
        "cache-09": 3.7970431537572766, 
        "cache-10": 4.064227822772869
    }, 
    "41": {
        "cache-09": 3.7970431537572766, 
        "cache-10": 4.279837059476983
    }, 
    "42": {
        "cache-09": 3.7970431537572766, 
        "cache-10": 4.3876416778290395
    }, 
    "43": {
        "cache-09": 3.7970431537572766, 
        "cache-10": 4.3380654150546505
    }, 
    "44": {
        "cache-09": 3.7970431537572766, 
        "cache-10": 4.199263666288358
    }, 
    "45": {
        "cache-09": 3.7970431537572766, 
        "cache-10": 4.5021275659204
    }, 
    "46": {
        "cache-09": 3.7970431537572766, 
        "cache-10": 4.39530835910033
    }, 
    "47": {
        "cache-09": 3.7970431537572766, 
        "cache-10": 4.341898755690295
    }, 
    "48": {
        "cache-09": 3.7970431537572766, 
        "cache-10": 4.20118033660618
    }, 
    "49": {
        "cache-09": 3.7970431537572766, 
        "cache-10": 4.244834744443221
    }, 
    "50": {
        "cache-09": 3.7970431537572766, 
        "cache-10": 4.370140520312159
    }, 
    "51": {
        "cache-09": 3.7970431537572766, 
        "cache-10": 4.215301218917112
    }, 
    "52": {
        "cache-09": 3.7970431537572766, 
        "cache-10": 4.251895185598686
    }, 
    "53": {
        "cache-09": 3.7970431537572766, 
        "cache-10": 4.373670740889891
    }, 
    "54": {
        "cache-09": 3.7970431537572766, 
        "cache-10": 4.331079946585076
    }, 
    "55": {
        "cache-09": 3.7970431537572766, 
        "cache-10": 4.19577093205357
    }, 
    "56": {
        "cache-09": 3.7970431537572766, 
        "cache-10": 3.955023162174711
    }, 
    "57": {
        "cache-09": 3.7970431537572766, 
        "cache-10": 3.8346492772352816
    }, 
    "58": {
        "cache-09": 3.7970431537572766, 
        "cache-10": 4.319820371393861
    }, 
    "59": {
        "cache-09": 3.7970431537572766, 
        "cache-10": 4.3041547618370615
    }, 
    "60": {
        "cache-09": 3.7970431537572766, 
        "cache-10": 4.1823083396795635
    }, 
    "61": {
        "cache-09": 3.7970431537572766, 
        "cache-10": 4.2353987459799125
    }, 
    "62": {
        "cache-09": 3.7970431537572766, 
        "cache-10": 4.520195105766177
    }, 
    "63": {
        "cache-09": 3.7970431537572766, 
        "cache-10": 4.66259328565931
    }, 
    "64": {
        "cache-09": 3.7970431537572766, 
        "cache-10": 4.361527601590687
    }, 
    "65": {
        "cache-09": 3.7970431537572766, 
        "cache-10": 4.3250083769354735
    }, 
    "66": {
        "cache-09": 3.7970431537572766, 
        "cache-10": 4.3067487646078675
    }, 
    "67": {
        "cache-09": 3.7970431537572766, 
        "cache-10": 4.297618958444064
    }, 
    "68": {
        "cache-09": 3.7970431537572766, 
        "cache-10": 4.179040437983064
    }, 
    "69": {
        "cache-09": 3.7970431537572766, 
        "cache-10": 3.946657915139458
    }, 
    "70": {
        "cache-09": 3.7970431537572766, 
        "cache-10": 4.11757353370986
    }, 
    "71": {
        "cache-09": 3.7970431537572766, 
        "cache-10": 4.20303134299506
    }, 
    "72": {
        "cache-09": 3.7970431537572766, 
        "cache-10": 4.24576024763766
    }, 
    "73": {
        "cache-09": 3.7970431537572766, 
        "cache-10": 4.153111082579862
    }, 
    "74": {
        "cache-09": 3.7970431537572766, 
        "cache-10": 4.220800117430061
    }, 
    "75": {
        "cache-09": 3.7970431537572766, 
        "cache-10": 4.254644634855161
    }, 
    "76": {
        "cache-09": 3.7970431537572766, 
        "cache-10": 4.157553276188613
    }, 
    "77": {
        "cache-09": 3.7970431537572766, 
        "cache-10": 4.109007596855339
    }, 
    "78": {
        "cache-09": 3.7970431537572766, 
        "cache-10": 3.9116414945755955
    }, 
    "79": {
        "cache-09": 3.7970431537572766, 
        "cache-10": 4.358316480064019
    }, 
    "80": {
        "cache-09": 3.7970431537572766, 
        "cache-10": 4.323402816172139
    }, 
    "81": {
        "cache-09": 3.7970431537572766, 
        "cache-10": 4.191932366847102
    },