{
    "0": {
        "cache-13": 4, 
        "cache-14": 3.75
    }, 
    "1": {
        "cache-13": 4, 
        "cache-14": 4.122723148090548
    }, 
    "2": {
        "cache-13": 4, 
        "cache-14": 4.561338377071781
    }, 
    "3": {
        "cache-13": 4, 
        "cache-14": 4.780645991562398
    }, 
    "4": {
        "cache-13": 4, 
        "cache-14": 4.890299798807707
    }, 
    "5": {
        "cache-13": 4, 
        "cache-14": 4.945126702430361
    }, 
    "6": {
        "cache-13": 4, 
        "cache-14": 4.972540154241688
    }, 
    "7": {
        "cache-13": 4, 
        "cache-14": 4.986246880147352
    }, 
    "8": {
        "cache-13": 4, 
        "cache-14": 4.993100243100184
    }, 
    "9": {
        "cache-13": 4, 
        "cache-14": 4.9965269245765995
    }, 
    "10": {
        "cache-13": 4, 
        "cache-14": 4.9982402653148075
    }, 
    "11": {
        "cache-13": 4, 
        "cache-14": 4.999096935683911
    }, 
    "12": {
        "cache-13": 4, 
        "cache-14": 4.999525270868462
    }, 
    "13": {
        "cache-13": 4, 
        "cache-14": 4.999739438460738
    }, 
    "14": {
        "cache-13": 4, 
        "cache-14": 4.999846522256876
    }, 
    "15": {
        "cache-13": 4, 
        "cache-14": 4.999900064154945
    }, 
    "16": {
        "cache-13": 4, 
        "cache-14": 4.999926835103979
    }, 
    "17": {
        "cache-13": 4, 
        "cache-14": 4.999940220578496
    }, 
    "18": {
        "cache-13": 4, 
        "cache-14": 4.999946913315755
    }, 
    "19": {
        "cache-13": 4, 
        "cache-14": 4.999950259684384
    }, 
    "20": {
        "cache-13": 4, 
        "cache-14": 4.999951932868699
    }, 
    "21": {
        "cache-13": 4, 
        "cache-14": 4.999952769460856
    }, 
    "22": {
        "cache-13": 4, 
        "cache-14": 4.902472117506649
    }, 
    "23": {
        "cache-13": 4, 
        "cache-14": 4.698959206843873
    }, 
    "24": {
        "cache-13": 4, 
        "cache-14": 4.849456406448444
    }, 
    "25": {
        "cache-13": 4, 
        "cache-14": 4.827223936000443
    }, 
    "26": {
        "cache-13": 4, 
        "cache-14": 4.816107700776443
    }, 
    "27": {
        "cache-13": 4, 
        "cache-14": 4.655776998478769
    }, 
    "28": {
        "cache-13": 4, 
        "cache-14": 4.730384232015606
    }, 
    "29": {
        "cache-13": 4, 
        "cache-14": 4.865168919034311
    }, 
    "30": {
        "cache-13": 4, 
        "cache-14": 4.835080192293376
    }, 
    "31": {
        "cache-13": 4, 
        "cache-14": 4.9175168991731955
    }, 
    "32": {
        "cache-13": 4, 
        "cache-14": 4.9587352526131045
    }, 
    "33": {
        "cache-13": 4, 
        "cache-14": 4.979344429333059
    }, 
    "34": {
        "cache-13": 4, 
        "cache-14": 4.989649017693036
    }, 
    "35": {
        "cache-13": 4, 
        "cache-14": 4.994801311873026
    }, 
    "36": {
        "cache-13": 4, 
        "cache-14": 4.899896388712734
    }, 
    "37": {
        "cache-13": 4, 
        "cache-14": 4.949924997382874
    }, 
    "38": {
        "cache-13": 4, 
        "cache-14": 4.974939301717944
    }, 
    "39": {
        "cache-13": 4, 
        "cache-14": 4.889965383635193
    }, 
    "40": {
        "cache-13": 4, 
        "cache-14": 4.847478424593818
    }, 
    "41": {
        "cache-13": 4, 
        "cache-14": 4.82623494507313
    }, 
    "42": {
        "cache-13": 4, 
        "cache-14": 4.913094275563072
    }, 
    "43": {
        "cache-13": 4, 
        "cache-14": 4.859042870557757
    }, 
    "44": {
        "cache-13": 4, 
        "cache-14": 4.832017168055099
    }, 
    "45": {
        "cache-13": 4, 
        "cache-14": 4.818504316803771
    }, 
    "46": {
        "cache-13": 4, 
        "cache-14": 4.909228961428393
    }, 
    "47": {
        "cache-13": 4, 
        "cache-14": 4.954591283740704
    }, 
    "48": {
        "cache-13": 4, 
        "cache-14": 4.879791374646572
    }, 
    "49": {
        "cache-13": 4, 
        "cache-14": 4.842391420099507
    }, 
    "50": {
        "cache-13": 4, 
        "cache-14": 4.921172513076261
    }, 
    "51": {
        "cache-13": 4, 
        "cache-14": 4.960563059564638
    }, 
    "52": {
        "cache-13": 4, 
        "cache-14": 4.88277726255854
    }, 
    "53": {
        "cache-13": 4, 
        "cache-14": 4.843884364055491
    }, 
    "54": {
        "cache-13": 4, 
        "cache-14": 4.824437914803966
    }, 
    "55": {
        "cache-13": 4, 
        "cache-14": 4.814714690178205
    }, 
    "56": {
        "cache-13": 4, 
        "cache-14": 4.551601921229233
    }, 
    "57": {
        "cache-13": 4, 
        "cache-14": 4.420045536754747
    }, 
    "58": {
        "cache-13": 4, 
        "cache-14": 4.7099995714038805
    }, 
    "59": {
        "cache-13": 4, 
        "cache-14": 4.854976588728448
    }, 
    "60": {
        "cache-13": 4, 
        "cache-14": 4.829984027140445
    }, 
    "61": {
        "cache-13": 4, 
        "cache-14": 4.817487746346444
    }, 
    "62": {
        "cache-13": 4, 
        "cache-14": 4.90872067619973
    }, 
    "63": {
        "cache-13": 4, 
        "cache-14": 4.856856070876086
    }, 
    "64": {
        "cache-13": 4, 
        "cache-14": 4.830923768214264
    }, 
    "65": {
        "cache-13": 4, 
        "cache-14": 4.66318503219768
    }, 
    "66": {
        "cache-13": 4, 
        "cache-14": 4.579315664189389
    }, 
    "67": {
        "cache-13": 4, 
        "cache-14": 4.692153564870916
    }, 
    "68": {
        "cache-13": 4, 
        "cache-14": 4.748572515211679
    }, 
    "69": {
        "cache-13": 4, 
        "cache-14": 4.7767819903820605
    }, 
    "70": {
        "cache-13": 4, 
        "cache-14": 4.790886727967251
    }, 
    "71": {
        "cache-13": 4, 
        "cache-14": 4.895420167010133
    }, 
    "72": {
        "cache-13": 4, 
        "cache-14": 4.695433231595615
    }, 
    "73": {
        "cache-13": 4, 
        "cache-14": 4.595439763888356
    }, 
    "74": {
        "cache-13": 4, 
        "cache-14": 4.700215614720399
    }, 
    "75": {
        "cache-13": 4, 
        "cache-14": 4.850084610386707
    }, 
    "76": {
        "cache-13": 4, 
        "cache-14": 4.92501910821986
    }, 
    "77": {
        "cache-13": 4, 
        "cache-14": 4.962486357136438
    }, 
    "78": {
        "cache-13": 4, 
        "cache-14": 4.88373891134444
    }, 
    "79": {
        "cache-13": 4, 
        "cache-14": 4.941846258698727
    }, 
    "80": {
        "cache-13": 4, 
        "cache-14": 4.970899932375871
    }, 
    "81": {
        "cache-13": 4, 
        "cache-14": 4.985426769214443
    }, 
    "82": {
        "cache-13": 4, 
        "cache-14": 4.992690187633729
    }, 
    "83": {
        "cache-13": 4, 
        "cache-14": 4.996321896843371
    }, 
    "84": {
        "cache-13": 4, 
        "cache-14": 4.998137751448192
    }, 
    "85": {
        "cache-13": 4, 
        "cache-14": 4.901564608500317
    }, 
    "86": {
        "cache-13": 4, 
        "cache-14": 4.85327803702638
    }, 
    "87": {
        "cache-13": 4, 
        "cache-14": 4.926615821539697
    }, 
    "88": {
        "cache-13": 4, 
        "cache-14": 4.963284713796355
    }, 
    "89": {
        "cache-13": 4, 
        "cache-14": 4.884138089674399
    }, 
    "90": {
        "cache-13": 4, 
        "cache-14": 4.844564777613421
    }, 
    "91": {
        "cache-13": 4, 
        "cache-14": 4.922259191833218
    }, 
    "92": {
        "cache-13": 4, 
        "cache-14": 4.961106398943116
    }, 
    "93": {
        "cache-13": 4, 
        "cache-14": 4.980530002498066
    }, 
    "94": {
        "cache-13": 4, 
        "cache-14": 4.737988149339581
    }, 
    "95": {
        "cache-13": 4, 
        "cache-14": 4.868970877696298
    }, 
    "96": {
        "cache-13": 4, 
        "cache-14": 4.934462241874656
    }, 
    "97": {
        "cache-13": 4,