{
    "0": {
        "cache-07": 2.719093159739997, 
        "cache-08": 4.492631835212381
    }, 
    "1": {
        "cache-07": 2.719093159739997, 
        "cache-08": 4.492631835212381
    }, 
    "2": {
        "cache-07": 2.719093159739997, 
        "cache-08": 4.492631835212381
    }, 
    "3": {
        "cache-07": 2.719093159739997, 
        "cache-08": 4.492631835212381
    }, 
    "4": {
        "cache-07": 2.719093159739997, 
        "cache-08": 4.492631835212381
    }, 
    "5": {
        "cache-07": 2.719093159739997, 
        "cache-08": 4.492631835212381
    }, 
    "6": {
        "cache-07": 2.719093159739997, 
        "cache-08": 4.492631835212381
    }, 
    "7": {
        "cache-07": 2.719093159739997, 
        "cache-08": 4.492631835212381
    }, 
    "8": {
        "cache-07": 2.719093159739997, 
        "cache-08": 4.492631835212381
    }, 
    "9": {
        "cache-07": 2.719093159739997, 
        "cache-08": 4.492631835212381
    }, 
    "10": {
        "cache-07": 2.719093159739997, 
        "cache-08": 4.492631835212381
    }, 
    "11": {
        "cache-07": 2.7190931597399985, 
        "cache-08": 4.482094332782788
    }, 
    "12": {
        "cache-07": 2.7190931597399985, 
        "cache-08": 4.482094332782788
    }, 
    "13": {
        "cache-07": 2.7190931597399985, 
        "cache-08": 4.482094332782788
    }, 
    "14": {
        "cache-07": 2.7190931597399985, 
        "cache-08": 4.482094332782788
    }, 
    "15": {
        "cache-07": 2.7190931597399985, 
        "cache-08": 4.482094332782788
    }, 
    "16": {
        "cache-07": 2.7190931597399985, 
        "cache-08": 4.482094332782788
    }, 
    "17": {
        "cache-07": 2.7190931597399985, 
        "cache-08": 4.482094332782788
    }, 
    "18": {
        "cache-07": 2.7190931597399985, 
        "cache-08": 4.482094332782788
    }, 
    "19": {
        "cache-07": 2.7190931597399985, 
        "cache-08": 4.482094332782788
    }, 
    "20": {
        "cache-07": 2.7190931597399985, 
        "cache-08": 4.482094332782788
    }, 
    "21": {
        "cache-07": 2.7190931597399994, 
        "cache-08": 4.742292077057759
    }, 
    "22": {
        "cache-07": 2.7190931597399994, 
        "cache-08": 4.742292077057759
    }, 
    "23": {
        "cache-07": 2.7190931597399994, 
        "cache-08": 4.742292077057759
    }, 
    "24": {
        "cache-07": 2.7190931597399994, 
        "cache-08": 4.742292077057759
    }, 
    "25": {
        "cache-07": 2.7190931597399994, 
        "cache-08": 4.742292077057759
    }, 
    "26": {
        "cache-07": 2.7190931597399994, 
        "cache-08": 4.742292077057759
    }, 
    "27": {
        "cache-07": 2.7190931597399994, 
        "cache-08": 4.742292077057759
    }, 
    "28": {
        "cache-07": 2.7190931597399994, 
        "cache-08": 4.742292077057759
    }, 
    "29": {
        "cache-07": 2.7190931597399994, 
        "cache-08": 4.742292077057759
    }, 
    "30": {
        "cache-07": 2.7190931597399994, 
        "cache-08": 4.742292077057759
    }, 
    "31": {
        "cache-07": 2.71909315974, 
        "cache-08": 4.414174638899933
    }, 
    "32": {
        "cache-07": 2.71909315974, 
        "cache-08": 4.414174638899933
    }, 
    "33": {
        "cache-07": 2.71909315974, 
        "cache-08": 4.414174638899933
    }, 
    "34": {
        "cache-07": 2.71909315974, 
        "cache-08": 4.414174638899933
    }, 
    "35": {
        "cache-07": 2.71909315974, 
        "cache-08": 4.414174638899933
    }, 
    "36": {
        "cache-07": 2.71909315974, 
        "cache-08": 4.414174638899933
    }, 
    "37": {
        "cache-07": 2.71909315974, 
        "cache-08": 4.414174638899933
    }, 
    "38": {
        "cache-07": 2.71909315974, 
        "cache-08": 4.414174638899933
    }, 
    "39": {
        "cache-07": 2.71909315974, 
        "cache-08": 4.414174638899933
    }, 
    "40": {
        "cache-07": 2.71909315974, 
        "cache-08": 4.414174638899933
    }, 
    "41": {
        "cache-07": 2.71909315974, 
        "cache-08": 3.5885573023958397
    }, 
    "42": {
        "cache-07": 2.71909315974, 
        "cache-08": 3.5885573023958397
    }, 
    "43": {
        "cache-07": 2.71909315974, 
        "cache-08": 3.5885573023958397
    }, 
    "44": {
        "cache-07": 2.71909315974, 
        "cache-08": 3.5885573023958397
    }, 
    "45": {
        "cache-07": 2.71909315974, 
        "cache-08": 3.5885573023958397
    }, 
    "46": {
        "cache-07": 2.71909315974, 
        "cache-08": 3.5885573023958397
    }, 
    "47": {
        "cache-07": 2.71909315974, 
        "cache-08": 3.5885573023958397
    }, 
    "48": {
        "cache-07": 2.71909315974, 
        "cache-08": 3.5885573023958397
    }, 
    "49": {
        "cache-07": 2.71909315974, 
        "cache-08": 3.5885573023958397
    }, 
    "50": {
        "cache-07": 2.71909315974, 
        "cache-08": 3.5885573023958397
    }, 
    "51": {
        "cache-07": 2.7189076282073192, 
        "cache-08": 3.038371999092664
    }, 
    "52": {
        "cache-07": 2.7189076282073192, 
        "cache-08": 3.038371999092664
    }, 
    "53": {
        "cache-07": 2.7189076282073192, 
        "cache-08": 3.038371999092664
    }, 
    "54": {
        "cache-07": 2.7189076282073192, 
        "cache-08": 3.038371999092664
    }, 
    "55": {
        "cache-07": 2.7189076282073192, 
        "cache-08": 3.038371999092664
    }, 
    "56": {
        "cache-07": 2.7189076282073192, 
        "cache-08": 3.038371999092664
    }, 
    "57": {
        "cache-07": 2.7189076282073192, 
        "cache-08": 3.038371999092664
    }, 
    "58": {
        "cache-07": 2.7189076282073192, 
        "cache-08": 3.038371999092664
    }, 
    "59": {
        "cache-07": 2.7189076282073192, 
        "cache-08": 3.038371999092664
    }, 
    "60": {
        "cache-07": 2.7189076282073192, 
        "cache-08": 3.038371999092664
    }, 
    "61": {
        "cache-07": 2.738741127129495, 
        "cache-08": 3.6661164422031214
    }, 
    "62": {
        "cache-07": 2.738741127129495, 
        "cache-08": 3.6661164422031214
    }, 
    "63": {
        "cache-07": 2.738741127129495, 
        "cache-08": 3.6661164422031214
    }, 
    "64": {
        "cache-07": 2.738741127129495, 
        "cache-08": 3.6661164422031214
    }, 
    "65": {
        "cache-07": 2.738741127129495, 
        "cache-08": 3.6661164422031214
    }, 
    "66": {
        "cache-07": 2.738741127129495, 
        "cache-08": 3.6661164422031214
    }, 
    "67": {
        "cache-07": 2.738741127129495, 
        "cache-08": 3.6661164422031214
    }, 
    "68": {
        "cache-07": 2.738741127129495, 
        "cache-08": 3.6661164422031214
    }, 
    "69": {
        "cache-07": 2.738741127129495, 
        "cache-08": 3.6661164422031214
    }, 
    "70": {
        "cache-07": 2.738741127129495, 
        "cache-08": 3.6661164422031214
    }, 
    "71": {
        "cache-07": 2.775494445064317, 
        "cache-08": 3.3922044531667126
    }, 
    "72": {
        "cache-07": 2.775494445064317, 
        "cache-08": 3.3922044531667126
    }, 
    "73": {
        "cache-07": 2.775494445064317, 
        "cache-08": 3.3922044531667126
    }, 
    "74": {
        "cache-07": 2.775494445064317, 
        "cache-08": 3.3922044531667126
    }, 
    "75": {
        "cache-07": 2.775494445064317, 
        "cache-08": 3.3922044531667126
    }, 
    "76": {
        "cache-07": 2.775494445064317, 
        "cache-08": 3.3922044531667126
    }, 
    "77": {
        "cache-07": 2.775494445064317, 
        "cache-08": 3.3922044531667126
    }, 
    "78": {
        "cache-07": 2.775494445064317, 
        "cache-08": 3.3922044531667126
    }, 
    "79": {
        "cache-07": 2.775494445064317, 
        "cache-08": 3.3922044531667126
    }, 
    "80": {
        "cache-07": 2.775494445064317, 
        "cache-08": 3.3922044531667126
    }, 
    "81": {
        "cache-07": 2.7805883448022986,