{
    "0": {
        "cache-11": 4.996907530577694, 
        "cache-12": 1.55222283644
    }, 
    "1": {
        "cache-11": 4.996907530577694, 
        "cache-12": 1.55222283644
    }, 
    "2": {
        "cache-11": 4.996907530577694, 
        "cache-12": 1.55222283644
    }, 
    "3": {
        "cache-11": 4.996907530577694, 
        "cache-12": 1.55222283644
    }, 
    "4": {
        "cache-11": 4.996907530577694, 
        "cache-12": 1.55222283644
    }, 
    "5": {
        "cache-11": 4.996907530577694, 
        "cache-12": 1.55222283644
    }, 
    "6": {
        "cache-11": 4.996907530577694, 
        "cache-12": 1.55222283644
    }, 
    "7": {
        "cache-11": 4.996907530577694, 
        "cache-12": 1.55222283644
    }, 
    "8": {
        "cache-11": 4.996907530577694, 
        "cache-12": 1.55222283644
    }, 
    "9": {
        "cache-11": 4.996907530577694, 
        "cache-12": 1.55222283644
    }, 
    "10": {
        "cache-11": 4.996907530577694, 
        "cache-12": 1.55222283644
    }, 
    "11": {
        "cache-11": 4.363799255194696, 
        "cache-12": 1.55222283644
    }, 
    "12": {
        "cache-11": 4.363799255194696, 
        "cache-12": 1.55222283644
    }, 
    "13": {
        "cache-11": 4.363799255194696, 
        "cache-12": 1.55222283644
    }, 
    "14": {
        "cache-11": 4.363799255194696, 
        "cache-12": 1.55222283644
    }, 
    "15": {
        "cache-11": 4.363799255194696, 
        "cache-12": 1.55222283644
    }, 
    "16": {
        "cache-11": 4.363799255194696, 
        "cache-12": 1.55222283644
    }, 
    "17": {
        "cache-11": 4.363799255194696, 
        "cache-12": 1.55222283644
    }, 
    "18": {
        "cache-11": 4.363799255194696, 
        "cache-12": 1.55222283644
    }, 
    "19": {
        "cache-11": 4.363799255194696, 
        "cache-12": 1.55222283644
    }, 
    "20": {
        "cache-11": 4.363799255194696, 
        "cache-12": 1.55222283644
    }, 
    "21": {
        "cache-11": 4.0233572826165975, 
        "cache-12": 1.55222283644
    }, 
    "22": {
        "cache-11": 4.0233572826165975, 
        "cache-12": 1.55222283644
    }, 
    "23": {
        "cache-11": 4.0233572826165975, 
        "cache-12": 1.55222283644
    }, 
    "24": {
        "cache-11": 4.0233572826165975, 
        "cache-12": 1.55222283644
    }, 
    "25": {
        "cache-11": 4.0233572826165975, 
        "cache-12": 1.55222283644
    }, 
    "26": {
        "cache-11": 4.0233572826165975, 
        "cache-12": 1.55222283644
    }, 
    "27": {
        "cache-11": 4.0233572826165975, 
        "cache-12": 1.55222283644
    }, 
    "28": {
        "cache-11": 4.0233572826165975, 
        "cache-12": 1.55222283644
    }, 
    "29": {
        "cache-11": 4.0233572826165975, 
        "cache-12": 1.55222283644
    }, 
    "30": {
        "cache-11": 4.0233572826165975, 
        "cache-12": 1.55222283644
    }, 
    "31": {
        "cache-11": 3.873220131475778, 
        "cache-12": 1.5522786775779305
    }, 
    "32": {
        "cache-11": 3.873220131475778, 
        "cache-12": 1.5522786775779305
    }, 
    "33": {
        "cache-11": 3.873220131475778, 
        "cache-12": 1.5522786775779305
    }, 
    "34": {
        "cache-11": 3.873220131475778, 
        "cache-12": 1.5522786775779305
    }, 
    "35": {
        "cache-11": 3.873220131475778, 
        "cache-12": 1.5522786775779305
    }, 
    "36": {
        "cache-11": 3.873220131475778, 
        "cache-12": 1.5522786775779305
    }, 
    "37": {
        "cache-11": 3.873220131475778, 
        "cache-12": 1.5522786775779305
    }, 
    "38": {
        "cache-11": 3.873220131475778, 
        "cache-12": 1.5522786775779305
    }, 
    "39": {
        "cache-11": 3.873220131475778, 
        "cache-12": 1.5522786775779305
    }, 
    "40": {
        "cache-11": 3.873220131475778, 
        "cache-12": 1.5522786775779305
    }, 
    "41": {
        "cache-11": 4.387795455223653, 
        "cache-12": 1.5583321263020657
    }, 
    "42": {
        "cache-11": 4.387795455223653, 
        "cache-12": 1.5583321263020657
    }, 
    "43": {
        "cache-11": 4.387795455223653, 
        "cache-12": 1.5583321263020657
    }, 
    "44": {
        "cache-11": 4.387795455223653, 
        "cache-12": 1.5583321263020657
    }, 
    "45": {
        "cache-11": 4.387795455223653, 
        "cache-12": 1.5583321263020657
    }, 
    "46": {
        "cache-11": 4.387795455223653, 
        "cache-12": 1.5583321263020657
    }, 
    "47": {
        "cache-11": 4.387795455223653, 
        "cache-12": 1.5583321263020657
    }, 
    "48": {
        "cache-11": 4.387795455223653, 
        "cache-12": 1.5583321263020657
    }, 
    "49": {
        "cache-11": 4.387795455223653, 
        "cache-12": 1.5583321263020657
    }, 
    "50": {
        "cache-11": 4.387795455223653, 
        "cache-12": 1.5583321263020657
    }, 
    "51": {
        "cache-11": 4.222100392995312, 
        "cache-12": 1.5723495171251236
    }, 
    "52": {
        "cache-11": 4.222100392995312, 
        "cache-12": 1.5723495171251236
    }, 
    "53": {
        "cache-11": 4.222100392995312, 
        "cache-12": 1.5723495171251236
    }, 
    "54": {
        "cache-11": 4.222100392995312, 
        "cache-12": 1.5723495171251236
    }, 
    "55": {
        "cache-11": 4.222100392995312, 
        "cache-12": 1.5723495171251236
    }, 
    "56": {
        "cache-11": 4.222100392995312, 
        "cache-12": 1.5723495171251236
    }, 
    "57": {
        "cache-11": 4.222100392995312, 
        "cache-12": 1.5723495171251236
    }, 
    "58": {
        "cache-11": 4.222100392995312, 
        "cache-12": 1.5723495171251236
    }, 
    "59": {
        "cache-11": 4.222100392995312, 
        "cache-12": 1.5723495171251236
    }, 
    "60": {
        "cache-11": 4.222100392995312, 
        "cache-12": 1.5723495171251236
    }, 
    "61": {
        "cache-11": 4.156079286990922, 
        "cache-12": 1.6049299186360126
    }, 
    "62": {
        "cache-11": 4.156079286990922, 
        "cache-12": 1.6049299186360126
    }, 
    "63": {
        "cache-11": 4.156079286990922, 
        "cache-12": 1.6049299186360126
    }, 
    "64": {
        "cache-11": 4.156079286990922, 
        "cache-12": 1.6049299186360126
    }, 
    "65": {
        "cache-11": 4.156079286990922, 
        "cache-12": 1.6049299186360126
    }, 
    "66": {
        "cache-11": 4.156079286990922, 
        "cache-12": 1.6049299186360126
    }, 
    "67": {
        "cache-11": 4.156079286990922, 
        "cache-12": 1.6049299186360126
    }, 
    "68": {
        "cache-11": 4.156079286990922, 
        "cache-12": 1.6049299186360126
    }, 
    "69": {
        "cache-11": 4.156079286990922, 
        "cache-12": 1.6049299186360126
    }, 
    "70": {
        "cache-11": 4.156079286990922, 
        "cache-12": 1.6049299186360126
    }, 
    "71": {
        "cache-11": 4.160152636752758, 
        "cache-12": 1.6758006359262152
    }, 
    "72": {
        "cache-11": 4.160152636752758, 
        "cache-12": 1.6758006359262152
    }, 
    "73": {
        "cache-11": 4.160152636752758, 
        "cache-12": 1.6758006359262152
    }, 
    "74": {
        "cache-11": 4.160152636752758, 
        "cache-12": 1.6758006359262152
    }, 
    "75": {
        "cache-11": 4.160152636752758, 
        "cache-12": 1.6758006359262152
    }, 
    "76": {
        "cache-11": 4.160152636752758, 
        "cache-12": 1.6758006359262152
    }, 
    "77": {
        "cache-11": 4.160152636752758, 
        "cache-12": 1.6758006359262152
    }, 
    "78": {
        "cache-11": 4.160152636752758, 
        "cache-12": 1.6758006359262152
    }, 
    "79": {
        "cache-11": 4.160152636752758, 
        "cache-12": 1.6758006359262152
    }, 
    "80": {
        "cache-11": 4.160152636752758, 
        "cache-12": 1.6758006359262152
    }, 
    "81": {
        "cache-11": 4.242599512947601, 
        "cache-12": 1.7743023495462724
    },