{
    "0": {
        "cache-12": 1.55222283644, 
        "cache-15": 4.996376592366337
    }, 
    "1": {
        "cache-12": 1.55222283644, 
        "cache-15": 4.996376592366337
    }, 
    "2": {
        "cache-12": 1.55222283644, 
        "cache-15": 4.996376592366337
    }, 
    "3": {
        "cache-12": 1.55222283644, 
        "cache-15": 4.996376592366337
    }, 
    "4": {
        "cache-12": 1.55222283644, 
        "cache-15": 4.996376592366337
    }, 
    "5": {
        "cache-12": 1.55222283644, 
        "cache-15": 4.996376592366337
    }, 
    "6": {
        "cache-12": 1.55222283644, 
        "cache-15": 4.996376592366337
    }, 
    "7": {
        "cache-12": 1.55222283644, 
        "cache-15": 4.996376592366337
    }, 
    "8": {
        "cache-12": 1.55222283644, 
        "cache-15": 4.996376592366337
    }, 
    "9": {
        "cache-12": 1.55222283644, 
        "cache-15": 4.996376592366337
    }, 
    "10": {
        "cache-12": 1.55222283644, 
        "cache-15": 4.996376592366337
    }, 
    "11": {
        "cache-12": 1.55222283644, 
        "cache-15": 4.998290315754968
    }, 
    "12": {
        "cache-12": 1.55222283644, 
        "cache-15": 4.998290315754968
    }, 
    "13": {
        "cache-12": 1.55222283644, 
        "cache-15": 4.998290315754968
    }, 
    "14": {
        "cache-12": 1.55222283644, 
        "cache-15": 4.998290315754968
    }, 
    "15": {
        "cache-12": 1.55222283644, 
        "cache-15": 4.998290315754968
    }, 
    "16": {
        "cache-12": 1.55222283644, 
        "cache-15": 4.998290315754968
    }, 
    "17": {
        "cache-12": 1.55222283644, 
        "cache-15": 4.998290315754968
    }, 
    "18": {
        "cache-12": 1.55222283644, 
        "cache-15": 4.998290315754968
    }, 
    "19": {
        "cache-12": 1.55222283644, 
        "cache-15": 4.998290315754968
    }, 
    "20": {
        "cache-12": 1.55222283644, 
        "cache-15": 4.998290315754968
    }, 
    "21": {
        "cache-12": 1.55222283644, 
        "cache-15": 4.416789658410165
    }, 
    "22": {
        "cache-12": 1.55222283644, 
        "cache-15": 4.416789658410165
    }, 
    "23": {
        "cache-12": 1.55222283644, 
        "cache-15": 4.416789658410165
    }, 
    "24": {
        "cache-12": 1.55222283644, 
        "cache-15": 4.416789658410165
    }, 
    "25": {
        "cache-12": 1.55222283644, 
        "cache-15": 4.416789658410165
    }, 
    "26": {
        "cache-12": 1.55222283644, 
        "cache-15": 4.416789658410165
    }, 
    "27": {
        "cache-12": 1.55222283644, 
        "cache-15": 4.416789658410165
    }, 
    "28": {
        "cache-12": 1.55222283644, 
        "cache-15": 4.416789658410165
    }, 
    "29": {
        "cache-12": 1.55222283644, 
        "cache-15": 4.416789658410165
    }, 
    "30": {
        "cache-12": 1.55222283644, 
        "cache-15": 4.416789658410165
    }, 
    "31": {
        "cache-12": 1.5523345187158613, 
        "cache-15": 4.492785323063326
    }, 
    "32": {
        "cache-12": 1.5523345187158613, 
        "cache-15": 4.492785323063326
    }, 
    "33": {
        "cache-12": 1.5523345187158613, 
        "cache-15": 4.492785323063326
    }, 
    "34": {
        "cache-12": 1.5523345187158613, 
        "cache-15": 4.492785323063326
    }, 
    "35": {
        "cache-12": 1.5523345187158613, 
        "cache-15": 4.492785323063326
    }, 
    "36": {
        "cache-12": 1.5523345187158613, 
        "cache-15": 4.492785323063326
    }, 
    "37": {
        "cache-12": 1.5523345187158613, 
        "cache-15": 4.492785323063326
    }, 
    "38": {
        "cache-12": 1.5523345187158613, 
        "cache-15": 4.492785323063326
    }, 
    "39": {
        "cache-12": 1.5523345187158613, 
        "cache-15": 4.492785323063326
    }, 
    "40": {
        "cache-12": 1.5523345187158613, 
        "cache-15": 4.492785323063326
    }, 
    "41": {
        "cache-12": 1.5538618411830165, 
        "cache-15": 4.486963644884913
    }, 
    "42": {
        "cache-12": 1.5538618411830165, 
        "cache-15": 4.486963644884913
    }, 
    "43": {
        "cache-12": 1.5538618411830165, 
        "cache-15": 4.486963644884913
    }, 
    "44": {
        "cache-12": 1.5538618411830165, 
        "cache-15": 4.486963644884913
    }, 
    "45": {
        "cache-12": 1.5538618411830165, 
        "cache-15": 4.486963644884913
    }, 
    "46": {
        "cache-12": 1.5538618411830165, 
        "cache-15": 4.486963644884913
    }, 
    "47": {
        "cache-12": 1.5538618411830165, 
        "cache-15": 4.486963644884913
    }, 
    "48": {
        "cache-12": 1.5538618411830165, 
        "cache-15": 4.486963644884913
    }, 
    "49": {
        "cache-12": 1.5538618411830165, 
        "cache-15": 4.486963644884913
    }, 
    "50": {
        "cache-12": 1.5538618411830165, 
        "cache-15": 4.486963644884913
    }, 
    "51": {
        "cache-12": 1.563105679152562, 
        "cache-15": 4.288333487710334
    }, 
    "52": {
        "cache-12": 1.563105679152562, 
        "cache-15": 4.288333487710334
    }, 
    "53": {
        "cache-12": 1.563105679152562, 
        "cache-15": 4.288333487710334
    }, 
    "54": {
        "cache-12": 1.563105679152562, 
        "cache-15": 4.288333487710334
    }, 
    "55": {
        "cache-12": 1.563105679152562, 
        "cache-15": 4.288333487710334
    }, 
    "56": {
        "cache-12": 1.563105679152562, 
        "cache-15": 4.288333487710334
    }, 
    "57": {
        "cache-12": 1.563105679152562, 
        "cache-15": 4.288333487710334
    }, 
    "58": {
        "cache-12": 1.563105679152562, 
        "cache-15": 4.288333487710334
    }, 
    "59": {
        "cache-12": 1.563105679152562, 
        "cache-15": 4.288333487710334
    }, 
    "60": {
        "cache-12": 1.563105679152562, 
        "cache-15": 4.288333487710334
    }, 
    "61": {
        "cache-12": 1.5840177988930062, 
        "cache-15": 4.573028254175448
    }, 
    "62": {
        "cache-12": 1.5840177988930062, 
        "cache-15": 4.573028254175448
    }, 
    "63": {
        "cache-12": 1.5840177988930062, 
        "cache-15": 4.573028254175448
    }, 
    "64": {
        "cache-12": 1.5840177988930062, 
        "cache-15": 4.573028254175448
    }, 
    "65": {
        "cache-12": 1.5840177988930062, 
        "cache-15": 4.573028254175448
    }, 
    "66": {
        "cache-12": 1.5840177988930062, 
        "cache-15": 4.573028254175448
    }, 
    "67": {
        "cache-12": 1.5840177988930062, 
        "cache-15": 4.573028254175448
    }, 
    "68": {
        "cache-12": 1.5840177988930062, 
        "cache-15": 4.573028254175448
    }, 
    "69": {
        "cache-12": 1.5840177988930062, 
        "cache-15": 4.573028254175448
    }, 
    "70": {
        "cache-12": 1.5840177988930062, 
        "cache-15": 4.573028254175448
    }, 
    "71": {
        "cache-12": 1.6299092174081076, 
        "cache-15": 4.540349913869331
    }, 
    "72": {
        "cache-12": 1.6299092174081076, 
        "cache-15": 4.540349913869331
    }, 
    "73": {
        "cache-12": 1.6299092174081076, 
        "cache-15": 4.540349913869331
    }, 
    "74": {
        "cache-12": 1.6299092174081076, 
        "cache-15": 4.540349913869331
    }, 
    "75": {
        "cache-12": 1.6299092174081076, 
        "cache-15": 4.540349913869331
    }, 
    "76": {
        "cache-12": 1.6299092174081076, 
        "cache-15": 4.540349913869331
    }, 
    "77": {
        "cache-12": 1.6299092174081076, 
        "cache-15": 4.540349913869331
    }, 
    "78": {
        "cache-12": 1.6299092174081076, 
        "cache-15": 4.540349913869331
    }, 
    "79": {
        "cache-12": 1.6299092174081076, 
        "cache-15": 4.540349913869331
    }, 
    "80": {
        "cache-12": 1.6299092174081076, 
        "cache-15": 4.540349913869331
    }, 
    "81": {
        "cache-12": 1.7021057834781361, 
        "cache-15": 4.778367722379636
    }, 
    "82": {
        "cache-12": 1.7021057834781361,