{
    "0": {
        "cache-11": 3.763821011970105, 
        "cache-12": 1.55222283644
    }, 
    "1": {
        "cache-11": 3.763821011970105, 
        "cache-12": 1.55222283644
    }, 
    "2": {
        "cache-11": 3.763821011970105, 
        "cache-12": 1.55222283644
    }, 
    "3": {
        "cache-11": 3.763821011970105, 
        "cache-12": 1.55222283644
    }, 
    "4": {
        "cache-11": 3.763821011970105, 
        "cache-12": 1.55222283644
    }, 
    "5": {
        "cache-11": 3.763821011970105, 
        "cache-12": 1.55222283644
    }, 
    "6": {
        "cache-11": 3.763821011970105, 
        "cache-12": 1.55222283644
    }, 
    "7": {
        "cache-11": 3.763821011970105, 
        "cache-12": 1.55222283644
    }, 
    "8": {
        "cache-11": 3.763821011970105, 
        "cache-12": 1.55222283644
    }, 
    "9": {
        "cache-11": 3.763821011970105, 
        "cache-12": 1.55222283644
    }, 
    "10": {
        "cache-11": 3.763821011970105, 
        "cache-12": 1.55222283644
    }, 
    "11": {
        "cache-11": 3.5952249239943854, 
        "cache-12": 1.55222283644
    }, 
    "12": {
        "cache-11": 3.5952249239943854, 
        "cache-12": 1.55222283644
    }, 
    "13": {
        "cache-11": 3.5952249239943854, 
        "cache-12": 1.55222283644
    }, 
    "14": {
        "cache-11": 3.5952249239943854, 
        "cache-12": 1.55222283644
    }, 
    "15": {
        "cache-11": 3.5952249239943854, 
        "cache-12": 1.55222283644
    }, 
    "16": {
        "cache-11": 3.5952249239943854, 
        "cache-12": 1.55222283644
    }, 
    "17": {
        "cache-11": 3.5952249239943854, 
        "cache-12": 1.55222283644
    }, 
    "18": {
        "cache-11": 3.5952249239943854, 
        "cache-12": 1.55222283644
    }, 
    "19": {
        "cache-11": 3.5952249239943854, 
        "cache-12": 1.55222283644
    }, 
    "20": {
        "cache-11": 3.5952249239943854, 
        "cache-12": 1.55222283644
    }, 
    "21": {
        "cache-11": 3.8490340287696307, 
        "cache-12": 1.5522263265111205
    }, 
    "22": {
        "cache-11": 3.8490340287696307, 
        "cache-12": 1.5522263265111205
    }, 
    "23": {
        "cache-11": 3.8490340287696307, 
        "cache-12": 1.5522263265111205
    }, 
    "24": {
        "cache-11": 3.8490340287696307, 
        "cache-12": 1.5522263265111205
    }, 
    "25": {
        "cache-11": 3.8490340287696307, 
        "cache-12": 1.5522263265111205
    }, 
    "26": {
        "cache-11": 3.8490340287696307, 
        "cache-12": 1.5522263265111205
    }, 
    "27": {
        "cache-11": 3.8490340287696307, 
        "cache-12": 1.5522263265111205
    }, 
    "28": {
        "cache-11": 3.8490340287696307, 
        "cache-12": 1.5522263265111205
    }, 
    "29": {
        "cache-11": 3.8490340287696307, 
        "cache-12": 1.5522263265111205
    }, 
    "30": {
        "cache-11": 3.8490340287696307, 
        "cache-12": 1.5522263265111205
    }, 
    "31": {
        "cache-11": 3.573236060838482, 
        "cache-12": 1.5523322543770635
    }, 
    "32": {
        "cache-11": 3.573236060838482, 
        "cache-12": 1.5523322543770635
    }, 
    "33": {
        "cache-11": 3.573236060838482, 
        "cache-12": 1.5523322543770635
    }, 
    "34": {
        "cache-11": 3.573236060838482, 
        "cache-12": 1.5523322543770635
    }, 
    "35": {
        "cache-11": 3.573236060838482, 
        "cache-12": 1.5523322543770635
    }, 
    "36": {
        "cache-11": 3.573236060838482, 
        "cache-12": 1.5523322543770635
    }, 
    "37": {
        "cache-11": 3.573236060838482, 
        "cache-12": 1.5523322543770635
    }, 
    "38": {
        "cache-11": 3.573236060838482, 
        "cache-12": 1.5523322543770635
    }, 
    "39": {
        "cache-11": 3.573236060838482, 
        "cache-12": 1.5523322543770635
    }, 
    "40": {
        "cache-11": 3.573236060838482, 
        "cache-12": 1.5523322543770635
    }, 
    "41": {
        "cache-11": 3.450448758096713, 
        "cache-12": 1.5532325117907853
    }, 
    "42": {
        "cache-11": 3.450448758096713, 
        "cache-12": 1.5532325117907853
    }, 
    "43": {
        "cache-11": 3.450448758096713, 
        "cache-12": 1.5532325117907853
    }, 
    "44": {
        "cache-11": 3.450448758096713, 
        "cache-12": 1.5532325117907853
    }, 
    "45": {
        "cache-11": 3.450448758096713, 
        "cache-12": 1.5532325117907853
    }, 
    "46": {
        "cache-11": 3.450448758096713, 
        "cache-12": 1.5532325117907853
    }, 
    "47": {
        "cache-11": 3.450448758096713, 
        "cache-12": 1.5532325117907853
    }, 
    "48": {
        "cache-11": 3.450448758096713, 
        "cache-12": 1.5532325117907853
    }, 
    "49": {
        "cache-11": 3.450448758096713, 
        "cache-12": 1.5532325117907853
    }, 
    "50": {
        "cache-11": 3.450448758096713, 
        "cache-12": 1.5532325117907853
    }, 
    "51": {
        "cache-11": 3.4585099408278293, 
        "cache-12": 1.558142281919126
    }, 
    "52": {
        "cache-11": 3.4585099408278293, 
        "cache-12": 1.558142281919126
    }, 
    "53": {
        "cache-11": 3.4585099408278293, 
        "cache-12": 1.558142281919126
    }, 
    "54": {
        "cache-11": 3.4585099408278293, 
        "cache-12": 1.558142281919126
    }, 
    "55": {
        "cache-11": 3.4585099408278293, 
        "cache-12": 1.558142281919126
    }, 
    "56": {
        "cache-11": 3.4585099408278293, 
        "cache-12": 1.558142281919126
    }, 
    "57": {
        "cache-11": 3.4585099408278293, 
        "cache-12": 1.558142281919126
    }, 
    "58": {
        "cache-11": 3.4585099408278293, 
        "cache-12": 1.558142281919126
    }, 
    "59": {
        "cache-11": 3.4585099408278293, 
        "cache-12": 1.558142281919126
    }, 
    "60": {
        "cache-11": 3.4585099408278293, 
        "cache-12": 1.558142281919126
    }, 
    "61": {
        "cache-11": 3.7274082842596172, 
        "cache-12": 1.5699346642485135
    }, 
    "62": {
        "cache-11": 3.7274082842596172, 
        "cache-12": 1.5699346642485135
    }, 
    "63": {
        "cache-11": 3.7274082842596172, 
        "cache-12": 1.5699346642485135
    }, 
    "64": {
        "cache-11": 3.7274082842596172, 
        "cache-12": 1.5699346642485135
    }, 
    "65": {
        "cache-11": 3.7274082842596172, 
        "cache-12": 1.5699346642485135
    }, 
    "66": {
        "cache-11": 3.7274082842596172, 
        "cache-12": 1.5699346642485135
    }, 
    "67": {
        "cache-11": 3.7274082842596172, 
        "cache-12": 1.5699346642485135
    }, 
    "68": {
        "cache-11": 3.7274082842596172, 
        "cache-12": 1.5699346642485135
    }, 
    "69": {
        "cache-11": 3.7274082842596172, 
        "cache-12": 1.5699346642485135
    }, 
    "70": {
        "cache-11": 3.7274082842596172, 
        "cache-12": 1.5699346642485135
    }, 
    "71": {
        "cache-11": 3.8756431367207904, 
        "cache-12": 1.626783621166017
    }, 
    "72": {
        "cache-11": 3.8756431367207904, 
        "cache-12": 1.626783621166017
    }, 
    "73": {
        "cache-11": 3.8756431367207904, 
        "cache-12": 1.626783621166017
    }, 
    "74": {
        "cache-11": 3.8756431367207904, 
        "cache-12": 1.626783621166017
    }, 
    "75": {
        "cache-11": 3.8756431367207904, 
        "cache-12": 1.626783621166017
    }, 
    "76": {
        "cache-11": 3.8756431367207904, 
        "cache-12": 1.626783621166017
    }, 
    "77": {
        "cache-11": 3.8756431367207904, 
        "cache-12": 1.626783621166017
    }, 
    "78": {
        "cache-11": 3.8756431367207904, 
        "cache-12": 1.626783621166017
    }, 
    "79": {
        "cache-11": 3.8756431367207904, 
        "cache-12": 1.626783621166017
    }, 
    "80": {
        "cache-11": 3.8756431367207904, 
        "cache-12": 1.626783621166017
    }, 
    "81": {
        "cache-11": 3.8772522384663746,