{
    "0": {
        "cache-07": 2.71909315974, 
        "cache-10": 4.997779019356937
    }, 
    "1": {
        "cache-07": 2.71909315974, 
        "cache-10": 4.997779019356937
    }, 
    "2": {
        "cache-07": 2.71909315974, 
        "cache-10": 4.997779019356937
    }, 
    "3": {
        "cache-07": 2.71909315974, 
        "cache-10": 4.997779019356937
    }, 
    "4": {
        "cache-07": 2.71909315974, 
        "cache-10": 4.997779019356937
    }, 
    "5": {
        "cache-07": 2.71909315974, 
        "cache-10": 4.997779019356937
    }, 
    "6": {
        "cache-07": 2.71909315974, 
        "cache-10": 4.997779019356937
    }, 
    "7": {
        "cache-07": 2.71909315974, 
        "cache-10": 4.997779019356937
    }, 
    "8": {
        "cache-07": 2.71909315974, 
        "cache-10": 4.997779019356937
    }, 
    "9": {
        "cache-07": 2.71909315974, 
        "cache-10": 4.997779019356937
    }, 
    "10": {
        "cache-07": 2.71909315974, 
        "cache-10": 4.997779019356937
    }, 
    "11": {
        "cache-07": 2.71909315974, 
        "cache-10": 4.34493553410058
    }, 
    "12": {
        "cache-07": 2.71909315974, 
        "cache-10": 4.34493553410058
    }, 
    "13": {
        "cache-07": 2.71909315974, 
        "cache-10": 4.34493553410058
    }, 
    "14": {
        "cache-07": 2.71909315974, 
        "cache-10": 4.34493553410058
    }, 
    "15": {
        "cache-07": 2.71909315974, 
        "cache-10": 4.34493553410058
    }, 
    "16": {
        "cache-07": 2.71909315974, 
        "cache-10": 4.34493553410058
    }, 
    "17": {
        "cache-07": 2.71909315974, 
        "cache-10": 4.34493553410058
    }, 
    "18": {
        "cache-07": 2.71909315974, 
        "cache-10": 4.34493553410058
    }, 
    "19": {
        "cache-07": 2.71909315974, 
        "cache-10": 4.34493553410058
    }, 
    "20": {
        "cache-07": 2.71909315974, 
        "cache-10": 4.34493553410058
    }, 
    "21": {
        "cache-07": 2.847310205434901, 
        "cache-10": 4.479555865999167
    }, 
    "22": {
        "cache-07": 2.847310205434901, 
        "cache-10": 4.479555865999167
    }, 
    "23": {
        "cache-07": 2.847310205434901, 
        "cache-10": 4.479555865999167
    }, 
    "24": {
        "cache-07": 2.847310205434901, 
        "cache-10": 4.479555865999167
    }, 
    "25": {
        "cache-07": 2.847310205434901, 
        "cache-10": 4.479555865999167
    }, 
    "26": {
        "cache-07": 2.847310205434901, 
        "cache-10": 4.479555865999167
    }, 
    "27": {
        "cache-07": 2.847310205434901, 
        "cache-10": 4.479555865999167
    }, 
    "28": {
        "cache-07": 2.847310205434901, 
        "cache-10": 4.479555865999167
    }, 
    "29": {
        "cache-07": 2.847310205434901, 
        "cache-10": 4.479555865999167
    }, 
    "30": {
        "cache-07": 2.847310205434901, 
        "cache-10": 4.479555865999167
    }, 
    "31": {
        "cache-07": 2.7896899041680685, 
        "cache-10": 4.388913845167426
    }, 
    "32": {
        "cache-07": 2.7896899041680685, 
        "cache-10": 4.388913845167426
    }, 
    "33": {
        "cache-07": 2.7896899041680685, 
        "cache-10": 4.388913845167426
    }, 
    "34": {
        "cache-07": 2.7896899041680685, 
        "cache-10": 4.388913845167426
    }, 
    "35": {
        "cache-07": 2.7896899041680685, 
        "cache-10": 4.388913845167426
    }, 
    "36": {
        "cache-07": 2.7896899041680685, 
        "cache-10": 4.388913845167426
    }, 
    "37": {
        "cache-07": 2.7896899041680685, 
        "cache-10": 4.388913845167426
    }, 
    "38": {
        "cache-07": 2.7896899041680685, 
        "cache-10": 4.388913845167426
    }, 
    "39": {
        "cache-07": 2.7896899041680685, 
        "cache-10": 4.388913845167426
    }, 
    "40": {
        "cache-07": 2.7896899041680685, 
        "cache-10": 4.388913845167426
    }, 
    "41": {
        "cache-07": 2.822535252159299, 
        "cache-10": 4.658176198779145
    }, 
    "42": {
        "cache-07": 2.822535252159299, 
        "cache-10": 4.658176198779145
    }, 
    "43": {
        "cache-07": 2.822535252159299, 
        "cache-10": 4.658176198779145
    }, 
    "44": {
        "cache-07": 2.822535252159299, 
        "cache-10": 4.658176198779145
    }, 
    "45": {
        "cache-07": 2.822535252159299, 
        "cache-10": 4.658176198779145
    }, 
    "46": {
        "cache-07": 2.822535252159299, 
        "cache-10": 4.658176198779145
    }, 
    "47": {
        "cache-07": 2.822535252159299, 
        "cache-10": 4.658176198779145
    }, 
    "48": {
        "cache-07": 2.822535252159299, 
        "cache-10": 4.658176198779145
    }, 
    "49": {
        "cache-07": 2.822535252159299, 
        "cache-10": 4.658176198779145
    }, 
    "50": {
        "cache-07": 2.822535252159299, 
        "cache-10": 4.658176198779145
    }, 
    "51": {
        "cache-07": 2.8300322627006684, 
        "cache-10": 4.508298331598848
    }, 
    "52": {
        "cache-07": 2.8300322627006684, 
        "cache-10": 4.508298331598848
    }, 
    "53": {
        "cache-07": 2.8300322627006684, 
        "cache-10": 4.508298331598848
    }, 
    "54": {
        "cache-07": 2.8300322627006684, 
        "cache-10": 4.508298331598848
    }, 
    "55": {
        "cache-07": 2.8300322627006684, 
        "cache-10": 4.508298331598848
    }, 
    "56": {
        "cache-07": 2.8300322627006684, 
        "cache-10": 4.508298331598848
    }, 
    "57": {
        "cache-07": 2.8300322627006684, 
        "cache-10": 4.508298331598848
    }, 
    "58": {
        "cache-07": 2.8300322627006684, 
        "cache-10": 4.508298331598848
    }, 
    "59": {
        "cache-07": 2.8300322627006684, 
        "cache-10": 4.508298331598848
    }, 
    "60": {
        "cache-07": 2.8300322627006684, 
        "cache-10": 4.508298331598848
    }, 
    "61": {
        "cache-07": 2.809260353761137, 
        "cache-10": 4.430509761957075
    }, 
    "62": {
        "cache-07": 2.809260353761137, 
        "cache-10": 4.430509761957075
    }, 
    "63": {
        "cache-07": 2.809260353761137, 
        "cache-10": 4.430509761957075
    }, 
    "64": {
        "cache-07": 2.809260353761137, 
        "cache-10": 4.430509761957075
    }, 
    "65": {
        "cache-07": 2.809260353761137, 
        "cache-10": 4.430509761957075
    }, 
    "66": {
        "cache-07": 2.809260353761137, 
        "cache-10": 4.430509761957075
    }, 
    "67": {
        "cache-07": 2.809260353761137, 
        "cache-10": 4.430509761957075
    }, 
    "68": {
        "cache-07": 2.809260353761137, 
        "cache-10": 4.430509761957075
    }, 
    "69": {
        "cache-07": 2.809260353761137, 
        "cache-10": 4.430509761957075
    }, 
    "70": {
        "cache-07": 2.809260353761137, 
        "cache-10": 4.430509761957075
    }, 
    "71": {
        "cache-07": 2.8358876150627568, 
        "cache-10": 4.746487262385881
    }, 
    "72": {
        "cache-07": 2.8358876150627568, 
        "cache-10": 4.746487262385881
    }, 
    "73": {
        "cache-07": 2.8358876150627568, 
        "cache-10": 4.746487262385881
    }, 
    "74": {
        "cache-07": 2.8358876150627568, 
        "cache-10": 4.746487262385881
    }, 
    "75": {
        "cache-07": 2.8358876150627568, 
        "cache-10": 4.746487262385881
    }, 
    "76": {
        "cache-07": 2.8358876150627568, 
        "cache-10": 4.746487262385881
    }, 
    "77": {
        "cache-07": 2.8358876150627568, 
        "cache-10": 4.746487262385881
    }, 
    "78": {
        "cache-07": 2.8358876150627568, 
        "cache-10": 4.746487262385881
    }, 
    "79": {
        "cache-07": 2.8358876150627568, 
        "cache-10": 4.746487262385881
    }, 
    "80": {
        "cache-07": 2.8358876150627568, 
        "cache-10": 4.746487262385881
    }, 
    "81": {
        "cache-07": 2.7924578027605067, 
        "cache-10": 4.659410459677357
    },