{
    "0": {
        "cache-11": 4, 
        "cache-12": 2.508694946295199
    }, 
    "1": {
        "cache-11": 4, 
        "cache-12": 1.6206433665124913
    }, 
    "2": {
        "cache-11": 4, 
        "cache-12": 0.9642413195692856
    }, 
    "3": {
        "cache-11": 4, 
        "cache-12": 0.8333283418779934
    }, 
    "4": {
        "cache-11": 4, 
        "cache-12": 1.0535896895462757
    }, 
    "5": {
        "cache-11": 4, 
        "cache-12": 1.0163698279058686
    }, 
    "6": {
        "cache-11": 2.408083834132487, 
        "cache-12": 1.0163698279058686
    }, 
    "7": {
        "cache-11": 2.1858644991787552, 
        "cache-12": 1.0163698279058686
    }, 
    "8": {
        "cache-11": 1.8206477284364844, 
        "cache-12": 1.0163698279058686
    }, 
    "9": {
        "cache-11": 1.3153917688449526, 
        "cache-12": 1.0163698279058686
    }, 
    "10": {
        "cache-11": 1.3526835661134862, 
        "cache-12": 1.0163698279058686
    }, 
    "11": {
        "cache-11": 1.440771209368326, 
        "cache-12": 1.0163698279058686
    }, 
    "12": {
        "cache-11": 1.970385604684163, 
        "cache-12": 1.0163698279058686
    }, 
    "13": {
        "cache-11": 1.8386685745410112, 
        "cache-12": 1.0163698279058686
    }, 
    "14": {
        "cache-11": 1.5821676948523757, 
        "cache-12": 1.0163698279058686
    }, 
    "15": {
        "cache-11": 1.1328074259478802, 
        "cache-12": 1.0163698279058686
    }, 
    "16": {
        "cache-11": 1.81640371297394, 
        "cache-12": 1.0163698279058686
    }, 
    "17": {
        "cache-11": 2.1582018564869703, 
        "cache-12": 1.0163698279058686
    }, 
    "18": {
        "cache-11": 2.329100928243485, 
        "cache-12": 1.0163698279058686
    }, 
    "19": {
        "cache-11": 2.4145504641217426, 
        "cache-12": 1.0163698279058686
    }, 
    "20": {
        "cache-11": 2.457275232060871, 
        "cache-12": 1.0163698279058686
    }, 
    "21": {
        "cache-11": 1.6662703384585313, 
        "cache-12": 1.0163698279058686
    }, 
    "22": {
        "cache-11": 1.5336791935233023, 
        "cache-12": 1.0163698279058686
    }, 
    "23": {
        "cache-11": 0.948171613116697, 
        "cache-12": 1.0163698279058686
    }, 
    "24": {
        "cache-11": 0.948171613116697, 
        "cache-12": 0.9722399609315212
    }, 
    "25": {
        "cache-11": 0.948171613116697, 
        "cache-12": 1.7361199804657605
    }, 
    "26": {
        "cache-11": 0.948171613116697, 
        "cache-12": 2.1180599902328803
    }, 
    "27": {
        "cache-11": 0.948171613116697, 
        "cache-12": 2.30902999511644
    }, 
    "28": {
        "cache-11": 0.948171613116697, 
        "cache-12": 2.40451499755822
    }, 
    "29": {
        "cache-11": 0.948171613116697, 
        "cache-12": 2.45225749877911
    }, 
    "30": {
        "cache-11": 0.948171613116697, 
        "cache-12": 2.476128749389555
    }, 
    "31": {
        "cache-11": 0.948171613116697, 
        "cache-12": 2.4880643746947775
    }, 
    "32": {
        "cache-11": 0.948171613116697, 
        "cache-12": 2.494032187347389
    }, 
    "33": {
        "cache-11": 0.948171613116697, 
        "cache-12": 2.4970160936736945
    }, 
    "34": {
        "cache-11": 0.948171613116697, 
        "cache-12": 2.4985080468368475
    }, 
    "35": {
        "cache-11": 0.948171613116697, 
        "cache-12": 2.4992540234184237
    }, 
    "36": {
        "cache-11": 0.948171613116697, 
        "cache-12": 2.4996270117092116
    }, 
    "37": {
        "cache-11": 0.948171613116697, 
        "cache-12": 2.499813505854606
    }, 
    "38": {
        "cache-11": 0.948171613116697, 
        "cache-12": 2.499906752927303
    }, 
    "39": {
        "cache-11": 0.948171613116697, 
        "cache-12": 1.7434417110965112
    }, 
    "40": {
        "cache-11": 0.948171613116697, 
        "cache-12": 2.1217208555482556
    }, 
    "41": {
        "cache-11": 0.948171613116697, 
        "cache-12": 1.7490590008455213
    }, 
    "42": {
        "cache-11": 0.948171613116697, 
        "cache-12": 1.2678922353959619
    }, 
    "43": {
        "cache-11": 0.948171613116697, 
        "cache-12": 1.4460204274599944
    }, 
    "44": {
        "cache-11": 0.948171613116697, 
        "cache-12": 1.9730102137299972
    }, 
    "45": {
        "cache-11": 0.948171613116697, 
        "cache-12": 2.236505106864999
    }, 
    "46": {
        "cache-11": 0.948171613116697, 
        "cache-12": 2.3682525534324994
    }, 
    "47": {
        "cache-11": 0.948171613116697, 
        "cache-12": 2.43412627671625
    }, 
    "48": {
        "cache-11": 0.948171613116697, 
        "cache-12": 1.670142731909161
    }, 
    "49": {
        "cache-11": 0.948171613116697, 
        "cache-12": 1.2079358698512201
    }, 
    "50": {
        "cache-11": 0.948171613116697, 
        "cache-12": 1.8539679349256102
    }, 
    "51": {
        "cache-11": 0.948171613116697, 
        "cache-12": 1.630096149305297
    }, 
    "52": {
        "cache-11": 0.948171613116697, 
        "cache-12": 1.4876790564164963
    }, 
    "53": {
        "cache-11": 0.948171613116697, 
        "cache-12": 1.572583496461634
    }, 
    "54": {
        "cache-11": 0.948171613116697, 
        "cache-12": 1.419617645217543
    }, 
    "55": {
        "cache-11": 0.948171613116697, 
        "cache-12": 1.3215395043294689
    }, 
    "56": {
        "cache-11": 0.948171613116697, 
        "cache-12": 1.5241727014711928
    }, 
    "57": {
        "cache-11": 0.948171613116697, 
        "cache-12": 2.012086350735596
    }, 
    "58": {
        "cache-11": 0.948171613116697, 
        "cache-12": 2.256043175367798
    }, 
    "59": {
        "cache-11": 0.948171613116697, 
        "cache-12": 2.3780215876838993
    }, 
    "60": {
        "cache-11": 0.948171613116697, 
        "cache-12": 1.7612796469807397
    }, 
    "61": {
        "cache-11": 0.948171613116697, 
        "cache-12": 1.5368956657723958
    }, 
    "62": {
        "cache-11": 0.948171613116697, 
        "cache-12": 0.6254005456404925
    }, 
    "63": {
        "cache-11": 0.7731165150838926, 
        "cache-12": 0.6254005456404925
    }, 
    "64": {
        "cache-11": 1.2507534504983875, 
        "cache-12": 0.6254005456404925
    }, 
    "65": {
        "cache-11": 1.3822897290004705, 
        "cache-12": 0.6254005456404925
    }, 
    "66": {
        "cache-11": 1.9411448645002354, 
        "cache-12": 0.6254005456404925
    }, 
    "67": {
        "cache-11": 2.2205724322501177, 
        "cache-12": 0.6254005456404925
    }, 
    "68": {
        "cache-11": 2.3602862161250586, 
        "cache-12": 0.6254005456404925
    }, 
    "69": {
        "cache-11": 2.4301431080625293, 
        "cache-12": 0.6254005456404925
    }, 
    "70": {
        "cache-11": 2.4650715540312644, 
        "cache-12": 0.6254005456404925
    }, 
    "71": {
        "cache-11": 2.482535777015632, 
        "cache-12": 0.6254005456404925
    }, 
    "72": {
        "cache-11": 2.4912678885078163, 
        "cache-12": 0.6254005456404925
    }, 
    "73": {
        "cache-11": 1.2350389686826415, 
        "cache-12": 0.6254005456404925
    }, 
    "74": {
        "cache-11": 1.2320494023599042, 
        "cache-12": 0.6254005456404925
    }, 
    "75": {
        "cache-11": 1.433008577335163, 
        "cache-12": 0.6254005456404925
    }, 
    "76": {
        "cache-11": 1.4160490163146537, 
        "cache-12": 0.6254005456404925
    }, 
    "77": {
        "cache-11": 1.4229916778032283, 
        "cache-12": 0.6254005456404925
    }, 
    "78": {
        "cache-11": 1.9614958389016142, 
        "cache-12": 0.6254005456404925
    }, 
    "79": {
        "cache-11": 1.6262467938791256, 
        "cache-12": 0.6254005456404925
    }, 
    "80": {
        "cache-11": 2.063123396939563, 
        "cache-12": 0.6254005456404925
    }, 
    "81": {
        "cache-11": 2.2815616984697815,