{
    "0": {
        "cache-07": 4.724800841544395, 
        "cache-08": 4.899338314432626
    }, 
    "1": {
        "cache-07": 4.724800841544395, 
        "cache-08": 4.899338314432626
    }, 
    "2": {
        "cache-07": 4.724800841544395, 
        "cache-08": 4.899338314432626
    }, 
    "3": {
        "cache-07": 4.724800841544395, 
        "cache-08": 4.899338314432626
    }, 
    "4": {
        "cache-07": 4.724800841544395, 
        "cache-08": 4.899338314432626
    }, 
    "5": {
        "cache-07": 4.724800841544395, 
        "cache-08": 4.899338314432626
    }, 
    "6": {
        "cache-07": 4.724800841544395, 
        "cache-08": 4.899338314432626
    }, 
    "7": {
        "cache-07": 4.724800841544395, 
        "cache-08": 4.899338314432626
    }, 
    "8": {
        "cache-07": 4.724800841544395, 
        "cache-08": 4.899338314432626
    }, 
    "9": {
        "cache-07": 4.724800841544395, 
        "cache-08": 4.899338314432626
    }, 
    "10": {
        "cache-07": 4.724800841544395, 
        "cache-08": 4.899338314432626
    }, 
    "11": {
        "cache-07": 4.899771126706771, 
        "cache-08": 4.481075589782574
    }, 
    "12": {
        "cache-07": 4.899771126706771, 
        "cache-08": 4.481075589782574
    }, 
    "13": {
        "cache-07": 4.899771126706771, 
        "cache-08": 4.481075589782574
    }, 
    "14": {
        "cache-07": 4.899771126706771, 
        "cache-08": 4.481075589782574
    }, 
    "15": {
        "cache-07": 4.899771126706771, 
        "cache-08": 4.481075589782574
    }, 
    "16": {
        "cache-07": 4.899771126706771, 
        "cache-08": 4.481075589782574
    }, 
    "17": {
        "cache-07": 4.899771126706771, 
        "cache-08": 4.481075589782574
    }, 
    "18": {
        "cache-07": 4.899771126706771, 
        "cache-08": 4.481075589782574
    }, 
    "19": {
        "cache-07": 4.899771126706771, 
        "cache-08": 4.481075589782574
    }, 
    "20": {
        "cache-07": 4.899771126706771, 
        "cache-08": 4.481075589782574
    }, 
    "21": {
        "cache-07": 3.8213506601043945, 
        "cache-08": 3.7750743064834675
    }, 
    "22": {
        "cache-07": 3.8213506601043945, 
        "cache-08": 3.7750743064834675
    }, 
    "23": {
        "cache-07": 3.8213506601043945, 
        "cache-08": 3.7750743064834675
    }, 
    "24": {
        "cache-07": 3.8213506601043945, 
        "cache-08": 3.7750743064834675
    }, 
    "25": {
        "cache-07": 3.8213506601043945, 
        "cache-08": 3.7750743064834675
    }, 
    "26": {
        "cache-07": 3.8213506601043945, 
        "cache-08": 3.7750743064834675
    }, 
    "27": {
        "cache-07": 3.8213506601043945, 
        "cache-08": 3.7750743064834675
    }, 
    "28": {
        "cache-07": 3.8213506601043945, 
        "cache-08": 3.7750743064834675
    }, 
    "29": {
        "cache-07": 3.8213506601043945, 
        "cache-08": 3.7750743064834675
    }, 
    "30": {
        "cache-07": 3.8213506601043945, 
        "cache-08": 3.7750743064834675
    }, 
    "31": {
        "cache-07": 3.6524497067963146, 
        "cache-08": 3.584344716666277
    }, 
    "32": {
        "cache-07": 3.6524497067963146, 
        "cache-08": 3.584344716666277
    }, 
    "33": {
        "cache-07": 3.6524497067963146, 
        "cache-08": 3.584344716666277
    }, 
    "34": {
        "cache-07": 3.6524497067963146, 
        "cache-08": 3.584344716666277
    }, 
    "35": {
        "cache-07": 3.6524497067963146, 
        "cache-08": 3.584344716666277
    }, 
    "36": {
        "cache-07": 3.6524497067963146, 
        "cache-08": 3.584344716666277
    }, 
    "37": {
        "cache-07": 3.6524497067963146, 
        "cache-08": 3.584344716666277
    }, 
    "38": {
        "cache-07": 3.6524497067963146, 
        "cache-08": 3.584344716666277
    }, 
    "39": {
        "cache-07": 3.6524497067963146, 
        "cache-08": 3.584344716666277
    }, 
    "40": {
        "cache-07": 3.6524497067963146, 
        "cache-08": 3.584344716666277
    }, 
    "41": {
        "cache-07": 3.7584481866420956, 
        "cache-08": 4.141505905662715
    }, 
    "42": {
        "cache-07": 3.7584481866420956, 
        "cache-08": 4.141505905662715
    }, 
    "43": {
        "cache-07": 3.7584481866420956, 
        "cache-08": 4.141505905662715
    }, 
    "44": {
        "cache-07": 3.7584481866420956, 
        "cache-08": 4.141505905662715
    }, 
    "45": {
        "cache-07": 3.7584481866420956, 
        "cache-08": 4.141505905662715
    }, 
    "46": {
        "cache-07": 3.7584481866420956, 
        "cache-08": 4.141505905662715
    }, 
    "47": {
        "cache-07": 3.7584481866420956, 
        "cache-08": 4.141505905662715
    }, 
    "48": {
        "cache-07": 3.7584481866420956, 
        "cache-08": 4.141505905662715
    }, 
    "49": {
        "cache-07": 3.7584481866420956, 
        "cache-08": 4.141505905662715
    }, 
    "50": {
        "cache-07": 3.7584481866420956, 
        "cache-08": 4.141505905662715
    }, 
    "51": {
        "cache-07": 3.7427011051405508, 
        "cache-08": 3.6817605629978534
    }, 
    "52": {
        "cache-07": 3.7427011051405508, 
        "cache-08": 3.6817605629978534
    }, 
    "53": {
        "cache-07": 3.7427011051405508, 
        "cache-08": 3.6817605629978534
    }, 
    "54": {
        "cache-07": 3.7427011051405508, 
        "cache-08": 3.6817605629978534
    }, 
    "55": {
        "cache-07": 3.7427011051405508, 
        "cache-08": 3.6817605629978534
    }, 
    "56": {
        "cache-07": 3.7427011051405508, 
        "cache-08": 3.6817605629978534
    }, 
    "57": {
        "cache-07": 3.7427011051405508, 
        "cache-08": 3.6817605629978534
    }, 
    "58": {
        "cache-07": 3.7427011051405508, 
        "cache-08": 3.6817605629978534
    }, 
    "59": {
        "cache-07": 3.7427011051405508, 
        "cache-08": 3.6817605629978534
    }, 
    "60": {
        "cache-07": 3.7427011051405508, 
        "cache-08": 3.6817605629978534
    }, 
    "61": {
        "cache-07": 3.6208149017686444, 
        "cache-08": 4.418616043563814
    }, 
    "62": {
        "cache-07": 3.6208149017686444, 
        "cache-08": 4.418616043563814
    }, 
    "63": {
        "cache-07": 3.6208149017686444, 
        "cache-08": 4.418616043563814
    }, 
    "64": {
        "cache-07": 3.6208149017686444, 
        "cache-08": 4.418616043563814
    }, 
    "65": {
        "cache-07": 3.6208149017686444, 
        "cache-08": 4.418616043563814
    }, 
    "66": {
        "cache-07": 3.6208149017686444, 
        "cache-08": 4.418616043563814
    }, 
    "67": {
        "cache-07": 3.6208149017686444, 
        "cache-08": 4.418616043563814
    }, 
    "68": {
        "cache-07": 3.6208149017686444, 
        "cache-08": 4.418616043563814
    }, 
    "69": {
        "cache-07": 3.6208149017686444, 
        "cache-08": 4.418616043563814
    }, 
    "70": {
        "cache-07": 3.6208149017686444, 
        "cache-08": 4.418616043563814
    }, 
    "71": {
        "cache-07": 3.480775637263301, 
        "cache-08": 3.762496590012681
    }, 
    "72": {
        "cache-07": 3.480775637263301, 
        "cache-08": 3.762496590012681
    }, 
    "73": {
        "cache-07": 3.480775637263301, 
        "cache-08": 3.762496590012681
    }, 
    "74": {
        "cache-07": 3.480775637263301, 
        "cache-08": 3.762496590012681
    }, 
    "75": {
        "cache-07": 3.480775637263301, 
        "cache-08": 3.762496590012681
    }, 
    "76": {
        "cache-07": 3.480775637263301, 
        "cache-08": 3.762496590012681
    }, 
    "77": {
        "cache-07": 3.480775637263301, 
        "cache-08": 3.762496590012681
    }, 
    "78": {
        "cache-07": 3.480775637263301, 
        "cache-08": 3.762496590012681
    }, 
    "79": {
        "cache-07": 3.480775637263301, 
        "cache-08": 3.762496590012681
    }, 
    "80": {
        "cache-07": 3.480775637263301, 
        "cache-08": 3.762496590012681
    },