{
    "0": {
        "cache-01": 3.75, 
        "cache-06": 4
    }, 
    "1": {
        "cache-01": 3.3598729221327375, 
        "cache-06": 4
    }, 
    "2": {
        "cache-01": 3.3996823053318437, 
        "cache-06": 4
    }, 
    "3": {
        "cache-01": 3.556978848813848, 
        "cache-06": 4
    }, 
    "4": {
        "cache-01": 3.498235268672399, 
        "cache-06": 4
    }, 
    "5": {
        "cache-01": 3.779348593097232, 
        "cache-06": 4
    }, 
    "6": {
        "cache-01": 3.779348593097232, 
        "cache-06": 4.247723148090548
    }, 
    "7": {
        "cache-01": 3.779348593097232, 
        "cache-06": 4.371584722135823
    }, 
    "8": {
        "cache-01": 3.779348593097232, 
        "cache-06": 4.433515509158459
    }, 
    "9": {
        "cache-01": 3.779348593097232, 
        "cache-06": 4.464480902669778
    }, 
    "10": {
        "cache-01": 3.779348593097232, 
        "cache-06": 4.479963599425437
    }, 
    "11": {
        "cache-01": 3.779348593097232, 
        "cache-06": 4.487704947803267
    }, 
    "12": {
        "cache-01": 3.779348593097232, 
        "cache-06": 4.491575621992181
    }, 
    "13": {
        "cache-01": 3.779348593097232, 
        "cache-06": 4.493510959086639
    }, 
    "14": {
        "cache-01": 3.779348593097232, 
        "cache-06": 4.649251212319541
    }, 
    "15": {
        "cache-01": 3.779348593097232, 
        "cache-06": 4.572348754250319
    }, 
    "16": {
        "cache-01": 3.779348593097232, 
        "cache-06": 4.688670109901381
    }, 
    "17": {
        "cache-01": 3.779348593097232, 
        "cache-06": 4.48857963109082
    }, 
    "18": {
        "cache-01": 3.779348593097232, 
        "cache-06": 4.388534391685541
    }, 
    "19": {
        "cache-01": 3.779348593097232, 
        "cache-06": 4.441990343933319
    }, 
    "20": {
        "cache-01": 3.779348593097232, 
        "cache-06": 4.36523974810679
    }, 
    "21": {
        "cache-01": 3.779348593097232, 
        "cache-06": 4.326864450193526
    }, 
    "22": {
        "cache-01": 3.779348593097232, 
        "cache-06": 4.411155373187311
    }, 
    "23": {
        "cache-01": 3.779348593097232, 
        "cache-06": 4.608073419369877
    }, 
    "24": {
        "cache-01": 3.779348593097232, 
        "cache-06": 4.706532442461159
    }, 
    "25": {
        "cache-01": 3.779348593097232, 
        "cache-06": 4.7557619540068
    }, 
    "26": {
        "cache-01": 3.779348593097232, 
        "cache-06": 4.780376709779621
    }, 
    "27": {
        "cache-01": 3.779348593097232, 
        "cache-06": 4.792684087666032
    }, 
    "28": {
        "cache-01": 3.779348593097232, 
        "cache-06": 4.798837776609237
    }, 
    "29": {
        "cache-01": 3.779348593097232, 
        "cache-06": 4.80191462108084
    }, 
    "30": {
        "cache-01": 3.779348593097232, 
        "cache-06": 4.803453043316641
    }, 
    "31": {
        "cache-01": 3.779348593097232, 
        "cache-06": 4.804222254434542
    }, 
    "32": {
        "cache-01": 3.779348593097232, 
        "cache-06": 4.804606859993492
    }, 
    "33": {
        "cache-01": 3.779348593097232, 
        "cache-06": 4.804799162772968
    }, 
    "34": {
        "cache-01": 3.779348593097232, 
        "cache-06": 4.804895314162705
    }, 
    "35": {
        "cache-01": 3.779348593097232, 
        "cache-06": 4.650170805171901
    }, 
    "36": {
        "cache-01": 3.779348593097232, 
        "cache-06": 4.727581135362172
    }, 
    "37": {
        "cache-01": 3.779348593097232, 
        "cache-06": 4.766286300457307
    }, 
    "38": {
        "cache-01": 3.779348593097232, 
        "cache-06": 4.785638883004875
    }, 
    "39": {
        "cache-01": 3.779348593097232, 
        "cache-06": 4.795315174278659
    }, 
    "40": {
        "cache-01": 3.779348593097232, 
        "cache-06": 4.80015331991555
    }, 
    "41": {
        "cache-01": 3.779348593097232, 
        "cache-06": 4.802572392733996
    }, 
    "42": {
        "cache-01": 3.779348593097232, 
        "cache-06": 4.803781929143219
    }, 
    "43": {
        "cache-01": 3.779348593097232, 
        "cache-06": 4.80438669734783
    }, 
    "44": {
        "cache-01": 3.779348593097232, 
        "cache-06": 4.804689081450136
    }, 
    "45": {
        "cache-01": 3.779348593097232, 
        "cache-06": 4.80484027350129
    }, 
    "46": {
        "cache-01": 3.779348593097232, 
        "cache-06": 4.804915869526866
    }, 
    "47": {
        "cache-01": 3.779348593097232, 
        "cache-06": 4.804953667539654
    }, 
    "48": {
        "cache-01": 3.779348593097232, 
        "cache-06": 4.8049725665460485
    }, 
    "49": {
        "cache-01": 3.779348593097232, 
        "cache-06": 4.804982016049245
    }, 
    "50": {
        "cache-01": 3.779348593097232, 
        "cache-06": 4.804986740800844
    }, 
    "51": {
        "cache-01": 3.779348593097232, 
        "cache-06": 4.804989103176643
    }, 
    "52": {
        "cache-01": 3.779348593097232, 
        "cache-06": 4.804990284364543
    }, 
    "53": {
        "cache-01": 3.779348593097232, 
        "cache-06": 4.804990874958492
    }, 
    "54": {
        "cache-01": 3.779348593097232, 
        "cache-06": 4.804991170255468
    }, 
    "55": {
        "cache-01": 3.779348593097232, 
        "cache-06": 4.804991317903955
    }, 
    "56": {
        "cache-01": 3.779348593097232, 
        "cache-06": 4.804991391728199
    }, 
    "57": {
        "cache-01": 3.779348593097232, 
        "cache-06": 4.804991428640321
    }, 
    "58": {
        "cache-01": 3.779348593097232, 
        "cache-06": 4.650218862410709
    }, 
    "59": {
        "cache-01": 3.779348593097232, 
        "cache-06": 4.572832579295903
    }, 
    "60": {
        "cache-01": 3.779348593097232, 
        "cache-06": 4.534139437738499
    }, 
    "61": {
        "cache-01": 3.779348593097232, 
        "cache-06": 4.767046521895757
    }, 
    "62": {
        "cache-01": 3.779348593097232, 
        "cache-06": 4.7860189937241
    }, 
    "63": {
        "cache-01": 3.779348593097232, 
        "cache-06": 4.795505229638271
    }, 
    "64": {
        "cache-01": 3.779348593097232, 
        "cache-06": 4.800248347595357
    }, 
    "65": {
        "cache-01": 3.779348593097232, 
        "cache-06": 4.8026199065738995
    }, 
    "66": {
        "cache-01": 3.779348593097232, 
        "cache-06": 4.803805686063171
    }, 
    "67": {
        "cache-01": 3.779348593097232, 
        "cache-06": 4.649625991122134
    }, 
    "68": {
        "cache-01": 3.779348593097232, 
        "cache-06": 4.572536143651615
    }, 
    "69": {
        "cache-01": 3.779348593097232, 
        "cache-06": 4.688763804602029
    }, 
    "70": {
        "cache-01": 3.779348593097232, 
        "cache-06": 4.746877635077236
    }, 
    "71": {
        "cache-01": 3.779348593097232, 
        "cache-06": 4.7759345503148385
    }, 
    "72": {
        "cache-01": 3.779348593097232, 
        "cache-06": 4.79046300793364
    }, 
    "73": {
        "cache-01": 3.779348593097232, 
        "cache-06": 4.797727236743041
    }, 
    "74": {
        "cache-01": 3.779348593097232, 
        "cache-06": 4.801359351147742
    }, 
    "75": {
        "cache-01": 3.779348593097232, 
        "cache-06": 4.803175408350092
    }, 
    "76": {
        "cache-01": 3.779348593097232, 
        "cache-06": 4.649310852265595
    }, 
    "77": {
        "cache-01": 3.779348593097232, 
        "cache-06": 4.468900002272928
    }, 
    "78": {
        "cache-01": 3.779348593097232, 
        "cache-06": 4.264680959897497
    }, 
    "79": {
        "cache-01": 3.779348593097232, 
        "cache-06": 4.276585056088878
    }, 
    "80": {
        "cache-01": 3.779348593097232, 
        "cache-06": 4.28253710418457
    }, 
    "81": {
        "cache-01": 3.779348593097232, 
        "cache-06": 4.285513128232415
    }, 
    "82": {
        "cache-01": 3.779348593097232,