{
    "0": {
        "cache-09": 4, 
        "cache-10": 3.75
    }, 
    "1": {
        "cache-09": 4, 
        "cache-10": 4.122723148090548
    }, 
    "2": {
        "cache-09": 4, 
        "cache-10": 4.561338377071781
    }, 
    "3": {
        "cache-09": 4, 
        "cache-10": 4.780645991562398
    }, 
    "4": {
        "cache-09": 4, 
        "cache-10": 4.890299798807707
    }, 
    "5": {
        "cache-09": 4, 
        "cache-10": 4.945126702430361
    }, 
    "6": {
        "cache-09": 4, 
        "cache-10": 4.875059083991402
    }, 
    "7": {
        "cache-09": 4, 
        "cache-10": 4.581774118135831
    }, 
    "8": {
        "cache-09": 4, 
        "cache-10": 4.435131635208046
    }, 
    "9": {
        "cache-09": 4, 
        "cache-10": 4.361810393744154
    }, 
    "10": {
        "cache-09": 4, 
        "cache-10": 4.325149773012207
    }, 
    "11": {
        "cache-09": 4, 
        "cache-10": 4.5650706192823245
    }, 
    "12": {
        "cache-09": 4, 
        "cache-10": 4.426779885781293
    }, 
    "13": {
        "cache-09": 4, 
        "cache-10": 4.243620901651679
    }, 
    "14": {
        "cache-09": 4, 
        "cache-10": 4.152041409586872
    }, 
    "15": {
        "cache-09": 4, 
        "cache-10": 4.478516437569657
    }, 
    "16": {
        "cache-09": 4, 
        "cache-10": 4.383502794924959
    }, 
    "17": {
        "cache-09": 4, 
        "cache-10": 4.221982356223512
    }, 
    "18": {
        "cache-09": 4, 
        "cache-10": 4.141222136872788
    }, 
    "19": {
        "cache-09": 4, 
        "cache-10": 4.214855644576524
    }, 
    "20": {
        "cache-09": 4, 
        "cache-10": 4.60740462531477
    }, 
    "21": {
        "cache-09": 4, 
        "cache-10": 4.4479468887975155
    }, 
    "22": {
        "cache-09": 4, 
        "cache-10": 4.25420440315979
    }, 
    "23": {
        "cache-09": 4, 
        "cache-10": 4.157333160340928
    }, 
    "24": {
        "cache-09": 4, 
        "cache-10": 4.578643383196971
    }, 
    "25": {
        "cache-09": 4, 
        "cache-10": 4.433566267738616
    }, 
    "26": {
        "cache-09": 4, 
        "cache-10": 4.361027710009438
    }, 
    "27": {
        "cache-09": 4, 
        "cache-10": 4.428237003095267
    }, 
    "28": {
        "cache-09": 4, 
        "cache-10": 4.616614234323855
    }, 
    "29": {
        "cache-09": 4, 
        "cache-10": 4.452551693302057
    }, 
    "30": {
        "cache-09": 4, 
        "cache-10": 4.2565068054120605
    }, 
    "31": {
        "cache-09": 4, 
        "cache-10": 4.158484361467062
    }, 
    "32": {
        "cache-09": 4, 
        "cache-10": 4.109473139494563
    }, 
    "33": {
        "cache-09": 4, 
        "cache-10": 4.198981145887412
    }, 
    "34": {
        "cache-09": 4, 
        "cache-10": 4.129721531704739
    }, 
    "35": {
        "cache-09": 4, 
        "cache-10": 3.9219984620002957
    }, 
    "36": {
        "cache-09": 4.402495732776221, 
        "cache-10": 3.9219984620002957
    }, 
    "37": {
        "cache-09": 4.345492442528241, 
        "cache-10": 3.9219984620002957
    }, 
    "38": {
        "cache-09": 4.575241954040342, 
        "cache-10": 3.9219984620002957
    }, 
    "39": {
        "cache-09": 4.787597780046678, 
        "cache-10": 3.9219984620002957
    }, 
    "40": {
        "cache-09": 4.79629462279956, 
        "cache-10": 3.9219984620002957
    }, 
    "41": {
        "cache-09": 4.54239188753991, 
        "cache-10": 3.9219984620002957
    }, 
    "42": {
        "cache-09": 4.301426902530988, 
        "cache-10": 3.9219984620002957
    }, 
    "43": {
        "cache-09": 4.294958027405624, 
        "cache-10": 3.9219984620002957
    }, 
    "44": {
        "cache-09": 4.64745581672932, 
        "cache-10": 3.9219984620002957
    }, 
    "45": {
        "cache-09": 4.46797248450479, 
        "cache-10": 3.9219984620002957
    }, 
    "46": {
        "cache-09": 4.378230818392526, 
        "cache-10": 3.9219984620002957
    }, 
    "47": {
        "cache-09": 4.219346367957295, 
        "cache-10": 3.9219984620002957
    }, 
    "48": {
        "cache-09": 4.512168916754868, 
        "cache-10": 3.9219984620002957
    }, 
    "49": {
        "cache-09": 4.400329034517565, 
        "cache-10": 3.9219984620002957
    }, 
    "50": {
        "cache-09": 4.344409093398912, 
        "cache-10": 3.9219984620002957
    }, 
    "51": {
        "cache-09": 4.316449122839586, 
        "cache-10": 3.9219984620002957
    }, 
    "52": {
        "cache-09": 4.188455520180826, 
        "cache-10": 3.9219984620002957
    }, 
    "53": {
        "cache-09": 4.124458718851445, 
        "cache-10": 3.9219984620002957
    }, 
    "54": {
        "cache-09": 4.092460318186754, 
        "cache-10": 3.9219984620002957
    }, 
    "55": {
        "cache-09": 4.076461117854409, 
        "cache-10": 3.9219984620002957
    }, 
    "56": {
        "cache-09": 4.182475135067335, 
        "cache-10": 3.9219984620002957
    }, 
    "57": {
        "cache-09": 4.2354821436737975, 
        "cache-10": 3.9219984620002957
    }, 
    "58": {
        "cache-09": 4.147972030597931, 
        "cache-10": 3.9219984620002957
    }, 
    "59": {
        "cache-09": 4.104216974059998, 
        "cache-10": 3.9219984620002957
    }, 
    "60": {
        "cache-09": 4.082339445791032, 
        "cache-10": 3.9219984620002957
    }, 
    "61": {
        "cache-09": 4.185414299035646, 
        "cache-10": 3.9219984620002957
    }, 
    "62": {
        "cache-09": 4.236951725657953, 
        "cache-10": 3.9219984620002957
    }, 
    "63": {
        "cache-09": 4.148706821590009, 
        "cache-10": 3.9219984620002957
    }, 
    "64": {
        "cache-09": 4.218597986935135, 
        "cache-10": 3.9219984620002957
    }, 
    "65": {
        "cache-09": 4.6092757964940745, 
        "cache-10": 3.9219984620002957
    }, 
    "66": {
        "cache-09": 4.448882474387167, 
        "cache-10": 3.9219984620002957
    }, 
    "67": {
        "cache-09": 4.254672195954615, 
        "cache-10": 3.9219984620002957
    }, 
    "68": {
        "cache-09": 4.1575670567383405, 
        "cache-10": 3.9219984620002957
    }, 
    "69": {
        "cache-09": 4.481279261145391, 
        "cache-10": 3.9219984620002957
    }, 
    "70": {
        "cache-09": 4.4883627786632445, 
        "cache-10": 3.9219984620002957
    }, 
    "71": {
        "cache-09": 4.388425965471752, 
        "cache-10": 3.9219984620002957
    }, 
    "72": {
        "cache-09": 4.596708715512097, 
        "cache-10": 3.9219984620002957
    }, 
    "73": {
        "cache-09": 4.546077505846597, 
        "cache-10": 3.9219984620002957
    }, 
    "74": {
        "cache-09": 4.520761901013847, 
        "cache-10": 3.9219984620002957
    }, 
    "75": {
        "cache-09": 4.508104098597472, 
        "cache-10": 3.9219984620002957
    }, 
    "76": {
        "cache-09": 4.501775197389284, 
        "cache-10": 3.9219984620002957
    }, 
    "77": {
        "cache-09": 4.750864401721149, 
        "cache-10": 3.9219984620002957
    }, 
    "78": {
        "cache-09": 4.519676777000704, 
        "cache-10": 3.9219984620002957
    }, 
    "79": {
        "cache-09": 4.290069347261385, 
        "cache-10": 3.9219984620002957
    }, 
    "80": {
        "cache-09": 4.289279249770823, 
        "cache-10": 3.9219984620002957
    }, 
    "81": {
        "cache-09": 4.1748705836464435, 
        "cache-10": 3.9219984620002957
    }, 
    "82": {
        "cache-09": 4.117666250584254, 
        "cache-10": 3.9219984620002957
    }, 
    "83": {
        "cache-09": 4.08906408405316, 
        "cache-10": 3.9219984620002957
    }, 
    "84": {
        "cache-09": 3.7642778862920547, 
        "cache-10": 3.9219984620002957
    }, 
    "85": {
        "cache-09": 3.7642778862920547, 
        "cache-10": 3.99123018976118
    }, 
    "86": {
        "cache-09": 3.7642778862920547, 
        "cache-10": 4.025846053641622
    },