{
    "0": {
        "cache-13": 4.997041827449548, 
        "cache-14": 3.2314405055
    }, 
    "1": {
        "cache-13": 4.997041827449548, 
        "cache-14": 3.2314405055
    }, 
    "2": {
        "cache-13": 4.997041827449548, 
        "cache-14": 3.2314405055
    }, 
    "3": {
        "cache-13": 4.997041827449548, 
        "cache-14": 3.2314405055
    }, 
    "4": {
        "cache-13": 4.997041827449548, 
        "cache-14": 3.2314405055
    }, 
    "5": {
        "cache-13": 4.997041827449548, 
        "cache-14": 3.2314405055
    }, 
    "6": {
        "cache-13": 4.997041827449548, 
        "cache-14": 3.2314405055
    }, 
    "7": {
        "cache-13": 4.997041827449548, 
        "cache-14": 3.2314405055
    }, 
    "8": {
        "cache-13": 4.997041827449548, 
        "cache-14": 3.2314405055
    }, 
    "9": {
        "cache-13": 4.997041827449548, 
        "cache-14": 3.2314405055
    }, 
    "10": {
        "cache-13": 4.997041827449548, 
        "cache-14": 3.2314405055
    }, 
    "11": {
        "cache-13": 4.1260290173695235, 
        "cache-14": 3.2314405055
    }, 
    "12": {
        "cache-13": 4.1260290173695235, 
        "cache-14": 3.2314405055
    }, 
    "13": {
        "cache-13": 4.1260290173695235, 
        "cache-14": 3.2314405055
    }, 
    "14": {
        "cache-13": 4.1260290173695235, 
        "cache-14": 3.2314405055
    }, 
    "15": {
        "cache-13": 4.1260290173695235, 
        "cache-14": 3.2314405055
    }, 
    "16": {
        "cache-13": 4.1260290173695235, 
        "cache-14": 3.2314405055
    }, 
    "17": {
        "cache-13": 4.1260290173695235, 
        "cache-14": 3.2314405055
    }, 
    "18": {
        "cache-13": 4.1260290173695235, 
        "cache-14": 3.2314405055
    }, 
    "19": {
        "cache-13": 4.1260290173695235, 
        "cache-14": 3.2314405055
    }, 
    "20": {
        "cache-13": 4.1260290173695235, 
        "cache-14": 3.2314405055
    }, 
    "21": {
        "cache-13": 4.675651159895, 
        "cache-14": 3.21376076685375
    }, 
    "22": {
        "cache-13": 4.675651159895, 
        "cache-14": 3.21376076685375
    }, 
    "23": {
        "cache-13": 4.675651159895, 
        "cache-14": 3.21376076685375
    }, 
    "24": {
        "cache-13": 4.675651159895, 
        "cache-14": 3.21376076685375
    }, 
    "25": {
        "cache-13": 4.675651159895, 
        "cache-14": 3.21376076685375
    }, 
    "26": {
        "cache-13": 4.675651159895, 
        "cache-14": 3.21376076685375
    }, 
    "27": {
        "cache-13": 4.675651159895, 
        "cache-14": 3.21376076685375
    }, 
    "28": {
        "cache-13": 4.675651159895, 
        "cache-14": 3.21376076685375
    }, 
    "29": {
        "cache-13": 4.675651159895, 
        "cache-14": 3.21376076685375
    }, 
    "30": {
        "cache-13": 4.675651159895, 
        "cache-14": 3.21376076685375
    }, 
    "31": {
        "cache-13": 4.480689048391758, 
        "cache-14": 3.192168802948273
    }, 
    "32": {
        "cache-13": 4.480689048391758, 
        "cache-14": 3.192168802948273
    }, 
    "33": {
        "cache-13": 4.480689048391758, 
        "cache-14": 3.192168802948273
    }, 
    "34": {
        "cache-13": 4.480689048391758, 
        "cache-14": 3.192168802948273
    }, 
    "35": {
        "cache-13": 4.480689048391758, 
        "cache-14": 3.192168802948273
    }, 
    "36": {
        "cache-13": 4.480689048391758, 
        "cache-14": 3.192168802948273
    }, 
    "37": {
        "cache-13": 4.480689048391758, 
        "cache-14": 3.192168802948273
    }, 
    "38": {
        "cache-13": 4.480689048391758, 
        "cache-14": 3.192168802948273
    }, 
    "39": {
        "cache-13": 4.480689048391758, 
        "cache-14": 3.192168802948273
    }, 
    "40": {
        "cache-13": 4.480689048391758, 
        "cache-14": 3.192168802948273
    }, 
    "41": {
        "cache-13": 4.099522570762932, 
        "cache-14": 3.1590751639604484
    }, 
    "42": {
        "cache-13": 4.099522570762932, 
        "cache-14": 3.1590751639604484
    }, 
    "43": {
        "cache-13": 4.099522570762932, 
        "cache-14": 3.1590751639604484
    }, 
    "44": {
        "cache-13": 4.099522570762932, 
        "cache-14": 3.1590751639604484
    }, 
    "45": {
        "cache-13": 4.099522570762932, 
        "cache-14": 3.1590751639604484
    }, 
    "46": {
        "cache-13": 4.099522570762932, 
        "cache-14": 3.1590751639604484
    }, 
    "47": {
        "cache-13": 4.099522570762932, 
        "cache-14": 3.1590751639604484
    }, 
    "48": {
        "cache-13": 4.099522570762932, 
        "cache-14": 3.1590751639604484
    }, 
    "49": {
        "cache-13": 4.099522570762932, 
        "cache-14": 3.1590751639604484
    }, 
    "50": {
        "cache-13": 4.099522570762932, 
        "cache-14": 3.1590751639604484
    }, 
    "51": {
        "cache-13": 3.9836694624298934, 
        "cache-14": 3.167612200207719
    }, 
    "52": {
        "cache-13": 3.9836694624298934, 
        "cache-14": 3.167612200207719
    }, 
    "53": {
        "cache-13": 3.9836694624298934, 
        "cache-14": 3.167612200207719
    }, 
    "54": {
        "cache-13": 3.9836694624298934, 
        "cache-14": 3.167612200207719
    }, 
    "55": {
        "cache-13": 3.9836694624298934, 
        "cache-14": 3.167612200207719
    }, 
    "56": {
        "cache-13": 3.9836694624298934, 
        "cache-14": 3.167612200207719
    }, 
    "57": {
        "cache-13": 3.9836694624298934, 
        "cache-14": 3.167612200207719
    }, 
    "58": {
        "cache-13": 3.9836694624298934, 
        "cache-14": 3.167612200207719
    }, 
    "59": {
        "cache-13": 3.9836694624298934, 
        "cache-14": 3.167612200207719
    }, 
    "60": {
        "cache-13": 3.9836694624298934, 
        "cache-14": 3.167612200207719
    }, 
    "61": {
        "cache-13": 4.471547902276142, 
        "cache-14": 3.1727981838853623
    }, 
    "62": {
        "cache-13": 4.471547902276142, 
        "cache-14": 3.1727981838853623
    }, 
    "63": {
        "cache-13": 4.471547902276142, 
        "cache-14": 3.1727981838853623
    }, 
    "64": {
        "cache-13": 4.471547902276142, 
        "cache-14": 3.1727981838853623
    }, 
    "65": {
        "cache-13": 4.471547902276142, 
        "cache-14": 3.1727981838853623
    }, 
    "66": {
        "cache-13": 4.471547902276142, 
        "cache-14": 3.1727981838853623
    }, 
    "67": {
        "cache-13": 4.471547902276142, 
        "cache-14": 3.1727981838853623
    }, 
    "68": {
        "cache-13": 4.471547902276142, 
        "cache-14": 3.1727981838853623
    }, 
    "69": {
        "cache-13": 4.471547902276142, 
        "cache-14": 3.1727981838853623
    }, 
    "70": {
        "cache-13": 4.471547902276142, 
        "cache-14": 3.1727981838853623
    }, 
    "71": {
        "cache-13": 4.173634881768342, 
        "cache-14": 3.0241717728589848
    }, 
    "72": {
        "cache-13": 4.173634881768342, 
        "cache-14": 3.0241717728589848
    }, 
    "73": {
        "cache-13": 4.173634881768342, 
        "cache-14": 3.0241717728589848
    }, 
    "74": {
        "cache-13": 4.173634881768342, 
        "cache-14": 3.0241717728589848
    }, 
    "75": {
        "cache-13": 4.173634881768342, 
        "cache-14": 3.0241717728589848
    }, 
    "76": {
        "cache-13": 4.173634881768342, 
        "cache-14": 3.0241717728589848
    }, 
    "77": {
        "cache-13": 4.173634881768342, 
        "cache-14": 3.0241717728589848
    }, 
    "78": {
        "cache-13": 4.173634881768342, 
        "cache-14": 3.0241717728589848
    }, 
    "79": {
        "cache-13": 4.173634881768342, 
        "cache-14": 3.0241717728589848
    }, 
    "80": {
        "cache-13": 4.173634881768342, 
        "cache-14": 3.0241717728589848
    }, 
    "81": {
        "cache-13": 4.682091418650434, 
        "cache-14": 3.0952835076875918
    }, 
    "82": {
        "cache-13": 4.682091418650434,