{
    "0": {
        "cache-07": 2.71909315974, 
        "cache-08": 4.620110819607775
    }, 
    "1": {
        "cache-07": 2.71909315974, 
        "cache-08": 4.620110819607775
    }, 
    "2": {
        "cache-07": 2.71909315974, 
        "cache-08": 4.620110819607775
    }, 
    "3": {
        "cache-07": 2.71909315974, 
        "cache-08": 4.620110819607775
    }, 
    "4": {
        "cache-07": 2.71909315974, 
        "cache-08": 4.620110819607775
    }, 
    "5": {
        "cache-07": 2.71909315974, 
        "cache-08": 4.620110819607775
    }, 
    "6": {
        "cache-07": 2.71909315974, 
        "cache-08": 4.620110819607775
    }, 
    "7": {
        "cache-07": 2.71909315974, 
        "cache-08": 4.620110819607775
    }, 
    "8": {
        "cache-07": 2.71909315974, 
        "cache-08": 4.620110819607775
    }, 
    "9": {
        "cache-07": 2.71909315974, 
        "cache-08": 4.620110819607775
    }, 
    "10": {
        "cache-07": 2.71909315974, 
        "cache-08": 4.620110819607775
    }, 
    "11": {
        "cache-07": 2.71909315974, 
        "cache-08": 4.240173931101104
    }, 
    "12": {
        "cache-07": 2.71909315974, 
        "cache-08": 4.240173931101104
    }, 
    "13": {
        "cache-07": 2.71909315974, 
        "cache-08": 4.240173931101104
    }, 
    "14": {
        "cache-07": 2.71909315974, 
        "cache-08": 4.240173931101104
    }, 
    "15": {
        "cache-07": 2.71909315974, 
        "cache-08": 4.240173931101104
    }, 
    "16": {
        "cache-07": 2.71909315974, 
        "cache-08": 4.240173931101104
    }, 
    "17": {
        "cache-07": 2.71909315974, 
        "cache-08": 4.240173931101104
    }, 
    "18": {
        "cache-07": 2.71909315974, 
        "cache-08": 4.240173931101104
    }, 
    "19": {
        "cache-07": 2.71909315974, 
        "cache-08": 4.240173931101104
    }, 
    "20": {
        "cache-07": 2.71909315974, 
        "cache-08": 4.240173931101104
    }, 
    "21": {
        "cache-07": 2.7190467768568296, 
        "cache-08": 4.739884347346883
    }, 
    "22": {
        "cache-07": 2.7190467768568296, 
        "cache-08": 4.739884347346883
    }, 
    "23": {
        "cache-07": 2.7190467768568296, 
        "cache-08": 4.739884347346883
    }, 
    "24": {
        "cache-07": 2.7190467768568296, 
        "cache-08": 4.739884347346883
    }, 
    "25": {
        "cache-07": 2.7190467768568296, 
        "cache-08": 4.739884347346883
    }, 
    "26": {
        "cache-07": 2.7190467768568296, 
        "cache-08": 4.739884347346883
    }, 
    "27": {
        "cache-07": 2.7190467768568296, 
        "cache-08": 4.739884347346883
    }, 
    "28": {
        "cache-07": 2.7190467768568296, 
        "cache-08": 4.739884347346883
    }, 
    "29": {
        "cache-07": 2.7190467768568296, 
        "cache-08": 4.739884347346883
    }, 
    "30": {
        "cache-07": 2.7190467768568296, 
        "cache-08": 4.739884347346883
    }, 
    "31": {
        "cache-07": 2.8259775710690915, 
        "cache-08": 4.2137622318485555
    }, 
    "32": {
        "cache-07": 2.8259775710690915, 
        "cache-08": 4.2137622318485555
    }, 
    "33": {
        "cache-07": 2.8259775710690915, 
        "cache-08": 4.2137622318485555
    }, 
    "34": {
        "cache-07": 2.8259775710690915, 
        "cache-08": 4.2137622318485555
    }, 
    "35": {
        "cache-07": 2.8259775710690915, 
        "cache-08": 4.2137622318485555
    }, 
    "36": {
        "cache-07": 2.8259775710690915, 
        "cache-08": 4.2137622318485555
    }, 
    "37": {
        "cache-07": 2.8259775710690915, 
        "cache-08": 4.2137622318485555
    }, 
    "38": {
        "cache-07": 2.8259775710690915, 
        "cache-08": 4.2137622318485555
    }, 
    "39": {
        "cache-07": 2.8259775710690915, 
        "cache-08": 4.2137622318485555
    }, 
    "40": {
        "cache-07": 2.8259775710690915, 
        "cache-08": 4.2137622318485555
    }, 
    "41": {
        "cache-07": 2.798939743975116, 
        "cache-08": 4.742377660967289
    }, 
    "42": {
        "cache-07": 2.798939743975116, 
        "cache-08": 4.742377660967289
    }, 
    "43": {
        "cache-07": 2.798939743975116, 
        "cache-08": 4.742377660967289
    }, 
    "44": {
        "cache-07": 2.798939743975116, 
        "cache-08": 4.742377660967289
    }, 
    "45": {
        "cache-07": 2.798939743975116, 
        "cache-08": 4.742377660967289
    }, 
    "46": {
        "cache-07": 2.798939743975116, 
        "cache-08": 4.742377660967289
    }, 
    "47": {
        "cache-07": 2.798939743975116, 
        "cache-08": 4.742377660967289
    }, 
    "48": {
        "cache-07": 2.798939743975116, 
        "cache-08": 4.742377660967289
    }, 
    "49": {
        "cache-07": 2.798939743975116, 
        "cache-08": 4.742377660967289
    }, 
    "50": {
        "cache-07": 2.798939743975116, 
        "cache-08": 4.742377660967289
    }, 
    "51": {
        "cache-07": 2.639785942938929, 
        "cache-08": 4.297505527310354
    }, 
    "52": {
        "cache-07": 2.639785942938929, 
        "cache-08": 4.297505527310354
    }, 
    "53": {
        "cache-07": 2.639785942938929, 
        "cache-08": 4.297505527310354
    }, 
    "54": {
        "cache-07": 2.639785942938929, 
        "cache-08": 4.297505527310354
    }, 
    "55": {
        "cache-07": 2.639785942938929, 
        "cache-08": 4.297505527310354
    }, 
    "56": {
        "cache-07": 2.639785942938929, 
        "cache-08": 4.297505527310354
    }, 
    "57": {
        "cache-07": 2.639785942938929, 
        "cache-08": 4.297505527310354
    }, 
    "58": {
        "cache-07": 2.639785942938929, 
        "cache-08": 4.297505527310354
    }, 
    "59": {
        "cache-07": 2.639785942938929, 
        "cache-08": 4.297505527310354
    }, 
    "60": {
        "cache-07": 2.639785942938929, 
        "cache-08": 4.297505527310354
    }, 
    "61": {
        "cache-07": 2.669548855903818, 
        "cache-08": 4.2066473787169585
    }, 
    "62": {
        "cache-07": 2.669548855903818, 
        "cache-08": 4.2066473787169585
    }, 
    "63": {
        "cache-07": 2.669548855903818, 
        "cache-08": 4.2066473787169585
    }, 
    "64": {
        "cache-07": 2.669548855903818, 
        "cache-08": 4.2066473787169585
    }, 
    "65": {
        "cache-07": 2.669548855903818, 
        "cache-08": 4.2066473787169585
    }, 
    "66": {
        "cache-07": 2.669548855903818, 
        "cache-08": 4.2066473787169585
    }, 
    "67": {
        "cache-07": 2.669548855903818, 
        "cache-08": 4.2066473787169585
    }, 
    "68": {
        "cache-07": 2.669548855903818, 
        "cache-08": 4.2066473787169585
    }, 
    "69": {
        "cache-07": 2.669548855903818, 
        "cache-08": 4.2066473787169585
    }, 
    "70": {
        "cache-07": 2.669548855903818, 
        "cache-08": 4.2066473787169585
    }, 
    "71": {
        "cache-07": 2.6617801125082146, 
        "cache-08": 4.665679384519331
    }, 
    "72": {
        "cache-07": 2.6617801125082146, 
        "cache-08": 4.665679384519331
    }, 
    "73": {
        "cache-07": 2.6617801125082146, 
        "cache-08": 4.665679384519331
    }, 
    "74": {
        "cache-07": 2.6617801125082146, 
        "cache-08": 4.665679384519331
    }, 
    "75": {
        "cache-07": 2.6617801125082146, 
        "cache-08": 4.665679384519331
    }, 
    "76": {
        "cache-07": 2.6617801125082146, 
        "cache-08": 4.665679384519331
    }, 
    "77": {
        "cache-07": 2.6617801125082146, 
        "cache-08": 4.665679384519331
    }, 
    "78": {
        "cache-07": 2.6617801125082146, 
        "cache-08": 4.665679384519331
    }, 
    "79": {
        "cache-07": 2.6617801125082146, 
        "cache-08": 4.665679384519331
    }, 
    "80": {
        "cache-07": 2.6617801125082146, 
        "cache-08": 4.665679384519331
    }, 
    "81": {
        "cache-07": 2.6550639124724342, 
        "cache-08": 4.258531949601229
    },