{
    "0": {
        "cache-07": 4, 
        "cache-08": 3.75
    }, 
    "1": {
        "cache-07": 4, 
        "cache-08": 4.122723148090548
    }, 
    "2": {
        "cache-07": 4, 
        "cache-08": 4.561338377071781
    }, 
    "3": {
        "cache-07": 4, 
        "cache-08": 4.780645991562398
    }, 
    "4": {
        "cache-07": 4, 
        "cache-08": 4.890299798807707
    }, 
    "5": {
        "cache-07": 4, 
        "cache-08": 4.945126702430361
    }, 
    "6": {
        "cache-07": 4, 
        "cache-08": 4.972540154241688
    }, 
    "7": {
        "cache-07": 4, 
        "cache-08": 4.986246880147352
    }, 
    "8": {
        "cache-07": 4, 
        "cache-08": 4.993100243100184
    }, 
    "9": {
        "cache-07": 4, 
        "cache-08": 4.9965269245765995
    }, 
    "10": {
        "cache-07": 4, 
        "cache-08": 4.64250803842843
    }, 
    "11": {
        "cache-07": 4, 
        "cache-08": 4.351484977975247
    }, 
    "12": {
        "cache-07": 4, 
        "cache-08": 4.205973447748656
    }, 
    "13": {
        "cache-07": 4, 
        "cache-08": 4.247231300014459
    }, 
    "14": {
        "cache-07": 4, 
        "cache-08": 4.267860226147359
    }, 
    "15": {
        "cache-07": 4, 
        "cache-08": 4.381653261164228
    }, 
    "16": {
        "cache-07": 4, 
        "cache-08": 4.593322363358335
    }, 
    "17": {
        "cache-07": 4, 
        "cache-08": 4.440905757819298
    }, 
    "18": {
        "cache-07": 4, 
        "cache-08": 4.250683837670682
    }, 
    "19": {
        "cache-07": 4, 
        "cache-08": 4.155572877596374
    }, 
    "20": {
        "cache-07": 4, 
        "cache-08": 4.10801739755922
    }, 
    "21": {
        "cache-07": 4, 
        "cache-08": 4.0842396575406426
    }, 
    "22": {
        "cache-07": 4, 
        "cache-08": 4.444615561546542
    }, 
    "23": {
        "cache-07": 4, 
        "cache-08": 4.3665523569134015
    }, 
    "24": {
        "cache-07": 4, 
        "cache-08": 4.213507137217733
    }, 
    "25": {
        "cache-07": 4, 
        "cache-08": 4.3544767166994145
    }, 
    "26": {
        "cache-07": 4, 
        "cache-08": 4.677215161376214
    }, 
    "27": {
        "cache-07": 4, 
        "cache-08": 4.195745276836034
    }, 
    "28": {
        "cache-07": 4, 
        "cache-08": 4.128103597179049
    }, 
    "29": {
        "cache-07": 4, 
        "cache-08": 4.564028601616032
    }, 
    "30": {
        "cache-07": 4, 
        "cache-08": 4.684510033584237
    }, 
    "31": {
        "cache-07": 4, 
        "cache-08": 4.589978164882667
    }, 
    "32": {
        "cache-07": 4, 
        "cache-08": 4.325220041202366
    }, 
    "33": {
        "cache-07": 4, 
        "cache-08": 4.192840979362215
    }, 
    "34": {
        "cache-07": 4, 
        "cache-08": 4.126651448442139
    }, 
    "35": {
        "cache-07": 4, 
        "cache-08": 4.093556682982102
    }, 
    "36": {
        "cache-07": 4, 
        "cache-08": 4.077009300252083
    }, 
    "37": {
        "cache-07": 4, 
        "cache-08": 4.068735608887074
    }, 
    "38": {
        "cache-07": 4, 
        "cache-08": 4.436863537219758
    }, 
    "39": {
        "cache-07": 4, 
        "cache-08": 4.620927501386101
    }, 
    "40": {
        "cache-07": 4, 
        "cache-08": 4.454708326833181
    }, 
    "41": {
        "cache-07": 4, 
        "cache-08": 4.084491859564517
    }, 
    "42": {
        "cache-07": 4, 
        "cache-08": 3.899383625930185
    }, 
    "43": {
        "cache-07": 4.030230958761033, 
        "cache-08": 3.899383625930185
    }, 
    "44": {
        "cache-07": 4.045346438141548, 
        "cache-08": 3.899383625930185
    }, 
    "45": {
        "cache-07": 4.052904177831806, 
        "cache-08": 3.899383625930185
    }, 
    "46": {
        "cache-07": 4.170696665056033, 
        "cache-08": 3.899383625930185
    }, 
    "47": {
        "cache-07": 4.229592908668147, 
        "cache-08": 3.899383625930185
    }, 
    "48": {
        "cache-07": 4.1450274130951055, 
        "cache-08": 3.899383625930185
    }, 
    "49": {
        "cache-07": 4.102744665308585, 
        "cache-08": 3.899383625930185
    }, 
    "50": {
        "cache-07": 4.453868065430513, 
        "cache-08": 3.899383625930185
    }, 
    "51": {
        "cache-07": 4.257164991476289, 
        "cache-08": 3.899383625930185
    }, 
    "52": {
        "cache-07": 4.158813454499176, 
        "cache-08": 3.899383625930185
    }, 
    "53": {
        "cache-07": 4.10963768601062, 
        "cache-08": 3.899383625930185
    }, 
    "54": {
        "cache-07": 4.554795646031817, 
        "cache-08": 3.899383625930185
    }, 
    "55": {
        "cache-07": 4.307628781776941, 
        "cache-08": 3.899383625930185
    }, 
    "56": {
        "cache-07": 4.556310123664692, 
        "cache-08": 3.899383625930185
    }, 
    "57": {
        "cache-07": 4.422399637972476, 
        "cache-08": 3.899383625930185
    }, 
    "58": {
        "cache-07": 4.24143077774727, 
        "cache-08": 3.899383625930185
    }, 
    "59": {
        "cache-07": 4.150946347634667, 
        "cache-08": 3.899383625930185
    }, 
    "60": {
        "cache-07": 4.105704132578365, 
        "cache-08": 3.899383625930185
    }, 
    "61": {
        "cache-07": 4.083083025050215, 
        "cache-08": 3.899383625930185
    }, 
    "62": {
        "cache-07": 4.444037245301328, 
        "cache-08": 3.899383625930185
    }, 
    "63": {
        "cache-07": 4.624514355426886, 
        "cache-08": 3.899383625930185
    }, 
    "64": {
        "cache-07": 4.342488136474476, 
        "cache-08": 3.899383625930185
    }, 
    "65": {
        "cache-07": 4.201475026998271, 
        "cache-08": 3.899383625930185
    }, 
    "66": {
        "cache-07": 4.503233246275356, 
        "cache-08": 3.899383625930185
    }, 
    "67": {
        "cache-07": 4.654112355913899, 
        "cache-08": 3.899383625930185
    }, 
    "68": {
        "cache-07": 4.357287136717982, 
        "cache-08": 3.899383625930185
    }, 
    "69": {
        "cache-07": 4.208874527120024, 
        "cache-08": 3.899383625930185
    }, 
    "70": {
        "cache-07": 4.134668222321045, 
        "cache-08": 3.899383625930185
    }, 
    "71": {
        "cache-07": 4.469829843936743, 
        "cache-08": 3.899383625930185
    }, 
    "72": {
        "cache-07": 4.2651458807294045, 
        "cache-08": 3.899383625930185
    }, 
    "73": {
        "cache-07": 4.276817516504833, 
        "cache-08": 3.899383625930185
    }, 
    "74": {
        "cache-07": 4.540904491028638, 
        "cache-08": 3.899383625930185
    }, 
    "75": {
        "cache-07": 4.67294797829054, 
        "cache-08": 3.899383625930185
    }, 
    "76": {
        "cache-07": 4.584197137235819, 
        "cache-08": 3.899383625930185
    }, 
    "77": {
        "cache-07": 4.322329527378942, 
        "cache-08": 3.899383625930185
    }, 
    "78": {
        "cache-07": 4.191395722450503, 
        "cache-08": 3.899383625930185
    }, 
    "79": {
        "cache-07": 4.498193594001473, 
        "cache-08": 3.899383625930185
    }, 
    "80": {
        "cache-07": 4.279327755761768, 
        "cache-08": 3.899383625930185
    }, 
    "81": {
        "cache-07": 4.169894836641916, 
        "cache-08": 3.899383625930185
    }, 
    "82": {
        "cache-07": 4.115178377081991, 
        "cache-08": 3.899383625930185
    }, 
    "83": {
        "cache-07": 4.4600849213172165, 
        "cache-08": 3.899383625930185
    }, 
    "84": {
        "cache-07": 4.477765608749157, 
        "cache-08": 3.899383625930185
    }, 
    "85": {
        "cache-07": 4.269113763135611, 
        "cache-08": 3.899383625930185
    }, 
    "86": {
        "cache-07": 4.634533684594313, 
        "cache-08": 3.899383625930185
    }, 
    "87": {
        "cache-07": 4.461511418437286, 
        "cache-08": 3.899383625930185
    }, 
    "88": {
        "cache-07": 4.260986667979676,