{
    "0": {
        "cache-15": 3.75, 
        "cache-16": 4
    }, 
    "1": {
        "cache-15": 4.374976803026508, 
        "cache-16": 4
    }, 
    "2": {
        "cache-15": 4.687465204539761, 
        "cache-16": 4
    }, 
    "3": {
        "cache-15": 4.843709405296387, 
        "cache-16": 4
    }, 
    "4": {
        "cache-15": 4.921831505674701, 
        "cache-16": 4
    }, 
    "5": {
        "cache-15": 4.9608925558638575, 
        "cache-16": 4
    }, 
    "6": {
        "cache-15": 4.980423080958436, 
        "cache-16": 4
    }, 
    "7": {
        "cache-15": 4.990188343505725, 
        "cache-16": 4
    }, 
    "8": {
        "cache-15": 4.99507097477937, 
        "cache-16": 4
    }, 
    "9": {
        "cache-15": 4.997512290416193, 
        "cache-16": 4
    }, 
    "10": {
        "cache-15": 4.998732948234604, 
        "cache-16": 4
    }, 
    "11": {
        "cache-15": 4.99934327714381, 
        "cache-16": 4
    }, 
    "12": {
        "cache-15": 4.999648441598412, 
        "cache-16": 4
    }, 
    "13": {
        "cache-15": 4.999801023825713, 
        "cache-16": 4
    }, 
    "14": {
        "cache-15": 4.999877314939363, 
        "cache-16": 4
    }, 
    "15": {
        "cache-15": 4.999915460496188, 
        "cache-16": 4
    }, 
    "16": {
        "cache-15": 4.999934533274601, 
        "cache-16": 4
    }, 
    "17": {
        "cache-15": 4.999944069663808, 
        "cache-16": 4
    }, 
    "18": {
        "cache-15": 4.644216610972034, 
        "cache-16": 4
    }, 
    "19": {
        "cache-15": 4.822085108512525, 
        "cache-16": 4
    }, 
    "20": {
        "cache-15": 4.91101935728277, 
        "cache-16": 4
    }, 
    "21": {
        "cache-15": 4.955486481667892, 
        "cache-16": 4
    }, 
    "22": {
        "cache-15": 4.977720043860453, 
        "cache-16": 4
    }, 
    "23": {
        "cache-15": 4.988836824956733, 
        "cache-16": 4
    }, 
    "24": {
        "cache-15": 4.994395215504873, 
        "cache-16": 4
    }, 
    "25": {
        "cache-15": 4.997174410778944, 
        "cache-16": 4
    }, 
    "26": {
        "cache-15": 4.998564008415979, 
        "cache-16": 4
    }, 
    "27": {
        "cache-15": 4.999258807234497, 
        "cache-16": 4
    }, 
    "28": {
        "cache-15": 4.999606206643756, 
        "cache-16": 4
    }, 
    "29": {
        "cache-15": 4.999779906348385, 
        "cache-16": 4
    }, 
    "30": {
        "cache-15": 4.999866756200699, 
        "cache-16": 4
    }, 
    "31": {
        "cache-15": 4.999910181126857, 
        "cache-16": 4
    }, 
    "32": {
        "cache-15": 4.999931893589936, 
        "cache-16": 4
    }, 
    "33": {
        "cache-15": 4.999942749821475, 
        "cache-16": 4
    }, 
    "34": {
        "cache-15": 4.999948177937245, 
        "cache-16": 4
    }, 
    "35": {
        "cache-15": 4.99995089199513, 
        "cache-16": 4
    }, 
    "36": {
        "cache-15": 4.999952249024073, 
        "cache-16": 4
    }, 
    "37": {
        "cache-15": 4.999952927538544, 
        "cache-16": 4
    }, 
    "38": {
        "cache-15": 4.99995326679578, 
        "cache-16": 4
    }, 
    "39": {
        "cache-15": 4.999953436424397, 
        "cache-16": 4
    }, 
    "40": {
        "cache-15": 4.999953521238705, 
        "cache-16": 4
    }, 
    "41": {
        "cache-15": 4.99995356364586, 
        "cache-16": 4
    }, 
    "42": {
        "cache-15": 4.999953584849438, 
        "cache-16": 4
    }, 
    "43": {
        "cache-15": 4.999953595451226, 
        "cache-16": 4
    }, 
    "44": {
        "cache-15": 4.99995360075212, 
        "cache-16": 4
    }, 
    "45": {
        "cache-15": 4.999953603402567, 
        "cache-16": 4
    }, 
    "46": {
        "cache-15": 4.999953604727791, 
        "cache-16": 4
    }, 
    "47": {
        "cache-15": 4.999953605390402, 
        "cache-16": 4
    }, 
    "48": {
        "cache-15": 4.999953605721709, 
        "cache-16": 4
    }, 
    "49": {
        "cache-15": 4.999953605887361, 
        "cache-16": 4
    }, 
    "50": {
        "cache-15": 4.9999536059701875, 
        "cache-16": 4
    }, 
    "51": {
        "cache-15": 4.999953606011601, 
        "cache-16": 4
    }, 
    "52": {
        "cache-15": 4.999953606032308, 
        "cache-16": 4
    }, 
    "53": {
        "cache-15": 4.999953606042661, 
        "cache-16": 4
    }, 
    "54": {
        "cache-15": 4.999953606047837, 
        "cache-16": 4
    }, 
    "55": {
        "cache-15": 4.9999536060504255, 
        "cache-16": 4
    }, 
    "56": {
        "cache-15": 4.9999536060517205, 
        "cache-16": 4
    }, 
    "57": {
        "cache-15": 4.999953606052367, 
        "cache-16": 4
    }, 
    "58": {
        "cache-15": 4.99995360605269, 
        "cache-16": 4
    }, 
    "59": {
        "cache-15": 4.999953606052852, 
        "cache-16": 4
    }, 
    "60": {
        "cache-15": 4.999953606052934, 
        "cache-16": 4
    }, 
    "61": {
        "cache-15": 4.999953606052975, 
        "cache-16": 4
    }, 
    "62": {
        "cache-15": 4.999953606052994, 
        "cache-16": 4
    }, 
    "63": {
        "cache-15": 4.999953606053005, 
        "cache-16": 4
    }, 
    "64": {
        "cache-15": 4.99995360605301, 
        "cache-16": 4
    }, 
    "65": {
        "cache-15": 4.999953606053012, 
        "cache-16": 4
    }, 
    "66": {
        "cache-15": 4.999953606053014, 
        "cache-16": 4
    }, 
    "67": {
        "cache-15": 4.999953606053014, 
        "cache-16": 4
    }, 
    "68": {
        "cache-15": 4.999953606053014, 
        "cache-16": 4
    }, 
    "69": {
        "cache-15": 4.999953606053014, 
        "cache-16": 4
    }, 
    "70": {
        "cache-15": 4.999953606053014, 
        "cache-16": 4
    }, 
    "71": {
        "cache-15": 4.999953606053014, 
        "cache-16": 4
    }, 
    "72": {
        "cache-15": 4.999953606053014, 
        "cache-16": 4
    }, 
    "73": {
        "cache-15": 4.999953606053014, 
        "cache-16": 4
    }, 
    "74": {
        "cache-15": 4.999953606053014, 
        "cache-16": 4
    }, 
    "75": {
        "cache-15": 4.999953606053014, 
        "cache-16": 4
    }, 
    "76": {
        "cache-15": 4.999953606053014, 
        "cache-16": 4
    }, 
    "77": {
        "cache-15": 4.999953606053014, 
        "cache-16": 4
    }, 
    "78": {
        "cache-15": 4.999953606053014, 
        "cache-16": 4
    }, 
    "79": {
        "cache-15": 4.999953606053014, 
        "cache-16": 4
    }, 
    "80": {
        "cache-15": 4.999953606053014, 
        "cache-16": 4
    }, 
    "81": {
        "cache-15": 4.999953606053014, 
        "cache-16": 4
    }, 
    "82": {
        "cache-15": 4.999953606053014, 
        "cache-16": 4
    }, 
    "83": {
        "cache-15": 4.999953606053014, 
        "cache-16": 4
    }, 
    "84": {
        "cache-15": 4.999953606053014, 
        "cache-16": 4
    }, 
    "85": {
        "cache-15": 4.999953606053014, 
        "cache-16": 4
    }, 
    "86": {
        "cache-15": 4.999953606053014, 
        "cache-16": 4
    }, 
    "87": {
        "cache-15": 4.999953606053014, 
        "cache-16": 4
    }, 
    "88": {
        "cache-15": 4.999953606053014, 
        "cache-16": 4
    }, 
    "89": {
        "cache-15": 4.999953606053014, 
        "cache-16": 4
    }, 
    "90": {
        "cache-15": 4.999953606053014, 
        "cache-16": 4
    }, 
    "91": {
        "cache-15": 4.999953606053014, 
        "cache-16": 4
    }, 
    "92": {
        "cache-15": 4.999953606053014, 
        "cache-16": 4
    }, 
    "93": {
        "cache-15": 4.999953606053014, 
        "cache-16": 4
    }, 
    "94": {
        "cache-15": 4.999953606053014, 
        "cache-16": 4
    }, 
    "95": {
        "cache-15": 4.999953606053014, 
        "cache-16": 4
    }, 
    "96": {
        "cache-15": 4.999953606053014, 
        "cache-16": 4
    }, 
    "97": {
        "cache-15": 4.999953606053014,