{
    "0": {
        "cache-03": 2.880772846778007, 
        "cache-04": 4
    }, 
    "1": {
        "cache-03": 2.6903864233890036, 
        "cache-04": 4
    }, 
    "2": {
        "cache-03": 2.595193211694502, 
        "cache-04": 4
    }, 
    "3": {
        "cache-03": 2.547596605847251, 
        "cache-04": 4
    }, 
    "4": {
        "cache-03": 2.5237983029236255, 
        "cache-04": 4
    }, 
    "5": {
        "cache-03": 2.5118991514618125, 
        "cache-04": 4
    }, 
    "6": {
        "cache-03": 2.5118991514618125, 
        "cache-04": 2.263083331753544
    }, 
    "7": {
        "cache-03": 2.137004081363364, 
        "cache-04": 2.263083331753544
    }, 
    "8": {
        "cache-03": 2.137004081363364, 
        "cache-04": 1.3779644432204086
    }, 
    "9": {
        "cache-03": 1.1952980921778718, 
        "cache-04": 1.3779644432204086
    }, 
    "10": {
        "cache-03": 1.1952980921778718, 
        "cache-04": 0.9043453973910159
    }, 
    "11": {
        "cache-03": 1.19128537231602, 
        "cache-04": 0.9043453973910159
    }, 
    "12": {
        "cache-03": 1.6517108539093464, 
        "cache-04": 0.9043453973910159
    }, 
    "13": {
        "cache-03": 1.3962190501546021, 
        "cache-04": 0.9043453973910159
    }, 
    "14": {
        "cache-03": 1.3369445668933673, 
        "cache-04": 0.9043453973910159
    }, 
    "15": {
        "cache-03": 0.9034452524031311, 
        "cache-04": 0.9043453973910159
    }, 
    "16": {
        "cache-03": 0.9034452524031311, 
        "cache-04": 0.7511093914233069
    }, 
    "17": {
        "cache-03": 1.936595548334303, 
        "cache-04": 0.7511093914233069
    }, 
    "18": {
        "cache-03": 2.2182977741671515, 
        "cache-04": 0.7511093914233069
    }, 
    "19": {
        "cache-03": 2.3591488870835757, 
        "cache-04": 0.7511093914233069
    }, 
    "20": {
        "cache-03": 2.429574443541788, 
        "cache-04": 0.7511093914233069
    }, 
    "21": {
        "cache-03": 2.464787221770894, 
        "cache-04": 0.7511093914233069
    }, 
    "22": {
        "cache-03": 2.482393610885447, 
        "cache-04": 0.7511093914233069
    }, 
    "23": {
        "cache-03": 2.4911968054427236, 
        "cache-04": 0.7511093914233069
    }, 
    "24": {
        "cache-03": 2.495598402721362, 
        "cache-04": 0.7511093914233069
    }, 
    "25": {
        "cache-03": 2.4977992013606807, 
        "cache-04": 0.7511093914233069
    }, 
    "26": {
        "cache-03": 2.4988996006803403, 
        "cache-04": 0.7511093914233069
    }, 
    "27": {
        "cache-03": 2.4994498003401704, 
        "cache-04": 0.7511093914233069
    }, 
    "28": {
        "cache-03": 2.1238194024948003, 
        "cache-04": 0.7511093914233069
    }, 
    "29": {
        "cache-03": 1.8776147877176894, 
        "cache-04": 0.7511093914233069
    }, 
    "30": {
        "cache-03": 1.9385579163775115, 
        "cache-04": 0.7511093914233069
    }, 
    "31": {
        "cache-03": 2.219278958188756, 
        "cache-04": 0.7511093914233069
    }, 
    "32": {
        "cache-03": 2.359639479094378, 
        "cache-04": 0.7511093914233069
    }, 
    "33": {
        "cache-03": 2.429819739547189, 
        "cache-04": 0.7511093914233069
    }, 
    "34": {
        "cache-03": 2.4649098697735945, 
        "cache-04": 0.7511093914233069
    }, 
    "35": {
        "cache-03": 1.6432492151037428, 
        "cache-04": 0.7511093914233069
    }, 
    "36": {
        "cache-03": 1.5814608242069288, 
        "cache-04": 0.7511093914233069
    }, 
    "37": {
        "cache-03": 1.1472936384636263, 
        "cache-04": 0.7511093914233069
    }, 
    "38": {
        "cache-03": 1.8236468192318132, 
        "cache-04": 0.7511093914233069
    }, 
    "39": {
        "cache-03": 2.1618234096159066, 
        "cache-04": 0.7511093914233069
    }, 
    "40": {
        "cache-03": 2.3309117048079533, 
        "cache-04": 0.7511093914233069
    }, 
    "41": {
        "cache-03": 1.1401336169587466, 
        "cache-04": 0.7511093914233069
    }, 
    "42": {
        "cache-03": 1.1553917869224433, 
        "cache-04": 0.7511093914233069
    }, 
    "43": {
        "cache-03": 0.750490992833888, 
        "cache-04": 0.7511093914233069
    }, 
    "44": {
        "cache-03": 0.750490992833888, 
        "cache-04": 0.6479430807789014
    }, 
    "45": {
        "cache-03": 0.6869094997335292, 
        "cache-04": 0.6479430807789014
    }, 
    "46": {
        "cache-03": 1.5934547498667646, 
        "cache-04": 0.6479430807789014
    }, 
    "47": {
        "cache-03": 2.0467273749333823, 
        "cache-04": 0.6479430807789014
    }, 
    "48": {
        "cache-03": 1.8408538460144914, 
        "cache-04": 0.6479430807789014
    }, 
    "49": {
        "cache-03": 1.7421952992771688, 
        "cache-04": 0.6479430807789014
    }, 
    "50": {
        "cache-03": 1.8004611413090332, 
        "cache-04": 0.6479430807789014
    }, 
    "51": {
        "cache-03": 1.6585356262318602, 
        "cache-04": 0.6479430807789014
    }, 
    "52": {
        "cache-03": 1.992244585813905, 
        "cache-04": 0.6479430807789014
    }, 
    "53": {
        "cache-03": 2.2461222929069526, 
        "cache-04": 0.6479430807789014
    }, 
    "54": {
        "cache-03": 1.8040399735940054, 
        "cache-04": 0.6479430807789014
    }, 
    "55": {
        "cache-03": 2.1520199867970025, 
        "cache-04": 0.6479430807789014
    }, 
    "56": {
        "cache-03": 2.088350583695134, 
        "cache-04": 0.6479430807789014
    }, 
    "57": {
        "cache-03": 2.294175291847567, 
        "cache-04": 0.6479430807789014
    }, 
    "58": {
        "cache-03": 2.3970876459237838, 
        "cache-04": 0.6479430807789014
    }, 
    "59": {
        "cache-03": 2.448543822961892, 
        "cache-04": 0.6479430807789014
    }, 
    "60": {
        "cache-03": 2.1425188081921984, 
        "cache-04": 0.6479430807789014
    }, 
    "61": {
        "cache-03": 1.9638200574885214, 
        "cache-04": 0.6479430807789014
    }, 
    "62": {
        "cache-03": 1.9897679904382537, 
        "cache-04": 0.6479430807789014
    }, 
    "63": {
        "cache-03": 2.1682722797019345, 
        "cache-04": 0.6479430807789014
    }, 
    "64": {
        "cache-03": 1.9437681626774022, 
        "cache-04": 0.6479430807789014
    }, 
    "65": {
        "cache-03": 1.334199382617229, 
        "cache-04": 0.6479430807789014
    }, 
    "66": {
        "cache-03": 1.131578258943644, 
        "cache-04": 0.6479430807789014
    }, 
    "67": {
        "cache-03": 1.815789129471822, 
        "cache-04": 0.6479430807789014
    }, 
    "68": {
        "cache-03": 2.157894564735911, 
        "cache-04": 0.6479430807789014
    }, 
    "69": {
        "cache-03": 2.3289472823679556, 
        "cache-04": 0.6479430807789014
    }, 
    "70": {
        "cache-03": 2.414473641183978, 
        "cache-04": 0.6479430807789014
    }, 
    "71": {
        "cache-03": 2.457236820591989, 
        "cache-04": 0.6479430807789014
    }, 
    "72": {
        "cache-03": 2.1043303971321565, 
        "cache-04": 0.6479430807789014
    }, 
    "73": {
        "cache-03": 1.701402972066589, 
        "cache-04": 0.6479430807789014
    }, 
    "74": {
        "cache-03": 2.1007014860332944, 
        "cache-04": 0.6479430807789014
    }, 
    "75": {
        "cache-03": 2.300350743016647, 
        "cache-04": 0.6479430807789014
    }, 
    "76": {
        "cache-03": 2.4001753715083236, 
        "cache-04": 0.6479430807789014
    }, 
    "77": {
        "cache-03": 2.450087685754162, 
        "cache-04": 0.6479430807789014
    }, 
    "78": {
        "cache-03": 2.475043842877081, 
        "cache-04": 0.6479430807789014
    }, 
    "79": {
        "cache-03": 2.4875219214385407, 
        "cache-04": 0.6479430807789014
    }, 
    "80": {
        "cache-03": 2.4937609607192703, 
        "cache-04": 0.6479430807789014
    },