{
    "0": {
        "cache-15": 4.997993748561113, 
        "cache-16": 4.170591690628322
    }, 
    "1": {
        "cache-15": 4.997993748561113, 
        "cache-16": 4.170591690628322
    }, 
    "2": {
        "cache-15": 4.997993748561113, 
        "cache-16": 4.170591690628322
    }, 
    "3": {
        "cache-15": 4.997993748561113, 
        "cache-16": 4.170591690628322
    }, 
    "4": {
        "cache-15": 4.997993748561113, 
        "cache-16": 4.170591690628322
    }, 
    "5": {
        "cache-15": 4.997993748561113, 
        "cache-16": 4.170591690628322
    }, 
    "6": {
        "cache-15": 4.997993748561113, 
        "cache-16": 4.170591690628322
    }, 
    "7": {
        "cache-15": 4.997993748561113, 
        "cache-16": 4.170591690628322
    }, 
    "8": {
        "cache-15": 4.997993748561113, 
        "cache-16": 4.170591690628322
    }, 
    "9": {
        "cache-15": 4.997993748561113, 
        "cache-16": 4.170591690628322
    }, 
    "10": {
        "cache-15": 4.997993748561113, 
        "cache-16": 4.170591690628322
    }, 
    "11": {
        "cache-15": 4.999929976853236, 
        "cache-16": 4.17059169062958
    }, 
    "12": {
        "cache-15": 4.999929976853236, 
        "cache-16": 4.17059169062958
    }, 
    "13": {
        "cache-15": 4.999929976853236, 
        "cache-16": 4.17059169062958
    }, 
    "14": {
        "cache-15": 4.999929976853236, 
        "cache-16": 4.17059169062958
    }, 
    "15": {
        "cache-15": 4.999929976853236, 
        "cache-16": 4.17059169062958
    }, 
    "16": {
        "cache-15": 4.999929976853236, 
        "cache-16": 4.17059169062958
    }, 
    "17": {
        "cache-15": 4.999929976853236, 
        "cache-16": 4.17059169062958
    }, 
    "18": {
        "cache-15": 4.999929976853236, 
        "cache-16": 4.17059169062958
    }, 
    "19": {
        "cache-15": 4.999929976853236, 
        "cache-16": 4.17059169062958
    }, 
    "20": {
        "cache-15": 4.999929976853236, 
        "cache-16": 4.17059169062958
    }, 
    "21": {
        "cache-15": 4.902314245193242, 
        "cache-16": 4.111464649464947
    }, 
    "22": {
        "cache-15": 4.902314245193242, 
        "cache-16": 4.111464649464947
    }, 
    "23": {
        "cache-15": 4.902314245193242, 
        "cache-16": 4.111464649464947
    }, 
    "24": {
        "cache-15": 4.902314245193242, 
        "cache-16": 4.111464649464947
    }, 
    "25": {
        "cache-15": 4.902314245193242, 
        "cache-16": 4.111464649464947
    }, 
    "26": {
        "cache-15": 4.902314245193242, 
        "cache-16": 4.111464649464947
    }, 
    "27": {
        "cache-15": 4.902314245193242, 
        "cache-16": 4.111464649464947
    }, 
    "28": {
        "cache-15": 4.902314245193242, 
        "cache-16": 4.111464649464947
    }, 
    "29": {
        "cache-15": 4.902314245193242, 
        "cache-16": 4.111464649464947
    }, 
    "30": {
        "cache-15": 4.902314245193242, 
        "cache-16": 4.111464649464947
    }, 
    "31": {
        "cache-15": 4.921458094607539, 
        "cache-16": 4.102722674211092
    }, 
    "32": {
        "cache-15": 4.921458094607539, 
        "cache-16": 4.102722674211092
    }, 
    "33": {
        "cache-15": 4.921458094607539, 
        "cache-16": 4.102722674211092
    }, 
    "34": {
        "cache-15": 4.921458094607539, 
        "cache-16": 4.102722674211092
    }, 
    "35": {
        "cache-15": 4.921458094607539, 
        "cache-16": 4.102722674211092
    }, 
    "36": {
        "cache-15": 4.921458094607539, 
        "cache-16": 4.102722674211092
    }, 
    "37": {
        "cache-15": 4.921458094607539, 
        "cache-16": 4.102722674211092
    }, 
    "38": {
        "cache-15": 4.921458094607539, 
        "cache-16": 4.102722674211092
    }, 
    "39": {
        "cache-15": 4.921458094607539, 
        "cache-16": 4.102722674211092
    }, 
    "40": {
        "cache-15": 4.921458094607539, 
        "cache-16": 4.102722674211092
    }, 
    "41": {
        "cache-15": 4.889817707817709, 
        "cache-16": 4.024251369490659
    }, 
    "42": {
        "cache-15": 4.889817707817709, 
        "cache-16": 4.024251369490659
    }, 
    "43": {
        "cache-15": 4.889817707817709, 
        "cache-16": 4.024251369490659
    }, 
    "44": {
        "cache-15": 4.889817707817709, 
        "cache-16": 4.024251369490659
    }, 
    "45": {
        "cache-15": 4.889817707817709, 
        "cache-16": 4.024251369490659
    }, 
    "46": {
        "cache-15": 4.889817707817709, 
        "cache-16": 4.024251369490659
    }, 
    "47": {
        "cache-15": 4.889817707817709, 
        "cache-16": 4.024251369490659
    }, 
    "48": {
        "cache-15": 4.889817707817709, 
        "cache-16": 4.024251369490659
    }, 
    "49": {
        "cache-15": 4.889817707817709, 
        "cache-16": 4.024251369490659
    }, 
    "50": {
        "cache-15": 4.889817707817709, 
        "cache-16": 4.024251369490659
    }, 
    "51": {
        "cache-15": 4.788816459729562, 
        "cache-16": 3.9788166821812707
    }, 
    "52": {
        "cache-15": 4.788816459729562, 
        "cache-16": 3.9788166821812707
    }, 
    "53": {
        "cache-15": 4.788816459729562, 
        "cache-16": 3.9788166821812707
    }, 
    "54": {
        "cache-15": 4.788816459729562, 
        "cache-16": 3.9788166821812707
    }, 
    "55": {
        "cache-15": 4.788816459729562, 
        "cache-16": 3.9788166821812707
    }, 
    "56": {
        "cache-15": 4.788816459729562, 
        "cache-16": 3.9788166821812707
    }, 
    "57": {
        "cache-15": 4.788816459729562, 
        "cache-16": 3.9788166821812707
    }, 
    "58": {
        "cache-15": 4.788816459729562, 
        "cache-16": 3.9788166821812707
    }, 
    "59": {
        "cache-15": 4.788816459729562, 
        "cache-16": 3.9788166821812707
    }, 
    "60": {
        "cache-15": 4.788816459729562, 
        "cache-16": 3.9788166821812707
    }, 
    "61": {
        "cache-15": 4.9600206837579055, 
        "cache-16": 3.948566884085352
    }, 
    "62": {
        "cache-15": 4.9600206837579055, 
        "cache-16": 3.948566884085352
    }, 
    "63": {
        "cache-15": 4.9600206837579055, 
        "cache-16": 3.948566884085352
    }, 
    "64": {
        "cache-15": 4.9600206837579055, 
        "cache-16": 3.948566884085352
    }, 
    "65": {
        "cache-15": 4.9600206837579055, 
        "cache-16": 3.948566884085352
    }, 
    "66": {
        "cache-15": 4.9600206837579055, 
        "cache-16": 3.948566884085352
    }, 
    "67": {
        "cache-15": 4.9600206837579055, 
        "cache-16": 3.948566884085352
    }, 
    "68": {
        "cache-15": 4.9600206837579055, 
        "cache-16": 3.948566884085352
    }, 
    "69": {
        "cache-15": 4.9600206837579055, 
        "cache-16": 3.948566884085352
    }, 
    "70": {
        "cache-15": 4.9600206837579055, 
        "cache-16": 3.948566884085352
    }, 
    "71": {
        "cache-15": 4.617560936275724, 
        "cache-16": 3.8790918870782924
    }, 
    "72": {
        "cache-15": 4.617560936275724, 
        "cache-16": 3.8790918870782924
    }, 
    "73": {
        "cache-15": 4.617560936275724, 
        "cache-16": 3.8790918870782924
    }, 
    "74": {
        "cache-15": 4.617560936275724, 
        "cache-16": 3.8790918870782924
    }, 
    "75": {
        "cache-15": 4.617560936275724, 
        "cache-16": 3.8790918870782924
    }, 
    "76": {
        "cache-15": 4.617560936275724, 
        "cache-16": 3.8790918870782924
    }, 
    "77": {
        "cache-15": 4.617560936275724, 
        "cache-16": 3.8790918870782924
    }, 
    "78": {
        "cache-15": 4.617560936275724, 
        "cache-16": 3.8790918870782924
    }, 
    "79": {
        "cache-15": 4.617560936275724, 
        "cache-16": 3.8790918870782924
    }, 
    "80": {
        "cache-15": 4.617560936275724, 
        "cache-16": 3.8790918870782924
    }, 
    "81": {
        "cache-15": 4.87729254255143,