{
    "0": {
        "cache-07": 2.1280938416653647, 
        "cache-08": 2.7762557697562906
    }, 
    "1": {
        "cache-07": 2.1280938416653647, 
        "cache-08": 2.7762557697562906
    }, 
    "2": {
        "cache-07": 2.1280938416653647, 
        "cache-08": 2.7762557697562906
    }, 
    "3": {
        "cache-07": 2.1280938416653647, 
        "cache-08": 2.7762557697562906
    }, 
    "4": {
        "cache-07": 2.1280938416653647, 
        "cache-08": 2.7762557697562906
    }, 
    "5": {
        "cache-07": 2.1280938416653647, 
        "cache-08": 2.7762557697562906
    }, 
    "6": {
        "cache-07": 2.1280938416653647, 
        "cache-08": 2.7762557697562906
    }, 
    "7": {
        "cache-07": 2.1280938416653647, 
        "cache-08": 2.7762557697562906
    }, 
    "8": {
        "cache-07": 2.1280938416653647, 
        "cache-08": 2.7762557697562906
    }, 
    "9": {
        "cache-07": 2.1280938416653647, 
        "cache-08": 2.7762557697562906
    }, 
    "10": {
        "cache-07": 2.1280938416653647, 
        "cache-08": 2.7762557697562906
    }, 
    "11": {
        "cache-07": 4.430820815548619, 
        "cache-08": 2.4543374167867102
    }, 
    "12": {
        "cache-07": 4.430820815548619, 
        "cache-08": 2.4543374167867102
    }, 
    "13": {
        "cache-07": 4.430820815548619, 
        "cache-08": 2.4543374167867102
    }, 
    "14": {
        "cache-07": 4.430820815548619, 
        "cache-08": 2.4543374167867102
    }, 
    "15": {
        "cache-07": 4.430820815548619, 
        "cache-08": 2.4543374167867102
    }, 
    "16": {
        "cache-07": 4.430820815548619, 
        "cache-08": 2.4543374167867102
    }, 
    "17": {
        "cache-07": 4.430820815548619, 
        "cache-08": 2.4543374167867102
    }, 
    "18": {
        "cache-07": 4.430820815548619, 
        "cache-08": 2.4543374167867102
    }, 
    "19": {
        "cache-07": 4.430820815548619, 
        "cache-08": 2.4543374167867102
    }, 
    "20": {
        "cache-07": 4.430820815548619, 
        "cache-08": 2.4543374167867102
    }, 
    "21": {
        "cache-07": 2.0796510981972833, 
        "cache-08": 2.8496873362941155
    }, 
    "22": {
        "cache-07": 2.0796510981972833, 
        "cache-08": 2.8496873362941155
    }, 
    "23": {
        "cache-07": 2.0796510981972833, 
        "cache-08": 2.8496873362941155
    }, 
    "24": {
        "cache-07": 2.0796510981972833, 
        "cache-08": 2.8496873362941155
    }, 
    "25": {
        "cache-07": 2.0796510981972833, 
        "cache-08": 2.8496873362941155
    }, 
    "26": {
        "cache-07": 2.0796510981972833, 
        "cache-08": 2.8496873362941155
    }, 
    "27": {
        "cache-07": 2.0796510981972833, 
        "cache-08": 2.8496873362941155
    }, 
    "28": {
        "cache-07": 2.0796510981972833, 
        "cache-08": 2.8496873362941155
    }, 
    "29": {
        "cache-07": 2.0796510981972833, 
        "cache-08": 2.8496873362941155
    }, 
    "30": {
        "cache-07": 2.0796510981972833, 
        "cache-08": 2.8496873362941155
    }, 
    "31": {
        "cache-07": 3.0802346507851643, 
        "cache-08": 1.714084921627896
    }, 
    "32": {
        "cache-07": 3.0802346507851643, 
        "cache-08": 1.714084921627896
    }, 
    "33": {
        "cache-07": 3.0802346507851643, 
        "cache-08": 1.714084921627896
    }, 
    "34": {
        "cache-07": 3.0802346507851643, 
        "cache-08": 1.714084921627896
    }, 
    "35": {
        "cache-07": 3.0802346507851643, 
        "cache-08": 1.714084921627896
    }, 
    "36": {
        "cache-07": 3.0802346507851643, 
        "cache-08": 1.714084921627896
    }, 
    "37": {
        "cache-07": 3.0802346507851643, 
        "cache-08": 1.714084921627896
    }, 
    "38": {
        "cache-07": 3.0802346507851643, 
        "cache-08": 1.714084921627896
    }, 
    "39": {
        "cache-07": 3.0802346507851643, 
        "cache-08": 1.714084921627896
    }, 
    "40": {
        "cache-07": 3.0802346507851643, 
        "cache-08": 1.714084921627896
    }, 
    "41": {
        "cache-07": 2.2988925342270834, 
        "cache-08": 1.3387839376546096
    }, 
    "42": {
        "cache-07": 2.2988925342270834, 
        "cache-08": 1.3387839376546096
    }, 
    "43": {
        "cache-07": 2.2988925342270834, 
        "cache-08": 1.3387839376546096
    }, 
    "44": {
        "cache-07": 2.2988925342270834, 
        "cache-08": 1.3387839376546096
    }, 
    "45": {
        "cache-07": 2.2988925342270834, 
        "cache-08": 1.3387839376546096
    }, 
    "46": {
        "cache-07": 2.2988925342270834, 
        "cache-08": 1.3387839376546096
    }, 
    "47": {
        "cache-07": 2.2988925342270834, 
        "cache-08": 1.3387839376546096
    }, 
    "48": {
        "cache-07": 2.2988925342270834, 
        "cache-08": 1.3387839376546096
    }, 
    "49": {
        "cache-07": 2.2988925342270834, 
        "cache-08": 1.3387839376546096
    }, 
    "50": {
        "cache-07": 2.2988925342270834, 
        "cache-08": 1.3387839376546096
    }, 
    "51": {
        "cache-07": 4.029226376463175, 
        "cache-08": 1.847309446039998
    }, 
    "52": {
        "cache-07": 4.029226376463175, 
        "cache-08": 1.847309446039998
    }, 
    "53": {
        "cache-07": 4.029226376463175, 
        "cache-08": 1.847309446039998
    }, 
    "54": {
        "cache-07": 4.029226376463175, 
        "cache-08": 1.847309446039998
    }, 
    "55": {
        "cache-07": 4.029226376463175, 
        "cache-08": 1.847309446039998
    }, 
    "56": {
        "cache-07": 4.029226376463175, 
        "cache-08": 1.847309446039998
    }, 
    "57": {
        "cache-07": 4.029226376463175, 
        "cache-08": 1.847309446039998
    }, 
    "58": {
        "cache-07": 4.029226376463175, 
        "cache-08": 1.847309446039998
    }, 
    "59": {
        "cache-07": 4.029226376463175, 
        "cache-08": 1.847309446039998
    }, 
    "60": {
        "cache-07": 4.029226376463175, 
        "cache-08": 1.847309446039998
    }, 
    "61": {
        "cache-07": 4.632334220135368, 
        "cache-08": 2.31818747138394
    }, 
    "62": {
        "cache-07": 4.632334220135368, 
        "cache-08": 2.31818747138394
    }, 
    "63": {
        "cache-07": 4.632334220135368, 
        "cache-08": 2.31818747138394
    }, 
    "64": {
        "cache-07": 4.632334220135368, 
        "cache-08": 2.31818747138394
    }, 
    "65": {
        "cache-07": 4.632334220135368, 
        "cache-08": 2.31818747138394
    }, 
    "66": {
        "cache-07": 4.632334220135368, 
        "cache-08": 2.31818747138394
    }, 
    "67": {
        "cache-07": 4.632334220135368, 
        "cache-08": 2.31818747138394
    }, 
    "68": {
        "cache-07": 4.632334220135368, 
        "cache-08": 2.31818747138394
    }, 
    "69": {
        "cache-07": 4.632334220135368, 
        "cache-08": 2.31818747138394
    }, 
    "70": {
        "cache-07": 4.632334220135368, 
        "cache-08": 2.31818747138394
    }, 
    "71": {
        "cache-07": 3.9533295159141746, 
        "cache-08": 2.30885892825153
    }, 
    "72": {
        "cache-07": 3.9533295159141746, 
        "cache-08": 2.30885892825153
    }, 
    "73": {
        "cache-07": 3.9533295159141746, 
        "cache-08": 2.30885892825153
    }, 
    "74": {
        "cache-07": 3.9533295159141746, 
        "cache-08": 2.30885892825153
    }, 
    "75": {
        "cache-07": 3.9533295159141746, 
        "cache-08": 2.30885892825153
    }, 
    "76": {
        "cache-07": 3.9533295159141746, 
        "cache-08": 2.30885892825153
    }, 
    "77": {
        "cache-07": 3.9533295159141746, 
        "cache-08": 2.30885892825153
    }, 
    "78": {
        "cache-07": 3.9533295159141746, 
        "cache-08": 2.30885892825153
    }, 
    "79": {
        "cache-07": 3.9533295159141746, 
        "cache-08": 2.30885892825153
    }, 
    "80": {
        "cache-07": 3.9533295159141746, 
        "cache-08": 2.30885892825153
    },