{
    "0": {
        "cache-03": 4, 
        "cache-04": 2.3696799113430047
    }, 
    "1": {
        "cache-03": 4, 
        "cache-04": 1.0502583007966926
    }, 
    "2": {
        "cache-03": 4, 
        "cache-04": 0.4227138884215028
    }, 
    "3": {
        "cache-03": 4, 
        "cache-04": 0.1937841578139587
    }, 
    "4": {
        "cache-03": 4, 
        "cache-04": 0.12869855978181752
    }, 
    "5": {
        "cache-03": 4, 
        "cache-04": 0.008444674887690615
    }, 
    "6": {
        "cache-03": 2.3055245295437365, 
        "cache-04": 0.008444674887690615
    }, 
    "7": {
        "cache-03": 1.7008110190207901, 
        "cache-04": 0.008444674887690615
    }, 
    "8": {
        "cache-03": 1.1130802520917582, 
        "cache-04": 0.008444674887690615
    }, 
    "9": {
        "cache-03": 0.6529094990702924, 
        "cache-04": 0.008444674887690615
    }, 
    "10": {
        "cache-03": 0.48761712185279227, 
        "cache-04": 0.008444674887690615
    }, 
    "11": {
        "cache-03": 1.493808560926396, 
        "cache-04": 0.008444674887690615
    }, 
    "12": {
        "cache-03": 1.996904280463198, 
        "cache-04": 0.008444674887690615
    }, 
    "13": {
        "cache-03": 1.1237432189193997, 
        "cache-04": 0.008444674887690615
    }, 
    "14": {
        "cache-03": 0.6530758039399516, 
        "cache-04": 0.008444674887690615
    }, 
    "15": {
        "cache-03": 0.2982787404236408, 
        "cache-04": 0.008444674887690615
    }, 
    "16": {
        "cache-03": 1.0282864599912702, 
        "cache-04": 0.008444674887690615
    }, 
    "17": {
        "cache-03": 1.7641432299956352, 
        "cache-04": 0.008444674887690615
    }, 
    "18": {
        "cache-03": 2.132071614997818, 
        "cache-04": 0.008444674887690615
    }, 
    "19": {
        "cache-03": 1.6206888201922989, 
        "cache-04": 0.008444674887690615
    }, 
    "20": {
        "cache-03": 1.0038516190876285, 
        "cache-04": 0.008444674887690615
    }, 
    "21": {
        "cache-03": 0.7591270153910735, 
        "cache-04": 0.008444674887690615
    }, 
    "22": {
        "cache-03": 1.6295635076955368, 
        "cache-04": 0.008444674887690615
    }, 
    "23": {
        "cache-03": 0.9757028546674766, 
        "cache-04": 0.008444674887690615
    }, 
    "24": {
        "cache-03": 0.725008437404247, 
        "cache-04": 0.008444674887690615
    }, 
    "25": {
        "cache-03": 0.8057861375348685, 
        "cache-04": 0.008444674887690615
    }, 
    "26": {
        "cache-03": 1.0234557161389892, 
        "cache-04": 0.008444674887690615
    }, 
    "27": {
        "cache-03": 0.7208429205192712, 
        "cache-04": 0.008444674887690615
    }, 
    "28": {
        "cache-03": 0.7596844787368446, 
        "cache-04": 0.008444674887690615
    }, 
    "29": {
        "cache-03": 0.9108998493639674, 
        "cache-04": 0.008444674887690615
    }, 
    "30": {
        "cache-03": 0.6345332906354202, 
        "cache-04": 0.008444674887690615
    }, 
    "31": {
        "cache-03": 1.1774160783956304, 
        "cache-04": 0.008444674887690615
    }, 
    "32": {
        "cache-03": 0.6611919861877253, 
        "cache-04": 0.008444674887690615
    }, 
    "33": {
        "cache-03": 0.7039774925383361, 
        "cache-04": 0.008444674887690615
    }, 
    "34": {
        "cache-03": 1.601988746269168, 
        "cache-04": 0.008444674887690615
    }, 
    "35": {
        "cache-03": 0.9264584295158397, 
        "cache-04": 0.008444674887690615
    }, 
    "36": {
        "cache-03": 0.557821937829482, 
        "cache-04": 0.008444674887690615
    }, 
    "37": {
        "cache-03": 0.4544153505795804, 
        "cache-04": 0.008444674887690615
    }, 
    "38": {
        "cache-03": 0.2863609376321065, 
        "cache-04": 0.008444674887690615
    }, 
    "39": {
        "cache-03": 0.6041620024617272, 
        "cache-04": 0.008444674887690615
    }, 
    "40": {
        "cache-03": 1.5520810012308637, 
        "cache-04": 0.008444674887690615
    }, 
    "41": {
        "cache-03": 0.8303471991185312, 
        "cache-04": 0.008444674887690615
    }, 
    "42": {
        "cache-03": 0.4632729622525762, 
        "cache-04": 0.008444674887690615
    }, 
    "43": {
        "cache-03": 0.575894287769702, 
        "cache-04": 0.008444674887690615
    }, 
    "44": {
        "cache-03": 0.7680428752994538, 
        "cache-04": 0.008444674887690615
    }, 
    "45": {
        "cache-03": 0.42474665867352096, 
        "cache-04": 0.008444674887690615
    }, 
    "46": {
        "cache-03": 1.4623733293367605, 
        "cache-04": 0.008444674887690615
    }, 
    "47": {
        "cache-03": 1.9811866646683802, 
        "cache-04": 0.008444674887690615
    }, 
    "48": {
        "cache-03": 1.0903729945490883, 
        "cache-04": 0.008444674887690615
    }, 
    "49": {
        "cache-03": 0.8913127715991676, 
        "cache-04": 0.008444674887690615
    }, 
    "50": {
        "cache-03": 0.6561395149695971, 
        "cache-04": 0.008444674887690615
    }, 
    "51": {
        "cache-03": 1.0765979535547339, 
        "cache-04": 0.008444674887690615
    }, 
    "52": {
        "cache-03": 1.0402365895647074, 
        "cache-04": 0.008444674887690615
    }, 
    "53": {
        "cache-03": 1.7701182947823537, 
        "cache-04": 0.008444674887690615
    }, 
    "54": {
        "cache-03": 1.787293129421161, 
        "cache-04": 0.008444674887690615
    }, 
    "55": {
        "cache-03": 0.9531185091508159, 
        "cache-04": 0.008444674887690615
    }, 
    "56": {
        "cache-03": 1.7265592545754078, 
        "cache-04": 0.008444674887690615
    }, 
    "57": {
        "cache-03": 1.785231643036062, 
        "cache-04": 0.008444674887690615
    }, 
    "58": {
        "cache-03": 1.3109281026997435, 
        "cache-04": 0.008444674887690615
    }, 
    "59": {
        "cache-03": 0.8714624760338967, 
        "cache-04": 0.008444674887690615
    }, 
    "60": {
        "cache-03": 0.4754766490249914, 
        "cache-04": 0.008444674887690615
    }, 
    "61": {
        "cache-03": 0.615780075667246, 
        "cache-04": 0.008444674887690615
    }, 
    "62": {
        "cache-03": 0.3569999813716197, 
        "cache-04": 0.008444674887690615
    }, 
    "63": {
        "cache-03": 0.7902157880704184, 
        "cache-04": 0.008444674887690615
    }, 
    "64": {
        "cache-03": 0.5933292705356185, 
        "cache-04": 0.008444674887690615
    }, 
    "65": {
        "cache-03": 0.35831764259388604, 
        "cache-04": 0.008444674887690615
    }, 
    "66": {
        "cache-03": 0.25217659946215765, 
        "cache-04": 0.008444674887690615
    }, 
    "67": {
        "cache-03": 1.3760882997310788, 
        "cache-04": 0.008444674887690615
    }, 
    "68": {
        "cache-03": 1.695931142526726, 
        "cache-04": 0.008444674887690615
    }, 
    "69": {
        "cache-03": 0.8693337293828928, 
        "cache-04": 0.008444674887690615
    }, 
    "70": {
        "cache-03": 0.5623420955978455, 
        "cache-04": 0.008444674887690615
    }, 
    "71": {
        "cache-03": 0.4881102032360539, 
        "cache-04": 0.008444674887690615
    }, 
    "72": {
        "cache-03": 0.6806587512394171, 
        "cache-04": 0.008444674887690615
    }, 
    "73": {
        "cache-03": 0.7678955674594123, 
        "cache-04": 0.008444674887690615
    }, 
    "74": {
        "cache-03": 1.3231807908942903, 
        "cache-04": 0.008444674887690615
    }, 
    "75": {
        "cache-03": 1.2437731081854588, 
        "cache-04": 0.008444674887690615
    }, 
    "76": {
        "cache-03": 1.8718865540927294, 
        "cache-04": 0.008444674887690615
    }, 
    "77": {
        "cache-03": 2.1859432770463645, 
        "cache-04": 0.008444674887690615
    }, 
    "78": {
        "cache-03": 1.6775991214493315, 
        "cache-04": 0.008444674887690615
    }, 
    "79": {
        "cache-03": 2.0887995607246657,