{
    "0": {
        "cache-11": 3.377270882270091, 
        "cache-14": 4.998546396335097
    }, 
    "1": {
        "cache-11": 3.377270882270091, 
        "cache-14": 4.998546396335097
    }, 
    "2": {
        "cache-11": 3.377270882270091, 
        "cache-14": 4.998546396335097
    }, 
    "3": {
        "cache-11": 3.377270882270091, 
        "cache-14": 4.998546396335097
    }, 
    "4": {
        "cache-11": 3.377270882270091, 
        "cache-14": 4.998546396335097
    }, 
    "5": {
        "cache-11": 3.377270882270091, 
        "cache-14": 4.998546396335097
    }, 
    "6": {
        "cache-11": 3.377270882270091, 
        "cache-14": 4.998546396335097
    }, 
    "7": {
        "cache-11": 3.377270882270091, 
        "cache-14": 4.998546396335097
    }, 
    "8": {
        "cache-11": 3.377270882270091, 
        "cache-14": 4.998546396335097
    }, 
    "9": {
        "cache-11": 3.377270882270091, 
        "cache-14": 4.998546396335097
    }, 
    "10": {
        "cache-11": 3.377270882270091, 
        "cache-14": 4.998546396335097
    }, 
    "11": {
        "cache-11": 3.3772708822700457, 
        "cache-14": 4.9997663896926845
    }, 
    "12": {
        "cache-11": 3.3772708822700457, 
        "cache-14": 4.9997663896926845
    }, 
    "13": {
        "cache-11": 3.3772708822700457, 
        "cache-14": 4.9997663896926845
    }, 
    "14": {
        "cache-11": 3.3772708822700457, 
        "cache-14": 4.9997663896926845
    }, 
    "15": {
        "cache-11": 3.3772708822700457, 
        "cache-14": 4.9997663896926845
    }, 
    "16": {
        "cache-11": 3.3772708822700457, 
        "cache-14": 4.9997663896926845
    }, 
    "17": {
        "cache-11": 3.3772708822700457, 
        "cache-14": 4.9997663896926845
    }, 
    "18": {
        "cache-11": 3.3772708822700457, 
        "cache-14": 4.9997663896926845
    }, 
    "19": {
        "cache-11": 3.3772708822700457, 
        "cache-14": 4.9997663896926845
    }, 
    "20": {
        "cache-11": 3.3772708822700457, 
        "cache-14": 4.9997663896926845
    }, 
    "21": {
        "cache-11": 3.3772708822700057, 
        "cache-14": 4.972382695340125
    }, 
    "22": {
        "cache-11": 3.3772708822700057, 
        "cache-14": 4.972382695340125
    }, 
    "23": {
        "cache-11": 3.3772708822700057, 
        "cache-14": 4.972382695340125
    }, 
    "24": {
        "cache-11": 3.3772708822700057, 
        "cache-14": 4.972382695340125
    }, 
    "25": {
        "cache-11": 3.3772708822700057, 
        "cache-14": 4.972382695340125
    }, 
    "26": {
        "cache-11": 3.3772708822700057, 
        "cache-14": 4.972382695340125
    }, 
    "27": {
        "cache-11": 3.3772708822700057, 
        "cache-14": 4.972382695340125
    }, 
    "28": {
        "cache-11": 3.3772708822700057, 
        "cache-14": 4.972382695340125
    }, 
    "29": {
        "cache-11": 3.3772708822700057, 
        "cache-14": 4.972382695340125
    }, 
    "30": {
        "cache-11": 3.3772708822700057, 
        "cache-14": 4.972382695340125
    }, 
    "31": {
        "cache-11": 3.3997038888843756, 
        "cache-14": 4.989542717103415
    }, 
    "32": {
        "cache-11": 3.3997038888843756, 
        "cache-14": 4.989542717103415
    }, 
    "33": {
        "cache-11": 3.3997038888843756, 
        "cache-14": 4.989542717103415
    }, 
    "34": {
        "cache-11": 3.3997038888843756, 
        "cache-14": 4.989542717103415
    }, 
    "35": {
        "cache-11": 3.3997038888843756, 
        "cache-14": 4.989542717103415
    }, 
    "36": {
        "cache-11": 3.3997038888843756, 
        "cache-14": 4.989542717103415
    }, 
    "37": {
        "cache-11": 3.3997038888843756, 
        "cache-14": 4.989542717103415
    }, 
    "38": {
        "cache-11": 3.3997038888843756, 
        "cache-14": 4.989542717103415
    }, 
    "39": {
        "cache-11": 3.3997038888843756, 
        "cache-14": 4.989542717103415
    }, 
    "40": {
        "cache-11": 3.3997038888843756, 
        "cache-14": 4.989542717103415
    }, 
    "41": {
        "cache-11": 3.4712179971740236, 
        "cache-14": 4.9699055204834295
    }, 
    "42": {
        "cache-11": 3.4712179971740236, 
        "cache-14": 4.9699055204834295
    }, 
    "43": {
        "cache-11": 3.4712179971740236, 
        "cache-14": 4.9699055204834295
    }, 
    "44": {
        "cache-11": 3.4712179971740236, 
        "cache-14": 4.9699055204834295
    }, 
    "45": {
        "cache-11": 3.4712179971740236, 
        "cache-14": 4.9699055204834295
    }, 
    "46": {
        "cache-11": 3.4712179971740236, 
        "cache-14": 4.9699055204834295
    }, 
    "47": {
        "cache-11": 3.4712179971740236, 
        "cache-14": 4.9699055204834295
    }, 
    "48": {
        "cache-11": 3.4712179971740236, 
        "cache-14": 4.9699055204834295
    }, 
    "49": {
        "cache-11": 3.4712179971740236, 
        "cache-14": 4.9699055204834295
    }, 
    "50": {
        "cache-11": 3.4712179971740236, 
        "cache-14": 4.9699055204834295
    }, 
    "51": {
        "cache-11": 3.4885206645002516, 
        "cache-14": 4.84341742873595
    }, 
    "52": {
        "cache-11": 3.4885206645002516, 
        "cache-14": 4.84341742873595
    }, 
    "53": {
        "cache-11": 3.4885206645002516, 
        "cache-14": 4.84341742873595
    }, 
    "54": {
        "cache-11": 3.4885206645002516, 
        "cache-14": 4.84341742873595
    }, 
    "55": {
        "cache-11": 3.4885206645002516, 
        "cache-14": 4.84341742873595
    }, 
    "56": {
        "cache-11": 3.4885206645002516, 
        "cache-14": 4.84341742873595
    }, 
    "57": {
        "cache-11": 3.4885206645002516, 
        "cache-14": 4.84341742873595
    }, 
    "58": {
        "cache-11": 3.4885206645002516, 
        "cache-14": 4.84341742873595
    }, 
    "59": {
        "cache-11": 3.4885206645002516, 
        "cache-14": 4.84341742873595
    }, 
    "60": {
        "cache-11": 3.4885206645002516, 
        "cache-14": 4.84341742873595
    }, 
    "61": {
        "cache-11": 3.5243817257937655, 
        "cache-14": 4.99005823073049
    }, 
    "62": {
        "cache-11": 3.5243817257937655, 
        "cache-14": 4.99005823073049
    }, 
    "63": {
        "cache-11": 3.5243817257937655, 
        "cache-14": 4.99005823073049
    }, 
    "64": {
        "cache-11": 3.5243817257937655, 
        "cache-14": 4.99005823073049
    }, 
    "65": {
        "cache-11": 3.5243817257937655, 
        "cache-14": 4.99005823073049
    }, 
    "66": {
        "cache-11": 3.5243817257937655, 
        "cache-14": 4.99005823073049
    }, 
    "67": {
        "cache-11": 3.5243817257937655, 
        "cache-14": 4.99005823073049
    }, 
    "68": {
        "cache-11": 3.5243817257937655, 
        "cache-14": 4.99005823073049
    }, 
    "69": {
        "cache-11": 3.5243817257937655, 
        "cache-14": 4.99005823073049
    }, 
    "70": {
        "cache-11": 3.5243817257937655, 
        "cache-14": 4.99005823073049
    }, 
    "71": {
        "cache-11": 3.5240511972439856, 
        "cache-14": 4.985301541567022
    }, 
    "72": {
        "cache-11": 3.5240511972439856, 
        "cache-14": 4.985301541567022
    }, 
    "73": {
        "cache-11": 3.5240511972439856, 
        "cache-14": 4.985301541567022
    }, 
    "74": {
        "cache-11": 3.5240511972439856, 
        "cache-14": 4.985301541567022
    }, 
    "75": {
        "cache-11": 3.5240511972439856, 
        "cache-14": 4.985301541567022
    }, 
    "76": {
        "cache-11": 3.5240511972439856, 
        "cache-14": 4.985301541567022
    }, 
    "77": {
        "cache-11": 3.5240511972439856, 
        "cache-14": 4.985301541567022
    }, 
    "78": {
        "cache-11": 3.5240511972439856, 
        "cache-14": 4.985301541567022
    }, 
    "79": {
        "cache-11": 3.5240511972439856, 
        "cache-14": 4.985301541567022
    }, 
    "80": {
        "cache-11": 3.5240511972439856, 
        "cache-14": 4.985301541567022
    },