{
    "0": {
        "cache-11": 4, 
        "cache-12": 3.75
    }, 
    "1": {
        "cache-11": 4, 
        "cache-12": 3.594745844265475
    }, 
    "2": {
        "cache-11": 4, 
        "cache-12": 3.82760388089377
    }, 
    "3": {
        "cache-11": 4, 
        "cache-12": 4.1615250885374335
    }, 
    "4": {
        "cache-11": 4, 
        "cache-12": 4.328485692359266
    }, 
    "5": {
        "cache-11": 4, 
        "cache-12": 4.411965994270181
    }, 
    "6": {
        "cache-11": 4, 
        "cache-12": 4.2362139558961225
    }, 
    "7": {
        "cache-11": 4, 
        "cache-12": 4.36583012603861
    }, 
    "8": {
        "cache-11": 4, 
        "cache-12": 4.585410795795526
    }, 
    "9": {
        "cache-11": 4, 
        "cache-12": 4.540428545988311
    }, 
    "10": {
        "cache-11": 4, 
        "cache-12": 4.517937421084704
    }, 
    "11": {
        "cache-11": 4, 
        "cache-12": 4.403213286682482
    }, 
    "12": {
        "cache-11": 4, 
        "cache-12": 4.231837602102273
    }, 
    "13": {
        "cache-11": 4, 
        "cache-12": 4.518414533827357
    }, 
    "14": {
        "cache-11": 4, 
        "cache-12": 4.6617029996899
    }, 
    "15": {
        "cache-11": 4, 
        "cache-12": 4.578574647935499
    }, 
    "16": {
        "cache-11": 4, 
        "cache-12": 4.537010472058298
    }, 
    "17": {
        "cache-11": 4, 
        "cache-12": 4.768482039055656
    }, 
    "18": {
        "cache-11": 4, 
        "cache-12": 4.78673675230405
    }, 
    "19": {
        "cache-11": 4, 
        "cache-12": 4.5376129522921556
    }, 
    "20": {
        "cache-11": 4, 
        "cache-12": 4.29903743490711
    }, 
    "21": {
        "cache-11": 4, 
        "cache-12": 4.397241865544103
    }, 
    "22": {
        "cache-11": 4, 
        "cache-12": 4.698597735798559
    }, 
    "23": {
        "cache-11": 4, 
        "cache-12": 4.597022015989828
    }, 
    "24": {
        "cache-11": 4, 
        "cache-12": 4.546234156085463
    }, 
    "25": {
        "cache-11": 4, 
        "cache-12": 4.773093881069238
    }, 
    "26": {
        "cache-11": 4, 
        "cache-12": 4.78904267331084
    }, 
    "27": {
        "cache-11": 4, 
        "cache-12": 4.797017069431641
    }, 
    "28": {
        "cache-11": 4, 
        "cache-12": 4.646231682806369
    }, 
    "29": {
        "cache-11": 4, 
        "cache-12": 4.570838989493733
    }, 
    "30": {
        "cache-11": 4, 
        "cache-12": 4.785396297773374
    }, 
    "31": {
        "cache-11": 4, 
        "cache-12": 4.795193881662908
    }, 
    "32": {
        "cache-11": 4, 
        "cache-12": 4.645320088922002
    }, 
    "33": {
        "cache-11": 4, 
        "cache-12": 4.466904620601131
    }, 
    "34": {
        "cache-11": 4, 
        "cache-12": 4.6359480430767865
    }, 
    "35": {
        "cache-11": 4, 
        "cache-12": 4.565697169628942
    }, 
    "36": {
        "cache-11": 4, 
        "cache-12": 4.685344317590692
    }, 
    "37": {
        "cache-11": 4, 
        "cache-12": 4.745167891571567
    }, 
    "38": {
        "cache-11": 4, 
        "cache-12": 4.775079678562005
    }, 
    "39": {
        "cache-11": 4, 
        "cache-12": 4.790035572057223
    }, 
    "40": {
        "cache-11": 4, 
        "cache-12": 4.642740934119161
    }, 
    "41": {
        "cache-11": 4, 
        "cache-12": 4.569093615150129
    }, 
    "42": {
        "cache-11": 4, 
        "cache-12": 4.532269955665613
    }, 
    "43": {
        "cache-11": 4, 
        "cache-12": 4.668630710609028
    }, 
    "44": {
        "cache-11": 4, 
        "cache-12": 4.478559931444645
    }, 
    "45": {
        "cache-11": 4, 
        "cache-12": 4.383524541862453
    }, 
    "46": {
        "cache-11": 4, 
        "cache-12": 4.336006847071356
    }, 
    "47": {
        "cache-11": 4, 
        "cache-12": 4.667980226562186
    }, 
    "48": {
        "cache-11": 4, 
        "cache-12": 4.581713261371641
    }, 
    "49": {
        "cache-11": 4, 
        "cache-12": 4.538579778776369
    }, 
    "50": {
        "cache-11": 4, 
        "cache-12": 4.517013037478733
    }, 
    "51": {
        "cache-11": 4, 
        "cache-12": 4.661002251515588
    }, 
    "52": {
        "cache-11": 4, 
        "cache-12": 4.732996858534015
    }, 
    "53": {
        "cache-11": 4, 
        "cache-12": 4.614221577357556
    }, 
    "54": {
        "cache-11": 4, 
        "cache-12": 4.5548339367693265
    }, 
    "55": {
        "cache-11": 4, 
        "cache-12": 4.679912701160884
    }, 
    "56": {
        "cache-11": 4, 
        "cache-12": 4.58767949867099
    }, 
    "57": {
        "cache-11": 4, 
        "cache-12": 4.541562897426044
    }, 
    "58": {
        "cache-11": 4, 
        "cache-12": 4.415026024853152
    }, 
    "59": {
        "cache-11": 4, 
        "cache-12": 4.351757588566706
    }, 
    "60": {
        "cache-11": 4, 
        "cache-12": 4.578374527059574
    }, 
    "61": {
        "cache-11": 4, 
        "cache-12": 4.6916829963060085
    }, 
    "62": {
        "cache-11": 4, 
        "cache-12": 4.748337230929225
    }, 
    "63": {
        "cache-11": 4, 
        "cache-12": 4.621891763555161
    }, 
    "64": {
        "cache-11": 4, 
        "cache-12": 4.558669029868129
    }, 
    "65": {
        "cache-11": 4, 
        "cache-12": 4.4235790910741954
    }, 
    "66": {
        "cache-11": 4, 
        "cache-12": 4.2420205042981305
    }, 
    "67": {
        "cache-11": 4, 
        "cache-12": 4.265254828289196
    }, 
    "68": {
        "cache-11": 4, 
        "cache-12": 4.535123146920819
    }, 
    "69": {
        "cache-11": 4, 
        "cache-12": 4.515284721550958
    }, 
    "70": {
        "cache-11": 4, 
        "cache-12": 4.401886936915609
    }, 
    "71": {
        "cache-11": 4, 
        "cache-12": 4.448666616548353
    }, 
    "72": {
        "cache-11": 4, 
        "cache-12": 4.626829041050398
    }, 
    "73": {
        "cache-11": 4, 
        "cache-12": 4.561137668615747
    }, 
    "74": {
        "cache-11": 4, 
        "cache-12": 4.528291982398422
    }, 
    "75": {
        "cache-11": 4, 
        "cache-12": 4.2943769499602436
    }, 
    "76": {
        "cache-11": 4, 
        "cache-12": 4.2914330511202525
    }, 
    "77": {
        "cache-11": 4, 
        "cache-12": 4.175947484321158
    }, 
    "78": {
        "cache-11": 4, 
        "cache-12": 3.9451114383085053
    }, 
    "79": {
        "cache-11": 4.030230958761033, 
        "cache-12": 3.9451114383085053
    }, 
    "80": {
        "cache-11": 4.515092282407023, 
        "cache-12": 3.9451114383085053
    }, 
    "81": {
        "cache-11": 4.757522944230018, 
        "cache-12": 3.9451114383085053
    }, 
    "82": {
        "cache-11": 4.878738275141517, 
        "cache-12": 3.9451114383085053
    }, 
    "83": {
        "cache-11": 4.939345940597265, 
        "cache-12": 3.9451114383085053
    }, 
    "84": {
        "cache-11": 4.9696497733251395, 
        "cache-12": 3.9451114383085053
    }, 
    "85": {
        "cache-11": 4.9848016896890766, 
        "cache-12": 3.9451114383085053
    }, 
    "86": {
        "cache-11": 4.992377647871045, 
        "cache-12": 3.9451114383085053
    }, 
    "87": {
        "cache-11": 4.99616562696203, 
        "cache-12": 3.9451114383085053
    }, 
    "88": {
        "cache-11": 4.998059616507522, 
        "cache-12": 3.9451114383085053
    }, 
    "89": {
        "cache-11": 4.999006611280269, 
        "cache-12": 3.9451114383085053
    }, 
    "90": {
        "cache-11": 4.999480108666642, 
        "cache-12": 3.9451114383085053
    }, 
    "91": {
        "cache-11": 4.999716857359829, 
        "cache-12": 3.9451114383085053
    }, 
    "92": {
        "cache-11": 4.999835231706422, 
        "cache-12": 3.9451114383085053
    }, 
    "93": {
        "cache-11": 4.999894418879718, 
        "cache-12": 3.9451114383085053
    }, 
    "94": {
        "cache-11": 4.999924012466366,