{
    "0": {
        "cache-12": 3.1565620377692722, 
        "cache-16": 3.3122230979975402
    }, 
    "1": {
        "cache-12": 3.1565620377692722, 
        "cache-16": 3.3122230979975402
    }, 
    "2": {
        "cache-12": 3.1565620377692722, 
        "cache-16": 3.3122230979975402
    }, 
    "3": {
        "cache-12": 3.1565620377692722, 
        "cache-16": 3.3122230979975402
    }, 
    "4": {
        "cache-12": 3.1565620377692722, 
        "cache-16": 3.3122230979975402
    }, 
    "5": {
        "cache-12": 3.1565620377692722, 
        "cache-16": 3.3122230979975402
    }, 
    "6": {
        "cache-12": 3.1565620377692722, 
        "cache-16": 3.3122230979975402
    }, 
    "7": {
        "cache-12": 3.1565620377692722, 
        "cache-16": 3.3122230979975402
    }, 
    "8": {
        "cache-12": 3.1565620377692722, 
        "cache-16": 3.3122230979975402
    }, 
    "9": {
        "cache-12": 3.1565620377692722, 
        "cache-16": 3.3122230979975402
    }, 
    "10": {
        "cache-12": 3.1565620377692722, 
        "cache-16": 3.3122230979975402
    }, 
    "11": {
        "cache-12": 3.53403592910461, 
        "cache-16": 3.6775179669047167
    }, 
    "12": {
        "cache-12": 3.53403592910461, 
        "cache-16": 3.6775179669047167
    }, 
    "13": {
        "cache-12": 3.53403592910461, 
        "cache-16": 3.6775179669047167
    }, 
    "14": {
        "cache-12": 3.53403592910461, 
        "cache-16": 3.6775179669047167
    }, 
    "15": {
        "cache-12": 3.53403592910461, 
        "cache-16": 3.6775179669047167
    }, 
    "16": {
        "cache-12": 3.53403592910461, 
        "cache-16": 3.6775179669047167
    }, 
    "17": {
        "cache-12": 3.53403592910461, 
        "cache-16": 3.6775179669047167
    }, 
    "18": {
        "cache-12": 3.53403592910461, 
        "cache-16": 3.6775179669047167
    }, 
    "19": {
        "cache-12": 3.53403592910461, 
        "cache-16": 3.6775179669047167
    }, 
    "20": {
        "cache-12": 3.53403592910461, 
        "cache-16": 3.6775179669047167
    }, 
    "21": {
        "cache-12": 3.3885369952586593, 
        "cache-16": 3.0648371214325474
    }, 
    "22": {
        "cache-12": 3.3885369952586593, 
        "cache-16": 3.0648371214325474
    }, 
    "23": {
        "cache-12": 3.3885369952586593, 
        "cache-16": 3.0648371214325474
    }, 
    "24": {
        "cache-12": 3.3885369952586593, 
        "cache-16": 3.0648371214325474
    }, 
    "25": {
        "cache-12": 3.3885369952586593, 
        "cache-16": 3.0648371214325474
    }, 
    "26": {
        "cache-12": 3.3885369952586593, 
        "cache-16": 3.0648371214325474
    }, 
    "27": {
        "cache-12": 3.3885369952586593, 
        "cache-16": 3.0648371214325474
    }, 
    "28": {
        "cache-12": 3.3885369952586593, 
        "cache-16": 3.0648371214325474
    }, 
    "29": {
        "cache-12": 3.3885369952586593, 
        "cache-16": 3.0648371214325474
    }, 
    "30": {
        "cache-12": 3.3885369952586593, 
        "cache-16": 3.0648371214325474
    }, 
    "31": {
        "cache-12": 3.518240386214488, 
        "cache-16": 3.3025641350190136
    }, 
    "32": {
        "cache-12": 3.518240386214488, 
        "cache-16": 3.3025641350190136
    }, 
    "33": {
        "cache-12": 3.518240386214488, 
        "cache-16": 3.3025641350190136
    }, 
    "34": {
        "cache-12": 3.518240386214488, 
        "cache-16": 3.3025641350190136
    }, 
    "35": {
        "cache-12": 3.518240386214488, 
        "cache-16": 3.3025641350190136
    }, 
    "36": {
        "cache-12": 3.518240386214488, 
        "cache-16": 3.3025641350190136
    }, 
    "37": {
        "cache-12": 3.518240386214488, 
        "cache-16": 3.3025641350190136
    }, 
    "38": {
        "cache-12": 3.518240386214488, 
        "cache-16": 3.3025641350190136
    }, 
    "39": {
        "cache-12": 3.518240386214488, 
        "cache-16": 3.3025641350190136
    }, 
    "40": {
        "cache-12": 3.518240386214488, 
        "cache-16": 3.3025641350190136
    }, 
    "41": {
        "cache-12": 3.5087631518635387, 
        "cache-16": 3.355520182470152
    }, 
    "42": {
        "cache-12": 3.5087631518635387, 
        "cache-16": 3.355520182470152
    }, 
    "43": {
        "cache-12": 3.5087631518635387, 
        "cache-16": 3.355520182470152
    }, 
    "44": {
        "cache-12": 3.5087631518635387, 
        "cache-16": 3.355520182470152
    }, 
    "45": {
        "cache-12": 3.5087631518635387, 
        "cache-16": 3.355520182470152
    }, 
    "46": {
        "cache-12": 3.5087631518635387, 
        "cache-16": 3.355520182470152
    }, 
    "47": {
        "cache-12": 3.5087631518635387, 
        "cache-16": 3.355520182470152
    }, 
    "48": {
        "cache-12": 3.5087631518635387, 
        "cache-16": 3.355520182470152
    }, 
    "49": {
        "cache-12": 3.5087631518635387, 
        "cache-16": 3.355520182470152
    }, 
    "50": {
        "cache-12": 3.5087631518635387, 
        "cache-16": 3.355520182470152
    }, 
    "51": {
        "cache-12": 3.4502816464108497, 
        "cache-16": 3.1891590446398768
    }, 
    "52": {
        "cache-12": 3.4502816464108497, 
        "cache-16": 3.1891590446398768
    }, 
    "53": {
        "cache-12": 3.4502816464108497, 
        "cache-16": 3.1891590446398768
    }, 
    "54": {
        "cache-12": 3.4502816464108497, 
        "cache-16": 3.1891590446398768
    }, 
    "55": {
        "cache-12": 3.4502816464108497, 
        "cache-16": 3.1891590446398768
    }, 
    "56": {
        "cache-12": 3.4502816464108497, 
        "cache-16": 3.1891590446398768
    }, 
    "57": {
        "cache-12": 3.4502816464108497, 
        "cache-16": 3.1891590446398768
    }, 
    "58": {
        "cache-12": 3.4502816464108497, 
        "cache-16": 3.1891590446398768
    }, 
    "59": {
        "cache-12": 3.4502816464108497, 
        "cache-16": 3.1891590446398768
    }, 
    "60": {
        "cache-12": 3.4502816464108497, 
        "cache-16": 3.1891590446398768
    }, 
    "61": {
        "cache-12": 2.8746825814198838, 
        "cache-16": 2.9639420568352106
    }, 
    "62": {
        "cache-12": 2.8746825814198838, 
        "cache-16": 2.9639420568352106
    }, 
    "63": {
        "cache-12": 2.8746825814198838, 
        "cache-16": 2.9639420568352106
    }, 
    "64": {
        "cache-12": 2.8746825814198838, 
        "cache-16": 2.9639420568352106
    }, 
    "65": {
        "cache-12": 2.8746825814198838, 
        "cache-16": 2.9639420568352106
    }, 
    "66": {
        "cache-12": 2.8746825814198838, 
        "cache-16": 2.9639420568352106
    }, 
    "67": {
        "cache-12": 2.8746825814198838, 
        "cache-16": 2.9639420568352106
    }, 
    "68": {
        "cache-12": 2.8746825814198838, 
        "cache-16": 2.9639420568352106
    }, 
    "69": {
        "cache-12": 2.8746825814198838, 
        "cache-16": 2.9639420568352106
    }, 
    "70": {
        "cache-12": 2.8746825814198838, 
        "cache-16": 2.9639420568352106
    }, 
    "71": {
        "cache-12": 3.054474809944473, 
        "cache-16": 2.909924676378428
    }, 
    "72": {
        "cache-12": 3.054474809944473, 
        "cache-16": 2.909924676378428
    }, 
    "73": {
        "cache-12": 3.054474809944473, 
        "cache-16": 2.909924676378428
    }, 
    "74": {
        "cache-12": 3.054474809944473, 
        "cache-16": 2.909924676378428
    }, 
    "75": {
        "cache-12": 3.054474809944473, 
        "cache-16": 2.909924676378428
    }, 
    "76": {
        "cache-12": 3.054474809944473, 
        "cache-16": 2.909924676378428
    }, 
    "77": {
        "cache-12": 3.054474809944473, 
        "cache-16": 2.909924676378428
    }, 
    "78": {
        "cache-12": 3.054474809944473, 
        "cache-16": 2.909924676378428
    }, 
    "79": {
        "cache-12": 3.054474809944473, 
        "cache-16": 2.909924676378428
    }, 
    "80": {
        "cache-12": 3.054474809944473,