{
    "0": {
        "cache-11": 4, 
        "cache-12": 3.75
    }, 
    "1": {
        "cache-11": 4, 
        "cache-12": 3.9052309587610323
    }, 
    "2": {
        "cache-11": 4, 
        "cache-12": 4.3551112121567375
    }, 
    "3": {
        "cache-11": 4, 
        "cache-12": 4.6775324091048756
    }, 
    "4": {
        "cache-11": 4, 
        "cache-12": 4.838743007578945
    }, 
    "5": {
        "cache-11": 4, 
        "cache-12": 4.91934830681598
    }, 
    "6": {
        "cache-11": 4, 
        "cache-12": 4.959650956434498
    }, 
    "7": {
        "cache-11": 4, 
        "cache-12": 4.979802281243757
    }, 
    "8": {
        "cache-11": 4, 
        "cache-12": 4.989877943648386
    }, 
    "9": {
        "cache-11": 4, 
        "cache-12": 4.9949157748507
    }, 
    "10": {
        "cache-11": 4, 
        "cache-12": 4.997434690451858
    }, 
    "11": {
        "cache-11": 4, 
        "cache-12": 4.9986941482524365
    }, 
    "12": {
        "cache-11": 4, 
        "cache-12": 4.999323877152726
    }, 
    "13": {
        "cache-11": 4, 
        "cache-12": 4.999638741602871
    }, 
    "14": {
        "cache-11": 4, 
        "cache-12": 4.999796173827942
    }, 
    "15": {
        "cache-11": 4, 
        "cache-12": 4.999874889940479
    }, 
    "16": {
        "cache-11": 4, 
        "cache-12": 4.9024331777464605
    }, 
    "17": {
        "cache-11": 4, 
        "cache-12": 4.481447547634263
    }, 
    "18": {
        "cache-11": 4, 
        "cache-12": 4.097861469965057
    }, 
    "19": {
        "cache-11": 4, 
        "cache-12": 4.296653883073077
    }, 
    "20": {
        "cache-11": 4, 
        "cache-12": 4.5508226743127596
    }, 
    "21": {
        "cache-11": 4, 
        "cache-12": 4.41965591329651
    }, 
    "22": {
        "cache-11": 4, 
        "cache-12": 4.354072532788385
    }, 
    "23": {
        "cache-11": 4, 
        "cache-12": 4.4247594144847415
    }, 
    "24": {
        "cache-11": 4, 
        "cache-12": 4.614875440018592
    }, 
    "25": {
        "cache-11": 4, 
        "cache-12": 4.555160868099844
    }, 
    "26": {
        "cache-11": 4, 
        "cache-12": 4.3078113928109545
    }, 
    "27": {
        "cache-11": 4, 
        "cache-12": 4.298150272545607
    }, 
    "28": {
        "cache-11": 4, 
        "cache-12": 4.396798284363352
    }, 
    "29": {
        "cache-11": 4, 
        "cache-12": 4.342643718321806
    }, 
    "30": {
        "cache-11": 4, 
        "cache-12": 4.201552817921936
    }, 
    "31": {
        "cache-11": 4, 
        "cache-12": 3.957914105108894
    }, 
    "32": {
        "cache-11": 4.030230958761033, 
        "cache-12": 3.957914105108894
    }, 
    "33": {
        "cache-11": 4.159360055520647, 
        "cache-12": 3.957914105108894
    }, 
    "34": {
        "cache-11": 4.109910986521356, 
        "cache-12": 3.957914105108894
    }, 
    "35": {
        "cache-11": 4.085186452021711, 
        "cache-12": 3.957914105108894
    }, 
    "36": {
        "cache-11": 4.072824184771887, 
        "cache-12": 3.957914105108894
    }, 
    "37": {
        "cache-11": 4.0666430511469756, 
        "cache-12": 3.957914105108894
    }, 
    "38": {
        "cache-11": 4.0635524843345205, 
        "cache-12": 3.957914105108894
    }, 
    "39": {
        "cache-11": 4.176020818307391, 
        "cache-12": 3.957914105108894
    }, 
    "40": {
        "cache-11": 4.232254985293826, 
        "cache-12": 3.957914105108894
    }, 
    "41": {
        "cache-11": 4.146358451407945, 
        "cache-12": 3.957914105108894
    }, 
    "42": {
        "cache-11": 3.9303169218518987, 
        "cache-12": 3.957914105108894
    }, 
    "43": {
        "cache-11": 3.9303169218518987, 
        "cache-12": 4.009188011315479
    }, 
    "44": {
        "cache-11": 3.9303169218518987, 
        "cache-12": 4.034824964418772
    }, 
    "45": {
        "cache-11": 3.9303169218518987, 
        "cache-12": 4.161657058349516
    }, 
    "46": {
        "cache-11": 3.9303169218518987, 
        "cache-12": 3.9379662253226844
    }, 
    "47": {
        "cache-11": 3.9303169218518987, 
        "cache-12": 3.8261208088092684
    }, 
    "48": {
        "cache-11": 4.1094030370660795, 
        "cache-12": 3.8261208088092684
    }, 
    "49": {
        "cache-11": 4.19894609467317, 
        "cache-12": 3.8261208088092684
    }, 
    "50": {
        "cache-11": 4.243717623476716, 
        "cache-12": 3.8261208088092684
    }, 
    "51": {
        "cache-11": 4.152089770499391, 
        "cache-12": 3.8261208088092684
    }, 
    "52": {
        "cache-11": 4.323768033340244, 
        "cache-12": 3.8261208088092684
    }, 
    "53": {
        "cache-11": 4.192114975431155, 
        "cache-12": 3.8261208088092684
    }, 
    "54": {
        "cache-11": 4.126288446476609, 
        "cache-12": 3.8261208088092684
    }, 
    "55": {
        "cache-11": 4.0933751819993365, 
        "cache-12": 3.8261208088092684
    }, 
    "56": {
        "cache-11": 4.190932167139799, 
        "cache-12": 3.8261208088092684
    }, 
    "57": {
        "cache-11": 4.125697042330932, 
        "cache-12": 3.8261208088092684
    }, 
    "58": {
        "cache-11": 3.9199862173133924, 
        "cache-12": 3.8261208088092684
    }, 
    "59": {
        "cache-11": 3.9902240674177287, 
        "cache-12": 3.8261208088092684
    }, 
    "60": {
        "cache-11": 4.025342992469897, 
        "cache-12": 3.8261208088092684
    }, 
    "61": {
        "cache-11": 4.156916072375079, 
        "cache-12": 3.8261208088092684
    }, 
    "62": {
        "cache-11": 4.222702612327669, 
        "cache-12": 3.8261208088092684
    }, 
    "63": {
        "cache-11": 4.1415822649248675, 
        "cache-12": 3.8261208088092684
    }, 
    "64": {
        "cache-11": 4.215035708602564, 
        "cache-12": 3.8261208088092684
    }, 
    "65": {
        "cache-11": 4.510013587077503, 
        "cache-12": 3.8261208088092684
    }, 
    "66": {
        "cache-11": 4.399251369678882, 
        "cache-12": 3.8261208088092684
    }, 
    "67": {
        "cache-11": 4.056763380987367, 
        "cache-12": 3.8261208088092684
    }, 
    "68": {
        "cache-11": 3.88551938664161, 
        "cache-12": 3.8261208088092684
    }, 
    "69": {
        "cache-11": 4.345255426097026, 
        "cache-12": 3.8261208088092684
    }, 
    "70": {
        "cache-11": 4.420350861139061, 
        "cache-12": 3.8261208088092684
    }, 
    "71": {
        "cache-11": 4.3544200067096615, 
        "cache-12": 3.8261208088092684
    }, 
    "72": {
        "cache-11": 4.6771868063813375, 
        "cache-12": 3.8261208088092684
    }, 
    "73": {
        "cache-11": 4.74108913596689, 
        "cache-12": 3.8261208088092684
    }, 
    "74": {
        "cache-11": 4.618267716073993, 
        "cache-12": 3.8261208088092684
    }, 
    "75": {
        "cache-11": 4.453378434177127, 
        "cache-12": 3.8261208088092684
    }, 
    "76": {
        "cache-11": 4.370933793228694, 
        "cache-12": 3.8261208088092684
    }, 
    "77": {
        "cache-11": 4.4331900447048955, 
        "cache-12": 3.8261208088092684
    }, 
    "78": {
        "cache-11": 4.24682598111348, 
        "cache-12": 3.8261208088092684
    }, 
    "79": {
        "cache-11": 3.980550686704666, 
        "cache-12": 3.8261208088092684
    }, 
    "80": {
        "cache-11": 3.8474130395002595, 
        "cache-12": 3.8261208088092684
    }, 
    "81": {
        "cache-11": 3.780844215898056, 
        "cache-12": 3.8261208088092684
    }, 
    "82": {
        "cache-11": 3.780844215898056, 
        "cache-12": 3.9432913631656668
    }, 
    "83": {
        "cache-11": 3.780844215898056, 
        "cache-12": 4.115890257722963
    }, 
    "84": {
        "cache-11": 3.780844215898056, 
        "cache-12": 4.30566827695203
    }, 
    "85": {
        "cache-11": 3.780844215898056, 
        "cache-12": 4.400557286566563
    }, 
    "86": {
        "cache-11": 3.780844215898056,