{
    "0": {
        "cache-13": 4.9956858855981565, 
        "cache-14": 3.231440505500001
    }, 
    "1": {
        "cache-13": 4.9956858855981565, 
        "cache-14": 3.231440505500001
    }, 
    "2": {
        "cache-13": 4.9956858855981565, 
        "cache-14": 3.231440505500001
    }, 
    "3": {
        "cache-13": 4.9956858855981565, 
        "cache-14": 3.231440505500001
    }, 
    "4": {
        "cache-13": 4.9956858855981565, 
        "cache-14": 3.231440505500001
    }, 
    "5": {
        "cache-13": 4.9956858855981565, 
        "cache-14": 3.231440505500001
    }, 
    "6": {
        "cache-13": 4.9956858855981565, 
        "cache-14": 3.231440505500001
    }, 
    "7": {
        "cache-13": 4.9956858855981565, 
        "cache-14": 3.231440505500001
    }, 
    "8": {
        "cache-13": 4.9956858855981565, 
        "cache-14": 3.231440505500001
    }, 
    "9": {
        "cache-13": 4.9956858855981565, 
        "cache-14": 3.231440505500001
    }, 
    "10": {
        "cache-13": 4.9956858855981565, 
        "cache-14": 3.231440505500001
    }, 
    "11": {
        "cache-13": 4.902450650229671, 
        "cache-14": 3.2314405055
    }, 
    "12": {
        "cache-13": 4.902450650229671, 
        "cache-14": 3.2314405055
    }, 
    "13": {
        "cache-13": 4.902450650229671, 
        "cache-14": 3.2314405055
    }, 
    "14": {
        "cache-13": 4.902450650229671, 
        "cache-14": 3.2314405055
    }, 
    "15": {
        "cache-13": 4.902450650229671, 
        "cache-14": 3.2314405055
    }, 
    "16": {
        "cache-13": 4.902450650229671, 
        "cache-14": 3.2314405055
    }, 
    "17": {
        "cache-13": 4.902450650229671, 
        "cache-14": 3.2314405055
    }, 
    "18": {
        "cache-13": 4.902450650229671, 
        "cache-14": 3.2314405055
    }, 
    "19": {
        "cache-13": 4.902450650229671, 
        "cache-14": 3.2314405055
    }, 
    "20": {
        "cache-13": 4.902450650229671, 
        "cache-14": 3.2314405055
    }, 
    "21": {
        "cache-13": 4.4081653653546535, 
        "cache-14": 3.2314405055
    }, 
    "22": {
        "cache-13": 4.4081653653546535, 
        "cache-14": 3.2314405055
    }, 
    "23": {
        "cache-13": 4.4081653653546535, 
        "cache-14": 3.2314405055
    }, 
    "24": {
        "cache-13": 4.4081653653546535, 
        "cache-14": 3.2314405055
    }, 
    "25": {
        "cache-13": 4.4081653653546535, 
        "cache-14": 3.2314405055
    }, 
    "26": {
        "cache-13": 4.4081653653546535, 
        "cache-14": 3.2314405055
    }, 
    "27": {
        "cache-13": 4.4081653653546535, 
        "cache-14": 3.2314405055
    }, 
    "28": {
        "cache-13": 4.4081653653546535, 
        "cache-14": 3.2314405055
    }, 
    "29": {
        "cache-13": 4.4081653653546535, 
        "cache-14": 3.2314405055
    }, 
    "30": {
        "cache-13": 4.4081653653546535, 
        "cache-14": 3.2314405055
    }, 
    "31": {
        "cache-13": 4.06652828608376, 
        "cache-14": 3.234966556455757
    }, 
    "32": {
        "cache-13": 4.06652828608376, 
        "cache-14": 3.234966556455757
    }, 
    "33": {
        "cache-13": 4.06652828608376, 
        "cache-14": 3.234966556455757
    }, 
    "34": {
        "cache-13": 4.06652828608376, 
        "cache-14": 3.234966556455757
    }, 
    "35": {
        "cache-13": 4.06652828608376, 
        "cache-14": 3.234966556455757
    }, 
    "36": {
        "cache-13": 4.06652828608376, 
        "cache-14": 3.234966556455757
    }, 
    "37": {
        "cache-13": 4.06652828608376, 
        "cache-14": 3.234966556455757
    }, 
    "38": {
        "cache-13": 4.06652828608376, 
        "cache-14": 3.234966556455757
    }, 
    "39": {
        "cache-13": 4.06652828608376, 
        "cache-14": 3.234966556455757
    }, 
    "40": {
        "cache-13": 4.06652828608376, 
        "cache-14": 3.234966556455757
    }, 
    "41": {
        "cache-13": 4.591143366521335, 
        "cache-14": 3.2435592172794463
    }, 
    "42": {
        "cache-13": 4.591143366521335, 
        "cache-14": 3.2435592172794463
    }, 
    "43": {
        "cache-13": 4.591143366521335, 
        "cache-14": 3.2435592172794463
    }, 
    "44": {
        "cache-13": 4.591143366521335, 
        "cache-14": 3.2435592172794463
    }, 
    "45": {
        "cache-13": 4.591143366521335, 
        "cache-14": 3.2435592172794463
    }, 
    "46": {
        "cache-13": 4.591143366521335, 
        "cache-14": 3.2435592172794463
    }, 
    "47": {
        "cache-13": 4.591143366521335, 
        "cache-14": 3.2435592172794463
    }, 
    "48": {
        "cache-13": 4.591143366521335, 
        "cache-14": 3.2435592172794463
    }, 
    "49": {
        "cache-13": 4.591143366521335, 
        "cache-14": 3.2435592172794463
    }, 
    "50": {
        "cache-13": 4.591143366521335, 
        "cache-14": 3.2435592172794463
    }, 
    "51": {
        "cache-13": 4.262484794139472, 
        "cache-14": 3.253456605867269
    }, 
    "52": {
        "cache-13": 4.262484794139472, 
        "cache-14": 3.253456605867269
    }, 
    "53": {
        "cache-13": 4.262484794139472, 
        "cache-14": 3.253456605867269
    }, 
    "54": {
        "cache-13": 4.262484794139472, 
        "cache-14": 3.253456605867269
    }, 
    "55": {
        "cache-13": 4.262484794139472, 
        "cache-14": 3.253456605867269
    }, 
    "56": {
        "cache-13": 4.262484794139472, 
        "cache-14": 3.253456605867269
    }, 
    "57": {
        "cache-13": 4.262484794139472, 
        "cache-14": 3.253456605867269
    }, 
    "58": {
        "cache-13": 4.262484794139472, 
        "cache-14": 3.253456605867269
    }, 
    "59": {
        "cache-13": 4.262484794139472, 
        "cache-14": 3.253456605867269
    }, 
    "60": {
        "cache-13": 4.262484794139472, 
        "cache-14": 3.253456605867269
    }, 
    "61": {
        "cache-13": 4.577468285731489, 
        "cache-14": 3.2575176375408663
    }, 
    "62": {
        "cache-13": 4.577468285731489, 
        "cache-14": 3.2575176375408663
    }, 
    "63": {
        "cache-13": 4.577468285731489, 
        "cache-14": 3.2575176375408663
    }, 
    "64": {
        "cache-13": 4.577468285731489, 
        "cache-14": 3.2575176375408663
    }, 
    "65": {
        "cache-13": 4.577468285731489, 
        "cache-14": 3.2575176375408663
    }, 
    "66": {
        "cache-13": 4.577468285731489, 
        "cache-14": 3.2575176375408663
    }, 
    "67": {
        "cache-13": 4.577468285731489, 
        "cache-14": 3.2575176375408663
    }, 
    "68": {
        "cache-13": 4.577468285731489, 
        "cache-14": 3.2575176375408663
    }, 
    "69": {
        "cache-13": 4.577468285731489, 
        "cache-14": 3.2575176375408663
    }, 
    "70": {
        "cache-13": 4.577468285731489, 
        "cache-14": 3.2575176375408663
    }, 
    "71": {
        "cache-13": 4.2837546800428115, 
        "cache-14": 2.9249117827711144
    }, 
    "72": {
        "cache-13": 4.2837546800428115, 
        "cache-14": 2.9249117827711144
    }, 
    "73": {
        "cache-13": 4.2837546800428115, 
        "cache-14": 2.9249117827711144
    }, 
    "74": {
        "cache-13": 4.2837546800428115, 
        "cache-14": 2.9249117827711144
    }, 
    "75": {
        "cache-13": 4.2837546800428115, 
        "cache-14": 2.9249117827711144
    }, 
    "76": {
        "cache-13": 4.2837546800428115, 
        "cache-14": 2.9249117827711144
    }, 
    "77": {
        "cache-13": 4.2837546800428115, 
        "cache-14": 2.9249117827711144
    }, 
    "78": {
        "cache-13": 4.2837546800428115, 
        "cache-14": 2.9249117827711144
    }, 
    "79": {
        "cache-13": 4.2837546800428115, 
        "cache-14": 2.9249117827711144
    }, 
    "80": {
        "cache-13": 4.2837546800428115, 
        "cache-14": 2.9249117827711144
    }, 
    "81": {
        "cache-13": 4.570550250978439, 
        "cache-14": 3.043177045664133
    },