{
    "0": {
        "cache-14": 3.5722627500058004, 
        "cache-16": 3.751369133910029
    }, 
    "1": {
        "cache-14": 3.5722627500058004, 
        "cache-16": 3.751369133910029
    }, 
    "2": {
        "cache-14": 3.5722627500058004, 
        "cache-16": 3.751369133910029
    }, 
    "3": {
        "cache-14": 3.5722627500058004, 
        "cache-16": 3.751369133910029
    }, 
    "4": {
        "cache-14": 3.5722627500058004, 
        "cache-16": 3.751369133910029
    }, 
    "5": {
        "cache-14": 3.5722627500058004, 
        "cache-16": 3.751369133910029
    }, 
    "6": {
        "cache-14": 3.5722627500058004, 
        "cache-16": 3.751369133910029
    }, 
    "7": {
        "cache-14": 3.5722627500058004, 
        "cache-16": 3.751369133910029
    }, 
    "8": {
        "cache-14": 3.5722627500058004, 
        "cache-16": 3.751369133910029
    }, 
    "9": {
        "cache-14": 3.5722627500058004, 
        "cache-16": 3.751369133910029
    }, 
    "10": {
        "cache-14": 3.5722627500058004, 
        "cache-16": 3.751369133910029
    }, 
    "11": {
        "cache-14": 3.5722627500089503, 
        "cache-16": 3.616593338388294
    }, 
    "12": {
        "cache-14": 3.5722627500089503, 
        "cache-16": 3.616593338388294
    }, 
    "13": {
        "cache-14": 3.5722627500089503, 
        "cache-16": 3.616593338388294
    }, 
    "14": {
        "cache-14": 3.5722627500089503, 
        "cache-16": 3.616593338388294
    }, 
    "15": {
        "cache-14": 3.5722627500089503, 
        "cache-16": 3.616593338388294
    }, 
    "16": {
        "cache-14": 3.5722627500089503, 
        "cache-16": 3.616593338388294
    }, 
    "17": {
        "cache-14": 3.5722627500089503, 
        "cache-16": 3.616593338388294
    }, 
    "18": {
        "cache-14": 3.5722627500089503, 
        "cache-16": 3.616593338388294
    }, 
    "19": {
        "cache-14": 3.5722627500089503, 
        "cache-16": 3.616593338388294
    }, 
    "20": {
        "cache-14": 3.5722627500089503, 
        "cache-16": 3.616593338388294
    }, 
    "21": {
        "cache-14": 3.4873459364296346, 
        "cache-16": 3.47424074718636
    }, 
    "22": {
        "cache-14": 3.4873459364296346, 
        "cache-16": 3.47424074718636
    }, 
    "23": {
        "cache-14": 3.4873459364296346, 
        "cache-16": 3.47424074718636
    }, 
    "24": {
        "cache-14": 3.4873459364296346, 
        "cache-16": 3.47424074718636
    }, 
    "25": {
        "cache-14": 3.4873459364296346, 
        "cache-16": 3.47424074718636
    }, 
    "26": {
        "cache-14": 3.4873459364296346, 
        "cache-16": 3.47424074718636
    }, 
    "27": {
        "cache-14": 3.4873459364296346, 
        "cache-16": 3.47424074718636
    }, 
    "28": {
        "cache-14": 3.4873459364296346, 
        "cache-16": 3.47424074718636
    }, 
    "29": {
        "cache-14": 3.4873459364296346, 
        "cache-16": 3.47424074718636
    }, 
    "30": {
        "cache-14": 3.4873459364296346, 
        "cache-16": 3.47424074718636
    }, 
    "31": {
        "cache-14": 3.973515250799962, 
        "cache-16": 3.470058358642211
    }, 
    "32": {
        "cache-14": 3.973515250799962, 
        "cache-16": 3.470058358642211
    }, 
    "33": {
        "cache-14": 3.973515250799962, 
        "cache-16": 3.470058358642211
    }, 
    "34": {
        "cache-14": 3.973515250799962, 
        "cache-16": 3.470058358642211
    }, 
    "35": {
        "cache-14": 3.973515250799962, 
        "cache-16": 3.470058358642211
    }, 
    "36": {
        "cache-14": 3.973515250799962, 
        "cache-16": 3.470058358642211
    }, 
    "37": {
        "cache-14": 3.973515250799962, 
        "cache-16": 3.470058358642211
    }, 
    "38": {
        "cache-14": 3.973515250799962, 
        "cache-16": 3.470058358642211
    }, 
    "39": {
        "cache-14": 3.973515250799962, 
        "cache-16": 3.470058358642211
    }, 
    "40": {
        "cache-14": 3.973515250799962, 
        "cache-16": 3.470058358642211
    }, 
    "41": {
        "cache-14": 3.514850902879725, 
        "cache-16": 3.481556880503182
    }, 
    "42": {
        "cache-14": 3.514850902879725, 
        "cache-16": 3.481556880503182
    }, 
    "43": {
        "cache-14": 3.514850902879725, 
        "cache-16": 3.481556880503182
    }, 
    "44": {
        "cache-14": 3.514850902879725, 
        "cache-16": 3.481556880503182
    }, 
    "45": {
        "cache-14": 3.514850902879725, 
        "cache-16": 3.481556880503182
    }, 
    "46": {
        "cache-14": 3.514850902879725, 
        "cache-16": 3.481556880503182
    }, 
    "47": {
        "cache-14": 3.514850902879725, 
        "cache-16": 3.481556880503182
    }, 
    "48": {
        "cache-14": 3.514850902879725, 
        "cache-16": 3.481556880503182
    }, 
    "49": {
        "cache-14": 3.514850902879725, 
        "cache-16": 3.481556880503182
    }, 
    "50": {
        "cache-14": 3.514850902879725, 
        "cache-16": 3.481556880503182
    }, 
    "51": {
        "cache-14": 3.562664394288281, 
        "cache-16": 3.6802425801165186
    }, 
    "52": {
        "cache-14": 3.562664394288281, 
        "cache-16": 3.6802425801165186
    }, 
    "53": {
        "cache-14": 3.562664394288281, 
        "cache-16": 3.6802425801165186
    }, 
    "54": {
        "cache-14": 3.562664394288281, 
        "cache-16": 3.6802425801165186
    }, 
    "55": {
        "cache-14": 3.562664394288281, 
        "cache-16": 3.6802425801165186
    }, 
    "56": {
        "cache-14": 3.562664394288281, 
        "cache-16": 3.6802425801165186
    }, 
    "57": {
        "cache-14": 3.562664394288281, 
        "cache-16": 3.6802425801165186
    }, 
    "58": {
        "cache-14": 3.562664394288281, 
        "cache-16": 3.6802425801165186
    }, 
    "59": {
        "cache-14": 3.562664394288281, 
        "cache-16": 3.6802425801165186
    }, 
    "60": {
        "cache-14": 3.562664394288281, 
        "cache-16": 3.6802425801165186
    }, 
    "61": {
        "cache-14": 3.586698170741035, 
        "cache-16": 3.715532340724696
    }, 
    "62": {
        "cache-14": 3.586698170741035, 
        "cache-16": 3.715532340724696
    }, 
    "63": {
        "cache-14": 3.586698170741035, 
        "cache-16": 3.715532340724696
    }, 
    "64": {
        "cache-14": 3.586698170741035, 
        "cache-16": 3.715532340724696
    }, 
    "65": {
        "cache-14": 3.586698170741035, 
        "cache-16": 3.715532340724696
    }, 
    "66": {
        "cache-14": 3.586698170741035, 
        "cache-16": 3.715532340724696
    }, 
    "67": {
        "cache-14": 3.586698170741035, 
        "cache-16": 3.715532340724696
    }, 
    "68": {
        "cache-14": 3.586698170741035, 
        "cache-16": 3.715532340724696
    }, 
    "69": {
        "cache-14": 3.586698170741035, 
        "cache-16": 3.715532340724696
    }, 
    "70": {
        "cache-14": 3.586698170741035, 
        "cache-16": 3.715532340724696
    }, 
    "71": {
        "cache-14": 3.5957425945951296, 
        "cache-16": 3.702578394720427
    }, 
    "72": {
        "cache-14": 3.5957425945951296, 
        "cache-16": 3.702578394720427
    }, 
    "73": {
        "cache-14": 3.5957425945951296, 
        "cache-16": 3.702578394720427
    }, 
    "74": {
        "cache-14": 3.5957425945951296, 
        "cache-16": 3.702578394720427
    }, 
    "75": {
        "cache-14": 3.5957425945951296, 
        "cache-16": 3.702578394720427
    }, 
    "76": {
        "cache-14": 3.5957425945951296, 
        "cache-16": 3.702578394720427
    }, 
    "77": {
        "cache-14": 3.5957425945951296, 
        "cache-16": 3.702578394720427
    }, 
    "78": {
        "cache-14": 3.5957425945951296, 
        "cache-16": 3.702578394720427
    }, 
    "79": {
        "cache-14": 3.5957425945951296, 
        "cache-16": 3.702578394720427
    }, 
    "80": {
        "cache-14": 3.5957425945951296, 
        "cache-16": 3.702578394720427
    },