{
    "0": {
        "cache-13": 3.643159726312721, 
        "cache-14": 3.0002621710785053
    }, 
    "1": {
        "cache-13": 3.643159726312721, 
        "cache-14": 3.0002621710785053
    }, 
    "2": {
        "cache-13": 3.643159726312721, 
        "cache-14": 3.0002621710785053
    }, 
    "3": {
        "cache-13": 3.643159726312721, 
        "cache-14": 3.0002621710785053
    }, 
    "4": {
        "cache-13": 3.643159726312721, 
        "cache-14": 3.0002621710785053
    }, 
    "5": {
        "cache-13": 3.643159726312721, 
        "cache-14": 3.0002621710785053
    }, 
    "6": {
        "cache-13": 3.643159726312721, 
        "cache-14": 3.0002621710785053
    }, 
    "7": {
        "cache-13": 3.643159726312721, 
        "cache-14": 3.0002621710785053
    }, 
    "8": {
        "cache-13": 3.643159726312721, 
        "cache-14": 3.0002621710785053
    }, 
    "9": {
        "cache-13": 3.643159726312721, 
        "cache-14": 3.0002621710785053
    }, 
    "10": {
        "cache-13": 3.643159726312721, 
        "cache-14": 3.0002621710785053
    }, 
    "11": {
        "cache-13": 3.852139749095325, 
        "cache-14": 3.3099955693827887
    }, 
    "12": {
        "cache-13": 3.852139749095325, 
        "cache-14": 3.3099955693827887
    }, 
    "13": {
        "cache-13": 3.852139749095325, 
        "cache-14": 3.3099955693827887
    }, 
    "14": {
        "cache-13": 3.852139749095325, 
        "cache-14": 3.3099955693827887
    }, 
    "15": {
        "cache-13": 3.852139749095325, 
        "cache-14": 3.3099955693827887
    }, 
    "16": {
        "cache-13": 3.852139749095325, 
        "cache-14": 3.3099955693827887
    }, 
    "17": {
        "cache-13": 3.852139749095325, 
        "cache-14": 3.3099955693827887
    }, 
    "18": {
        "cache-13": 3.852139749095325, 
        "cache-14": 3.3099955693827887
    }, 
    "19": {
        "cache-13": 3.852139749095325, 
        "cache-14": 3.3099955693827887
    }, 
    "20": {
        "cache-13": 3.852139749095325, 
        "cache-14": 3.3099955693827887
    }, 
    "21": {
        "cache-13": 4.200801026911405, 
        "cache-14": 3.532228700495928
    }, 
    "22": {
        "cache-13": 4.200801026911405, 
        "cache-14": 3.532228700495928
    }, 
    "23": {
        "cache-13": 4.200801026911405, 
        "cache-14": 3.532228700495928
    }, 
    "24": {
        "cache-13": 4.200801026911405, 
        "cache-14": 3.532228700495928
    }, 
    "25": {
        "cache-13": 4.200801026911405, 
        "cache-14": 3.532228700495928
    }, 
    "26": {
        "cache-13": 4.200801026911405, 
        "cache-14": 3.532228700495928
    }, 
    "27": {
        "cache-13": 4.200801026911405, 
        "cache-14": 3.532228700495928
    }, 
    "28": {
        "cache-13": 4.200801026911405, 
        "cache-14": 3.532228700495928
    }, 
    "29": {
        "cache-13": 4.200801026911405, 
        "cache-14": 3.532228700495928
    }, 
    "30": {
        "cache-13": 4.200801026911405, 
        "cache-14": 3.532228700495928
    }, 
    "31": {
        "cache-13": 3.719622735418275, 
        "cache-14": 3.672199058719212
    }, 
    "32": {
        "cache-13": 3.719622735418275, 
        "cache-14": 3.672199058719212
    }, 
    "33": {
        "cache-13": 3.719622735418275, 
        "cache-14": 3.672199058719212
    }, 
    "34": {
        "cache-13": 3.719622735418275, 
        "cache-14": 3.672199058719212
    }, 
    "35": {
        "cache-13": 3.719622735418275, 
        "cache-14": 3.672199058719212
    }, 
    "36": {
        "cache-13": 3.719622735418275, 
        "cache-14": 3.672199058719212
    }, 
    "37": {
        "cache-13": 3.719622735418275, 
        "cache-14": 3.672199058719212
    }, 
    "38": {
        "cache-13": 3.719622735418275, 
        "cache-14": 3.672199058719212
    }, 
    "39": {
        "cache-13": 3.719622735418275, 
        "cache-14": 3.672199058719212
    }, 
    "40": {
        "cache-13": 3.719622735418275, 
        "cache-14": 3.672199058719212
    }, 
    "41": {
        "cache-13": 3.511752247525336, 
        "cache-14": 3.9932039573382614
    }, 
    "42": {
        "cache-13": 3.511752247525336, 
        "cache-14": 3.9932039573382614
    }, 
    "43": {
        "cache-13": 3.511752247525336, 
        "cache-14": 3.9932039573382614
    }, 
    "44": {
        "cache-13": 3.511752247525336, 
        "cache-14": 3.9932039573382614
    }, 
    "45": {
        "cache-13": 3.511752247525336, 
        "cache-14": 3.9932039573382614
    }, 
    "46": {
        "cache-13": 3.511752247525336, 
        "cache-14": 3.9932039573382614
    }, 
    "47": {
        "cache-13": 3.511752247525336, 
        "cache-14": 3.9932039573382614
    }, 
    "48": {
        "cache-13": 3.511752247525336, 
        "cache-14": 3.9932039573382614
    }, 
    "49": {
        "cache-13": 3.511752247525336, 
        "cache-14": 3.9932039573382614
    }, 
    "50": {
        "cache-13": 3.511752247525336, 
        "cache-14": 3.9932039573382614
    }, 
    "51": {
        "cache-13": 3.8322092519369138, 
        "cache-14": 3.769345578095195
    }, 
    "52": {
        "cache-13": 3.8322092519369138, 
        "cache-14": 3.769345578095195
    }, 
    "53": {
        "cache-13": 3.8322092519369138, 
        "cache-14": 3.769345578095195
    }, 
    "54": {
        "cache-13": 3.8322092519369138, 
        "cache-14": 3.769345578095195
    }, 
    "55": {
        "cache-13": 3.8322092519369138, 
        "cache-14": 3.769345578095195
    }, 
    "56": {
        "cache-13": 3.8322092519369138, 
        "cache-14": 3.769345578095195
    }, 
    "57": {
        "cache-13": 3.8322092519369138, 
        "cache-14": 3.769345578095195
    }, 
    "58": {
        "cache-13": 3.8322092519369138, 
        "cache-14": 3.769345578095195
    }, 
    "59": {
        "cache-13": 3.8322092519369138, 
        "cache-14": 3.769345578095195
    }, 
    "60": {
        "cache-13": 3.8322092519369138, 
        "cache-14": 3.769345578095195
    }, 
    "61": {
        "cache-13": 4.052005188191611, 
        "cache-14": 3.801774721288777
    }, 
    "62": {
        "cache-13": 4.052005188191611, 
        "cache-14": 3.801774721288777
    }, 
    "63": {
        "cache-13": 4.052005188191611, 
        "cache-14": 3.801774721288777
    }, 
    "64": {
        "cache-13": 4.052005188191611, 
        "cache-14": 3.801774721288777
    }, 
    "65": {
        "cache-13": 4.052005188191611, 
        "cache-14": 3.801774721288777
    }, 
    "66": {
        "cache-13": 4.052005188191611, 
        "cache-14": 3.801774721288777
    }, 
    "67": {
        "cache-13": 4.052005188191611, 
        "cache-14": 3.801774721288777
    }, 
    "68": {
        "cache-13": 4.052005188191611, 
        "cache-14": 3.801774721288777
    }, 
    "69": {
        "cache-13": 4.052005188191611, 
        "cache-14": 3.801774721288777
    }, 
    "70": {
        "cache-13": 4.052005188191611, 
        "cache-14": 3.801774721288777
    }, 
    "71": {
        "cache-13": 4.016197737269064, 
        "cache-14": 3.627347711329785
    }, 
    "72": {
        "cache-13": 4.016197737269064, 
        "cache-14": 3.627347711329785
    }, 
    "73": {
        "cache-13": 4.016197737269064, 
        "cache-14": 3.627347711329785
    }, 
    "74": {
        "cache-13": 4.016197737269064, 
        "cache-14": 3.627347711329785
    }, 
    "75": {
        "cache-13": 4.016197737269064, 
        "cache-14": 3.627347711329785
    }, 
    "76": {
        "cache-13": 4.016197737269064, 
        "cache-14": 3.627347711329785
    }, 
    "77": {
        "cache-13": 4.016197737269064, 
        "cache-14": 3.627347711329785
    }, 
    "78": {
        "cache-13": 4.016197737269064, 
        "cache-14": 3.627347711329785
    }, 
    "79": {
        "cache-13": 4.016197737269064, 
        "cache-14": 3.627347711329785
    }, 
    "80": {
        "cache-13": 4.016197737269064, 
        "cache-14": 3.627347711329785
    },