{
    "0": {
        "cache-15": 4, 
        "cache-16": 3.75
    }, 
    "1": {
        "cache-15": 4, 
        "cache-16": 4.122723148090548
    }, 
    "2": {
        "cache-15": 4, 
        "cache-16": 4.561338377071781
    }, 
    "3": {
        "cache-15": 4, 
        "cache-16": 4.780645991562398
    }, 
    "4": {
        "cache-15": 4, 
        "cache-16": 4.890299798807707
    }, 
    "5": {
        "cache-15": 4, 
        "cache-16": 4.945126702430361
    }, 
    "6": {
        "cache-15": 4, 
        "cache-16": 4.972540154241688
    }, 
    "7": {
        "cache-15": 4, 
        "cache-16": 4.986246880147352
    }, 
    "8": {
        "cache-15": 4, 
        "cache-16": 4.993100243100184
    }, 
    "9": {
        "cache-15": 4, 
        "cache-16": 4.9965269245765995
    }, 
    "10": {
        "cache-15": 4, 
        "cache-16": 4.9982402653148075
    }, 
    "11": {
        "cache-15": 4, 
        "cache-16": 4.999096935683911
    }, 
    "12": {
        "cache-15": 4, 
        "cache-16": 4.999525270868462
    }, 
    "13": {
        "cache-15": 4, 
        "cache-16": 4.999739438460738
    }, 
    "14": {
        "cache-15": 4, 
        "cache-16": 4.999846522256876
    }, 
    "15": {
        "cache-15": 4, 
        "cache-16": 4.999900064154945
    }, 
    "16": {
        "cache-15": 4, 
        "cache-16": 4.999926835103979
    }, 
    "17": {
        "cache-15": 4, 
        "cache-16": 4.999940220578496
    }, 
    "18": {
        "cache-15": 4, 
        "cache-16": 4.999946913315755
    }, 
    "19": {
        "cache-15": 4, 
        "cache-16": 4.902469189434099
    }, 
    "20": {
        "cache-15": 4, 
        "cache-16": 4.85373032749327
    }, 
    "21": {
        "cache-15": 4, 
        "cache-16": 4.926841966773143
    }, 
    "22": {
        "cache-15": 4, 
        "cache-16": 4.963397786413079
    }, 
    "23": {
        "cache-15": 4, 
        "cache-16": 4.884194625982761
    }, 
    "24": {
        "cache-15": 4, 
        "cache-16": 4.942074116017888
    }, 
    "25": {
        "cache-15": 4, 
        "cache-16": 4.873532790785164
    }, 
    "26": {
        "cache-15": 4, 
        "cache-16": 4.839262128168803
    }, 
    "27": {
        "cache-15": 4, 
        "cache-16": 4.9196078671109085
    }, 
    "28": {
        "cache-15": 4, 
        "cache-16": 4.959780736581962
    }, 
    "29": {
        "cache-15": 4, 
        "cache-16": 4.979867171317489
    }, 
    "30": {
        "cache-15": 4, 
        "cache-16": 4.989910388685251
    }, 
    "31": {
        "cache-15": 4, 
        "cache-16": 4.994931997369132
    }, 
    "32": {
        "cache-15": 4, 
        "cache-16": 4.899961731460787
    }, 
    "33": {
        "cache-15": 4, 
        "cache-16": 4.949957668756901
    }, 
    "34": {
        "cache-15": 4, 
        "cache-16": 4.974955637404958
    }, 
    "35": {
        "cache-15": 4, 
        "cache-16": 4.8899735514787
    }, 
    "36": {
        "cache-15": 4, 
        "cache-16": 4.847482508515571
    }, 
    "37": {
        "cache-15": 4, 
        "cache-16": 4.923718057284293
    }, 
    "38": {
        "cache-15": 4, 
        "cache-16": 4.961835831668654
    }, 
    "39": {
        "cache-15": 4, 
        "cache-16": 4.980894718860834
    }, 
    "40": {
        "cache-15": 4, 
        "cache-16": 4.990424162456924
    }, 
    "41": {
        "cache-15": 4, 
        "cache-16": 4.897707814004683
    }, 
    "42": {
        "cache-15": 4, 
        "cache-16": 4.948830710028849
    }, 
    "43": {
        "cache-15": 4, 
        "cache-16": 4.974392158040931
    }, 
    "44": {
        "cache-15": 4, 
        "cache-16": 4.889691811796687
    }, 
    "45": {
        "cache-15": 4, 
        "cache-16": 4.847341638674564
    }, 
    "46": {
        "cache-15": 4, 
        "cache-16": 4.92364762236379
    }, 
    "47": {
        "cache-15": 4, 
        "cache-16": 4.961800614208402
    }, 
    "48": {
        "cache-15": 4, 
        "cache-16": 4.728623455194749
    }, 
    "49": {
        "cache-15": 4, 
        "cache-16": 4.766807460373595
    }, 
    "50": {
        "cache-15": 4, 
        "cache-16": 4.883380533213305
    }, 
    "51": {
        "cache-15": 4, 
        "cache-16": 4.94166706963316
    }, 
    "52": {
        "cache-15": 4, 
        "cache-16": 4.970810337843087
    }, 
    "53": {
        "cache-15": 4, 
        "cache-16": 4.985381971948051
    }, 
    "54": {
        "cache-15": 4, 
        "cache-16": 4.992667789000533
    }, 
    "55": {
        "cache-15": 4, 
        "cache-16": 4.898829627276488
    }, 
    "56": {
        "cache-15": 4, 
        "cache-16": 4.851910546414465
    }, 
    "57": {
        "cache-15": 4, 
        "cache-16": 4.92593207623374
    }, 
    "58": {
        "cache-15": 4, 
        "cache-16": 4.865461770893091
    }, 
    "59": {
        "cache-15": 4, 
        "cache-16": 4.932707688473053
    }, 
    "60": {
        "cache-15": 4, 
        "cache-16": 4.9663306472630335
    }, 
    "61": {
        "cache-15": 4, 
        "cache-16": 4.983142126658024
    }, 
    "62": {
        "cache-15": 4, 
        "cache-16": 4.9915478663555195
    }, 
    "63": {
        "cache-15": 4, 
        "cache-16": 4.995750736204267
    }, 
    "64": {
        "cache-15": 4, 
        "cache-16": 4.99785217112864
    }, 
    "65": {
        "cache-15": 4, 
        "cache-16": 4.998902888590827
    }, 
    "66": {
        "cache-15": 4, 
        "cache-16": 4.999428247321921
    }, 
    "67": {
        "cache-15": 4, 
        "cache-16": 4.999690926687467
    }, 
    "68": {
        "cache-15": 4, 
        "cache-16": 4.999822266370241
    }, 
    "69": {
        "cache-15": 4, 
        "cache-16": 4.999887936211628
    }, 
    "70": {
        "cache-15": 4, 
        "cache-16": 4.999920771132322
    }, 
    "71": {
        "cache-15": 4, 
        "cache-16": 4.999937188592668
    }, 
    "72": {
        "cache-15": 4, 
        "cache-16": 4.999945397322842
    }, 
    "73": {
        "cache-15": 4, 
        "cache-16": 4.902468431437642
    }, 
    "74": {
        "cache-15": 4, 
        "cache-16": 4.853729948495042
    }, 
    "75": {
        "cache-15": 4, 
        "cache-16": 4.674588122338069
    }, 
    "76": {
        "cache-15": 4, 
        "cache-16": 4.837270864195542
    }, 
    "77": {
        "cache-15": 4, 
        "cache-16": 4.918612235124279
    }, 
    "78": {
        "cache-15": 4, 
        "cache-16": 4.959282920588647
    }, 
    "79": {
        "cache-15": 4, 
        "cache-16": 4.97961826332083
    }, 
    "80": {
        "cache-15": 4, 
        "cache-16": 4.989785934686923
    }, 
    "81": {
        "cache-15": 4, 
        "cache-16": 4.994869770369968
    }, 
    "82": {
        "cache-15": 4, 
        "cache-16": 4.997411688211491
    }, 
    "83": {
        "cache-15": 4, 
        "cache-16": 4.998682647132252
    }, 
    "84": {
        "cache-15": 4, 
        "cache-16": 4.999318126592634
    }, 
    "85": {
        "cache-15": 4, 
        "cache-16": 4.999635866322825
    }, 
    "86": {
        "cache-15": 4, 
        "cache-16": 4.999794736187919
    }, 
    "87": {
        "cache-15": 4, 
        "cache-16": 4.999874171120467
    }, 
    "88": {
        "cache-15": 4, 
        "cache-16": 4.999913888586741
    }, 
    "89": {
        "cache-15": 4, 
        "cache-16": 4.9999337473198775
    }, 
    "90": {
        "cache-15": 4, 
        "cache-16": 4.90246260643616
    }, 
    "91": {
        "cache-15": 4, 
        "cache-16": 4.853727035994301
    }, 
    "92": {
        "cache-15": 4, 
        "cache-16": 4.829359250773372
    }, 
    "93": {
        "cache-15": 4, 
        "cache-16": 4.914656428413194
    }, 
    "94": {
        "cache-15": 4, 
        "cache-16": 4.957305017233104
    }, 
    "95": {
        "cache-15": 4, 
        "cache-16": 4.881148241392773
    }, 
    "96": {
        "cache-15": 4, 
        "cache-16": 4.940550923722894
    }, 
    "97": {
        "cache-15": 4,