{
    "0": {
        "cache-09": 4, 
        "cache-10": 3.75
    }, 
    "1": {
        "cache-09": 4, 
        "cache-10": 4.374976803026508
    }, 
    "2": {
        "cache-09": 4, 
        "cache-10": 4.687465204539761
    }, 
    "3": {
        "cache-09": 4, 
        "cache-10": 4.843709405296387
    }, 
    "4": {
        "cache-09": 4, 
        "cache-10": 4.921831505674701
    }, 
    "5": {
        "cache-09": 4, 
        "cache-10": 4.9608925558638575
    }, 
    "6": {
        "cache-09": 4, 
        "cache-10": 4.980423080958436
    }, 
    "7": {
        "cache-09": 4, 
        "cache-10": 4.990188343505725
    }, 
    "8": {
        "cache-09": 4, 
        "cache-10": 4.99507097477937
    }, 
    "9": {
        "cache-09": 4, 
        "cache-10": 4.997512290416193
    }, 
    "10": {
        "cache-09": 4, 
        "cache-10": 4.998732948234604
    }, 
    "11": {
        "cache-09": 4, 
        "cache-10": 4.99934327714381
    }, 
    "12": {
        "cache-09": 4, 
        "cache-10": 4.999648441598412
    }, 
    "13": {
        "cache-09": 4, 
        "cache-10": 4.999801023825713
    }, 
    "14": {
        "cache-09": 4, 
        "cache-10": 4.999877314939363
    }, 
    "15": {
        "cache-09": 4, 
        "cache-10": 4.999915460496188
    }, 
    "16": {
        "cache-09": 4, 
        "cache-10": 4.999934533274601
    }, 
    "17": {
        "cache-09": 4, 
        "cache-10": 4.999944069663808
    }, 
    "18": {
        "cache-09": 4, 
        "cache-10": 4.999948837858412
    }, 
    "19": {
        "cache-09": 4, 
        "cache-10": 4.902470151705427
    }, 
    "20": {
        "cache-09": 4, 
        "cache-10": 4.6989582239432615
    }, 
    "21": {
        "cache-09": 4, 
        "cache-10": 4.597202260062179
    }, 
    "22": {
        "cache-09": 4, 
        "cache-10": 4.546324278121638
    }, 
    "23": {
        "cache-09": 4, 
        "cache-10": 4.773138942087327
    }, 
    "24": {
        "cache-09": 4, 
        "cache-10": 4.789065203819884
    }, 
    "25": {
        "cache-09": 4, 
        "cache-10": 4.797028334686163
    }, 
    "26": {
        "cache-09": 4, 
        "cache-10": 4.898490970369589
    }, 
    "27": {
        "cache-09": 4, 
        "cache-10": 4.949222288211302
    }, 
    "28": {
        "cache-09": 4, 
        "cache-10": 4.8771068768818715
    }, 
    "29": {
        "cache-09": 4, 
        "cache-10": 4.841049171217157
    }, 
    "30": {
        "cache-09": 4, 
        "cache-10": 4.668247733699127
    }, 
    "31": {
        "cache-09": 4, 
        "cache-10": 4.8341006698760705
    }, 
    "32": {
        "cache-09": 4, 
        "cache-10": 4.917027137964542
    }, 
    "33": {
        "cache-09": 4, 
        "cache-10": 4.861009301758492
    }, 
    "34": {
        "cache-09": 4, 
        "cache-10": 4.833000383655467
    }, 
    "35": {
        "cache-09": 4, 
        "cache-10": 4.664223339918282
    }, 
    "36": {
        "cache-09": 4, 
        "cache-10": 4.832088472985648
    }, 
    "37": {
        "cache-09": 4, 
        "cache-10": 4.818539969269045
    }, 
    "38": {
        "cache-09": 4, 
        "cache-10": 4.8117657174107435
    }, 
    "39": {
        "cache-09": 4, 
        "cache-10": 4.9058596617318795
    }, 
    "40": {
        "cache-09": 4, 
        "cache-10": 4.952906633892447
    }, 
    "41": {
        "cache-09": 4, 
        "cache-10": 4.878949049722444
    }, 
    "42": {
        "cache-09": 4, 
        "cache-10": 4.68719767295177
    }, 
    "43": {
        "cache-09": 4, 
        "cache-10": 4.746094569252106
    }, 
    "44": {
        "cache-09": 4, 
        "cache-10": 4.87302408765256
    }, 
    "45": {
        "cache-09": 4, 
        "cache-10": 4.839007776602501
    }, 
    "46": {
        "cache-09": 4, 
        "cache-10": 4.821999621077472
    }, 
    "47": {
        "cache-09": 4, 
        "cache-10": 4.658722958629284
    }, 
    "48": {
        "cache-09": 4, 
        "cache-10": 4.731857212090864
    }, 
    "49": {
        "cache-09": 4, 
        "cache-10": 4.768424338821653
    }, 
    "50": {
        "cache-09": 4, 
        "cache-10": 4.631935317501375
    }, 
    "51": {
        "cache-09": 4, 
        "cache-10": 4.7184633915269085
    }, 
    "52": {
        "cache-09": 4, 
        "cache-10": 4.859208498789961
    }, 
    "53": {
        "cache-09": 4, 
        "cache-10": 4.832099982171202
    }, 
    "54": {
        "cache-09": 4, 
        "cache-10": 4.663773139176149
    }, 
    "55": {
        "cache-09": 4, 
        "cache-10": 4.579609717678623
    }, 
    "56": {
        "cache-09": 4, 
        "cache-10": 4.537528006929859
    }, 
    "57": {
        "cache-09": 4, 
        "cache-10": 4.671259736241151
    }, 
    "58": {
        "cache-09": 4, 
        "cache-10": 4.583353016211124
    }, 
    "59": {
        "cache-09": 4, 
        "cache-10": 4.53939965619611
    }, 
    "60": {
        "cache-09": 4, 
        "cache-10": 4.517422976188604
    }, 
    "61": {
        "cache-09": 4, 
        "cache-10": 4.661207220870523
    }, 
    "62": {
        "cache-09": 4, 
        "cache-10": 4.57832675852581
    }, 
    "63": {
        "cache-09": 4, 
        "cache-10": 4.536886527353453
    }, 
    "64": {
        "cache-09": 4, 
        "cache-10": 4.516166411767275
    }, 
    "65": {
        "cache-09": 4, 
        "cache-10": 4.758060008910144
    }, 
    "66": {
        "cache-09": 4, 
        "cache-10": 4.6267531525456205
    }, 
    "67": {
        "cache-09": 4, 
        "cache-10": 4.561099724363359
    }, 
    "68": {
        "cache-09": 4, 
        "cache-10": 4.528273010272228
    }, 
    "69": {
        "cache-09": 4, 
        "cache-10": 4.764113308162621
    }, 
    "70": {
        "cache-09": 4, 
        "cache-10": 4.7845523868575315
    }, 
    "71": {
        "cache-09": 4, 
        "cache-10": 4.639999341519314
    }, 
    "72": {
        "cache-09": 4, 
        "cache-10": 4.567722818850205
    }, 
    "73": {
        "cache-09": 4, 
        "cache-10": 4.7838382124516095
    }, 
    "74": {
        "cache-09": 4, 
        "cache-10": 4.794414839002026
    }, 
    "75": {
        "cache-09": 4, 
        "cache-10": 4.644930567591562
    }, 
    "76": {
        "cache-09": 4, 
        "cache-10": 4.570188431886329
    }, 
    "77": {
        "cache-09": 4, 
        "cache-10": 4.532817364033713
    }, 
    "78": {
        "cache-09": 4, 
        "cache-10": 4.766385485043363
    }, 
    "79": {
        "cache-09": 4, 
        "cache-10": 4.63091589061223
    }, 
    "80": {
        "cache-09": 4, 
        "cache-10": 4.563181093396663
    }, 
    "81": {
        "cache-09": 4, 
        "cache-10": 4.684086279474553
    }, 
    "82": {
        "cache-09": 4, 
        "cache-10": 4.842019942763784
    }, 
    "83": {
        "cache-09": 4, 
        "cache-10": 4.823505704158113
    }, 
    "84": {
        "cache-09": 4, 
        "cache-10": 4.6594760001696045
    }, 
    "85": {
        "cache-09": 4, 
        "cache-10": 4.732233732861023
    }, 
    "86": {
        "cache-09": 4, 
        "cache-10": 4.866093669457019
    }, 
    "87": {
        "cache-09": 4, 
        "cache-10": 4.8355425675047305
    }, 
    "88": {
        "cache-09": 4, 
        "cache-10": 4.665494431842914
    }, 
    "89": {
        "cache-09": 4, 
        "cache-10": 4.735242948697678
    }, 
    "90": {
        "cache-09": 4, 
        "cache-10": 4.6153446224393875
    }, 
    "91": {
        "cache-09": 4, 
        "cache-10": 4.710168043995915
    }, 
    "92": {
        "cache-09": 4, 
        "cache-10": 4.757579754774179
    }, 
    "93": {
        "cache-09": 4, 
        "cache-10": 4.7812856101633106
    }, 
    "94": {
        "cache-09": 4, 
        "cache-10": 4.890619608108162
    }, 
    "95": {
        "cache-09": 4, 
        "cache-10": 4.847805536830302
    }, 
    "96": {
        "cache-09": 4, 
        "cache-10": 4.826398501191372
    }, 
    "97": {
        "cache-09": 4,