{
    "0": {
        "cache-13": 4, 
        "cache-14": 3.75
    }, 
    "1": {
        "cache-13": 4, 
        "cache-14": 3.7321376961479262
    }, 
    "2": {
        "cache-13": 4, 
        "cache-14": 3.723206544221889
    }, 
    "3": {
        "cache-13": 4, 
        "cache-14": 3.718740968258871
    }, 
    "4": {
        "cache-13": 4, 
        "cache-14": 3.344243406262173
    }, 
    "5": {
        "cache-13": 4, 
        "cache-14": 3.5292593992790127
    }, 
    "6": {
        "cache-13": 4.030230958761033, 
        "cache-14": 3.5292593992790127
    }, 
    "7": {
        "cache-13": 4.045346438141548, 
        "cache-14": 3.5292593992790127
    }, 
    "8": {
        "cache-13": 3.8798109152187004, 
        "cache-14": 3.5292593992790127
    }, 
    "9": {
        "cache-13": 3.9701364163703827, 
        "cache-14": 3.5292593992790127
    }, 
    "10": {
        "cache-13": 4.015299166946224, 
        "cache-14": 3.5292593992790127
    }, 
    "11": {
        "cache-13": 3.864787279621038, 
        "cache-14": 3.5292593992790127
    }, 
    "12": {
        "cache-13": 3.7895313359584453, 
        "cache-14": 3.5292593992790127
    }, 
    "13": {
        "cache-13": 3.6145115122446976, 
        "cache-14": 3.5292593992790127
    }, 
    "14": {
        "cache-13": 3.664393452270275, 
        "cache-14": 3.5292593992790127
    }, 
    "15": {
        "cache-13": 3.6893344222830637, 
        "cache-14": 3.5292593992790127
    }, 
    "16": {
        "cache-13": 3.701804907289458, 
        "cache-14": 3.5292593992790127
    }, 
    "17": {
        "cache-13": 3.3357753757774664, 
        "cache-14": 3.5292593992790127
    }, 
    "18": {
        "cache-13": 3.3357753757774664, 
        "cache-14": 3.4843755439049815
    }, 
    "19": {
        "cache-13": 3.3357753757774664, 
        "cache-14": 3.227060694085228
    }, 
    "20": {
        "cache-13": 3.5250253840366597, 
        "cache-14": 3.227060694085228
    }, 
    "21": {
        "cache-13": 3.4822585362838048, 
        "cache-14": 3.227060694085228
    }, 
    "22": {
        "cache-13": 3.5982669642898286, 
        "cache-14": 3.227060694085228
    }, 
    "23": {
        "cache-13": 3.5188793264103895, 
        "cache-14": 3.227060694085228
    }, 
    "24": {
        "cache-13": 3.4791855074706697, 
        "cache-14": 3.227060694085228
    }, 
    "25": {
        "cache-13": 3.5967304498832613, 
        "cache-14": 3.227060694085228
    }, 
    "26": {
        "cache-13": 3.5181110692071056, 
        "cache-14": 3.227060694085228
    }, 
    "27": {
        "cache-13": 3.4788013788690275, 
        "cache-14": 3.227060694085228
    }, 
    "28": {
        "cache-13": 3.4591465336999887, 
        "cache-14": 3.227060694085228
    }, 
    "29": {
        "cache-13": 3.4493191111154693, 
        "cache-14": 3.227060694085228
    }, 
    "30": {
        "cache-13": 3.44440539982321, 
        "cache-14": 3.227060694085228
    }, 
    "31": {
        "cache-13": 3.579340396059531, 
        "cache-14": 3.227060694085228
    }, 
    "32": {
        "cache-13": 3.274543120162503, 
        "cache-14": 3.227060694085228
    }, 
    "33": {
        "cache-13": 3.3570174043467267, 
        "cache-14": 3.227060694085228
    }, 
    "34": {
        "cache-13": 3.3982545464388383, 
        "cache-14": 3.227060694085228
    }, 
    "35": {
        "cache-13": 3.184000195352157, 
        "cache-14": 3.227060694085228
    }, 
    "36": {
        "cache-13": 3.184000195352157, 
        "cache-14": 3.333276191308089
    }, 
    "37": {
        "cache-13": 3.184000195352157, 
        "cache-14": 3.5237757918019708
    }, 
    "38": {
        "cache-13": 3.184000195352157, 
        "cache-14": 3.2467608180337226
    }, 
    "39": {
        "cache-13": 3.184000195352157, 
        "cache-14": 3.3431262532823363
    }, 
    "40": {
        "cache-13": 3.184000195352157, 
        "cache-14": 3.391308970906643
    }, 
    "41": {
        "cache-13": 3.184000195352157, 
        "cache-14": 3.4154003297187963
    }, 
    "42": {
        "cache-13": 3.184000195352157, 
        "cache-14": 3.5648378610073244
    }, 
    "43": {
        "cache-13": 3.184000195352157, 
        "cache-14": 3.639556626651588
    }, 
    "44": {
        "cache-13": 3.184000195352157, 
        "cache-14": 3.3046512354585316
    }, 
    "45": {
        "cache-13": 3.184000195352157, 
        "cache-14": 3.1371985398620033
    }, 
    "46": {
        "cache-13": 3.4491377938240046, 
        "cache-14": 3.1371985398620033
    }, 
    "47": {
        "cache-13": 3.444314741177477, 
        "cache-14": 3.1371985398620033
    }, 
    "48": {
        "cache-13": 3.4419032148542135, 
        "cache-14": 3.1371985398620033
    }, 
    "49": {
        "cache-13": 3.4406974516925817, 
        "cache-14": 3.1371985398620033
    }, 
    "50": {
        "cache-13": 3.440094570111766, 
        "cache-14": 3.1371985398620033
    }, 
    "51": {
        "cache-13": 3.439793129321358, 
        "cache-14": 3.1371985398620033
    }, 
    "52": {
        "cache-13": 3.439642408926154, 
        "cache-14": 3.1371985398620033
    }, 
    "53": {
        "cache-13": 3.439567048728552, 
        "cache-14": 3.1371985398620033
    }, 
    "54": {
        "cache-13": 3.2046564464970135, 
        "cache-14": 3.1371985398620033
    }, 
    "55": {
        "cache-13": 3.0872011453812442, 
        "cache-14": 3.1371985398620033
    }, 
    "56": {
        "cache-13": 3.0872011453812442, 
        "cache-14": 3.4257369660789276
    }, 
    "57": {
        "cache-13": 3.0872011453812442, 
        "cache-14": 3.4326143273049388
    }, 
    "58": {
        "cache-13": 3.0872011453812442, 
        "cache-14": 3.201180085785207
    }, 
    "59": {
        "cache-13": 3.0872011453812442, 
        "cache-14": 3.3203358871580786
    }, 
    "60": {
        "cache-13": 3.0872011453812442, 
        "cache-14": 3.3799137878445142
    }, 
    "61": {
        "cache-13": 3.0872011453812442, 
        "cache-14": 3.409702738187732
    }, 
    "62": {
        "cache-13": 3.0872011453812442, 
        "cache-14": 3.424597213359341
    }, 
    "63": {
        "cache-13": 3.0872011453812442, 
        "cache-14": 3.4320444509451455
    }, 
    "64": {
        "cache-13": 3.0872011453812442, 
        "cache-14": 3.4357680697380477
    }, 
    "65": {
        "cache-13": 3.0872011453812442, 
        "cache-14": 3.437629879134499
    }, 
    "66": {
        "cache-13": 3.0872011453812442, 
        "cache-14": 3.5759526357151756
    }, 
    "67": {
        "cache-13": 3.0872011453812442, 
        "cache-14": 3.5077221621230628
    }, 
    "68": {
        "cache-13": 3.0872011453812442, 
        "cache-14": 3.4736069253270063
    }, 
    "69": {
        "cache-13": 3.0872011453812442, 
        "cache-14": 3.2216763847962406
    }, 
    "70": {
        "cache-13": 3.0872011453812442, 
        "cache-14": 3.4679758885460465
    }, 
    "71": {
        "cache-13": 3.0872011453812442, 
        "cache-14": 3.453733788538498
    }, 
    "72": {
        "cache-13": 3.0872011453812442, 
        "cache-14": 3.446612738534724
    }, 
    "73": {
        "cache-13": 3.0872011453812442, 
        "cache-14": 3.443052213532837
    }, 
    "74": {
        "cache-13": 3.0872011453812442, 
        "cache-14": 3.5786638029143445
    }, 
    "75": {
        "cache-13": 3.0872011453812442, 
        "cache-14": 3.6464695976050985
    }, 
    "76": {
        "cache-13": 3.0872011453812442, 
        "cache-14": 3.542980643068024
    }, 
    "77": {
        "cache-13": 3.0872011453812442, 
        "cache-14": 3.491236165799487
    }, 
    "78": {
        "cache-13": 3.0872011453812442, 
        "cache-14": 3.230491005032481
    }, 
    "79": {
        "cache-13": 3.0872011453812442, 
        "cache-14": 3.4723831986641667
    }, 
    "80": {
        "cache-13": 3.0872011453812442, 
        "cache-14": 3.5933292954800096
    }, 
    "81": {
        "cache-13": 3.0872011453812442,