{
    "0": {
        "cache-13": 4.9248075718826705, 
        "cache-14": 3.2314405055
    }, 
    "1": {
        "cache-13": 4.9248075718826705, 
        "cache-14": 3.2314405055
    }, 
    "2": {
        "cache-13": 4.9248075718826705, 
        "cache-14": 3.2314405055
    }, 
    "3": {
        "cache-13": 4.9248075718826705, 
        "cache-14": 3.2314405055
    }, 
    "4": {
        "cache-13": 4.9248075718826705, 
        "cache-14": 3.2314405055
    }, 
    "5": {
        "cache-13": 4.9248075718826705, 
        "cache-14": 3.2314405055
    }, 
    "6": {
        "cache-13": 4.9248075718826705, 
        "cache-14": 3.2314405055
    }, 
    "7": {
        "cache-13": 4.9248075718826705, 
        "cache-14": 3.2314405055
    }, 
    "8": {
        "cache-13": 4.9248075718826705, 
        "cache-14": 3.2314405055
    }, 
    "9": {
        "cache-13": 4.9248075718826705, 
        "cache-14": 3.2314405055
    }, 
    "10": {
        "cache-13": 4.9248075718826705, 
        "cache-14": 3.2314405055
    }, 
    "11": {
        "cache-13": 4.999522707848534, 
        "cache-14": 3.1960810282075003
    }, 
    "12": {
        "cache-13": 4.999522707848534, 
        "cache-14": 3.1960810282075003
    }, 
    "13": {
        "cache-13": 4.999522707848534, 
        "cache-14": 3.1960810282075003
    }, 
    "14": {
        "cache-13": 4.999522707848534, 
        "cache-14": 3.1960810282075003
    }, 
    "15": {
        "cache-13": 4.999522707848534, 
        "cache-14": 3.1960810282075003
    }, 
    "16": {
        "cache-13": 4.999522707848534, 
        "cache-14": 3.1960810282075003
    }, 
    "17": {
        "cache-13": 4.999522707848534, 
        "cache-14": 3.1960810282075003
    }, 
    "18": {
        "cache-13": 4.999522707848534, 
        "cache-14": 3.1960810282075003
    }, 
    "19": {
        "cache-13": 4.999522707848534, 
        "cache-14": 3.1960810282075003
    }, 
    "20": {
        "cache-13": 4.999522707848534, 
        "cache-14": 3.1960810282075003
    }, 
    "21": {
        "cache-13": 4.999667266213432, 
        "cache-14": 3.170576839046546
    }, 
    "22": {
        "cache-13": 4.999667266213432, 
        "cache-14": 3.170576839046546
    }, 
    "23": {
        "cache-13": 4.999667266213432, 
        "cache-14": 3.170576839046546
    }, 
    "24": {
        "cache-13": 4.999667266213432, 
        "cache-14": 3.170576839046546
    }, 
    "25": {
        "cache-13": 4.999667266213432, 
        "cache-14": 3.170576839046546
    }, 
    "26": {
        "cache-13": 4.999667266213432, 
        "cache-14": 3.170576839046546
    }, 
    "27": {
        "cache-13": 4.999667266213432, 
        "cache-14": 3.170576839046546
    }, 
    "28": {
        "cache-13": 4.999667266213432, 
        "cache-14": 3.170576839046546
    }, 
    "29": {
        "cache-13": 4.999667266213432, 
        "cache-14": 3.170576839046546
    }, 
    "30": {
        "cache-13": 4.999667266213432, 
        "cache-14": 3.170576839046546
    }, 
    "31": {
        "cache-13": 4.902358167624072, 
        "cache-14": 3.1795974710335893
    }, 
    "32": {
        "cache-13": 4.902358167624072, 
        "cache-14": 3.1795974710335893
    }, 
    "33": {
        "cache-13": 4.902358167624072, 
        "cache-14": 3.1795974710335893
    }, 
    "34": {
        "cache-13": 4.902358167624072, 
        "cache-14": 3.1795974710335893
    }, 
    "35": {
        "cache-13": 4.902358167624072, 
        "cache-14": 3.1795974710335893
    }, 
    "36": {
        "cache-13": 4.902358167624072, 
        "cache-14": 3.1795974710335893
    }, 
    "37": {
        "cache-13": 4.902358167624072, 
        "cache-14": 3.1795974710335893
    }, 
    "38": {
        "cache-13": 4.902358167624072, 
        "cache-14": 3.1795974710335893
    }, 
    "39": {
        "cache-13": 4.902358167624072, 
        "cache-14": 3.1795974710335893
    }, 
    "40": {
        "cache-13": 4.902358167624072, 
        "cache-14": 3.1795974710335893
    }, 
    "41": {
        "cache-13": 4.853355731675521, 
        "cache-14": 3.19545643069701
    }, 
    "42": {
        "cache-13": 4.853355731675521, 
        "cache-14": 3.19545643069701
    }, 
    "43": {
        "cache-13": 4.853355731675521, 
        "cache-14": 3.19545643069701
    }, 
    "44": {
        "cache-13": 4.853355731675521, 
        "cache-14": 3.19545643069701
    }, 
    "45": {
        "cache-13": 4.853355731675521, 
        "cache-14": 3.19545643069701
    }, 
    "46": {
        "cache-13": 4.853355731675521, 
        "cache-14": 3.19545643069701
    }, 
    "47": {
        "cache-13": 4.853355731675521, 
        "cache-14": 3.19545643069701
    }, 
    "48": {
        "cache-13": 4.853355731675521, 
        "cache-14": 3.19545643069701
    }, 
    "49": {
        "cache-13": 4.853355731675521, 
        "cache-14": 3.19545643069701
    }, 
    "50": {
        "cache-13": 4.853355731675521, 
        "cache-14": 3.19545643069701
    }, 
    "51": {
        "cache-13": 4.91440224638036, 
        "cache-14": 3.2100475387314487
    }, 
    "52": {
        "cache-13": 4.91440224638036, 
        "cache-14": 3.2100475387314487
    }, 
    "53": {
        "cache-13": 4.91440224638036, 
        "cache-14": 3.2100475387314487
    }, 
    "54": {
        "cache-13": 4.91440224638036, 
        "cache-14": 3.2100475387314487
    }, 
    "55": {
        "cache-13": 4.91440224638036, 
        "cache-14": 3.2100475387314487
    }, 
    "56": {
        "cache-13": 4.91440224638036, 
        "cache-14": 3.2100475387314487
    }, 
    "57": {
        "cache-13": 4.91440224638036, 
        "cache-14": 3.2100475387314487
    }, 
    "58": {
        "cache-13": 4.91440224638036, 
        "cache-14": 3.2100475387314487
    }, 
    "59": {
        "cache-13": 4.91440224638036, 
        "cache-14": 3.2100475387314487
    }, 
    "60": {
        "cache-13": 4.91440224638036, 
        "cache-14": 3.2100475387314487
    }, 
    "61": {
        "cache-13": 4.902287557696503, 
        "cache-14": 3.2072938319718793
    }, 
    "62": {
        "cache-13": 4.902287557696503, 
        "cache-14": 3.2072938319718793
    }, 
    "63": {
        "cache-13": 4.902287557696503, 
        "cache-14": 3.2072938319718793
    }, 
    "64": {
        "cache-13": 4.902287557696503, 
        "cache-14": 3.2072938319718793
    }, 
    "65": {
        "cache-13": 4.902287557696503, 
        "cache-14": 3.2072938319718793
    }, 
    "66": {
        "cache-13": 4.902287557696503, 
        "cache-14": 3.2072938319718793
    }, 
    "67": {
        "cache-13": 4.902287557696503, 
        "cache-14": 3.2072938319718793
    }, 
    "68": {
        "cache-13": 4.902287557696503, 
        "cache-14": 3.2072938319718793
    }, 
    "69": {
        "cache-13": 4.902287557696503, 
        "cache-14": 3.2072938319718793
    }, 
    "70": {
        "cache-13": 4.902287557696503, 
        "cache-14": 3.2072938319718793
    }, 
    "71": {
        "cache-13": 4.926495887851555, 
        "cache-14": 3.213851079171471
    }, 
    "72": {
        "cache-13": 4.926495887851555, 
        "cache-14": 3.213851079171471
    }, 
    "73": {
        "cache-13": 4.926495887851555, 
        "cache-14": 3.213851079171471
    }, 
    "74": {
        "cache-13": 4.926495887851555, 
        "cache-14": 3.213851079171471
    }, 
    "75": {
        "cache-13": 4.926495887851555, 
        "cache-14": 3.213851079171471
    }, 
    "76": {
        "cache-13": 4.926495887851555, 
        "cache-14": 3.213851079171471
    }, 
    "77": {
        "cache-13": 4.926495887851555, 
        "cache-14": 3.213851079171471
    }, 
    "78": {
        "cache-13": 4.926495887851555, 
        "cache-14": 3.213851079171471
    }, 
    "79": {
        "cache-13": 4.926495887851555, 
        "cache-14": 3.213851079171471
    }, 
    "80": {
        "cache-13": 4.926495887851555, 
        "cache-14": 3.213851079171471
    }, 
    "81": {
        "cache-13": 4.998212264625481,