{
    "0": {
        "cache-07": 4.998066875667131, 
        "cache-08": 3.785074569044644
    }, 
    "1": {
        "cache-07": 4.998066875667131, 
        "cache-08": 3.785074569044644
    }, 
    "2": {
        "cache-07": 4.998066875667131, 
        "cache-08": 3.785074569044644
    }, 
    "3": {
        "cache-07": 4.998066875667131, 
        "cache-08": 3.785074569044644
    }, 
    "4": {
        "cache-07": 4.998066875667131, 
        "cache-08": 3.785074569044644
    }, 
    "5": {
        "cache-07": 4.998066875667131, 
        "cache-08": 3.785074569044644
    }, 
    "6": {
        "cache-07": 4.998066875667131, 
        "cache-08": 3.785074569044644
    }, 
    "7": {
        "cache-07": 4.998066875667131, 
        "cache-08": 3.785074569044644
    }, 
    "8": {
        "cache-07": 4.998066875667131, 
        "cache-08": 3.785074569044644
    }, 
    "9": {
        "cache-07": 4.998066875667131, 
        "cache-08": 3.785074569044644
    }, 
    "10": {
        "cache-07": 4.998066875667131, 
        "cache-08": 3.785074569044644
    }, 
    "11": {
        "cache-07": 4.212351478415229, 
        "cache-08": 3.9748815628016594
    }, 
    "12": {
        "cache-07": 4.212351478415229, 
        "cache-08": 3.9748815628016594
    }, 
    "13": {
        "cache-07": 4.212351478415229, 
        "cache-08": 3.9748815628016594
    }, 
    "14": {
        "cache-07": 4.212351478415229, 
        "cache-08": 3.9748815628016594
    }, 
    "15": {
        "cache-07": 4.212351478415229, 
        "cache-08": 3.9748815628016594
    }, 
    "16": {
        "cache-07": 4.212351478415229, 
        "cache-08": 3.9748815628016594
    }, 
    "17": {
        "cache-07": 4.212351478415229, 
        "cache-08": 3.9748815628016594
    }, 
    "18": {
        "cache-07": 4.212351478415229, 
        "cache-08": 3.9748815628016594
    }, 
    "19": {
        "cache-07": 4.212351478415229, 
        "cache-08": 3.9748815628016594
    }, 
    "20": {
        "cache-07": 4.212351478415229, 
        "cache-08": 3.9748815628016594
    }, 
    "21": {
        "cache-07": 4.1725703171300905, 
        "cache-08": 3.814662511359537
    }, 
    "22": {
        "cache-07": 4.1725703171300905, 
        "cache-08": 3.814662511359537
    }, 
    "23": {
        "cache-07": 4.1725703171300905, 
        "cache-08": 3.814662511359537
    }, 
    "24": {
        "cache-07": 4.1725703171300905, 
        "cache-08": 3.814662511359537
    }, 
    "25": {
        "cache-07": 4.1725703171300905, 
        "cache-08": 3.814662511359537
    }, 
    "26": {
        "cache-07": 4.1725703171300905, 
        "cache-08": 3.814662511359537
    }, 
    "27": {
        "cache-07": 4.1725703171300905, 
        "cache-08": 3.814662511359537
    }, 
    "28": {
        "cache-07": 4.1725703171300905, 
        "cache-08": 3.814662511359537
    }, 
    "29": {
        "cache-07": 4.1725703171300905, 
        "cache-08": 3.814662511359537
    }, 
    "30": {
        "cache-07": 4.1725703171300905, 
        "cache-08": 3.814662511359537
    }, 
    "31": {
        "cache-07": 4.5753432133467085, 
        "cache-08": 3.8675482888942083
    }, 
    "32": {
        "cache-07": 4.5753432133467085, 
        "cache-08": 3.8675482888942083
    }, 
    "33": {
        "cache-07": 4.5753432133467085, 
        "cache-08": 3.8675482888942083
    }, 
    "34": {
        "cache-07": 4.5753432133467085, 
        "cache-08": 3.8675482888942083
    }, 
    "35": {
        "cache-07": 4.5753432133467085, 
        "cache-08": 3.8675482888942083
    }, 
    "36": {
        "cache-07": 4.5753432133467085, 
        "cache-08": 3.8675482888942083
    }, 
    "37": {
        "cache-07": 4.5753432133467085, 
        "cache-08": 3.8675482888942083
    }, 
    "38": {
        "cache-07": 4.5753432133467085, 
        "cache-08": 3.8675482888942083
    }, 
    "39": {
        "cache-07": 4.5753432133467085, 
        "cache-08": 3.8675482888942083
    }, 
    "40": {
        "cache-07": 4.5753432133467085, 
        "cache-08": 3.8675482888942083
    }, 
    "41": {
        "cache-07": 4.297840820867199, 
        "cache-08": 3.818297853025067
    }, 
    "42": {
        "cache-07": 4.297840820867199, 
        "cache-08": 3.818297853025067
    }, 
    "43": {
        "cache-07": 4.297840820867199, 
        "cache-08": 3.818297853025067
    }, 
    "44": {
        "cache-07": 4.297840820867199, 
        "cache-08": 3.818297853025067
    }, 
    "45": {
        "cache-07": 4.297840820867199, 
        "cache-08": 3.818297853025067
    }, 
    "46": {
        "cache-07": 4.297840820867199, 
        "cache-08": 3.818297853025067
    }, 
    "47": {
        "cache-07": 4.297840820867199, 
        "cache-08": 3.818297853025067
    }, 
    "48": {
        "cache-07": 4.297840820867199, 
        "cache-08": 3.818297853025067
    }, 
    "49": {
        "cache-07": 4.297840820867199, 
        "cache-08": 3.818297853025067
    }, 
    "50": {
        "cache-07": 4.297840820867199, 
        "cache-08": 3.818297853025067
    }, 
    "51": {
        "cache-07": 4.093115956838233, 
        "cache-08": 4.019674841970285
    }, 
    "52": {
        "cache-07": 4.093115956838233, 
        "cache-08": 4.019674841970285
    }, 
    "53": {
        "cache-07": 4.093115956838233, 
        "cache-08": 4.019674841970285
    }, 
    "54": {
        "cache-07": 4.093115956838233, 
        "cache-08": 4.019674841970285
    }, 
    "55": {
        "cache-07": 4.093115956838233, 
        "cache-08": 4.019674841970285
    }, 
    "56": {
        "cache-07": 4.093115956838233, 
        "cache-08": 4.019674841970285
    }, 
    "57": {
        "cache-07": 4.093115956838233, 
        "cache-08": 4.019674841970285
    }, 
    "58": {
        "cache-07": 4.093115956838233, 
        "cache-08": 4.019674841970285
    }, 
    "59": {
        "cache-07": 4.093115956838233, 
        "cache-08": 4.019674841970285
    }, 
    "60": {
        "cache-07": 4.093115956838233, 
        "cache-08": 4.019674841970285
    }, 
    "61": {
        "cache-07": 4.307224308053636, 
        "cache-08": 4.000104123492836
    }, 
    "62": {
        "cache-07": 4.307224308053636, 
        "cache-08": 4.000104123492836
    }, 
    "63": {
        "cache-07": 4.307224308053636, 
        "cache-08": 4.000104123492836
    }, 
    "64": {
        "cache-07": 4.307224308053636, 
        "cache-08": 4.000104123492836
    }, 
    "65": {
        "cache-07": 4.307224308053636, 
        "cache-08": 4.000104123492836
    }, 
    "66": {
        "cache-07": 4.307224308053636, 
        "cache-08": 4.000104123492836
    }, 
    "67": {
        "cache-07": 4.307224308053636, 
        "cache-08": 4.000104123492836
    }, 
    "68": {
        "cache-07": 4.307224308053636, 
        "cache-08": 4.000104123492836
    }, 
    "69": {
        "cache-07": 4.307224308053636, 
        "cache-08": 4.000104123492836
    }, 
    "70": {
        "cache-07": 4.307224308053636, 
        "cache-08": 4.000104123492836
    }, 
    "71": {
        "cache-07": 4.642684014636768, 
        "cache-08": 4.0331700031405555
    }, 
    "72": {
        "cache-07": 4.642684014636768, 
        "cache-08": 4.0331700031405555
    }, 
    "73": {
        "cache-07": 4.642684014636768, 
        "cache-08": 4.0331700031405555
    }, 
    "74": {
        "cache-07": 4.642684014636768, 
        "cache-08": 4.0331700031405555
    }, 
    "75": {
        "cache-07": 4.642684014636768, 
        "cache-08": 4.0331700031405555
    }, 
    "76": {
        "cache-07": 4.642684014636768, 
        "cache-08": 4.0331700031405555
    }, 
    "77": {
        "cache-07": 4.642684014636768, 
        "cache-08": 4.0331700031405555
    }, 
    "78": {
        "cache-07": 4.642684014636768, 
        "cache-08": 4.0331700031405555
    }, 
    "79": {
        "cache-07": 4.642684014636768, 
        "cache-08": 4.0331700031405555
    }, 
    "80": {
        "cache-07": 4.642684014636768, 
        "cache-08": 4.0331700031405555
    },