{
    "0": {
        "cache-11": 4, 
        "cache-12": 3.75
    }, 
    "1": {
        "cache-11": 4, 
        "cache-12": 4.277495732776221
    }, 
    "2": {
        "cache-11": 4, 
        "cache-12": 4.638724669414618
    }, 
    "3": {
        "cache-11": 4, 
        "cache-12": 4.819339137733817
    }, 
    "4": {
        "cache-11": 4, 
        "cache-12": 4.909646371893416
    }, 
    "5": {
        "cache-11": 4, 
        "cache-12": 4.954799988973216
    }, 
    "6": {
        "cache-11": 4, 
        "cache-12": 4.977376797513115
    }, 
    "7": {
        "cache-11": 4, 
        "cache-12": 4.988665201783064
    }, 
    "8": {
        "cache-11": 4, 
        "cache-12": 4.99430940391804
    }, 
    "9": {
        "cache-11": 4, 
        "cache-12": 4.997131504985527
    }, 
    "10": {
        "cache-11": 4, 
        "cache-12": 4.99854255551927
    }, 
    "11": {
        "cache-11": 4, 
        "cache-12": 4.999248080786142
    }, 
    "12": {
        "cache-11": 4, 
        "cache-12": 4.999600843419579
    }, 
    "13": {
        "cache-11": 4, 
        "cache-12": 4.999777224736297
    }, 
    "14": {
        "cache-11": 4, 
        "cache-12": 4.999865415394655
    }, 
    "15": {
        "cache-11": 4, 
        "cache-12": 4.999909510723835
    }, 
    "16": {
        "cache-11": 4, 
        "cache-12": 4.999931558388425
    }, 
    "17": {
        "cache-11": 4, 
        "cache-12": 4.99994258222072
    }, 
    "18": {
        "cache-11": 4, 
        "cache-12": 4.999948094136867
    }, 
    "19": {
        "cache-11": 4, 
        "cache-12": 4.99995085009494
    }, 
    "20": {
        "cache-11": 4, 
        "cache-12": 4.999952228073978
    }, 
    "21": {
        "cache-11": 4, 
        "cache-12": 4.999952917063496
    }, 
    "22": {
        "cache-11": 4, 
        "cache-12": 4.999953261558256
    }, 
    "23": {
        "cache-11": 4, 
        "cache-12": 4.999953433805635
    }, 
    "24": {
        "cache-11": 4, 
        "cache-12": 4.999953519929324
    }, 
    "25": {
        "cache-11": 4, 
        "cache-12": 4.99995356299117
    }, 
    "26": {
        "cache-11": 4, 
        "cache-12": 4.999953584522093
    }, 
    "27": {
        "cache-11": 4, 
        "cache-12": 4.902472525037267
    }, 
    "28": {
        "cache-11": 4, 
        "cache-12": 4.853731995294854
    }, 
    "29": {
        "cache-11": 4, 
        "cache-12": 4.926842800673935
    }, 
    "30": {
        "cache-11": 4, 
        "cache-12": 4.8659171331131885
    }, 
    "31": {
        "cache-11": 4, 
        "cache-12": 4.9329353695831015
    }, 
    "32": {
        "cache-11": 4, 
        "cache-12": 4.966444487818058
    }, 
    "33": {
        "cache-11": 4, 
        "cache-12": 4.983199046935536
    }, 
    "34": {
        "cache-11": 4, 
        "cache-12": 4.89409525624399
    }, 
    "35": {
        "cache-11": 4, 
        "cache-12": 4.849543360898216
    }, 
    "36": {
        "cache-11": 4, 
        "cache-12": 4.924748483475615
    }, 
    "37": {
        "cache-11": 4, 
        "cache-12": 4.962351044764315
    }, 
    "38": {
        "cache-11": 4, 
        "cache-12": 4.8836712551583785
    }, 
    "39": {
        "cache-11": 4, 
        "cache-12": 4.84433136035541
    }, 
    "40": {
        "cache-11": 4, 
        "cache-12": 4.824661412953926
    }, 
    "41": {
        "cache-11": 4, 
        "cache-12": 4.814826439253184
    }, 
    "42": {
        "cache-11": 4, 
        "cache-12": 4.907390022653099
    }, 
    "43": {
        "cache-11": 4, 
        "cache-12": 4.953671814353057
    }, 
    "44": {
        "cache-11": 4, 
        "cache-12": 4.879331639952749
    }, 
    "45": {
        "cache-11": 4, 
        "cache-12": 4.939642623002882
    }, 
    "46": {
        "cache-11": 4, 
        "cache-12": 4.872317044277662
    }, 
    "47": {
        "cache-11": 4, 
        "cache-12": 4.838654254915053
    }, 
    "48": {
        "cache-11": 4, 
        "cache-12": 4.821822860233747
    }, 
    "49": {
        "cache-11": 4, 
        "cache-12": 4.910888233143381
    }, 
    "50": {
        "cache-11": 4, 
        "cache-12": 4.955420919598198
    }, 
    "51": {
        "cache-11": 4, 
        "cache-12": 4.88020619257532
    }, 
    "52": {
        "cache-11": 4, 
        "cache-12": 4.687826244378209
    }, 
    "53": {
        "cache-11": 4, 
        "cache-12": 4.746408854965326
    }, 
    "54": {
        "cache-11": 4, 
        "cache-12": 4.87318123050917
    }, 
    "55": {
        "cache-11": 4, 
        "cache-12": 4.839086348030806
    }, 
    "56": {
        "cache-11": 4, 
        "cache-12": 4.822038906791624
    }, 
    "57": {
        "cache-11": 4, 
        "cache-12": 4.910996256422319
    }, 
    "58": {
        "cache-11": 4, 
        "cache-12": 4.8579938609873805
    }, 
    "59": {
        "cache-11": 4, 
        "cache-12": 4.831492663269911
    }, 
    "60": {
        "cache-11": 4, 
        "cache-12": 4.8182420644111765
    }, 
    "61": {
        "cache-11": 4, 
        "cache-12": 4.909097835232096
    }, 
    "62": {
        "cache-11": 4, 
        "cache-12": 4.954525720642556
    }, 
    "63": {
        "cache-11": 4, 
        "cache-12": 4.977239663347785
    }, 
    "64": {
        "cache-11": 4, 
        "cache-12": 4.891115564450113
    }, 
    "65": {
        "cache-11": 4, 
        "cache-12": 4.693280930315606
    }, 
    "66": {
        "cache-11": 4, 
        "cache-12": 4.749136197934024
    }, 
    "67": {
        "cache-11": 4, 
        "cache-12": 4.777063831743233
    }, 
    "68": {
        "cache-11": 4, 
        "cache-12": 4.791027648647837
    }, 
    "69": {
        "cache-11": 4, 
        "cache-12": 4.79800955710014
    }, 
    "70": {
        "cache-11": 4, 
        "cache-12": 4.8015005113262905
    }, 
    "71": {
        "cache-11": 4, 
        "cache-12": 4.900727058689652
    }, 
    "72": {
        "cache-11": 4, 
        "cache-12": 4.852859262121047
    }, 
    "73": {
        "cache-11": 4, 
        "cache-12": 4.828925363836745
    }, 
    "74": {
        "cache-11": 4, 
        "cache-12": 4.91443948494488
    }, 
    "75": {
        "cache-11": 4, 
        "cache-12": 4.957196545498947
    }, 
    "76": {
        "cache-11": 4, 
        "cache-12": 4.881094005525695
    }, 
    "77": {
        "cache-11": 4, 
        "cache-12": 4.843042735539068
    }, 
    "78": {
        "cache-11": 4, 
        "cache-12": 4.669244515860083
    }, 
    "79": {
        "cache-11": 4, 
        "cache-12": 4.834599060956549
    }, 
    "80": {
        "cache-11": 4, 
        "cache-12": 4.819795263254496
    }, 
    "81": {
        "cache-11": 4, 
        "cache-12": 4.812393364403469
    }, 
    "82": {
        "cache-11": 4, 
        "cache-12": 4.906173485228242
    }, 
    "83": {
        "cache-11": 4, 
        "cache-12": 4.953063545640628
    }, 
    "84": {
        "cache-11": 4, 
        "cache-12": 4.879027505596535
    }, 
    "85": {
        "cache-11": 4, 
        "cache-12": 4.842009485574488
    }, 
    "86": {
        "cache-11": 4, 
        "cache-12": 4.823500475563465
    }, 
    "87": {
        "cache-11": 4, 
        "cache-12": 4.911727040808239
    }, 
    "88": {
        "cache-11": 4, 
        "cache-12": 4.858359253180341
    }, 
    "89": {
        "cache-11": 4, 
        "cache-12": 4.8316753593663915
    }, 
    "90": {
        "cache-11": 4, 
        "cache-12": 4.818333412459417
    }, 
    "91": {
        "cache-11": 4, 
        "cache-12": 4.8116624390059295
    }, 
    "92": {
        "cache-11": 4, 
        "cache-12": 4.905808022529472
    }, 
    "93": {
        "cache-11": 4, 
        "cache-12": 4.855399744040957
    }, 
    "94": {
        "cache-11": 4, 
        "cache-12": 4.927676675046985
    }, 
    "95": {
        "cache-11": 4, 
        "cache-12": 4.96381514055
    }, 
    "96": {
        "cache-11": 4, 
        "cache-12": 4.884403303051221
    }, 
    "97": {
        "cache-11": 4,