{
    "0": {
        "cache-13": 4, 
        "cache-14": 3.75
    }, 
    "1": {
        "cache-13": 4, 
        "cache-14": 3.9052309587610323
    }, 
    "2": {
        "cache-13": 4, 
        "cache-14": 4.200338627471065
    }, 
    "3": {
        "cache-13": 4, 
        "cache-14": 4.347892461826081
    }, 
    "4": {
        "cache-13": 4, 
        "cache-14": 4.576441963689262
    }, 
    "5": {
        "cache-13": 4, 
        "cache-14": 4.788197784871138
    }, 
    "6": {
        "cache-13": 4, 
        "cache-14": 4.894075695462076
    }, 
    "7": {
        "cache-13": 4, 
        "cache-14": 4.947014650757545
    }, 
    "8": {
        "cache-13": 4, 
        "cache-14": 4.97348412840528
    }, 
    "9": {
        "cache-13": 4, 
        "cache-14": 4.889237796978861
    }, 
    "10": {
        "cache-13": 4, 
        "cache-14": 4.944595701515938
    }, 
    "11": {
        "cache-13": 4, 
        "cache-14": 4.972274653784476
    }, 
    "12": {
        "cache-13": 4, 
        "cache-14": 4.986114129918745
    }, 
    "13": {
        "cache-13": 4, 
        "cache-14": 4.993033867985879
    }, 
    "14": {
        "cache-13": 4, 
        "cache-14": 4.996493737019447
    }, 
    "15": {
        "cache-13": 4, 
        "cache-14": 4.900742601285945
    }, 
    "16": {
        "cache-13": 4, 
        "cache-14": 4.698094448733521
    }, 
    "17": {
        "cache-13": 4, 
        "cache-14": 4.379278183127793
    }, 
    "18": {
        "cache-13": 4, 
        "cache-14": 3.9093849358293715
    }, 
    "19": {
        "cache-13": 3.719745844265475, 
        "cache-14": 3.9093849358293715
    }, 
    "20": {
        "cache-13": 3.719745844265475, 
        "cache-14": 3.6744383121801607
    }, 
    "21": {
        "cache-13": 4.004117498272867, 
        "cache-14": 3.6744383121801607
    }, 
    "22": {
        "cache-13": 4.249781897226982, 
        "cache-14": 3.6744383121801607
    }, 
    "23": {
        "cache-13": 4.155121907374523, 
        "cache-14": 3.6744383121801607
    }, 
    "24": {
        "cache-13": 4.107791912448294, 
        "cache-14": 3.6744383121801607
    }, 
    "25": {
        "cache-13": 4.301619104314695, 
        "cache-14": 3.6744383121801607
    }, 
    "26": {
        "cache-13": 4.295054128297478, 
        "cache-14": 3.6744383121801607
    }, 
    "27": {
        "cache-13": 4.177758022909771, 
        "cache-14": 3.6744383121801607
    }, 
    "28": {
        "cache-13": 4.233123587595015, 
        "cache-14": 3.6744383121801607
    }, 
    "29": {
        "cache-13": 4.1467927525585395, 
        "cache-14": 3.6744383121801607
    }, 
    "30": {
        "cache-13": 4.475892109055491, 
        "cache-14": 3.6744383121801607
    }, 
    "31": {
        "cache-13": 4.268177013288778, 
        "cache-14": 3.6744383121801607
    }, 
    "32": {
        "cache-13": 3.991226202792315, 
        "cache-14": 3.6744383121801607
    }, 
    "33": {
        "cache-13": 4.02584406015719, 
        "cache-14": 3.6744383121801607
    }, 
    "34": {
        "cache-13": 4.512898833105102, 
        "cache-14": 3.6744383121801607
    }, 
    "35": {
        "cache-13": 4.286680375313583, 
        "cache-14": 3.6744383121801607
    }, 
    "36": {
        "cache-13": 4.1735711464178245, 
        "cache-14": 3.6744383121801607
    }, 
    "37": {
        "cache-13": 4.117016531969945, 
        "cache-14": 3.6744383121801607
    }, 
    "38": {
        "cache-13": 4.088739224746005, 
        "cache-14": 3.6744383121801607
    }, 
    "39": {
        "cache-13": 4.188614188513133, 
        "cache-14": 3.6744383121801607
    }, 
    "40": {
        "cache-13": 3.951444790404493, 
        "cache-14": 3.6744383121801607
    }, 
    "41": {
        "cache-13": 3.832860091350173, 
        "cache-14": 3.6744383121801607
    }, 
    "42": {
        "cache-13": 4.060674621815217, 
        "cache-14": 3.6744383121801607
    }, 
    "43": {
        "cache-13": 4.060568269668641, 
        "cache-14": 3.6744383121801607
    }, 
    "44": {
        "cache-13": 4.0605150935953525, 
        "cache-14": 3.6744383121801607
    }, 
    "45": {
        "cache-13": 3.8873952429456025, 
        "cache-14": 3.6744383121801607
    }, 
    "46": {
        "cache-13": 3.8008353176207272, 
        "cache-14": 3.6744383121801607
    }, 
    "47": {
        "cache-13": 3.930648617571396, 
        "cache-14": 3.6744383121801607
    }, 
    "48": {
        "cache-13": 3.822462004933624, 
        "cache-14": 3.6744383121801607
    }, 
    "49": {
        "cache-13": 3.768368698614738, 
        "cache-14": 3.6744383121801607
    }, 
    "50": {
        "cache-13": 3.7413220454552953, 
        "cache-14": 3.6744383121801607
    }, 
    "51": {
        "cache-13": 4.2731567555038685, 
        "cache-14": 3.6744383121801607
    }, 
    "52": {
        "cache-13": 4.166809336512967, 
        "cache-14": 3.6744383121801607
    }, 
    "53": {
        "cache-13": 3.9405423644044095, 
        "cache-14": 3.6744383121801607
    }, 
    "54": {
        "cache-13": 4.1145157583423355, 
        "cache-14": 3.6744383121801607
    }, 
    "55": {
        "cache-13": 4.304981027261716, 
        "cache-14": 3.6744383121801607
    }, 
    "56": {
        "cache-13": 4.18272147239189, 
        "cache-14": 3.6744383121801607
    }, 
    "57": {
        "cache-13": 3.948498432343871, 
        "cache-14": 3.6744383121801607
    }, 
    "58": {
        "cache-13": 3.6939950604374108, 
        "cache-14": 3.6744383121801607
    }, 
    "59": {
        "cache-13": 3.7041352263666316, 
        "cache-14": 3.6744383121801607
    }, 
    "60": {
        "cache-13": 3.7092053093312423, 
        "cache-14": 3.6744383121801607
    }, 
    "61": {
        "cache-13": 3.7117403508135474, 
        "cache-14": 3.6744383121801607
    }, 
    "62": {
        "cache-13": 3.7130078715546997, 
        "cache-14": 3.6744383121801607
    }, 
    "63": {
        "cache-13": 3.886734894538382, 
        "cache-14": 3.6744383121801607
    }, 
    "64": {
        "cache-13": 4.087612023409322, 
        "cache-14": 3.6744383121801607
    }, 
    "65": {
        "cache-13": 3.900943707852587, 
        "cache-14": 3.6744383121801607
    }, 
    "66": {
        "cache-13": 3.8076095500742198, 
        "cache-14": 3.6744383121801607
    }, 
    "67": {
        "cache-13": 3.623550619302585, 
        "cache-14": 3.6744383121801607
    }, 
    "68": {
        "cache-13": 3.623550619302585, 
        "cache-14": 4.084942304180629
    }, 
    "69": {
        "cache-13": 3.623550619302585, 
        "cache-14": 4.186715728230444
    }, 
    "70": {
        "cache-13": 3.623550619302585, 
        "cache-14": 4.495853596891443
    }, 
    "71": {
        "cache-13": 3.623550619302585, 
        "cache-14": 4.49564994653627
    }, 
    "72": {
        "cache-13": 3.623550619302585, 
        "cache-14": 4.392069549408266
    }, 
    "73": {
        "cache-13": 3.623550619302585, 
        "cache-14": 4.226265733465166
    }, 
    "74": {
        "cache-13": 3.623550619302585, 
        "cache-14": 4.515628599508804
    }, 
    "75": {
        "cache-13": 3.623550619302585, 
        "cache-14": 4.660310032530623
    }, 
    "76": {
        "cache-13": 3.623550619302585, 
        "cache-14": 4.474399592405442
    }, 
    "77": {
        "cache-13": 3.623550619302585, 
        "cache-14": 4.267430754963753
    }, 
    "78": {
        "cache-13": 3.623550619302585, 
        "cache-14": 3.9908530736298027
    }, 
    "79": {
        "cache-13": 3.623550619302585, 
        "cache-14": 4.025657495575934
    }, 
    "80": {
        "cache-13": 3.623550619302585, 
        "cache-14": 3.869966443935893
    }, 
    "81": {
        "cache-13": 3.623550619302585, 
        "cache-14": 3.792120918115873
    }, 
    "82": {
        "cache-13": 3.623550619302585, 
        "cache-14": 3.6158063033234114
    }, 
    "83": {
        "cache-13": 3.842006268412325, 
        "cache-14": 3.6158063033234114
    },