{
    "0": {
        "cache-07": 4, 
        "cache-08": 3.75
    }, 
    "1": {
        "cache-07": 4, 
        "cache-08": 4.01924457614013
    }, 
    "2": {
        "cache-07": 4, 
        "cache-08": 4.412118020846286
    }, 
    "3": {
        "cache-07": 4, 
        "cache-08": 4.706035813449651
    }, 
    "4": {
        "cache-07": 4, 
        "cache-08": 4.852994709751332
    }, 
    "5": {
        "cache-07": 4, 
        "cache-08": 4.926474157902174
    }, 
    "6": {
        "cache-07": 4, 
        "cache-08": 4.963213881977595
    }, 
    "7": {
        "cache-07": 4, 
        "cache-08": 4.981583744015305
    }, 
    "8": {
        "cache-07": 4, 
        "cache-08": 4.990768675034159
    }, 
    "9": {
        "cache-07": 4, 
        "cache-08": 4.9953611405435865
    }, 
    "10": {
        "cache-07": 4, 
        "cache-08": 4.527911529032826
    }, 
    "11": {
        "cache-07": 4, 
        "cache-08": 4.294186723277445
    }, 
    "12": {
        "cache-07": 4, 
        "cache-08": 4.5495890944149435
    }, 
    "13": {
        "cache-07": 4, 
        "cache-08": 4.522517695298021
    }, 
    "14": {
        "cache-07": 4, 
        "cache-08": 4.40550342378914
    }, 
    "15": {
        "cache-07": 4, 
        "cache-08": 4.346996288034701
    }, 
    "16": {
        "cache-07": 4, 
        "cache-08": 4.421221292107899
    }, 
    "17": {
        "cache-07": 4, 
        "cache-08": 4.35485522219408
    }, 
    "18": {
        "cache-07": 4, 
        "cache-08": 4.207658569858072
    }, 
    "19": {
        "cache-07": 4, 
        "cache-08": 3.9609669810769623
    }, 
    "20": {
        "cache-07": 4.14424457614013, 
        "cache-08": 3.9609669810769623
    }, 
    "21": {
        "cache-07": 4.216366864210196, 
        "cache-08": 3.9609669810769623
    }, 
    "22": {
        "cache-07": 3.965321128253024, 
        "cache-08": 3.9609669810769623
    }, 
    "23": {
        "cache-07": 3.8397982602744385, 
        "cache-08": 3.9609669810769623
    }, 
    "24": {
        "cache-07": 3.8397982602744385, 
        "cache-08": 4.3829792233147025
    }, 
    "25": {
        "cache-07": 3.8397982602744385, 
        "cache-08": 4.4392127597479
    }, 
    "26": {
        "cache-07": 3.8397982602744385, 
        "cache-08": 4.467329527964498
    }, 
    "27": {
        "cache-07": 3.8397982602744385, 
        "cache-08": 4.090802460130176
    }, 
    "28": {
        "cache-07": 3.8397982602744385, 
        "cache-08": 3.902538926213014
    }, 
    "29": {
        "cache-07": 3.8397982602744385, 
        "cache-08": 4.353765195882728
    }, 
    "30": {
        "cache-07": 3.8397982602744385, 
        "cache-08": 4.579378330717585
    }, 
    "31": {
        "cache-07": 3.8397982602744385, 
        "cache-08": 4.319920124119825
    }, 
    "32": {
        "cache-07": 3.8397982602744385, 
        "cache-08": 4.017097758207839
    }, 
    "33": {
        "cache-07": 3.8397982602744385, 
        "cache-08": 4.038779837864952
    }, 
    "34": {
        "cache-07": 3.8397982602744385, 
        "cache-08": 4.163634495072607
    }, 
    "35": {
        "cache-07": 3.8397982602744385, 
        "cache-08": 3.9389549436842297
    }, 
    "36": {
        "cache-07": 3.8397982602744385, 
        "cache-08": 3.826615167990041
    }, 
    "37": {
        "cache-07": 3.9501300888982516, 
        "cache-08": 3.826615167990041
    }, 
    "38": {
        "cache-07": 3.832202740597052, 
        "cache-08": 3.826615167990041
    }, 
    "39": {
        "cache-07": 3.635847214564001, 
        "cache-08": 3.826615167990041
    }, 
    "40": {
        "cache-07": 3.635847214564001, 
        "cache-08": 3.6330534282604954
    }, 
    "41": {
        "cache-07": 3.537669451547475, 
        "cache-08": 3.6330534282604954
    }, 
    "42": {
        "cache-07": 3.537669451547475, 
        "cache-08": 3.9607712902703778
    }, 
    "43": {
        "cache-07": 3.537669451547475, 
        "cache-08": 4.12463022127532
    }, 
    "44": {
        "cache-07": 3.537669451547475, 
        "cache-08": 4.092546069398692
    }, 
    "45": {
        "cache-07": 3.537669451547475, 
        "cache-08": 3.903410730847272
    }, 
    "46": {
        "cache-07": 3.537669451547475, 
        "cache-08": 3.9819363241846686
    }, 
    "47": {
        "cache-07": 3.537669451547475, 
        "cache-08": 4.490944965118842
    }, 
    "48": {
        "cache-07": 3.537669451547475, 
        "cache-08": 4.275703441320453
    }, 
    "49": {
        "cache-07": 3.537669451547475, 
        "cache-08": 4.282096296800357
    }, 
    "50": {
        "cache-07": 3.537669451547475, 
        "cache-08": 4.388771296490727
    }, 
    "51": {
        "cache-07": 3.537669451547475, 
        "cache-08": 4.3386302243854935
    }, 
    "52": {
        "cache-07": 3.537669451547475, 
        "cache-08": 4.026452808340673
    }, 
    "53": {
        "cache-07": 3.537669451547475, 
        "cache-08": 3.870364100318263
    }, 
    "54": {
        "cache-07": 3.537669451547475, 
        "cache-08": 3.792319746307058
    }, 
    "55": {
        "cache-07": 3.537669451547475, 
        "cache-08": 4.396136676180037
    }, 
    "56": {
        "cache-07": 3.537669451547475, 
        "cache-08": 4.055206034237944
    }, 
    "57": {
        "cache-07": 3.537669451547475, 
        "cache-08": 4.430098749895193
    }, 
    "58": {
        "cache-07": 3.537669451547475, 
        "cache-08": 4.359293951087727
    }, 
    "59": {
        "cache-07": 3.537669451547475, 
        "cache-08": 4.209877934304895
    }, 
    "60": {
        "cache-07": 3.537669451547475, 
        "cache-08": 3.962076663300374
    }, 
    "61": {
        "cache-07": 3.537669451547475, 
        "cache-08": 4.011269290411219
    }, 
    "62": {
        "cache-07": 3.537669451547475, 
        "cache-08": 4.035865603966641
    }, 
    "63": {
        "cache-07": 3.537669451547475, 
        "cache-08": 4.420428534759542
    }, 
    "64": {
        "cache-07": 3.537669451547475, 
        "cache-08": 4.457937415470319
    }, 
    "65": {
        "cache-07": 3.537669451547475, 
        "cache-08": 4.259199666496192
    }, 
    "66": {
        "cache-07": 3.537669451547475, 
        "cache-08": 4.159830792009128
    }, 
    "67": {
        "cache-07": 3.537669451547475, 
        "cache-08": 4.482411128780785
    }, 
    "68": {
        "cache-07": 3.537669451547475, 
        "cache-08": 4.271436523151425
    }, 
    "69": {
        "cache-07": 3.537669451547475, 
        "cache-08": 3.9928559577236387
    }, 
    "70": {
        "cache-07": 3.537669451547475, 
        "cache-08": 3.8535656750097456
    }, 
    "71": {
        "cache-07": 3.537669451547475, 
        "cache-08": 3.957013796265905
    }, 
    "72": {
        "cache-07": 3.537669451547475, 
        "cache-08": 4.008737856893985
    }, 
    "73": {
        "cache-07": 3.537669451547475, 
        "cache-08": 4.034599887208024
    }, 
    "74": {
        "cache-07": 3.537669451547475, 
        "cache-08": 4.047530902365045
    }, 
    "75": {
        "cache-07": 3.537669451547475, 
        "cache-08": 4.168010027322653
    }, 
    "76": {
        "cache-07": 3.537669451547475, 
        "cache-08": 4.486500746437548
    }, 
    "77": {
        "cache-07": 3.537669451547475, 
        "cache-08": 4.273481331979806
    }, 
    "78": {
        "cache-07": 3.537669451547475, 
        "cache-08": 3.993878362137829
    }, 
    "79": {
        "cache-07": 3.537669451547475, 
        "cache-08": 3.8540768772168406
    }, 
    "80": {
        "cache-07": 3.537669451547475, 
        "cache-08": 3.9572693973694526
    }, 
    "81": {
        "cache-07": 3.537669451547475, 
        "cache-08": 4.008865657445758
    }, 
    "82": {
        "cache-07": 3.537669451547475, 
        "cache-08": 3.8615705248708054
    }, 
    "83": {
        "cache-07": 3.537669451547475, 
        "cache-08": 3.787922958583329
    }, 
    "84": {
        "cache-07": 3.537669451547475,