{
    "0": {
        "cache-12": 3.550620846190153, 
        "cache-14": 4.875756424336217
    }, 
    "1": {
        "cache-12": 3.550620846190153, 
        "cache-14": 4.875756424336217
    }, 
    "2": {
        "cache-12": 3.550620846190153, 
        "cache-14": 4.875756424336217
    }, 
    "3": {
        "cache-12": 3.550620846190153, 
        "cache-14": 4.875756424336217
    }, 
    "4": {
        "cache-12": 3.550620846190153, 
        "cache-14": 4.875756424336217
    }, 
    "5": {
        "cache-12": 3.550620846190153, 
        "cache-14": 4.875756424336217
    }, 
    "6": {
        "cache-12": 3.550620846190153, 
        "cache-14": 4.875756424336217
    }, 
    "7": {
        "cache-12": 3.550620846190153, 
        "cache-14": 4.875756424336217
    }, 
    "8": {
        "cache-12": 3.550620846190153, 
        "cache-14": 4.875756424336217
    }, 
    "9": {
        "cache-12": 3.550620846190153, 
        "cache-14": 4.875756424336217
    }, 
    "10": {
        "cache-12": 3.550620846190153, 
        "cache-14": 4.875756424336217
    }, 
    "11": {
        "cache-12": 3.5506208461900384, 
        "cache-14": 4.032214815323766
    }, 
    "12": {
        "cache-12": 3.5506208461900384, 
        "cache-14": 4.032214815323766
    }, 
    "13": {
        "cache-12": 3.5506208461900384, 
        "cache-14": 4.032214815323766
    }, 
    "14": {
        "cache-12": 3.5506208461900384, 
        "cache-14": 4.032214815323766
    }, 
    "15": {
        "cache-12": 3.5506208461900384, 
        "cache-14": 4.032214815323766
    }, 
    "16": {
        "cache-12": 3.5506208461900384, 
        "cache-14": 4.032214815323766
    }, 
    "17": {
        "cache-12": 3.5506208461900384, 
        "cache-14": 4.032214815323766
    }, 
    "18": {
        "cache-12": 3.5506208461900384, 
        "cache-14": 4.032214815323766
    }, 
    "19": {
        "cache-12": 3.5506208461900384, 
        "cache-14": 4.032214815323766
    }, 
    "20": {
        "cache-12": 3.5506208461900384, 
        "cache-14": 4.032214815323766
    }, 
    "21": {
        "cache-12": 3.7013081275600004, 
        "cache-14": 4.8296737739785485
    }, 
    "22": {
        "cache-12": 3.7013081275600004, 
        "cache-14": 4.8296737739785485
    }, 
    "23": {
        "cache-12": 3.7013081275600004, 
        "cache-14": 4.8296737739785485
    }, 
    "24": {
        "cache-12": 3.7013081275600004, 
        "cache-14": 4.8296737739785485
    }, 
    "25": {
        "cache-12": 3.7013081275600004, 
        "cache-14": 4.8296737739785485
    }, 
    "26": {
        "cache-12": 3.7013081275600004, 
        "cache-14": 4.8296737739785485
    }, 
    "27": {
        "cache-12": 3.7013081275600004, 
        "cache-14": 4.8296737739785485
    }, 
    "28": {
        "cache-12": 3.7013081275600004, 
        "cache-14": 4.8296737739785485
    }, 
    "29": {
        "cache-12": 3.7013081275600004, 
        "cache-14": 4.8296737739785485
    }, 
    "30": {
        "cache-12": 3.7013081275600004, 
        "cache-14": 4.8296737739785485
    }, 
    "31": {
        "cache-12": 3.8586135335341014, 
        "cache-14": 4.812201540264252
    }, 
    "32": {
        "cache-12": 3.8586135335341014, 
        "cache-14": 4.812201540264252
    }, 
    "33": {
        "cache-12": 3.8586135335341014, 
        "cache-14": 4.812201540264252
    }, 
    "34": {
        "cache-12": 3.8586135335341014, 
        "cache-14": 4.812201540264252
    }, 
    "35": {
        "cache-12": 3.8586135335341014, 
        "cache-14": 4.812201540264252
    }, 
    "36": {
        "cache-12": 3.8586135335341014, 
        "cache-14": 4.812201540264252
    }, 
    "37": {
        "cache-12": 3.8586135335341014, 
        "cache-14": 4.812201540264252
    }, 
    "38": {
        "cache-12": 3.8586135335341014, 
        "cache-14": 4.812201540264252
    }, 
    "39": {
        "cache-12": 3.8586135335341014, 
        "cache-14": 4.812201540264252
    }, 
    "40": {
        "cache-12": 3.8586135335341014, 
        "cache-14": 4.812201540264252
    }, 
    "41": {
        "cache-12": 3.981740526669508, 
        "cache-14": 4.530280598046344
    }, 
    "42": {
        "cache-12": 3.981740526669508, 
        "cache-14": 4.530280598046344
    }, 
    "43": {
        "cache-12": 3.981740526669508, 
        "cache-14": 4.530280598046344
    }, 
    "44": {
        "cache-12": 3.981740526669508, 
        "cache-14": 4.530280598046344
    }, 
    "45": {
        "cache-12": 3.981740526669508, 
        "cache-14": 4.530280598046344
    }, 
    "46": {
        "cache-12": 3.981740526669508, 
        "cache-14": 4.530280598046344
    }, 
    "47": {
        "cache-12": 3.981740526669508, 
        "cache-14": 4.530280598046344
    }, 
    "48": {
        "cache-12": 3.981740526669508, 
        "cache-14": 4.530280598046344
    }, 
    "49": {
        "cache-12": 3.981740526669508, 
        "cache-14": 4.530280598046344
    }, 
    "50": {
        "cache-12": 3.981740526669508, 
        "cache-14": 4.530280598046344
    }, 
    "51": {
        "cache-12": 4.049040437453826, 
        "cache-14": 4.705098999165806
    }, 
    "52": {
        "cache-12": 4.049040437453826, 
        "cache-14": 4.705098999165806
    }, 
    "53": {
        "cache-12": 4.049040437453826, 
        "cache-14": 4.705098999165806
    }, 
    "54": {
        "cache-12": 4.049040437453826, 
        "cache-14": 4.705098999165806
    }, 
    "55": {
        "cache-12": 4.049040437453826, 
        "cache-14": 4.705098999165806
    }, 
    "56": {
        "cache-12": 4.049040437453826, 
        "cache-14": 4.705098999165806
    }, 
    "57": {
        "cache-12": 4.049040437453826, 
        "cache-14": 4.705098999165806
    }, 
    "58": {
        "cache-12": 4.049040437453826, 
        "cache-14": 4.705098999165806
    }, 
    "59": {
        "cache-12": 4.049040437453826, 
        "cache-14": 4.705098999165806
    }, 
    "60": {
        "cache-12": 4.049040437453826, 
        "cache-14": 4.705098999165806
    }, 
    "61": {
        "cache-12": 4.110392879379781, 
        "cache-14": 4.766675571098056
    }, 
    "62": {
        "cache-12": 4.110392879379781, 
        "cache-14": 4.766675571098056
    }, 
    "63": {
        "cache-12": 4.110392879379781, 
        "cache-14": 4.766675571098056
    }, 
    "64": {
        "cache-12": 4.110392879379781, 
        "cache-14": 4.766675571098056
    }, 
    "65": {
        "cache-12": 4.110392879379781, 
        "cache-14": 4.766675571098056
    }, 
    "66": {
        "cache-12": 4.110392879379781, 
        "cache-14": 4.766675571098056
    }, 
    "67": {
        "cache-12": 4.110392879379781, 
        "cache-14": 4.766675571098056
    }, 
    "68": {
        "cache-12": 4.110392879379781, 
        "cache-14": 4.766675571098056
    }, 
    "69": {
        "cache-12": 4.110392879379781, 
        "cache-14": 4.766675571098056
    }, 
    "70": {
        "cache-12": 4.110392879379781, 
        "cache-14": 4.766675571098056
    }, 
    "71": {
        "cache-12": 4.158779951734061, 
        "cache-14": 4.371853603617462
    }, 
    "72": {
        "cache-12": 4.158779951734061, 
        "cache-14": 4.371853603617462
    }, 
    "73": {
        "cache-12": 4.158779951734061, 
        "cache-14": 4.371853603617462
    }, 
    "74": {
        "cache-12": 4.158779951734061, 
        "cache-14": 4.371853603617462
    }, 
    "75": {
        "cache-12": 4.158779951734061, 
        "cache-14": 4.371853603617462
    }, 
    "76": {
        "cache-12": 4.158779951734061, 
        "cache-14": 4.371853603617462
    }, 
    "77": {
        "cache-12": 4.158779951734061, 
        "cache-14": 4.371853603617462
    }, 
    "78": {
        "cache-12": 4.158779951734061, 
        "cache-14": 4.371853603617462
    }, 
    "79": {
        "cache-12": 4.158779951734061, 
        "cache-14": 4.371853603617462
    }, 
    "80": {
        "cache-12": 4.158779951734061, 
        "cache-14": 4.371853603617462
    },