{
    "0": {
        "cache-07": 2.7190467768568296, 
        "cache-08": 3.8409117091454075
    }, 
    "1": {
        "cache-07": 2.7190467768568296, 
        "cache-08": 3.8409117091454075
    }, 
    "2": {
        "cache-07": 2.7190467768568296, 
        "cache-08": 3.8409117091454075
    }, 
    "3": {
        "cache-07": 2.7190467768568296, 
        "cache-08": 3.8409117091454075
    }, 
    "4": {
        "cache-07": 2.7190467768568296, 
        "cache-08": 3.8409117091454075
    }, 
    "5": {
        "cache-07": 2.7190467768568296, 
        "cache-08": 3.8409117091454075
    }, 
    "6": {
        "cache-07": 2.7190467768568296, 
        "cache-08": 3.8409117091454075
    }, 
    "7": {
        "cache-07": 2.7190467768568296, 
        "cache-08": 3.8409117091454075
    }, 
    "8": {
        "cache-07": 2.7190467768568296, 
        "cache-08": 3.8409117091454075
    }, 
    "9": {
        "cache-07": 2.7190467768568296, 
        "cache-08": 3.8409117091454075
    }, 
    "10": {
        "cache-07": 2.7190467768568296, 
        "cache-08": 3.8409117091454075
    }, 
    "11": {
        "cache-07": 2.75857462604899, 
        "cache-08": 3.7419454148167937
    }, 
    "12": {
        "cache-07": 2.75857462604899, 
        "cache-08": 3.7419454148167937
    }, 
    "13": {
        "cache-07": 2.75857462604899, 
        "cache-08": 3.7419454148167937
    }, 
    "14": {
        "cache-07": 2.75857462604899, 
        "cache-08": 3.7419454148167937
    }, 
    "15": {
        "cache-07": 2.75857462604899, 
        "cache-08": 3.7419454148167937
    }, 
    "16": {
        "cache-07": 2.75857462604899, 
        "cache-08": 3.7419454148167937
    }, 
    "17": {
        "cache-07": 2.75857462604899, 
        "cache-08": 3.7419454148167937
    }, 
    "18": {
        "cache-07": 2.75857462604899, 
        "cache-08": 3.7419454148167937
    }, 
    "19": {
        "cache-07": 2.75857462604899, 
        "cache-08": 3.7419454148167937
    }, 
    "20": {
        "cache-07": 2.75857462604899, 
        "cache-08": 3.7419454148167937
    }, 
    "21": {
        "cache-07": 2.77437140420907, 
        "cache-08": 4.284654847985146
    }, 
    "22": {
        "cache-07": 2.77437140420907, 
        "cache-08": 4.284654847985146
    }, 
    "23": {
        "cache-07": 2.77437140420907, 
        "cache-08": 4.284654847985146
    }, 
    "24": {
        "cache-07": 2.77437140420907, 
        "cache-08": 4.284654847985146
    }, 
    "25": {
        "cache-07": 2.77437140420907, 
        "cache-08": 4.284654847985146
    }, 
    "26": {
        "cache-07": 2.77437140420907, 
        "cache-08": 4.284654847985146
    }, 
    "27": {
        "cache-07": 2.77437140420907, 
        "cache-08": 4.284654847985146
    }, 
    "28": {
        "cache-07": 2.77437140420907, 
        "cache-08": 4.284654847985146
    }, 
    "29": {
        "cache-07": 2.77437140420907, 
        "cache-08": 4.284654847985146
    }, 
    "30": {
        "cache-07": 2.77437140420907, 
        "cache-08": 4.284654847985146
    }, 
    "31": {
        "cache-07": 2.7774798745061493, 
        "cache-08": 3.9158117190936337
    }, 
    "32": {
        "cache-07": 2.7774798745061493, 
        "cache-08": 3.9158117190936337
    }, 
    "33": {
        "cache-07": 2.7774798745061493, 
        "cache-08": 3.9158117190936337
    }, 
    "34": {
        "cache-07": 2.7774798745061493, 
        "cache-08": 3.9158117190936337
    }, 
    "35": {
        "cache-07": 2.7774798745061493, 
        "cache-08": 3.9158117190936337
    }, 
    "36": {
        "cache-07": 2.7774798745061493, 
        "cache-08": 3.9158117190936337
    }, 
    "37": {
        "cache-07": 2.7774798745061493, 
        "cache-08": 3.9158117190936337
    }, 
    "38": {
        "cache-07": 2.7774798745061493, 
        "cache-08": 3.9158117190936337
    }, 
    "39": {
        "cache-07": 2.7774798745061493, 
        "cache-08": 3.9158117190936337
    }, 
    "40": {
        "cache-07": 2.7774798745061493, 
        "cache-08": 3.9158117190936337
    }, 
    "41": {
        "cache-07": 2.7658819685288236, 
        "cache-08": 4.3335980106656
    }, 
    "42": {
        "cache-07": 2.7658819685288236, 
        "cache-08": 4.3335980106656
    }, 
    "43": {
        "cache-07": 2.7658819685288236, 
        "cache-08": 4.3335980106656
    }, 
    "44": {
        "cache-07": 2.7658819685288236, 
        "cache-08": 4.3335980106656
    }, 
    "45": {
        "cache-07": 2.7658819685288236, 
        "cache-08": 4.3335980106656
    }, 
    "46": {
        "cache-07": 2.7658819685288236, 
        "cache-08": 4.3335980106656
    }, 
    "47": {
        "cache-07": 2.7658819685288236, 
        "cache-08": 4.3335980106656
    }, 
    "48": {
        "cache-07": 2.7658819685288236, 
        "cache-08": 4.3335980106656
    }, 
    "49": {
        "cache-07": 2.7658819685288236, 
        "cache-08": 4.3335980106656
    }, 
    "50": {
        "cache-07": 2.7658819685288236, 
        "cache-08": 4.3335980106656
    }, 
    "51": {
        "cache-07": 2.7707207419655973, 
        "cache-08": 4.08038708364548
    }, 
    "52": {
        "cache-07": 2.7707207419655973, 
        "cache-08": 4.08038708364548
    }, 
    "53": {
        "cache-07": 2.7707207419655973, 
        "cache-08": 4.08038708364548
    }, 
    "54": {
        "cache-07": 2.7707207419655973, 
        "cache-08": 4.08038708364548
    }, 
    "55": {
        "cache-07": 2.7707207419655973, 
        "cache-08": 4.08038708364548
    }, 
    "56": {
        "cache-07": 2.7707207419655973, 
        "cache-08": 4.08038708364548
    }, 
    "57": {
        "cache-07": 2.7707207419655973, 
        "cache-08": 4.08038708364548
    }, 
    "58": {
        "cache-07": 2.7707207419655973, 
        "cache-08": 4.08038708364548
    }, 
    "59": {
        "cache-07": 2.7707207419655973, 
        "cache-08": 4.08038708364548
    }, 
    "60": {
        "cache-07": 2.7707207419655973, 
        "cache-08": 4.08038708364548
    }, 
    "61": {
        "cache-07": 2.6857286565627874, 
        "cache-08": 3.7724217033765943
    }, 
    "62": {
        "cache-07": 2.6857286565627874, 
        "cache-08": 3.7724217033765943
    }, 
    "63": {
        "cache-07": 2.6857286565627874, 
        "cache-08": 3.7724217033765943
    }, 
    "64": {
        "cache-07": 2.6857286565627874, 
        "cache-08": 3.7724217033765943
    }, 
    "65": {
        "cache-07": 2.6857286565627874, 
        "cache-08": 3.7724217033765943
    }, 
    "66": {
        "cache-07": 2.6857286565627874, 
        "cache-08": 3.7724217033765943
    }, 
    "67": {
        "cache-07": 2.6857286565627874, 
        "cache-08": 3.7724217033765943
    }, 
    "68": {
        "cache-07": 2.6857286565627874, 
        "cache-08": 3.7724217033765943
    }, 
    "69": {
        "cache-07": 2.6857286565627874, 
        "cache-08": 3.7724217033765943
    }, 
    "70": {
        "cache-07": 2.6857286565627874, 
        "cache-08": 3.7724217033765943
    }, 
    "71": {
        "cache-07": 2.7010850995530387, 
        "cache-08": 3.7150821027832075
    }, 
    "72": {
        "cache-07": 2.7010850995530387, 
        "cache-08": 3.7150821027832075
    }, 
    "73": {
        "cache-07": 2.7010850995530387, 
        "cache-08": 3.7150821027832075
    }, 
    "74": {
        "cache-07": 2.7010850995530387, 
        "cache-08": 3.7150821027832075
    }, 
    "75": {
        "cache-07": 2.7010850995530387, 
        "cache-08": 3.7150821027832075
    }, 
    "76": {
        "cache-07": 2.7010850995530387, 
        "cache-08": 3.7150821027832075
    }, 
    "77": {
        "cache-07": 2.7010850995530387, 
        "cache-08": 3.7150821027832075
    }, 
    "78": {
        "cache-07": 2.7010850995530387, 
        "cache-08": 3.7150821027832075
    }, 
    "79": {
        "cache-07": 2.7010850995530387, 
        "cache-08": 3.7150821027832075
    }, 
    "80": {
        "cache-07": 2.7010850995530387, 
        "cache-08": 3.7150821027832075
    },