{
    "0": {
        "cache-13": 2.5471641494680153, 
        "cache-15": 3.235010510756551
    }, 
    "1": {
        "cache-13": 2.5471641494680153, 
        "cache-15": 3.235010510756551
    }, 
    "2": {
        "cache-13": 2.5471641494680153, 
        "cache-15": 3.235010510756551
    }, 
    "3": {
        "cache-13": 2.5471641494680153, 
        "cache-15": 3.235010510756551
    }, 
    "4": {
        "cache-13": 2.5471641494680153, 
        "cache-15": 3.235010510756551
    }, 
    "5": {
        "cache-13": 2.5471641494680153, 
        "cache-15": 3.235010510756551
    }, 
    "6": {
        "cache-13": 2.5471641494680153, 
        "cache-15": 3.235010510756551
    }, 
    "7": {
        "cache-13": 2.5471641494680153, 
        "cache-15": 3.235010510756551
    }, 
    "8": {
        "cache-13": 2.5471641494680153, 
        "cache-15": 3.235010510756551
    }, 
    "9": {
        "cache-13": 2.5471641494680153, 
        "cache-15": 3.235010510756551
    }, 
    "10": {
        "cache-13": 2.5471641494680153, 
        "cache-15": 3.235010510756551
    }, 
    "11": {
        "cache-13": 2.868464073071042, 
        "cache-15": 2.6954953241926995
    }, 
    "12": {
        "cache-13": 2.868464073071042, 
        "cache-15": 2.6954953241926995
    }, 
    "13": {
        "cache-13": 2.868464073071042, 
        "cache-15": 2.6954953241926995
    }, 
    "14": {
        "cache-13": 2.868464073071042, 
        "cache-15": 2.6954953241926995
    }, 
    "15": {
        "cache-13": 2.868464073071042, 
        "cache-15": 2.6954953241926995
    }, 
    "16": {
        "cache-13": 2.868464073071042, 
        "cache-15": 2.6954953241926995
    }, 
    "17": {
        "cache-13": 2.868464073071042, 
        "cache-15": 2.6954953241926995
    }, 
    "18": {
        "cache-13": 2.868464073071042, 
        "cache-15": 2.6954953241926995
    }, 
    "19": {
        "cache-13": 2.868464073071042, 
        "cache-15": 2.6954953241926995
    }, 
    "20": {
        "cache-13": 2.868464073071042, 
        "cache-15": 2.6954953241926995
    }, 
    "21": {
        "cache-13": 2.516484790545703, 
        "cache-15": 1.9841311600251523
    }, 
    "22": {
        "cache-13": 2.516484790545703, 
        "cache-15": 1.9841311600251523
    }, 
    "23": {
        "cache-13": 2.516484790545703, 
        "cache-15": 1.9841311600251523
    }, 
    "24": {
        "cache-13": 2.516484790545703, 
        "cache-15": 1.9841311600251523
    }, 
    "25": {
        "cache-13": 2.516484790545703, 
        "cache-15": 1.9841311600251523
    }, 
    "26": {
        "cache-13": 2.516484790545703, 
        "cache-15": 1.9841311600251523
    }, 
    "27": {
        "cache-13": 2.516484790545703, 
        "cache-15": 1.9841311600251523
    }, 
    "28": {
        "cache-13": 2.516484790545703, 
        "cache-15": 1.9841311600251523
    }, 
    "29": {
        "cache-13": 2.516484790545703, 
        "cache-15": 1.9841311600251523
    }, 
    "30": {
        "cache-13": 2.516484790545703, 
        "cache-15": 1.9841311600251523
    }, 
    "31": {
        "cache-13": 2.671964662350387, 
        "cache-15": 2.649071579769055
    }, 
    "32": {
        "cache-13": 2.671964662350387, 
        "cache-15": 2.649071579769055
    }, 
    "33": {
        "cache-13": 2.671964662350387, 
        "cache-15": 2.649071579769055
    }, 
    "34": {
        "cache-13": 2.671964662350387, 
        "cache-15": 2.649071579769055
    }, 
    "35": {
        "cache-13": 2.671964662350387, 
        "cache-15": 2.649071579769055
    }, 
    "36": {
        "cache-13": 2.671964662350387, 
        "cache-15": 2.649071579769055
    }, 
    "37": {
        "cache-13": 2.671964662350387, 
        "cache-15": 2.649071579769055
    }, 
    "38": {
        "cache-13": 2.671964662350387, 
        "cache-15": 2.649071579769055
    }, 
    "39": {
        "cache-13": 2.671964662350387, 
        "cache-15": 2.649071579769055
    }, 
    "40": {
        "cache-13": 2.671964662350387, 
        "cache-15": 2.649071579769055
    }, 
    "41": {
        "cache-13": 2.1772028019682628, 
        "cache-15": 1.9902505336477978
    }, 
    "42": {
        "cache-13": 2.1772028019682628, 
        "cache-15": 1.9902505336477978
    }, 
    "43": {
        "cache-13": 2.1772028019682628, 
        "cache-15": 1.9902505336477978
    }, 
    "44": {
        "cache-13": 2.1772028019682628, 
        "cache-15": 1.9902505336477978
    }, 
    "45": {
        "cache-13": 2.1772028019682628, 
        "cache-15": 1.9902505336477978
    }, 
    "46": {
        "cache-13": 2.1772028019682628, 
        "cache-15": 1.9902505336477978
    }, 
    "47": {
        "cache-13": 2.1772028019682628, 
        "cache-15": 1.9902505336477978
    }, 
    "48": {
        "cache-13": 2.1772028019682628, 
        "cache-15": 1.9902505336477978
    }, 
    "49": {
        "cache-13": 2.1772028019682628, 
        "cache-15": 1.9902505336477978
    }, 
    "50": {
        "cache-13": 2.1772028019682628, 
        "cache-15": 1.9902505336477978
    }, 
    "51": {
        "cache-13": 2.4815332337935136, 
        "cache-15": 2.500012716147761
    }, 
    "52": {
        "cache-13": 2.4815332337935136, 
        "cache-15": 2.500012716147761
    }, 
    "53": {
        "cache-13": 2.4815332337935136, 
        "cache-15": 2.500012716147761
    }, 
    "54": {
        "cache-13": 2.4815332337935136, 
        "cache-15": 2.500012716147761
    }, 
    "55": {
        "cache-13": 2.4815332337935136, 
        "cache-15": 2.500012716147761
    }, 
    "56": {
        "cache-13": 2.4815332337935136, 
        "cache-15": 2.500012716147761
    }, 
    "57": {
        "cache-13": 2.4815332337935136, 
        "cache-15": 2.500012716147761
    }, 
    "58": {
        "cache-13": 2.4815332337935136, 
        "cache-15": 2.500012716147761
    }, 
    "59": {
        "cache-13": 2.4815332337935136, 
        "cache-15": 2.500012716147761
    }, 
    "60": {
        "cache-13": 2.4815332337935136, 
        "cache-15": 2.500012716147761
    }, 
    "61": {
        "cache-13": 2.6936234308947773, 
        "cache-15": 2.67292938816804
    }, 
    "62": {
        "cache-13": 2.6936234308947773, 
        "cache-15": 2.67292938816804
    }, 
    "63": {
        "cache-13": 2.6936234308947773, 
        "cache-15": 2.67292938816804
    }, 
    "64": {
        "cache-13": 2.6936234308947773, 
        "cache-15": 2.67292938816804
    }, 
    "65": {
        "cache-13": 2.6936234308947773, 
        "cache-15": 2.67292938816804
    }, 
    "66": {
        "cache-13": 2.6936234308947773, 
        "cache-15": 2.67292938816804
    }, 
    "67": {
        "cache-13": 2.6936234308947773, 
        "cache-15": 2.67292938816804
    }, 
    "68": {
        "cache-13": 2.6936234308947773, 
        "cache-15": 2.67292938816804
    }, 
    "69": {
        "cache-13": 2.6936234308947773, 
        "cache-15": 2.67292938816804
    }, 
    "70": {
        "cache-13": 2.6936234308947773, 
        "cache-15": 2.67292938816804
    }, 
    "71": {
        "cache-13": 1.7201922628041717, 
        "cache-15": 2.558859348052416
    }, 
    "72": {
        "cache-13": 1.7201922628041717, 
        "cache-15": 2.558859348052416
    }, 
    "73": {
        "cache-13": 1.7201922628041717, 
        "cache-15": 2.558859348052416
    }, 
    "74": {
        "cache-13": 1.7201922628041717, 
        "cache-15": 2.558859348052416
    }, 
    "75": {
        "cache-13": 1.7201922628041717, 
        "cache-15": 2.558859348052416
    }, 
    "76": {
        "cache-13": 1.7201922628041717, 
        "cache-15": 2.558859348052416
    }, 
    "77": {
        "cache-13": 1.7201922628041717, 
        "cache-15": 2.558859348052416
    }, 
    "78": {
        "cache-13": 1.7201922628041717, 
        "cache-15": 2.558859348052416
    }, 
    "79": {
        "cache-13": 1.7201922628041717, 
        "cache-15": 2.558859348052416
    }, 
    "80": {
        "cache-13": 1.7201922628041717, 
        "cache-15": 2.558859348052416
    },