{
    "0": {
        "cache-11": 4.7275211198633045, 
        "cache-12": 1.55222283644
    }, 
    "1": {
        "cache-11": 4.7275211198633045, 
        "cache-12": 1.55222283644
    }, 
    "2": {
        "cache-11": 4.7275211198633045, 
        "cache-12": 1.55222283644
    }, 
    "3": {
        "cache-11": 4.7275211198633045, 
        "cache-12": 1.55222283644
    }, 
    "4": {
        "cache-11": 4.7275211198633045, 
        "cache-12": 1.55222283644
    }, 
    "5": {
        "cache-11": 4.7275211198633045, 
        "cache-12": 1.55222283644
    }, 
    "6": {
        "cache-11": 4.7275211198633045, 
        "cache-12": 1.55222283644
    }, 
    "7": {
        "cache-11": 4.7275211198633045, 
        "cache-12": 1.55222283644
    }, 
    "8": {
        "cache-11": 4.7275211198633045, 
        "cache-12": 1.55222283644
    }, 
    "9": {
        "cache-11": 4.7275211198633045, 
        "cache-12": 1.55222283644
    }, 
    "10": {
        "cache-11": 4.7275211198633045, 
        "cache-12": 1.55222283644
    }, 
    "11": {
        "cache-11": 4.443314288126748, 
        "cache-12": 1.55222283644
    }, 
    "12": {
        "cache-11": 4.443314288126748, 
        "cache-12": 1.55222283644
    }, 
    "13": {
        "cache-11": 4.443314288126748, 
        "cache-12": 1.55222283644
    }, 
    "14": {
        "cache-11": 4.443314288126748, 
        "cache-12": 1.55222283644
    }, 
    "15": {
        "cache-11": 4.443314288126748, 
        "cache-12": 1.55222283644
    }, 
    "16": {
        "cache-11": 4.443314288126748, 
        "cache-12": 1.55222283644
    }, 
    "17": {
        "cache-11": 4.443314288126748, 
        "cache-12": 1.55222283644
    }, 
    "18": {
        "cache-11": 4.443314288126748, 
        "cache-12": 1.55222283644
    }, 
    "19": {
        "cache-11": 4.443314288126748, 
        "cache-12": 1.55222283644
    }, 
    "20": {
        "cache-11": 4.443314288126748, 
        "cache-12": 1.55222283644
    }, 
    "21": {
        "cache-11": 4.884713600789608, 
        "cache-12": 1.5522507570089652
    }, 
    "22": {
        "cache-11": 4.884713600789608, 
        "cache-12": 1.5522507570089652
    }, 
    "23": {
        "cache-11": 4.884713600789608, 
        "cache-12": 1.5522507570089652
    }, 
    "24": {
        "cache-11": 4.884713600789608, 
        "cache-12": 1.5522507570089652
    }, 
    "25": {
        "cache-11": 4.884713600789608, 
        "cache-12": 1.5522507570089652
    }, 
    "26": {
        "cache-11": 4.884713600789608, 
        "cache-12": 1.5522507570089652
    }, 
    "27": {
        "cache-11": 4.884713600789608, 
        "cache-12": 1.5522507570089652
    }, 
    "28": {
        "cache-11": 4.884713600789608, 
        "cache-12": 1.5522507570089652
    }, 
    "29": {
        "cache-11": 4.884713600789608, 
        "cache-12": 1.5522507570089652
    }, 
    "30": {
        "cache-11": 4.884713600789608, 
        "cache-12": 1.5522507570089652
    }, 
    "31": {
        "cache-11": 4.758484193167565, 
        "cache-12": 1.5530562990965082
    }, 
    "32": {
        "cache-11": 4.758484193167565, 
        "cache-12": 1.5530562990965082
    }, 
    "33": {
        "cache-11": 4.758484193167565, 
        "cache-12": 1.5530562990965082
    }, 
    "34": {
        "cache-11": 4.758484193167565, 
        "cache-12": 1.5530562990965082
    }, 
    "35": {
        "cache-11": 4.758484193167565, 
        "cache-12": 1.5530562990965082
    }, 
    "36": {
        "cache-11": 4.758484193167565, 
        "cache-12": 1.5530562990965082
    }, 
    "37": {
        "cache-11": 4.758484193167565, 
        "cache-12": 1.5530562990965082
    }, 
    "38": {
        "cache-11": 4.758484193167565, 
        "cache-12": 1.5530562990965082
    }, 
    "39": {
        "cache-11": 4.758484193167565, 
        "cache-12": 1.5530562990965082
    }, 
    "40": {
        "cache-11": 4.758484193167565, 
        "cache-12": 1.5530562990965082
    }, 
    "41": {
        "cache-11": 4.642433441960769, 
        "cache-12": 1.5541327692015703
    }, 
    "42": {
        "cache-11": 4.642433441960769, 
        "cache-12": 1.5541327692015703
    }, 
    "43": {
        "cache-11": 4.642433441960769, 
        "cache-12": 1.5541327692015703
    }, 
    "44": {
        "cache-11": 4.642433441960769, 
        "cache-12": 1.5541327692015703
    }, 
    "45": {
        "cache-11": 4.642433441960769, 
        "cache-12": 1.5541327692015703
    }, 
    "46": {
        "cache-11": 4.642433441960769, 
        "cache-12": 1.5541327692015703
    }, 
    "47": {
        "cache-11": 4.642433441960769, 
        "cache-12": 1.5541327692015703
    }, 
    "48": {
        "cache-11": 4.642433441960769, 
        "cache-12": 1.5541327692015703
    }, 
    "49": {
        "cache-11": 4.642433441960769, 
        "cache-12": 1.5541327692015703
    }, 
    "50": {
        "cache-11": 4.642433441960769, 
        "cache-12": 1.5541327692015703
    }, 
    "51": {
        "cache-11": 4.786009376155713, 
        "cache-12": 1.556137525559563
    }, 
    "52": {
        "cache-11": 4.786009376155713, 
        "cache-12": 1.556137525559563
    }, 
    "53": {
        "cache-11": 4.786009376155713, 
        "cache-12": 1.556137525559563
    }, 
    "54": {
        "cache-11": 4.786009376155713, 
        "cache-12": 1.556137525559563
    }, 
    "55": {
        "cache-11": 4.786009376155713, 
        "cache-12": 1.556137525559563
    }, 
    "56": {
        "cache-11": 4.786009376155713, 
        "cache-12": 1.556137525559563
    }, 
    "57": {
        "cache-11": 4.786009376155713, 
        "cache-12": 1.556137525559563
    }, 
    "58": {
        "cache-11": 4.786009376155713, 
        "cache-12": 1.556137525559563
    }, 
    "59": {
        "cache-11": 4.786009376155713, 
        "cache-12": 1.556137525559563
    }, 
    "60": {
        "cache-11": 4.786009376155713, 
        "cache-12": 1.556137525559563
    }, 
    "61": {
        "cache-11": 4.780767905094007, 
        "cache-12": 1.8316204466523143
    }, 
    "62": {
        "cache-11": 4.780767905094007, 
        "cache-12": 1.8316204466523143
    }, 
    "63": {
        "cache-11": 4.780767905094007, 
        "cache-12": 1.8316204466523143
    }, 
    "64": {
        "cache-11": 4.780767905094007, 
        "cache-12": 1.8316204466523143
    }, 
    "65": {
        "cache-11": 4.780767905094007, 
        "cache-12": 1.8316204466523143
    }, 
    "66": {
        "cache-11": 4.780767905094007, 
        "cache-12": 1.8316204466523143
    }, 
    "67": {
        "cache-11": 4.780767905094007, 
        "cache-12": 1.8316204466523143
    }, 
    "68": {
        "cache-11": 4.780767905094007, 
        "cache-12": 1.8316204466523143
    }, 
    "69": {
        "cache-11": 4.780767905094007, 
        "cache-12": 1.8316204466523143
    }, 
    "70": {
        "cache-11": 4.780767905094007, 
        "cache-12": 1.8316204466523143
    }, 
    "71": {
        "cache-11": 4.651502413439356, 
        "cache-12": 1.766863115064068
    }, 
    "72": {
        "cache-11": 4.651502413439356, 
        "cache-12": 1.766863115064068
    }, 
    "73": {
        "cache-11": 4.651502413439356, 
        "cache-12": 1.766863115064068
    }, 
    "74": {
        "cache-11": 4.651502413439356, 
        "cache-12": 1.766863115064068
    }, 
    "75": {
        "cache-11": 4.651502413439356, 
        "cache-12": 1.766863115064068
    }, 
    "76": {
        "cache-11": 4.651502413439356, 
        "cache-12": 1.766863115064068
    }, 
    "77": {
        "cache-11": 4.651502413439356, 
        "cache-12": 1.766863115064068
    }, 
    "78": {
        "cache-11": 4.651502413439356, 
        "cache-12": 1.766863115064068
    }, 
    "79": {
        "cache-11": 4.651502413439356, 
        "cache-12": 1.766863115064068
    }, 
    "80": {
        "cache-11": 4.651502413439356, 
        "cache-12": 1.766863115064068
    }, 
    "81": {
        "cache-11": 4.479747970564478, 
        "cache-12": 1.7468095580781182
    },