{
    "0": {
        "cache-09": 4, 
        "cache-10": 3.75
    }, 
    "1": {
        "cache-09": 4, 
        "cache-10": 4.122723148090548
    }, 
    "2": {
        "cache-09": 4, 
        "cache-10": 4.463857306821495
    }, 
    "3": {
        "cache-09": 4, 
        "cache-10": 4.731905456437255
    }, 
    "4": {
        "cache-09": 4, 
        "cache-10": 4.8659295312451345
    }, 
    "5": {
        "cache-09": 4, 
        "cache-10": 4.932941568649074
    }, 
    "6": {
        "cache-09": 4, 
        "cache-10": 4.966447587351045
    }, 
    "7": {
        "cache-09": 4, 
        "cache-10": 4.98320059670203
    }, 
    "8": {
        "cache-09": 4, 
        "cache-10": 4.991577101377523
    }, 
    "9": {
        "cache-09": 4, 
        "cache-10": 4.995765353715269
    }, 
    "10": {
        "cache-09": 4, 
        "cache-10": 4.997859479884141
    }, 
    "11": {
        "cache-09": 4, 
        "cache-10": 4.356067436089997
    }, 
    "12": {
        "cache-09": 4, 
        "cache-10": 4.2082646768060314
    }, 
    "13": {
        "cache-09": 4, 
        "cache-10": 4.248376914543146
    }, 
    "14": {
        "cache-09": 4, 
        "cache-10": 4.2684330334117035
    }, 
    "15": {
        "cache-09": 4, 
        "cache-10": 4.6341933197323595
    }, 
    "16": {
        "cache-09": 4, 
        "cache-10": 4.347327618627212
    }, 
    "17": {
        "cache-09": 4, 
        "cache-10": 4.203894768074639
    }, 
    "18": {
        "cache-09": 4, 
        "cache-10": 4.132178342798351
    }, 
    "19": {
        "cache-09": 4, 
        "cache-10": 4.2103337475393054
    }, 
    "20": {
        "cache-09": 4, 
        "cache-10": 4.249411449909783
    }, 
    "21": {
        "cache-09": 4, 
        "cache-10": 4.154936683715924
    }, 
    "22": {
        "cache-09": 4, 
        "cache-10": 4.107699300618995
    }, 
    "23": {
        "cache-09": 4, 
        "cache-10": 4.301572798400046
    }, 
    "24": {
        "cache-09": 4, 
        "cache-10": 4.295030975340153
    }, 
    "25": {
        "cache-09": 4, 
        "cache-10": 4.004653183818003
    }, 
    "26": {
        "cache-09": 4, 
        "cache-10": 4.404822324685222
    }, 
    "27": {
        "cache-09": 4, 
        "cache-10": 4.450134310433159
    }, 
    "28": {
        "cache-09": 4, 
        "cache-10": 4.36931173135671
    }, 
    "29": {
        "cache-09": 4, 
        "cache-10": 4.214886824439388
    }, 
    "30": {
        "cache-09": 4, 
        "cache-10": 4.137674370980726
    }, 
    "31": {
        "cache-09": 4, 
        "cache-10": 4.213081761630493
    }, 
    "32": {
        "cache-09": 4, 
        "cache-10": 4.354264028905795
    }, 
    "33": {
        "cache-09": 4, 
        "cache-10": 4.321376590593028
    }, 
    "34": {
        "cache-09": 4, 
        "cache-10": 4.190919254057546
    }, 
    "35": {
        "cache-09": 4, 
        "cache-10": 4.125690585789805
    }, 
    "36": {
        "cache-09": 4, 
        "cache-10": 4.207089869035032
    }, 
    "37": {
        "cache-09": 4, 
        "cache-10": 4.247789510657647
    }, 
    "38": {
        "cache-09": 4, 
        "cache-10": 4.154125714089856
    }, 
    "39": {
        "cache-09": 4, 
        "cache-10": 4.10729381580596
    }, 
    "40": {
        "cache-09": 4, 
        "cache-10": 4.19789148404311
    }, 
    "41": {
        "cache-09": 4, 
        "cache-10": 4.243190318161686
    }, 
    "42": {
        "cache-09": 4, 
        "cache-10": 4.151826117841875
    }, 
    "43": {
        "cache-09": 4, 
        "cache-10": 4.10614401768197
    }, 
    "44": {
        "cache-09": 4, 
        "cache-10": 4.083302967602018
    }, 
    "45": {
        "cache-09": 4, 
        "cache-10": 4.18589605994114
    }, 
    "46": {
        "cache-09": 4, 
        "cache-10": 4.123178988731603
    }, 
    "47": {
        "cache-09": 4, 
        "cache-10": 4.091820453126834
    }, 
    "48": {
        "cache-09": 4, 
        "cache-10": 4.076141185324449
    }, 
    "49": {
        "cache-09": 4, 
        "cache-10": 4.285793740752773
    }, 
    "50": {
        "cache-09": 4, 
        "cache-10": 4.173127829137419
    }, 
    "51": {
        "cache-09": 4, 
        "cache-10": 4.1167948733297415
    }, 
    "52": {
        "cache-09": 4, 
        "cache-10": 4.0886283954259035
    }, 
    "53": {
        "cache-09": 4, 
        "cache-10": 4.2920373458035
    }, 
    "54": {
        "cache-09": 4, 
        "cache-10": 4.29026324904188
    }, 
    "55": {
        "cache-09": 4, 
        "cache-10": 4.175362583281972
    }, 
    "56": {
        "cache-09": 4, 
        "cache-10": 4.117912250402018
    }, 
    "57": {
        "cache-09": 4, 
        "cache-10": 4.203200701341139
    }, 
    "58": {
        "cache-09": 4, 
        "cache-10": 4.245844926810699
    }, 
    "59": {
        "cache-09": 4, 
        "cache-10": 4.1531534221663815
    }, 
    "60": {
        "cache-09": 4, 
        "cache-10": 4.2208212872233215
    }, 
    "61": {
        "cache-09": 4, 
        "cache-10": 4.140641602372693
    }, 
    "62": {
        "cache-09": 4, 
        "cache-10": 4.100551759947379
    }, 
    "63": {
        "cache-09": 4, 
        "cache-10": 4.080506838734722
    }, 
    "64": {
        "cache-09": 4, 
        "cache-10": 4.070484378128393
    }, 
    "65": {
        "cache-09": 4, 
        "cache-10": 4.535218992090703
    }, 
    "66": {
        "cache-09": 4, 
        "cache-10": 4.411854072185482
    }, 
    "67": {
        "cache-09": 4, 
        "cache-10": 4.236157994853773
    }, 
    "68": {
        "cache-09": 4, 
        "cache-10": 4.148309956187919
    }, 
    "69": {
        "cache-09": 4, 
        "cache-10": 4.2183995542340895
    }, 
    "70": {
        "cache-09": 4, 
        "cache-10": 4.6091765801435525
    }, 
    "71": {
        "cache-09": 4, 
        "cache-10": 4.334819248832808
    }, 
    "72": {
        "cache-09": 4, 
        "cache-10": 4.667386427442912
    }, 
    "73": {
        "cache-09": 4, 
        "cache-10": 4.581416361812004
    }, 
    "74": {
        "cache-09": 4, 
        "cache-10": 4.147845877053928
    }, 
    "75": {
        "cache-09": 4, 
        "cache-10": 4.104153897287997
    }, 
    "76": {
        "cache-09": 4, 
        "cache-10": 4.082307907405031
    }, 
    "77": {
        "cache-09": 4, 
        "cache-10": 4.071384912463548
    }, 
    "78": {
        "cache-09": 4, 
        "cache-10": 4.065923414992806
    }, 
    "79": {
        "cache-09": 4, 
        "cache-10": 4.177206283636533
    }, 
    "80": {
        "cache-09": 4, 
        "cache-10": 4.118834100579299
    }, 
    "81": {
        "cache-09": 4, 
        "cache-10": 4.2036616264297795
    }, 
    "82": {
        "cache-09": 4, 
        "cache-10": 4.504326545991111
    }, 
    "83": {
        "cache-09": 4, 
        "cache-10": 4.396407849135686
    }, 
    "84": {
        "cache-09": 4, 
        "cache-10": 4.228434883328875
    }, 
    "85": {
        "cache-09": 4, 
        "cache-10": 4.258462017804568
    }, 
    "86": {
        "cache-09": 4, 
        "cache-10": 4.273475585042414
    }, 
    "87": {
        "cache-09": 4, 
        "cache-10": 4.384460940611755
    }, 
    "88": {
        "cache-09": 4, 
        "cache-10": 4.336475046446008
    }, 
    "89": {
        "cache-09": 4, 
        "cache-10": 4.312482099363134
    }, 
    "90": {
        "cache-09": 4, 
        "cache-10": 4.300485625821697
    }, 
    "91": {
        "cache-09": 4, 
        "cache-10": 4.5527385456870695
    }, 
    "92": {
        "cache-09": 4, 
        "cache-10": 4.420613848983665
    }, 
    "93": {
        "cache-09": 4, 
        "cache-10": 4.240537883252864
    }, 
    "94": {
        "cache-09": 4, 
        "cache-10": 4.264513517766563
    }, 
    "95": {
        "cache-09": 4, 
        "cache-10": 4.276501335023411
    }, 
    "96": {
        "cache-09": 4, 
        "cache-10": 4.168481626272738
    }, 
    "97": {
        "cache-09": 4,