{
    "0": {
        "cache-13": 3.75, 
        "cache-14": 4
    }, 
    "1": {
        "cache-13": 4.277495732776221, 
        "cache-14": 4
    }, 
    "2": {
        "cache-13": 4.638724669414618, 
        "cache-14": 4
    }, 
    "3": {
        "cache-13": 4.819339137733817, 
        "cache-14": 4
    }, 
    "4": {
        "cache-13": 4.909646371893416, 
        "cache-14": 4
    }, 
    "5": {
        "cache-13": 4.954799988973216, 
        "cache-14": 4
    }, 
    "6": {
        "cache-13": 4.977376797513115, 
        "cache-14": 4
    }, 
    "7": {
        "cache-13": 4.988665201783064, 
        "cache-14": 4
    }, 
    "8": {
        "cache-13": 4.99430940391804, 
        "cache-14": 4
    }, 
    "9": {
        "cache-13": 4.997131504985527, 
        "cache-14": 4
    }, 
    "10": {
        "cache-13": 4.99854255551927, 
        "cache-14": 4
    }, 
    "11": {
        "cache-13": 4.999248080786142, 
        "cache-14": 4
    }, 
    "12": {
        "cache-13": 4.999600843419579, 
        "cache-14": 4
    }, 
    "13": {
        "cache-13": 4.999777224736297, 
        "cache-14": 4
    }, 
    "14": {
        "cache-13": 4.999865415394655, 
        "cache-14": 4
    }, 
    "15": {
        "cache-13": 4.999909510723835, 
        "cache-14": 4
    }, 
    "16": {
        "cache-13": 4.999931558388425, 
        "cache-14": 4
    }, 
    "17": {
        "cache-13": 4.99994258222072, 
        "cache-14": 4
    }, 
    "18": {
        "cache-13": 4.999948094136867, 
        "cache-14": 4
    }, 
    "19": {
        "cache-13": 4.99995085009494, 
        "cache-14": 4
    }, 
    "20": {
        "cache-13": 4.902471157823691, 
        "cache-14": 4
    }, 
    "21": {
        "cache-13": 4.853731311688067, 
        "cache-14": 4
    }, 
    "22": {
        "cache-13": 4.92684245887054, 
        "cache-14": 4
    }, 
    "23": {
        "cache-13": 4.963398032461777, 
        "cache-14": 4
    }, 
    "24": {
        "cache-13": 4.981675819257395, 
        "cache-14": 4
    }, 
    "25": {
        "cache-13": 4.893333642404919, 
        "cache-14": 4
    }, 
    "26": {
        "cache-13": 4.946643624228967, 
        "cache-14": 4
    }, 
    "27": {
        "cache-13": 4.875817544890705, 
        "cache-14": 4
    }, 
    "28": {
        "cache-13": 4.93788557547186, 
        "cache-14": 4
    }, 
    "29": {
        "cache-13": 4.968919590762438, 
        "cache-14": 4
    }, 
    "30": {
        "cache-13": 4.984436598407726, 
        "cache-14": 4
    }, 
    "31": {
        "cache-13": 4.9921951022303706, 
        "cache-14": 4
    }, 
    "32": {
        "cache-13": 4.996074354141692, 
        "cache-14": 4
    }, 
    "33": {
        "cache-13": 4.900532909847067, 
        "cache-14": 4
    }, 
    "34": {
        "cache-13": 4.852762187699755, 
        "cache-14": 4
    }, 
    "35": {
        "cache-13": 4.926357896876384, 
        "cache-14": 4
    }, 
    "36": {
        "cache-13": 4.963155751464699, 
        "cache-14": 4
    }, 
    "37": {
        "cache-13": 4.981554678758856, 
        "cache-14": 4
    }, 
    "38": {
        "cache-13": 4.990754142405935, 
        "cache-14": 4
    }, 
    "39": {
        "cache-13": 4.995353874229474, 
        "cache-14": 4
    }, 
    "40": {
        "cache-13": 4.997653740141244, 
        "cache-14": 4
    }, 
    "41": {
        "cache-13": 4.998803673097129, 
        "cache-14": 4
    }, 
    "42": {
        "cache-13": 4.999378639575072, 
        "cache-14": 4
    }, 
    "43": {
        "cache-13": 4.999666122814043, 
        "cache-14": 4
    }, 
    "44": {
        "cache-13": 4.999809864433528, 
        "cache-14": 4
    }, 
    "45": {
        "cache-13": 4.999881735243271, 
        "cache-14": 4
    }, 
    "46": {
        "cache-13": 4.902436600397857, 
        "cache-14": 4
    }, 
    "47": {
        "cache-13": 4.9511951032254355, 
        "cache-14": 4
    }, 
    "48": {
        "cache-13": 4.878093284388939, 
        "cache-14": 4
    }, 
    "49": {
        "cache-13": 4.8415423749706905, 
        "cache-14": 4
    }, 
    "50": {
        "cache-13": 4.668494335575893, 
        "cache-14": 4
    }, 
    "51": {
        "cache-13": 4.834223970814454, 
        "cache-14": 4
    }, 
    "52": {
        "cache-13": 4.917088788433734, 
        "cache-14": 4
    }, 
    "53": {
        "cache-13": 4.958521197243375, 
        "cache-14": 4
    }, 
    "54": {
        "cache-13": 4.881756331397908, 
        "cache-14": 4
    }, 
    "55": {
        "cache-13": 4.9408549687254615, 
        "cache-14": 4
    }, 
    "56": {
        "cache-13": 4.872923217138952, 
        "cache-14": 4
    }, 
    "57": {
        "cache-13": 4.838957341345697, 
        "cache-14": 4
    }, 
    "58": {
        "cache-13": 4.82197440344907, 
        "cache-14": 4
    }, 
    "59": {
        "cache-13": 4.658710349815083, 
        "cache-14": 4
    }, 
    "60": {
        "cache-13": 4.829331977934048, 
        "cache-14": 4
    }, 
    "61": {
        "cache-13": 4.914642791993531, 
        "cache-14": 4
    }, 
    "62": {
        "cache-13": 4.8598171287729865, 
        "cache-14": 4
    }, 
    "63": {
        "cache-13": 4.929885367413, 
        "cache-14": 4
    }, 
    "64": {
        "cache-13": 4.964919486733008, 
        "cache-14": 4
    }, 
    "65": {
        "cache-13": 4.884955476142725, 
        "cache-14": 4
    }, 
    "66": {
        "cache-13": 4.690200886161911, 
        "cache-14": 4
    }, 
    "67": {
        "cache-13": 4.7475961758571765, 
        "cache-14": 4
    }, 
    "68": {
        "cache-13": 4.8737748909550955, 
        "cache-14": 4
    }, 
    "69": {
        "cache-13": 4.839383178253769, 
        "cache-14": 4
    }, 
    "70": {
        "cache-13": 4.8221873219031055, 
        "cache-14": 4
    }, 
    "71": {
        "cache-13": 4.813589393727774, 
        "cache-14": 4
    }, 
    "72": {
        "cache-13": 4.906771499890395, 
        "cache-14": 4
    }, 
    "73": {
        "cache-13": 4.953362552971704, 
        "cache-14": 4
    }, 
    "74": {
        "cache-13": 4.97665807951236, 
        "cache-14": 4
    }, 
    "75": {
        "cache-13": 4.890824772532401, 
        "cache-14": 4
    }, 
    "76": {
        "cache-13": 4.945389189292708, 
        "cache-14": 4
    }, 
    "77": {
        "cache-13": 4.972671397672862, 
        "cache-14": 4
    }, 
    "78": {
        "cache-13": 4.986312501862939, 
        "cache-14": 4
    }, 
    "79": {
        "cache-13": 4.993133053957976, 
        "cache-14": 4
    }, 
    "80": {
        "cache-13": 4.996543330005496, 
        "cache-14": 4
    }, 
    "81": {
        "cache-13": 4.998248468029255, 
        "cache-14": 4
    }, 
    "82": {
        "cache-13": 4.999101037041134, 
        "cache-14": 4
    }, 
    "83": {
        "cache-13": 4.999527321547074, 
        "cache-14": 4
    }, 
    "84": {
        "cache-13": 4.999740463800045, 
        "cache-14": 4
    }, 
    "85": {
        "cache-13": 4.99984703492653, 
        "cache-14": 4
    }, 
    "86": {
        "cache-13": 4.999900320489772, 
        "cache-14": 4
    }, 
    "87": {
        "cache-13": 4.999926963271394, 
        "cache-14": 4
    }, 
    "88": {
        "cache-13": 4.999940284662204, 
        "cache-14": 4
    }, 
    "89": {
        "cache-13": 4.999946945357609, 
        "cache-14": 4
    }, 
    "90": {
        "cache-13": 4.999950275705311, 
        "cache-14": 4
    }, 
    "91": {
        "cache-13": 4.902470870628877, 
        "cache-14": 4
    }, 
    "92": {
        "cache-13": 4.853731168090659, 
        "cache-14": 4
    }, 
    "93": {
        "cache-13": 4.9268423870718365, 
        "cache-14": 4
    }, 
    "94": {
        "cache-13": 4.963397996562426, 
        "cache-14": 4
    }, 
    "95": {
        "cache-13": 4.98167580130772, 
        "cache-14": 4
    }, 
    "96": {
        "cache-13": 4.893333633430081, 
        "cache-14": 4
    }, 
    "97": {
        "cache-13": 4.849162549491261,