{
    "0": {
        "cache-08": 3.75, 
        "cache-09": 4
    }, 
    "1": {
        "cache-08": 3.9052309587610323, 
        "cache-09": 4
    }, 
    "2": {
        "cache-08": 4.200338627471065, 
        "cache-09": 4
    }, 
    "3": {
        "cache-08": 4.347892461826081, 
        "cache-09": 4
    }, 
    "4": {
        "cache-08": 4.576441963689262, 
        "cache-09": 4
    }, 
    "5": {
        "cache-08": 4.788197784871138, 
        "cache-09": 4
    }, 
    "6": {
        "cache-08": 4.641822040526117, 
        "cache-09": 4
    }, 
    "7": {
        "cache-08": 4.178048716410984, 
        "cache-09": 4
    }, 
    "8": {
        "cache-08": 3.5738972803382296, 
        "cache-09": 4
    }, 
    "9": {
        "cache-08": 3.5738972803382296, 
        "cache-09": 3.719745844265475
    }, 
    "10": {
        "cache-08": 3.5738972803382296, 
        "cache-09": 4.107596070223286
    }, 
    "11": {
        "cache-08": 3.5738972803382296, 
        "cache-09": 4.301521183202191
    }, 
    "12": {
        "cache-08": 3.5738972803382296, 
        "cache-09": 4.553256324377317
    }, 
    "13": {
        "cache-08": 3.5738972803382296, 
        "cache-09": 4.67912389496488
    }, 
    "14": {
        "cache-08": 3.5738972803382296, 
        "cache-09": 4.742057680258661
    }, 
    "15": {
        "cache-08": 3.5738972803382296, 
        "cache-09": 4.7735245729055515
    }, 
    "16": {
        "cache-08": 3.5738972803382296, 
        "cache-09": 4.416993245213808
    }, 
    "17": {
        "cache-08": 3.5738972803382296, 
        "cache-09": 4.06563431875483
    }, 
    "18": {
        "cache-08": 3.5738972803382296, 
        "cache-09": 3.889954855525341
    }, 
    "19": {
        "cache-08": 3.5738972803382296, 
        "cache-09": 3.802115123910597
    }, 
    "20": {
        "cache-08": 3.5738972803382296, 
        "cache-09": 3.931288520716331
    }, 
    "21": {
        "cache-08": 3.5738972803382296, 
        "cache-09": 4.213367408448714
    }, 
    "22": {
        "cache-08": 3.5738972803382296, 
        "cache-09": 4.136914662985389
    }, 
    "23": {
        "cache-08": 3.5738972803382296, 
        "cache-09": 4.098688290253727
    }, 
    "24": {
        "cache-08": 3.5738972803382296, 
        "cache-09": 4.079575103887896
    }, 
    "25": {
        "cache-08": 3.5738972803382296, 
        "cache-09": 4.184032128084079
    }, 
    "26": {
        "cache-08": 3.5738972803382296, 
        "cache-09": 4.122247022803071
    }, 
    "27": {
        "cache-08": 3.5738972803382296, 
        "cache-09": 3.918261207549462
    }, 
    "28": {
        "cache-08": 3.5738972803382296, 
        "cache-09": 3.8162682999226574
    }, 
    "29": {
        "cache-08": 3.5738972803382296, 
        "cache-09": 4.052378726101459
    }, 
    "30": {
        "cache-08": 3.5738972803382296, 
        "cache-09": 3.8833270591986557
    }, 
    "31": {
        "cache-08": 3.5738972803382296, 
        "cache-09": 3.97189448836036
    }, 
    "32": {
        "cache-08": 3.5738972803382296, 
        "cache-09": 4.016178202941212
    }, 
    "33": {
        "cache-08": 3.5738972803382296, 
        "cache-09": 4.255812249561155
    }, 
    "34": {
        "cache-08": 3.5738972803382296, 
        "cache-09": 4.530401857556798
    }, 
    "35": {
        "cache-08": 3.5738972803382296, 
        "cache-09": 4.295431887539431
    }, 
    "36": {
        "cache-08": 3.5738972803382296, 
        "cache-09": 4.004853639917641
    }, 
    "37": {
        "cache-08": 3.5738972803382296, 
        "cache-09": 4.404922552735042
    }, 
    "38": {
        "cache-08": 3.5738972803382296, 
        "cache-09": 4.346705852507651
    }, 
    "39": {
        "cache-08": 3.5738972803382296, 
        "cache-09": 4.203583885014858
    }, 
    "40": {
        "cache-08": 3.5738972803382296, 
        "cache-09": 3.958929638655355
    }, 
    "41": {
        "cache-08": 3.5738972803382296, 
        "cache-09": 3.8366025154756036
    }, 
    "42": {
        "cache-08": 3.5738972803382296, 
        "cache-09": 4.320796990514022
    }, 
    "43": {
        "cache-08": 3.5738972803382296, 
        "cache-09": 4.017536191404938
    }, 
    "44": {
        "cache-08": 3.5738972803382296, 
        "cache-09": 4.1530126718426
    }, 
    "45": {
        "cache-08": 3.5738972803382296, 
        "cache-09": 4.479002068697521
    }, 
    "46": {
        "cache-08": 3.5738972803382296, 
        "cache-09": 4.487224182439309
    }, 
    "47": {
        "cache-08": 3.5738972803382296, 
        "cache-09": 4.100749787367581
    }, 
    "48": {
        "cache-08": 3.5738972803382296, 
        "cache-09": 3.7701207379492656
    }, 
    "49": {
        "cache-08": 3.5738972803382296, 
        "cache-09": 3.915291327735665
    }, 
    "50": {
        "cache-08": 3.5738972803382296, 
        "cache-09": 4.360141396644053
    }, 
    "51": {
        "cache-08": 3.5738972803382296, 
        "cache-09": 4.210301657083059
    }, 
    "52": {
        "cache-08": 3.5738972803382296, 
        "cache-09": 4.135381787302562
    }, 
    "53": {
        "cache-08": 3.5738972803382296, 
        "cache-09": 4.315414041741829
    }, 
    "54": {
        "cache-08": 3.5738972803382296, 
        "cache-09": 4.301951597011045
    }, 
    "55": {
        "cache-08": 3.5738972803382296, 
        "cache-09": 4.181206757266555
    }, 
    "56": {
        "cache-08": 3.5738972803382296, 
        "cache-09": 4.12083433739431
    }, 
    "57": {
        "cache-08": 3.5738972803382296, 
        "cache-09": 4.090648127458188
    }, 
    "58": {
        "cache-08": 3.5738972803382296, 
        "cache-09": 4.447819796505315
    }, 
    "59": {
        "cache-08": 3.5738972803382296, 
        "cache-09": 4.25414085701369
    }, 
    "60": {
        "cache-08": 3.5738972803382296, 
        "cache-09": 3.984208124654771
    }, 
    "61": {
        "cache-08": 3.5738972803382296, 
        "cache-09": 3.849241758475312
    }, 
    "62": {
        "cache-08": 3.5738972803382296, 
        "cache-09": 3.9548518379986883
    }, 
    "63": {
        "cache-08": 3.5738972803382296, 
        "cache-09": 4.3799216517755655
    }, 
    "64": {
        "cache-08": 3.5738972803382296, 
        "cache-09": 4.047098522035709
    }, 
    "65": {
        "cache-08": 3.5738972803382296, 
        "cache-09": 3.8806869571657807
    }, 
    "66": {
        "cache-08": 3.5738972803382296, 
        "cache-09": 4.342839211359111
    }, 
    "67": {
        "cache-08": 3.5738972803382296, 
        "cache-09": 4.2016505644405875
    }, 
    "68": {
        "cache-08": 3.5738972803382296, 
        "cache-09": 3.95796297836822
    }, 
    "69": {
        "cache-08": 3.5738972803382296, 
        "cache-09": 3.836119185332036
    }, 
    "70": {
        "cache-08": 3.5738972803382296, 
        "cache-09": 3.9482905514270503
    }, 
    "71": {
        "cache-08": 3.5738972803382296, 
        "cache-09": 4.376641008489746
    }, 
    "72": {
        "cache-08": 3.5738972803382296, 
        "cache-09": 4.045458200392799
    }, 
    "73": {
        "cache-08": 3.5738972803382296, 
        "cache-09": 4.0529600589574315
    }, 
    "74": {
        "cache-08": 3.5738972803382296, 
        "cache-09": 4.428975762254937
    }, 
    "75": {
        "cache-08": 3.5738972803382296, 
        "cache-09": 4.358732457267599
    }, 
    "76": {
        "cache-08": 3.5738972803382296, 
        "cache-09": 4.036503924781726
    }, 
    "77": {
        "cache-08": 3.5738972803382296, 
        "cache-09": 3.7379978066563377
    }, 
    "78": {
        "cache-08": 3.5738972803382296, 
        "cache-09": 3.588744747593644
    }, 
    "79": {
        "cache-08": 3.5738972803382296, 
        "cache-09": 3.6515100699447482
    }, 
    "80": {
        "cache-08": 3.5738972803382296, 
        "cache-09": 3.6828927311203
    }, 
    "81": {
        "cache-08": 3.5738972803382296, 
        "cache-09": 3.8716773243211824
    },