{
    "0": {
        "cache-01": 3.3969926971780673, 
        "cache-02": 3.2204867765025256
    }, 
    "1": {
        "cache-01": 3.3969926971780673, 
        "cache-02": 3.2204867765025256
    }, 
    "2": {
        "cache-01": 3.3969926971780673, 
        "cache-02": 3.2204867765025256
    }, 
    "3": {
        "cache-01": 3.3969926971780673, 
        "cache-02": 3.2204867765025256
    }, 
    "4": {
        "cache-01": 3.3969926971780673, 
        "cache-02": 3.2204867765025256
    }, 
    "5": {
        "cache-01": 3.3969926971780673, 
        "cache-02": 3.2204867765025256
    }, 
    "6": {
        "cache-01": 3.3969926971780673, 
        "cache-02": 3.2204867765025256
    }, 
    "7": {
        "cache-01": 3.3969926971780673, 
        "cache-02": 3.2204867765025256
    }, 
    "8": {
        "cache-01": 3.3969926971780673, 
        "cache-02": 3.2204867765025256
    }, 
    "9": {
        "cache-01": 3.3969926971780673, 
        "cache-02": 3.2204867765025256
    }, 
    "10": {
        "cache-01": 3.3969926971780673, 
        "cache-02": 3.2204867765025256
    }, 
    "11": {
        "cache-01": 3.490303904433914, 
        "cache-02": 3.489275921946269
    }, 
    "12": {
        "cache-01": 3.490303904433914, 
        "cache-02": 3.489275921946269
    }, 
    "13": {
        "cache-01": 3.490303904433914, 
        "cache-02": 3.489275921946269
    }, 
    "14": {
        "cache-01": 3.490303904433914, 
        "cache-02": 3.489275921946269
    }, 
    "15": {
        "cache-01": 3.490303904433914, 
        "cache-02": 3.489275921946269
    }, 
    "16": {
        "cache-01": 3.490303904433914, 
        "cache-02": 3.489275921946269
    }, 
    "17": {
        "cache-01": 3.490303904433914, 
        "cache-02": 3.489275921946269
    }, 
    "18": {
        "cache-01": 3.490303904433914, 
        "cache-02": 3.489275921946269
    }, 
    "19": {
        "cache-01": 3.490303904433914, 
        "cache-02": 3.489275921946269
    }, 
    "20": {
        "cache-01": 3.490303904433914, 
        "cache-02": 3.489275921946269
    }, 
    "21": {
        "cache-01": 3.7167626490261947, 
        "cache-02": 3.696276086732163
    }, 
    "22": {
        "cache-01": 3.7167626490261947, 
        "cache-02": 3.696276086732163
    }, 
    "23": {
        "cache-01": 3.7167626490261947, 
        "cache-02": 3.696276086732163
    }, 
    "24": {
        "cache-01": 3.7167626490261947, 
        "cache-02": 3.696276086732163
    }, 
    "25": {
        "cache-01": 3.7167626490261947, 
        "cache-02": 3.696276086732163
    }, 
    "26": {
        "cache-01": 3.7167626490261947, 
        "cache-02": 3.696276086732163
    }, 
    "27": {
        "cache-01": 3.7167626490261947, 
        "cache-02": 3.696276086732163
    }, 
    "28": {
        "cache-01": 3.7167626490261947, 
        "cache-02": 3.696276086732163
    }, 
    "29": {
        "cache-01": 3.7167626490261947, 
        "cache-02": 3.696276086732163
    }, 
    "30": {
        "cache-01": 3.7167626490261947, 
        "cache-02": 3.696276086732163
    }, 
    "31": {
        "cache-01": 3.803504606075067, 
        "cache-02": 4.044598142752234
    }, 
    "32": {
        "cache-01": 3.803504606075067, 
        "cache-02": 4.044598142752234
    }, 
    "33": {
        "cache-01": 3.803504606075067, 
        "cache-02": 4.044598142752234
    }, 
    "34": {
        "cache-01": 3.803504606075067, 
        "cache-02": 4.044598142752234
    }, 
    "35": {
        "cache-01": 3.803504606075067, 
        "cache-02": 4.044598142752234
    }, 
    "36": {
        "cache-01": 3.803504606075067, 
        "cache-02": 4.044598142752234
    }, 
    "37": {
        "cache-01": 3.803504606075067, 
        "cache-02": 4.044598142752234
    }, 
    "38": {
        "cache-01": 3.803504606075067, 
        "cache-02": 4.044598142752234
    }, 
    "39": {
        "cache-01": 3.803504606075067, 
        "cache-02": 4.044598142752234
    }, 
    "40": {
        "cache-01": 3.803504606075067, 
        "cache-02": 4.044598142752234
    }, 
    "41": {
        "cache-01": 3.774354628370899, 
        "cache-02": 4.017533405459707
    }, 
    "42": {
        "cache-01": 3.774354628370899, 
        "cache-02": 4.017533405459707
    }, 
    "43": {
        "cache-01": 3.774354628370899, 
        "cache-02": 4.017533405459707
    }, 
    "44": {
        "cache-01": 3.774354628370899, 
        "cache-02": 4.017533405459707
    }, 
    "45": {
        "cache-01": 3.774354628370899, 
        "cache-02": 4.017533405459707
    }, 
    "46": {
        "cache-01": 3.774354628370899, 
        "cache-02": 4.017533405459707
    }, 
    "47": {
        "cache-01": 3.774354628370899, 
        "cache-02": 4.017533405459707
    }, 
    "48": {
        "cache-01": 3.774354628370899, 
        "cache-02": 4.017533405459707
    }, 
    "49": {
        "cache-01": 3.774354628370899, 
        "cache-02": 4.017533405459707
    }, 
    "50": {
        "cache-01": 3.774354628370899, 
        "cache-02": 4.017533405459707
    }, 
    "51": {
        "cache-01": 3.746759153125965, 
        "cache-02": 3.744320346912948
    }, 
    "52": {
        "cache-01": 3.746759153125965, 
        "cache-02": 3.744320346912948
    }, 
    "53": {
        "cache-01": 3.746759153125965, 
        "cache-02": 3.744320346912948
    }, 
    "54": {
        "cache-01": 3.746759153125965, 
        "cache-02": 3.744320346912948
    }, 
    "55": {
        "cache-01": 3.746759153125965, 
        "cache-02": 3.744320346912948
    }, 
    "56": {
        "cache-01": 3.746759153125965, 
        "cache-02": 3.744320346912948
    }, 
    "57": {
        "cache-01": 3.746759153125965, 
        "cache-02": 3.744320346912948
    }, 
    "58": {
        "cache-01": 3.746759153125965, 
        "cache-02": 3.744320346912948
    }, 
    "59": {
        "cache-01": 3.746759153125965, 
        "cache-02": 3.744320346912948
    }, 
    "60": {
        "cache-01": 3.746759153125965, 
        "cache-02": 3.744320346912948
    }, 
    "61": {
        "cache-01": 3.726658455658531, 
        "cache-02": 4.060663960298841
    }, 
    "62": {
        "cache-01": 3.726658455658531, 
        "cache-02": 4.060663960298841
    }, 
    "63": {
        "cache-01": 3.726658455658531, 
        "cache-02": 4.060663960298841
    }, 
    "64": {
        "cache-01": 3.726658455658531, 
        "cache-02": 4.060663960298841
    }, 
    "65": {
        "cache-01": 3.726658455658531, 
        "cache-02": 4.060663960298841
    }, 
    "66": {
        "cache-01": 3.726658455658531, 
        "cache-02": 4.060663960298841
    }, 
    "67": {
        "cache-01": 3.726658455658531, 
        "cache-02": 4.060663960298841
    }, 
    "68": {
        "cache-01": 3.726658455658531, 
        "cache-02": 4.060663960298841
    }, 
    "69": {
        "cache-01": 3.726658455658531, 
        "cache-02": 4.060663960298841
    }, 
    "70": {
        "cache-01": 3.726658455658531, 
        "cache-02": 4.060663960298841
    }, 
    "71": {
        "cache-01": 3.854725418013415, 
        "cache-02": 3.686168591757566
    }, 
    "72": {
        "cache-01": 3.854725418013415, 
        "cache-02": 3.686168591757566
    }, 
    "73": {
        "cache-01": 3.854725418013415, 
        "cache-02": 3.686168591757566
    }, 
    "74": {
        "cache-01": 3.854725418013415, 
        "cache-02": 3.686168591757566
    }, 
    "75": {
        "cache-01": 3.854725418013415, 
        "cache-02": 3.686168591757566
    }, 
    "76": {
        "cache-01": 3.854725418013415, 
        "cache-02": 3.686168591757566
    }, 
    "77": {
        "cache-01": 3.854725418013415, 
        "cache-02": 3.686168591757566
    }, 
    "78": {
        "cache-01": 3.854725418013415, 
        "cache-02": 3.686168591757566
    }, 
    "79": {
        "cache-01": 3.854725418013415, 
        "cache-02": 3.686168591757566
    }, 
    "80": {
        "cache-01": 3.854725418013415, 
        "cache-02": 3.686168591757566
    },