{
    "0": {
        "cache-12": 4, 
        "cache-14": 3.75
    }, 
    "1": {
        "cache-12": 4, 
        "cache-14": 4.01924457614013
    }, 
    "2": {
        "cache-12": 4, 
        "cache-14": 4.509599091096572
    }, 
    "3": {
        "cache-12": 4, 
        "cache-14": 4.754776348574794
    }, 
    "4": {
        "cache-12": 4, 
        "cache-14": 4.8773649773139045
    }, 
    "5": {
        "cache-12": 4, 
        "cache-14": 4.938659291683459
    }, 
    "6": {
        "cache-12": 4, 
        "cache-14": 4.969306448868236
    }, 
    "7": {
        "cache-12": 4, 
        "cache-14": 4.732376372524667
    }, 
    "8": {
        "cache-12": 4, 
        "cache-14": 4.396419145023366
    }, 
    "9": {
        "cache-12": 4, 
        "cache-14": 4.0553472686596095
    }, 
    "10": {
        "cache-12": 4, 
        "cache-14": 3.884811330477731
    }, 
    "11": {
        "cache-12": 4.030230958761033, 
        "cache-14": 3.884811330477731
    }, 
    "12": {
        "cache-12": 4.515092282407023, 
        "cache-14": 3.884811330477731
    }, 
    "13": {
        "cache-12": 4.660041873979733, 
        "cache-14": 3.884811330477731
    }, 
    "14": {
        "cache-12": 4.577744085080415, 
        "cache-14": 3.884811330477731
    }, 
    "15": {
        "cache-12": 4.433116618680337, 
        "cache-14": 3.884811330477731
    }, 
    "16": {
        "cache-12": 4.716535112366676, 
        "cache-14": 3.884811330477731
    }, 
    "17": {
        "cache-12": 4.605990704273887, 
        "cache-14": 3.884811330477731
    }, 
    "18": {
        "cache-12": 4.333226310897976, 
        "cache-14": 3.884811330477731
    }, 
    "19": {
        "cache-12": 4.19684411421002, 
        "cache-14": 3.884811330477731
    }, 
    "20": {
        "cache-12": 4.346145205195558, 
        "cache-14": 3.884811330477731
    }, 
    "21": {
        "cache-12": 4.317317178737909, 
        "cache-14": 3.884811330477731
    }, 
    "22": {
        "cache-12": 4.302903165509084, 
        "cache-14": 3.884811330477731
    }, 
    "23": {
        "cache-12": 4.553947315530763, 
        "cache-14": 3.884811330477731
    }, 
    "24": {
        "cache-12": 4.776950460791889, 
        "cache-14": 3.884811330477731
    }, 
    "25": {
        "cache-12": 4.790970963172166, 
        "cache-14": 3.884811330477731
    }, 
    "26": {
        "cache-12": 4.643208629676631, 
        "cache-14": 3.884811330477731
    }, 
    "27": {
        "cache-12": 4.465848890978446, 
        "cache-14": 3.884811330477731
    }, 
    "28": {
        "cache-12": 4.377169021629353, 
        "cache-14": 3.884811330477731
    }, 
    "29": {
        "cache-12": 4.688561313841184, 
        "cache-14": 3.884811330477731
    }, 
    "30": {
        "cache-12": 4.746776389696813, 
        "cache-14": 3.884811330477731
    }, 
    "31": {
        "cache-12": 4.775883927624628, 
        "cache-14": 3.884811330477731
    }, 
    "32": {
        "cache-12": 4.6356651119028625, 
        "cache-14": 3.884811330477731
    }, 
    "33": {
        "cache-12": 4.8178093589779385, 
        "cache-14": 3.884811330477731
    }, 
    "34": {
        "cache-12": 4.81140041226519, 
        "cache-14": 3.884811330477731
    }, 
    "35": {
        "cache-12": 4.435931164893628, 
        "cache-14": 3.884811330477731
    }, 
    "36": {
        "cache-12": 4.465688730537362, 
        "cache-14": 3.884811330477731
    }, 
    "37": {
        "cache-12": 4.732821168295189, 
        "cache-14": 3.884811330477731
    }, 
    "38": {
        "cache-12": 4.614133732238143, 
        "cache-14": 3.884811330477731
    }, 
    "39": {
        "cache-12": 4.337297824880103, 
        "cache-14": 3.884811330477731
    }, 
    "40": {
        "cache-12": 4.3128934885801815, 
        "cache-14": 3.884811330477731
    }, 
    "41": {
        "cache-12": 4.558942477066312, 
        "cache-14": 3.884811330477731
    }, 
    "42": {
        "cache-12": 4.527194386623704, 
        "cache-14": 3.884811330477731
    }, 
    "43": {
        "cache-12": 4.4078417694519825, 
        "cache-14": 3.884811330477731
    }, 
    "44": {
        "cache-12": 4.348165460866122, 
        "cache-14": 3.884811330477731
    }, 
    "45": {
        "cache-12": 4.318327306573192, 
        "cache-14": 3.884811330477731
    }, 
    "46": {
        "cache-12": 4.303408229426726, 
        "cache-14": 3.884811330477731
    }, 
    "47": {
        "cache-12": 4.181935073474396, 
        "cache-14": 3.884811330477731
    }, 
    "48": {
        "cache-12": 3.948105232885124, 
        "cache-14": 3.884811330477731
    }, 
    "49": {
        "cache-12": 4.118297192582692, 
        "cache-14": 3.884811330477731
    }, 
    "50": {
        "cache-12": 4.306871744381894, 
        "cache-14": 3.884811330477731
    }, 
    "51": {
        "cache-12": 4.297680448331077, 
        "cache-14": 3.884811330477731
    }, 
    "52": {
        "cache-12": 4.293084800305669, 
        "cache-14": 3.884811330477731
    }, 
    "53": {
        "cache-12": 4.290786976292965, 
        "cache-14": 3.884811330477731
    }, 
    "54": {
        "cache-12": 4.6453702911729895, 
        "cache-14": 3.884811330477731
    }, 
    "55": {
        "cache-12": 4.725180878362716, 
        "cache-14": 3.884811330477731
    }, 
    "56": {
        "cache-12": 4.610313587271906, 
        "cache-14": 3.884811330477731
    }, 
    "57": {
        "cache-12": 4.707652526412174, 
        "cache-14": 3.884811330477731
    }, 
    "58": {
        "cache-12": 4.756321995982308, 
        "cache-14": 3.884811330477731
    }, 
    "59": {
        "cache-12": 4.780656730767375, 
        "cache-14": 3.884811330477731
    }, 
    "60": {
        "cache-12": 4.534572941523818, 
        "cache-14": 3.884811330477731
    }, 
    "61": {
        "cache-12": 4.515009618852457, 
        "cache-14": 3.884811330477731
    }, 
    "62": {
        "cache-12": 4.757481612452736, 
        "cache-14": 3.884811330477731
    }, 
    "63": {
        "cache-12": 4.781236539002589, 
        "cache-14": 3.884811330477731
    }, 
    "64": {
        "cache-12": 4.534862845641425, 
        "cache-14": 3.884811330477731
    }, 
    "65": {
        "cache-12": 4.411675998960843, 
        "cache-14": 3.884811330477731
    }, 
    "66": {
        "cache-12": 4.608333732256643, 
        "cache-14": 3.884811330477731
    }, 
    "67": {
        "cache-12": 4.804143669154829, 
        "cache-14": 3.884811330477731
    }, 
    "68": {
        "cache-12": 4.649794982667963, 
        "cache-14": 3.884811330477731
    }, 
    "69": {
        "cache-12": 4.727393224110203, 
        "cache-14": 3.884811330477731
    }, 
    "70": {
        "cache-12": 4.8636734150816086, 
        "cache-14": 3.884811330477731
    }, 
    "71": {
        "cache-12": 4.834332440317025, 
        "cache-14": 3.884811330477731
    }, 
    "72": {
        "cache-12": 4.819661952934734, 
        "cache-14": 3.884811330477731
    }, 
    "73": {
        "cache-12": 4.657554124557915, 
        "cache-14": 3.884811330477731
    }, 
    "74": {
        "cache-12": 4.731272795055179, 
        "cache-14": 3.884811330477731
    }, 
    "75": {
        "cache-12": 4.76813213030381, 
        "cache-14": 3.884811330477731
    }, 
    "76": {
        "cache-12": 4.528310641292036, 
        "cache-14": 3.884811330477731
    }, 
    "77": {
        "cache-12": 4.29438627940705, 
        "cache-14": 3.884811330477731
    }, 
    "78": {
        "cache-12": 4.177424098464558, 
        "cache-14": 3.884811330477731
    }, 
    "79": {
        "cache-12": 4.4912077820085, 
        "cache-14": 3.884811330477731
    }, 
    "80": {
        "cache-12": 4.648099623780471, 
        "cache-14": 3.884811330477731
    }, 
    "81": {
        "cache-12": 4.468294388030365, 
        "cache-14": 3.884811330477731
    }, 
    "82": {
        "cache-12": 4.2643781527762155, 
        "cache-14": 3.884811330477731
    }, 
    "83": {
        "cache-12": 4.534684809164329,