{
    "0": {
        "cache-15": 3.9272278088199997, 
        "cache-16": 4.99774713995807
    }, 
    "1": {
        "cache-15": 3.9272278088199997, 
        "cache-16": 4.99774713995807
    }, 
    "2": {
        "cache-15": 3.9272278088199997, 
        "cache-16": 4.99774713995807
    }, 
    "3": {
        "cache-15": 3.9272278088199997, 
        "cache-16": 4.99774713995807
    }, 
    "4": {
        "cache-15": 3.9272278088199997, 
        "cache-16": 4.99774713995807
    }, 
    "5": {
        "cache-15": 3.9272278088199997, 
        "cache-16": 4.99774713995807
    }, 
    "6": {
        "cache-15": 3.9272278088199997, 
        "cache-16": 4.99774713995807
    }, 
    "7": {
        "cache-15": 3.9272278088199997, 
        "cache-16": 4.99774713995807
    }, 
    "8": {
        "cache-15": 3.9272278088199997, 
        "cache-16": 4.99774713995807
    }, 
    "9": {
        "cache-15": 3.9272278088199997, 
        "cache-16": 4.99774713995807
    }, 
    "10": {
        "cache-15": 3.9272278088199997, 
        "cache-16": 4.99774713995807
    }, 
    "11": {
        "cache-15": 3.9272278088199997, 
        "cache-16": 4.986533756740963
    }, 
    "12": {
        "cache-15": 3.9272278088199997, 
        "cache-16": 4.986533756740963
    }, 
    "13": {
        "cache-15": 3.9272278088199997, 
        "cache-16": 4.986533756740963
    }, 
    "14": {
        "cache-15": 3.9272278088199997, 
        "cache-16": 4.986533756740963
    }, 
    "15": {
        "cache-15": 3.9272278088199997, 
        "cache-16": 4.986533756740963
    }, 
    "16": {
        "cache-15": 3.9272278088199997, 
        "cache-16": 4.986533756740963
    }, 
    "17": {
        "cache-15": 3.9272278088199997, 
        "cache-16": 4.986533756740963
    }, 
    "18": {
        "cache-15": 3.9272278088199997, 
        "cache-16": 4.986533756740963
    }, 
    "19": {
        "cache-15": 3.9272278088199997, 
        "cache-16": 4.986533756740963
    }, 
    "20": {
        "cache-15": 3.9272278088199997, 
        "cache-16": 4.986533756740963
    }, 
    "21": {
        "cache-15": 3.9272278088199997, 
        "cache-16": 4.89753348442248
    }, 
    "22": {
        "cache-15": 3.9272278088199997, 
        "cache-16": 4.89753348442248
    }, 
    "23": {
        "cache-15": 3.9272278088199997, 
        "cache-16": 4.89753348442248
    }, 
    "24": {
        "cache-15": 3.9272278088199997, 
        "cache-16": 4.89753348442248
    }, 
    "25": {
        "cache-15": 3.9272278088199997, 
        "cache-16": 4.89753348442248
    }, 
    "26": {
        "cache-15": 3.9272278088199997, 
        "cache-16": 4.89753348442248
    }, 
    "27": {
        "cache-15": 3.9272278088199997, 
        "cache-16": 4.89753348442248
    }, 
    "28": {
        "cache-15": 3.9272278088199997, 
        "cache-16": 4.89753348442248
    }, 
    "29": {
        "cache-15": 3.9272278088199997, 
        "cache-16": 4.89753348442248
    }, 
    "30": {
        "cache-15": 3.9272278088199997, 
        "cache-16": 4.89753348442248
    }, 
    "31": {
        "cache-15": 3.9272278088199997, 
        "cache-16": 4.95700077498396
    }, 
    "32": {
        "cache-15": 3.9272278088199997, 
        "cache-16": 4.95700077498396
    }, 
    "33": {
        "cache-15": 3.9272278088199997, 
        "cache-16": 4.95700077498396
    }, 
    "34": {
        "cache-15": 3.9272278088199997, 
        "cache-16": 4.95700077498396
    }, 
    "35": {
        "cache-15": 3.9272278088199997, 
        "cache-16": 4.95700077498396
    }, 
    "36": {
        "cache-15": 3.9272278088199997, 
        "cache-16": 4.95700077498396
    }, 
    "37": {
        "cache-15": 3.9272278088199997, 
        "cache-16": 4.95700077498396
    }, 
    "38": {
        "cache-15": 3.9272278088199997, 
        "cache-16": 4.95700077498396
    }, 
    "39": {
        "cache-15": 3.9272278088199997, 
        "cache-16": 4.95700077498396
    }, 
    "40": {
        "cache-15": 3.9272278088199997, 
        "cache-16": 4.95700077498396
    }, 
    "41": {
        "cache-15": 3.9272278088199997, 
        "cache-16": 4.9990996431009656
    }, 
    "42": {
        "cache-15": 3.9272278088199997, 
        "cache-16": 4.9990996431009656
    }, 
    "43": {
        "cache-15": 3.9272278088199997, 
        "cache-16": 4.9990996431009656
    }, 
    "44": {
        "cache-15": 3.9272278088199997, 
        "cache-16": 4.9990996431009656
    }, 
    "45": {
        "cache-15": 3.9272278088199997, 
        "cache-16": 4.9990996431009656
    }, 
    "46": {
        "cache-15": 3.9272278088199997, 
        "cache-16": 4.9990996431009656
    }, 
    "47": {
        "cache-15": 3.9272278088199997, 
        "cache-16": 4.9990996431009656
    }, 
    "48": {
        "cache-15": 3.9272278088199997, 
        "cache-16": 4.9990996431009656
    }, 
    "49": {
        "cache-15": 3.9272278088199997, 
        "cache-16": 4.9990996431009656
    }, 
    "50": {
        "cache-15": 3.9272278088199997, 
        "cache-16": 4.9990996431009656
    }, 
    "51": {
        "cache-15": 3.92057304580375, 
        "cache-16": 4.9508782692952655
    }, 
    "52": {
        "cache-15": 3.92057304580375, 
        "cache-16": 4.9508782692952655
    }, 
    "53": {
        "cache-15": 3.92057304580375, 
        "cache-16": 4.9508782692952655
    }, 
    "54": {
        "cache-15": 3.92057304580375, 
        "cache-16": 4.9508782692952655
    }, 
    "55": {
        "cache-15": 3.92057304580375, 
        "cache-16": 4.9508782692952655
    }, 
    "56": {
        "cache-15": 3.92057304580375, 
        "cache-16": 4.9508782692952655
    }, 
    "57": {
        "cache-15": 3.92057304580375, 
        "cache-16": 4.9508782692952655
    }, 
    "58": {
        "cache-15": 3.92057304580375, 
        "cache-16": 4.9508782692952655
    }, 
    "59": {
        "cache-15": 3.92057304580375, 
        "cache-16": 4.9508782692952655
    }, 
    "60": {
        "cache-15": 3.92057304580375, 
        "cache-16": 4.9508782692952655
    }, 
    "61": {
        "cache-15": 3.912150611360996, 
        "cache-16": 4.9996993342803595
    }, 
    "62": {
        "cache-15": 3.912150611360996, 
        "cache-16": 4.9996993342803595
    }, 
    "63": {
        "cache-15": 3.912150611360996, 
        "cache-16": 4.9996993342803595
    }, 
    "64": {
        "cache-15": 3.912150611360996, 
        "cache-16": 4.9996993342803595
    }, 
    "65": {
        "cache-15": 3.912150611360996, 
        "cache-16": 4.9996993342803595
    }, 
    "66": {
        "cache-15": 3.912150611360996, 
        "cache-16": 4.9996993342803595
    }, 
    "67": {
        "cache-15": 3.912150611360996, 
        "cache-16": 4.9996993342803595
    }, 
    "68": {
        "cache-15": 3.912150611360996, 
        "cache-16": 4.9996993342803595
    }, 
    "69": {
        "cache-15": 3.912150611360996, 
        "cache-16": 4.9996993342803595
    }, 
    "70": {
        "cache-15": 3.912150611360996, 
        "cache-16": 4.9996993342803595
    }, 
    "71": {
        "cache-15": 3.8930166028132964, 
        "cache-16": 4.844463719795165
    }, 
    "72": {
        "cache-15": 3.8930166028132964, 
        "cache-16": 4.844463719795165
    }, 
    "73": {
        "cache-15": 3.8930166028132964, 
        "cache-16": 4.844463719795165
    }, 
    "74": {
        "cache-15": 3.8930166028132964, 
        "cache-16": 4.844463719795165
    }, 
    "75": {
        "cache-15": 3.8930166028132964, 
        "cache-16": 4.844463719795165
    }, 
    "76": {
        "cache-15": 3.8930166028132964, 
        "cache-16": 4.844463719795165
    }, 
    "77": {
        "cache-15": 3.8930166028132964, 
        "cache-16": 4.844463719795165
    }, 
    "78": {
        "cache-15": 3.8930166028132964, 
        "cache-16": 4.844463719795165
    }, 
    "79": {
        "cache-15": 3.8930166028132964, 
        "cache-16": 4.844463719795165
    }, 
    "80": {
        "cache-15": 3.8930166028132964, 
        "cache-16": 4.844463719795165
    },