{
    "0": {
        "cache-07": 3.75, 
        "cache-08": 4
    }, 
    "1": {
        "cache-07": 4.374976803026508, 
        "cache-08": 4
    }, 
    "2": {
        "cache-07": 4.687465204539761, 
        "cache-08": 4
    }, 
    "3": {
        "cache-07": 4.843709405296387, 
        "cache-08": 4
    }, 
    "4": {
        "cache-07": 4.921831505674701, 
        "cache-08": 4
    }, 
    "5": {
        "cache-07": 4.9608925558638575, 
        "cache-08": 4
    }, 
    "6": {
        "cache-07": 4.980423080958436, 
        "cache-08": 4
    }, 
    "7": {
        "cache-07": 4.990188343505725, 
        "cache-08": 4
    }, 
    "8": {
        "cache-07": 4.99507097477937, 
        "cache-08": 4
    }, 
    "9": {
        "cache-07": 4.997512290416193, 
        "cache-08": 4
    }, 
    "10": {
        "cache-07": 4.998732948234604, 
        "cache-08": 4
    }, 
    "11": {
        "cache-07": 4.99934327714381, 
        "cache-08": 4
    }, 
    "12": {
        "cache-07": 4.999648441598412, 
        "cache-08": 4
    }, 
    "13": {
        "cache-07": 4.999801023825713, 
        "cache-08": 4
    }, 
    "14": {
        "cache-07": 4.902396244689077, 
        "cache-08": 4
    }, 
    "15": {
        "cache-07": 4.5954426984846695, 
        "cache-08": 4
    }, 
    "16": {
        "cache-07": 4.545444497332883, 
        "cache-08": 4
    }, 
    "17": {
        "cache-07": 4.772699051692949, 
        "cache-08": 4
    }, 
    "18": {
        "cache-07": 4.788845258622695, 
        "cache-08": 4
    }, 
    "19": {
        "cache-07": 4.642145777401896, 
        "cache-08": 4
    }, 
    "20": {
        "cache-07": 4.568796036791497, 
        "cache-08": 4
    }, 
    "21": {
        "cache-07": 4.532121166486297, 
        "cache-08": 4
    }, 
    "22": {
        "cache-07": 4.410305159383279, 
        "cache-08": 4
    }, 
    "23": {
        "cache-07": 4.34939715583177, 
        "cache-08": 4
    }, 
    "24": {
        "cache-07": 4.318943154056015, 
        "cache-08": 4
    }, 
    "25": {
        "cache-07": 4.407194725118556, 
        "cache-08": 4
    }, 
    "26": {
        "cache-07": 4.347841938699409, 
        "cache-08": 4
    }, 
    "27": {
        "cache-07": 4.204151928110736, 
        "cache-08": 4
    }, 
    "28": {
        "cache-07": 4.132306922816401, 
        "cache-08": 4
    }, 
    "29": {
        "cache-07": 4.21039803754833, 
        "cache-08": 4
    }, 
    "30": {
        "cache-07": 4.507694751550386, 
        "cache-08": 4
    }, 
    "31": {
        "cache-07": 4.501570523865741, 
        "cache-08": 4
    }, 
    "32": {
        "cache-07": 4.395029838073, 
        "cache-08": 4
    }, 
    "33": {
        "cache-07": 4.600010651812721, 
        "cache-08": 4
    }, 
    "34": {
        "cache-07": 4.799982128932868, 
        "cache-08": 4
    }, 
    "35": {
        "cache-07": 4.647714212556982, 
        "cache-08": 4
    }, 
    "36": {
        "cache-07": 4.57158025436904, 
        "cache-08": 4
    }, 
    "37": {
        "cache-07": 4.533513275275068, 
        "cache-08": 4
    }, 
    "38": {
        "cache-07": 4.766733440664041, 
        "cache-08": 4
    }, 
    "39": {
        "cache-07": 4.52761129647215, 
        "cache-08": 4
    }, 
    "40": {
        "cache-07": 4.408050224376206, 
        "cache-08": 4
    }, 
    "41": {
        "cache-07": 4.348269688328234, 
        "cache-08": 4
    }, 
    "42": {
        "cache-07": 4.576630576940338, 
        "cache-08": 4
    }, 
    "43": {
        "cache-07": 4.432559864610299, 
        "cache-08": 4
    }, 
    "44": {
        "cache-07": 4.36052450844528, 
        "cache-08": 4
    }, 
    "45": {
        "cache-07": 4.427985402313189, 
        "cache-08": 4
    }, 
    "46": {
        "cache-07": 4.713969504183101, 
        "cache-08": 4
    }, 
    "47": {
        "cache-07": 4.759480484867772, 
        "cache-08": 4
    }, 
    "48": {
        "cache-07": 4.523984818574016, 
        "cache-08": 4
    }, 
    "49": {
        "cache-07": 4.406236985427139, 
        "cache-08": 4
    }, 
    "50": {
        "cache-07": 4.703095295740077, 
        "cache-08": 4
    }, 
    "51": {
        "cache-07": 4.851524450896546, 
        "cache-08": 4
    }, 
    "52": {
        "cache-07": 4.570006801588404, 
        "cache-08": 4
    }, 
    "53": {
        "cache-07": 4.429247976934333, 
        "cache-08": 4
    }, 
    "54": {
        "cache-07": 4.617119721243387, 
        "cache-08": 4
    }, 
    "55": {
        "cache-07": 4.808536663648201, 
        "cache-08": 4
    }, 
    "56": {
        "cache-07": 4.651991479914649, 
        "cache-08": 4
    }, 
    "57": {
        "cache-07": 4.470240316097454, 
        "cache-08": 4
    }, 
    "58": {
        "cache-07": 4.265351116809759, 
        "cache-08": 4
    }, 
    "59": {
        "cache-07": 4.535171291181101, 
        "cache-08": 4
    }, 
    "60": {
        "cache-07": 4.670081378366771, 
        "cache-08": 4
    }, 
    "61": {
        "cache-07": 4.582763837273934, 
        "cache-08": 4
    }, 
    "62": {
        "cache-07": 4.693877651413188, 
        "cache-08": 4
    }, 
    "63": {
        "cache-07": 4.594661973797143, 
        "cache-08": 4
    }, 
    "64": {
        "cache-07": 4.441575563038702, 
        "cache-08": 4
    }, 
    "65": {
        "cache-07": 4.365032357659482, 
        "cache-08": 4
    }, 
    "66": {
        "cache-07": 4.430239326920289, 
        "cache-08": 4
    }, 
    "67": {
        "cache-07": 4.715096466486652, 
        "cache-08": 4
    }, 
    "68": {
        "cache-07": 4.857525036269833, 
        "cache-08": 4
    }, 
    "69": {
        "cache-07": 4.6764856662254655, 
        "cache-08": 4
    }, 
    "70": {
        "cache-07": 4.585965981203281, 
        "cache-08": 4
    }, 
    "71": {
        "cache-07": 4.792959793628148, 
        "cache-08": 4
    }, 
    "72": {
        "cache-07": 4.644203044904622, 
        "cache-08": 4
    }, 
    "73": {
        "cache-07": 4.4663460985924415, 
        "cache-08": 4
    }, 
    "74": {
        "cache-07": 4.377417625436351, 
        "cache-08": 4
    }, 
    "75": {
        "cache-07": 4.332953388858305, 
        "cache-08": 4
    }, 
    "76": {
        "cache-07": 4.568972427205374, 
        "cache-08": 4
    }, 
    "77": {
        "cache-07": 4.532209361693235, 
        "cache-08": 4
    }, 
    "78": {
        "cache-07": 4.410349256986748, 
        "cache-08": 4
    }, 
    "79": {
        "cache-07": 4.349419204633504, 
        "cache-08": 4
    }, 
    "80": {
        "cache-07": 4.674686405343259, 
        "cache-08": 4
    }, 
    "81": {
        "cache-07": 4.585066350762178, 
        "cache-08": 4
    }, 
    "82": {
        "cache-07": 4.540256323471637, 
        "cache-08": 4
    }, 
    "83": {
        "cache-07": 4.672623894512039, 
        "cache-08": 4
    }, 
    "84": {
        "cache-07": 4.836288750282527, 
        "cache-08": 4
    }, 
    "85": {
        "cache-07": 4.5623889512813935, 
        "cache-08": 4
    }, 
    "86": {
        "cache-07": 4.781171278667204, 
        "cache-08": 4
    }, 
    "87": {
        "cache-07": 4.63830878742415, 
        "cache-08": 4
    }, 
    "88": {
        "cache-07": 4.463398969852205, 
        "cache-08": 4
    }, 
    "89": {
        "cache-07": 4.3759440610662335, 
        "cache-08": 4
    }, 
    "90": {
        "cache-07": 4.3322166066732475, 
        "cache-08": 4
    }, 
    "91": {
        "cache-07": 4.413831451427172, 
        "cache-08": 4
    }, 
    "92": {
        "cache-07": 4.609411458489808, 
        "cache-08": 4
    }, 
    "93": {
        "cache-07": 4.804682532271411, 
        "cache-08": 4
    }, 
    "94": {
        "cache-07": 4.650064414226254, 
        "cache-08": 4
    }, 
    "95": {
        "cache-07": 4.572755355203675, 
        "cache-08": 4
    }, 
    "96": {
        "cache-07": 4.688873410378059, 
        "cache-08": 4
    }, 
    "97": {
        "cache-07": 4.844413508215537,