{
    "0": {
        "cache-03": 4, 
        "cache-04": 3.75
    }, 
    "1": {
        "cache-03": 4, 
        "cache-04": 3.7321376961479262
    }, 
    "2": {
        "cache-03": 4, 
        "cache-04": 4.010313424214093
    }, 
    "3": {
        "cache-03": 4, 
        "cache-04": 4.505133515133554
    }, 
    "4": {
        "cache-03": 4, 
        "cache-04": 4.752543560593285
    }, 
    "5": {
        "cache-03": 4, 
        "cache-04": 4.87624858332315
    }, 
    "6": {
        "cache-03": 4, 
        "cache-04": 4.938101094688083
    }, 
    "7": {
        "cache-03": 4, 
        "cache-04": 4.969027350370549
    }, 
    "8": {
        "cache-03": 4, 
        "cache-04": 4.984490478211782
    }, 
    "9": {
        "cache-03": 4, 
        "cache-04": 4.992222042132399
    }, 
    "10": {
        "cache-03": 4, 
        "cache-04": 4.996087824092706
    }, 
    "11": {
        "cache-03": 4, 
        "cache-04": 4.99802071507286
    }, 
    "12": {
        "cache-03": 4, 
        "cache-04": 4.998987160562937
    }, 
    "13": {
        "cache-03": 4, 
        "cache-04": 4.999470383307976
    }, 
    "14": {
        "cache-03": 4, 
        "cache-04": 4.999711994680496
    }, 
    "15": {
        "cache-03": 4, 
        "cache-04": 4.999832800366756
    }, 
    "16": {
        "cache-03": 4, 
        "cache-04": 4.999893203209885
    }, 
    "17": {
        "cache-03": 4, 
        "cache-04": 4.999923404631449
    }, 
    "18": {
        "cache-03": 4, 
        "cache-04": 4.999938505342232
    }, 
    "19": {
        "cache-03": 4, 
        "cache-04": 4.999946055697624
    }, 
    "20": {
        "cache-03": 4, 
        "cache-04": 4.99994983087532
    }, 
    "21": {
        "cache-03": 4, 
        "cache-04": 4.9999517184641675
    }, 
    "22": {
        "cache-03": 4, 
        "cache-04": 4.9999526622585915
    }, 
    "23": {
        "cache-03": 4, 
        "cache-04": 4.999953134155803
    }, 
    "24": {
        "cache-03": 4, 
        "cache-04": 4.999953370104409
    }, 
    "25": {
        "cache-03": 4, 
        "cache-04": 4.999953488078711
    }, 
    "26": {
        "cache-03": 4, 
        "cache-04": 4.9999535470658625
    }, 
    "27": {
        "cache-03": 4, 
        "cache-04": 4.999953576559438
    }, 
    "28": {
        "cache-03": 4, 
        "cache-04": 4.999953591306227
    }, 
    "29": {
        "cache-03": 4, 
        "cache-04": 4.999953598679621
    }, 
    "30": {
        "cache-03": 4, 
        "cache-04": 4.999953602366318
    }, 
    "31": {
        "cache-03": 4, 
        "cache-04": 4.999953604209667
    }, 
    "32": {
        "cache-03": 4, 
        "cache-04": 4.99995360513134
    }, 
    "33": {
        "cache-03": 4, 
        "cache-04": 4.999953605592177
    }, 
    "34": {
        "cache-03": 4, 
        "cache-04": 4.999953605822595
    }, 
    "35": {
        "cache-03": 4, 
        "cache-04": 4.9999536059378045
    }, 
    "36": {
        "cache-03": 4, 
        "cache-04": 4.99995360599541
    }, 
    "37": {
        "cache-03": 4, 
        "cache-04": 4.999953606024212
    }, 
    "38": {
        "cache-03": 4, 
        "cache-04": 4.999953606038613
    }, 
    "39": {
        "cache-03": 4, 
        "cache-04": 4.999953606045814
    }, 
    "40": {
        "cache-03": 4, 
        "cache-04": 4.999953606049415
    }, 
    "41": {
        "cache-03": 4, 
        "cache-04": 4.999953606051214
    }, 
    "42": {
        "cache-03": 4, 
        "cache-04": 4.999953606052115
    }, 
    "43": {
        "cache-03": 4, 
        "cache-04": 4.999953606052564
    }, 
    "44": {
        "cache-03": 4, 
        "cache-04": 4.99995360605279
    }, 
    "45": {
        "cache-03": 4, 
        "cache-04": 4.999953606052902
    }, 
    "46": {
        "cache-03": 4, 
        "cache-04": 4.999953606052959
    }, 
    "47": {
        "cache-03": 4, 
        "cache-04": 4.999953606052987
    }, 
    "48": {
        "cache-03": 4, 
        "cache-04": 4.999953606053001
    }, 
    "49": {
        "cache-03": 4, 
        "cache-04": 4.999953606053008
    }, 
    "50": {
        "cache-03": 4, 
        "cache-04": 4.999953606053012
    }, 
    "51": {
        "cache-03": 4, 
        "cache-04": 4.999953606053014
    }, 
    "52": {
        "cache-03": 4, 
        "cache-04": 4.999953606053014
    }, 
    "53": {
        "cache-03": 4, 
        "cache-04": 4.999953606053014
    }, 
    "54": {
        "cache-03": 4, 
        "cache-04": 4.999953606053014
    }, 
    "55": {
        "cache-03": 4, 
        "cache-04": 4.999953606053014
    }, 
    "56": {
        "cache-03": 4, 
        "cache-04": 4.999953606053014
    }, 
    "57": {
        "cache-03": 4, 
        "cache-04": 4.999953606053014
    }, 
    "58": {
        "cache-03": 4, 
        "cache-04": 4.999953606053014
    }, 
    "59": {
        "cache-03": 4, 
        "cache-04": 4.999953606053014
    }, 
    "60": {
        "cache-03": 4, 
        "cache-04": 4.999953606053014
    }, 
    "61": {
        "cache-03": 4, 
        "cache-04": 4.999953606053014
    }, 
    "62": {
        "cache-03": 4, 
        "cache-04": 4.999953606053014
    }, 
    "63": {
        "cache-03": 4, 
        "cache-04": 4.999953606053014
    }, 
    "64": {
        "cache-03": 4, 
        "cache-04": 4.999953606053014
    }, 
    "65": {
        "cache-03": 4, 
        "cache-04": 4.999953606053014
    }, 
    "66": {
        "cache-03": 4, 
        "cache-04": 4.999953606053014
    }, 
    "67": {
        "cache-03": 4, 
        "cache-04": 4.999953606053014
    }, 
    "68": {
        "cache-03": 4, 
        "cache-04": 4.999953606053014
    }, 
    "69": {
        "cache-03": 4, 
        "cache-04": 4.999953606053014
    }, 
    "70": {
        "cache-03": 4, 
        "cache-04": 4.999953606053014
    }, 
    "71": {
        "cache-03": 4, 
        "cache-04": 4.999953606053014
    }, 
    "72": {
        "cache-03": 4, 
        "cache-04": 4.999953606053014
    }, 
    "73": {
        "cache-03": 4, 
        "cache-04": 4.999953606053014
    }, 
    "74": {
        "cache-03": 4, 
        "cache-04": 4.999953606053014
    }, 
    "75": {
        "cache-03": 4, 
        "cache-04": 4.999953606053014
    }, 
    "76": {
        "cache-03": 4, 
        "cache-04": 4.999953606053014
    }, 
    "77": {
        "cache-03": 4, 
        "cache-04": 4.999953606053014
    }, 
    "78": {
        "cache-03": 4, 
        "cache-04": 4.999953606053014
    }, 
    "79": {
        "cache-03": 4, 
        "cache-04": 4.999953606053014
    }, 
    "80": {
        "cache-03": 4, 
        "cache-04": 4.999953606053014
    }, 
    "81": {
        "cache-03": 4, 
        "cache-04": 4.999953606053014
    }, 
    "82": {
        "cache-03": 4, 
        "cache-04": 4.999953606053014
    }, 
    "83": {
        "cache-03": 4, 
        "cache-04": 4.999953606053014
    }, 
    "84": {
        "cache-03": 4, 
        "cache-04": 4.999953606053014
    }, 
    "85": {
        "cache-03": 4, 
        "cache-04": 4.999953606053014
    }, 
    "86": {
        "cache-03": 4, 
        "cache-04": 4.999953606053014
    }, 
    "87": {
        "cache-03": 4, 
        "cache-04": 4.999953606053014
    }, 
    "88": {
        "cache-03": 4, 
        "cache-04": 4.999953606053014
    }, 
    "89": {
        "cache-03": 4, 
        "cache-04": 4.999953606053014
    }, 
    "90": {
        "cache-03": 4, 
        "cache-04": 4.999953606053014
    }, 
    "91": {
        "cache-03": 4, 
        "cache-04": 4.999953606053014
    }, 
    "92": {
        "cache-03": 4, 
        "cache-04": 4.999953606053014
    }, 
    "93": {
        "cache-03": 4, 
        "cache-04": 4.999953606053014
    }, 
    "94": {
        "cache-03": 4, 
        "cache-04": 4.999953606053014
    }, 
    "95": {
        "cache-03": 4, 
        "cache-04": 4.999953606053014
    }, 
    "96": {
        "cache-03": 4, 
        "cache-04": 4.999953606053014
    }, 
    "97": {
        "cache-03": 4,