{
    "0": {
        "cache-11": 4.6747044999626715, 
        "cache-12": 1.55222283644
    }, 
    "1": {
        "cache-11": 4.6747044999626715, 
        "cache-12": 1.55222283644
    }, 
    "2": {
        "cache-11": 4.6747044999626715, 
        "cache-12": 1.55222283644
    }, 
    "3": {
        "cache-11": 4.6747044999626715, 
        "cache-12": 1.55222283644
    }, 
    "4": {
        "cache-11": 4.6747044999626715, 
        "cache-12": 1.55222283644
    }, 
    "5": {
        "cache-11": 4.6747044999626715, 
        "cache-12": 1.55222283644
    }, 
    "6": {
        "cache-11": 4.6747044999626715, 
        "cache-12": 1.55222283644
    }, 
    "7": {
        "cache-11": 4.6747044999626715, 
        "cache-12": 1.55222283644
    }, 
    "8": {
        "cache-11": 4.6747044999626715, 
        "cache-12": 1.55222283644
    }, 
    "9": {
        "cache-11": 4.6747044999626715, 
        "cache-12": 1.55222283644
    }, 
    "10": {
        "cache-11": 4.6747044999626715, 
        "cache-12": 1.55222283644
    }, 
    "11": {
        "cache-11": 4.381012893466394, 
        "cache-12": 1.55222283644
    }, 
    "12": {
        "cache-11": 4.381012893466394, 
        "cache-12": 1.55222283644
    }, 
    "13": {
        "cache-11": 4.381012893466394, 
        "cache-12": 1.55222283644
    }, 
    "14": {
        "cache-11": 4.381012893466394, 
        "cache-12": 1.55222283644
    }, 
    "15": {
        "cache-11": 4.381012893466394, 
        "cache-12": 1.55222283644
    }, 
    "16": {
        "cache-11": 4.381012893466394, 
        "cache-12": 1.55222283644
    }, 
    "17": {
        "cache-11": 4.381012893466394, 
        "cache-12": 1.55222283644
    }, 
    "18": {
        "cache-11": 4.381012893466394, 
        "cache-12": 1.55222283644
    }, 
    "19": {
        "cache-11": 4.381012893466394, 
        "cache-12": 1.55222283644
    }, 
    "20": {
        "cache-11": 4.381012893466394, 
        "cache-12": 1.55222283644
    }, 
    "21": {
        "cache-11": 4.030615125885358, 
        "cache-12": 1.55222283644
    }, 
    "22": {
        "cache-11": 4.030615125885358, 
        "cache-12": 1.55222283644
    }, 
    "23": {
        "cache-11": 4.030615125885358, 
        "cache-12": 1.55222283644
    }, 
    "24": {
        "cache-11": 4.030615125885358, 
        "cache-12": 1.55222283644
    }, 
    "25": {
        "cache-11": 4.030615125885358, 
        "cache-12": 1.55222283644
    }, 
    "26": {
        "cache-11": 4.030615125885358, 
        "cache-12": 1.55222283644
    }, 
    "27": {
        "cache-11": 4.030615125885358, 
        "cache-12": 1.55222283644
    }, 
    "28": {
        "cache-11": 4.030615125885358, 
        "cache-12": 1.55222283644
    }, 
    "29": {
        "cache-11": 4.030615125885358, 
        "cache-12": 1.55222283644
    }, 
    "30": {
        "cache-11": 4.030615125885358, 
        "cache-12": 1.55222283644
    }, 
    "31": {
        "cache-11": 4.30480505286497, 
        "cache-12": 1.555796669267564
    }, 
    "32": {
        "cache-11": 4.30480505286497, 
        "cache-12": 1.555796669267564
    }, 
    "33": {
        "cache-11": 4.30480505286497, 
        "cache-12": 1.555796669267564
    }, 
    "34": {
        "cache-11": 4.30480505286497, 
        "cache-12": 1.555796669267564
    }, 
    "35": {
        "cache-11": 4.30480505286497, 
        "cache-12": 1.555796669267564
    }, 
    "36": {
        "cache-11": 4.30480505286497, 
        "cache-12": 1.555796669267564
    }, 
    "37": {
        "cache-11": 4.30480505286497, 
        "cache-12": 1.555796669267564
    }, 
    "38": {
        "cache-11": 4.30480505286497, 
        "cache-12": 1.555796669267564
    }, 
    "39": {
        "cache-11": 4.30480505286497, 
        "cache-12": 1.555796669267564
    }, 
    "40": {
        "cache-11": 4.30480505286497, 
        "cache-12": 1.555796669267564
    }, 
    "41": {
        "cache-11": 3.8547052194014757, 
        "cache-12": 1.8282606492476323
    }, 
    "42": {
        "cache-11": 3.8547052194014757, 
        "cache-12": 1.8282606492476323
    }, 
    "43": {
        "cache-11": 3.8547052194014757, 
        "cache-12": 1.8282606492476323
    }, 
    "44": {
        "cache-11": 3.8547052194014757, 
        "cache-12": 1.8282606492476323
    }, 
    "45": {
        "cache-11": 3.8547052194014757, 
        "cache-12": 1.8282606492476323
    }, 
    "46": {
        "cache-11": 3.8547052194014757, 
        "cache-12": 1.8282606492476323
    }, 
    "47": {
        "cache-11": 3.8547052194014757, 
        "cache-12": 1.8282606492476323
    }, 
    "48": {
        "cache-11": 3.8547052194014757, 
        "cache-12": 1.8282606492476323
    }, 
    "49": {
        "cache-11": 3.8547052194014757, 
        "cache-12": 1.8282606492476323
    }, 
    "50": {
        "cache-11": 3.8547052194014757, 
        "cache-12": 1.8282606492476323
    }, 
    "51": {
        "cache-11": 3.6401097250027297, 
        "cache-12": 1.8451286870739603
    }, 
    "52": {
        "cache-11": 3.6401097250027297, 
        "cache-12": 1.8451286870739603
    }, 
    "53": {
        "cache-11": 3.6401097250027297, 
        "cache-12": 1.8451286870739603
    }, 
    "54": {
        "cache-11": 3.6401097250027297, 
        "cache-12": 1.8451286870739603
    }, 
    "55": {
        "cache-11": 3.6401097250027297, 
        "cache-12": 1.8451286870739603
    }, 
    "56": {
        "cache-11": 3.6401097250027297, 
        "cache-12": 1.8451286870739603
    }, 
    "57": {
        "cache-11": 3.6401097250027297, 
        "cache-12": 1.8451286870739603
    }, 
    "58": {
        "cache-11": 3.6401097250027297, 
        "cache-12": 1.8451286870739603
    }, 
    "59": {
        "cache-11": 3.6401097250027297, 
        "cache-12": 1.8451286870739603
    }, 
    "60": {
        "cache-11": 3.6401097250027297, 
        "cache-12": 1.8451286870739603
    }, 
    "61": {
        "cache-11": 3.993178527537254, 
        "cache-12": 2.0682040919538873
    }, 
    "62": {
        "cache-11": 3.993178527537254, 
        "cache-12": 2.0682040919538873
    }, 
    "63": {
        "cache-11": 3.993178527537254, 
        "cache-12": 2.0682040919538873
    }, 
    "64": {
        "cache-11": 3.993178527537254, 
        "cache-12": 2.0682040919538873
    }, 
    "65": {
        "cache-11": 3.993178527537254, 
        "cache-12": 2.0682040919538873
    }, 
    "66": {
        "cache-11": 3.993178527537254, 
        "cache-12": 2.0682040919538873
    }, 
    "67": {
        "cache-11": 3.993178527537254, 
        "cache-12": 2.0682040919538873
    }, 
    "68": {
        "cache-11": 3.993178527537254, 
        "cache-12": 2.0682040919538873
    }, 
    "69": {
        "cache-11": 3.993178527537254, 
        "cache-12": 2.0682040919538873
    }, 
    "70": {
        "cache-11": 3.993178527537254, 
        "cache-12": 2.0682040919538873
    }, 
    "71": {
        "cache-11": 3.789471679887022, 
        "cache-12": 2.3503895448444996
    }, 
    "72": {
        "cache-11": 3.789471679887022, 
        "cache-12": 2.3503895448444996
    }, 
    "73": {
        "cache-11": 3.789471679887022, 
        "cache-12": 2.3503895448444996
    }, 
    "74": {
        "cache-11": 3.789471679887022, 
        "cache-12": 2.3503895448444996
    }, 
    "75": {
        "cache-11": 3.789471679887022, 
        "cache-12": 2.3503895448444996
    }, 
    "76": {
        "cache-11": 3.789471679887022, 
        "cache-12": 2.3503895448444996
    }, 
    "77": {
        "cache-11": 3.789471679887022, 
        "cache-12": 2.3503895448444996
    }, 
    "78": {
        "cache-11": 3.789471679887022, 
        "cache-12": 2.3503895448444996
    }, 
    "79": {
        "cache-11": 3.789471679887022, 
        "cache-12": 2.3503895448444996
    }, 
    "80": {
        "cache-11": 3.789471679887022, 
        "cache-12": 2.3503895448444996
    }, 
    "81": {
        "cache-11": 3.6108866109102205, 
        "cache-12": 2.724399999091532
    },