{
    "0": {
        "cache-07": 4, 
        "cache-08": 3.75
    }, 
    "1": {
        "cache-07": 4, 
        "cache-08": 4.01924457614013
    }, 
    "2": {
        "cache-07": 4, 
        "cache-08": 4.257345436160613
    }, 
    "3": {
        "cache-07": 4, 
        "cache-08": 4.531168450856528
    }, 
    "4": {
        "cache-07": 4, 
        "cache-08": 4.668079958204485
    }, 
    "5": {
        "cache-07": 4, 
        "cache-08": 4.834016782128749
    }, 
    "6": {
        "cache-07": 4, 
        "cache-08": 4.916985194090882
    }, 
    "7": {
        "cache-07": 4, 
        "cache-08": 4.958469400071948
    }, 
    "8": {
        "cache-07": 4, 
        "cache-08": 4.979211503062482
    }, 
    "9": {
        "cache-07": 4, 
        "cache-08": 4.989582554557748
    }, 
    "10": {
        "cache-07": 4, 
        "cache-08": 4.639035853419005
    }, 
    "11": {
        "cache-07": 4, 
        "cache-08": 4.039263770974977
    }, 
    "12": {
        "cache-07": 4, 
        "cache-08": 3.876769581635415
    }, 
    "13": {
        "cache-07": 4.247723148090548, 
        "cache-08": 3.876769581635415
    }, 
    "14": {
        "cache-07": 4.154092532806306, 
        "cache-08": 3.876769581635415
    }, 
    "15": {
        "cache-07": 3.9341839625510793, 
        "cache-08": 3.876769581635415
    }, 
    "16": {
        "cache-07": 4.214815129366088, 
        "cache-08": 3.876769581635415
    }, 
    "17": {
        "cache-07": 4.251652140823174, 
        "cache-08": 3.876769581635415
    }, 
    "18": {
        "cache-07": 3.9829637665595135, 
        "cache-08": 3.876769581635415
    }, 
    "19": {
        "cache-07": 3.7112277275452317, 
        "cache-08": 3.876769581635415
    }, 
    "20": {
        "cache-07": 3.7112277275452317, 
        "cache-08": 3.6581306350831824
    }, 
    "21": {
        "cache-07": 3.575359708038091, 
        "cache-08": 3.6581306350831824
    }, 
    "22": {
        "cache-07": 3.575359708038091, 
        "cache-08": 3.548811161807066
    }, 
    "23": {
        "cache-07": 4.190175586795267, 
        "cache-08": 3.548811161807066
    }, 
    "24": {
        "cache-07": 3.9522254895455595, 
        "cache-08": 3.548811161807066
    }, 
    "25": {
        "cache-07": 3.695858589038255, 
        "cache-08": 3.548811161807066
    }, 
    "26": {
        "cache-07": 3.332802216651865, 
        "cache-08": 3.548811161807066
    }, 
    "27": {
        "cache-07": 3.332802216651865, 
        "cache-08": 3.494151425169008
    }, 
    "28": {
        "cache-07": 3.332802216651865, 
        "cache-08": 3.466821556849979
    }, 
    "29": {
        "cache-07": 3.332802216651865, 
        "cache-08": 3.4531566226904644
    }, 
    "30": {
        "cache-07": 3.332802216651865, 
        "cache-08": 3.5837160074931584
    }, 
    "31": {
        "cache-07": 3.332802216651865, 
        "cache-08": 4.1943537365228005
    }, 
    "32": {
        "cache-07": 3.332802216651865, 
        "cache-08": 3.9543145644093265
    }, 
    "33": {
        "cache-07": 3.332802216651865, 
        "cache-08": 3.8342949783525895
    }, 
    "34": {
        "cache-07": 3.332802216651865, 
        "cache-08": 3.947378447937327
    }, 
    "35": {
        "cache-07": 3.332802216651865, 
        "cache-08": 4.221412372059212
    }, 
    "36": {
        "cache-07": 3.332802216651865, 
        "cache-08": 3.830452030295081
    }, 
    "37": {
        "cache-07": 3.332802216651865, 
        "cache-08": 3.7723637112954664
    }, 
    "38": {
        "cache-07": 3.332802216651865, 
        "cache-08": 4.133905003738281
    }, 
    "39": {
        "cache-07": 3.332802216651865, 
        "cache-08": 4.097183460630173
    }, 
    "40": {
        "cache-07": 3.332802216651865, 
        "cache-08": 3.905729426463013
    }, 
    "41": {
        "cache-07": 3.332802216651865, 
        "cache-08": 3.6726105574969816
    }, 
    "42": {
        "cache-07": 3.332802216651865, 
        "cache-08": 3.5560511230139658
    }, 
    "43": {
        "cache-07": 3.332802216651865, 
        "cache-08": 3.9222701376471134
    }, 
    "44": {
        "cache-07": 3.332802216651865, 
        "cache-08": 4.2088582169141056
    }, 
    "45": {
        "cache-07": 3.332802216651865, 
        "cache-08": 3.961566804604979
    }, 
    "46": {
        "cache-07": 3.332802216651865, 
        "cache-08": 3.8379210984504155
    }, 
    "47": {
        "cache-07": 3.332802216651865, 
        "cache-08": 3.94919150798624
    }, 
    "48": {
        "cache-07": 3.332802216651865, 
        "cache-08": 4.377091486769341
    }, 
    "49": {
        "cache-07": 3.332802216651865, 
        "cache-08": 4.045683439532597
    }, 
    "50": {
        "cache-07": 3.332802216651865, 
        "cache-08": 3.879979415914225
    }, 
    "51": {
        "cache-07": 3.332802216651865, 
        "cache-08": 3.970220666718145
    }, 
    "52": {
        "cache-07": 3.332802216651865, 
        "cache-08": 3.8422480295069987
    }, 
    "53": {
        "cache-07": 3.332802216651865, 
        "cache-08": 3.6408698590189745
    }, 
    "54": {
        "cache-07": 3.332802216651865, 
        "cache-08": 3.540180773774962
    }, 
    "55": {
        "cache-07": 3.332802216651865, 
        "cache-08": 3.8003213456485136
    }, 
    "56": {
        "cache-07": 3.332802216651865, 
        "cache-08": 4.044405248964387
    }, 
    "57": {
        "cache-07": 3.332802216651865, 
        "cache-08": 3.87934032063012
    }, 
    "58": {
        "cache-07": 3.332802216651865, 
        "cache-08": 3.659416004580535
    }, 
    "59": {
        "cache-07": 3.332802216651865, 
        "cache-08": 3.5494538465557426
    }, 
    "60": {
        "cache-07": 3.332802216651865, 
        "cache-08": 3.6318646194257975
    }, 
    "61": {
        "cache-07": 3.332802216651865, 
        "cache-08": 3.6730700058608248
    }, 
    "62": {
        "cache-07": 3.332802216651865, 
        "cache-08": 3.6936726990783386
    }, 
    "63": {
        "cache-07": 3.332802216651865, 
        "cache-08": 3.7039740456870955
    }, 
    "64": {
        "cache-07": 3.332802216651865, 
        "cache-08": 3.88221798160458
    }, 
    "65": {
        "cache-07": 3.332802216651865, 
        "cache-08": 4.343604723578511
    }, 
    "66": {
        "cache-07": 3.332802216651865, 
        "cache-08": 4.028940057937182
    }, 
    "67": {
        "cache-07": 3.332802216651865, 
        "cache-08": 3.871607725116517
    }, 
    "68": {
        "cache-07": 3.332802216651865, 
        "cache-08": 4.33829959533448
    }, 
    "69": {
        "cache-07": 3.332802216651865, 
        "cache-08": 4.0262874938151665
    }, 
    "70": {
        "cache-07": 3.332802216651865, 
        "cache-08": 3.8702814430555095
    }, 
    "71": {
        "cache-07": 3.332802216651865, 
        "cache-08": 3.9653716802887873
    }, 
    "72": {
        "cache-07": 3.332802216651865, 
        "cache-08": 4.385181572920615
    }, 
    "73": {
        "cache-07": 3.332802216651865, 
        "cache-08": 4.22282174522134
    }, 
    "74": {
        "cache-07": 3.332802216651865, 
        "cache-08": 4.141641831371702
    }, 
    "75": {
        "cache-07": 3.332802216651865, 
        "cache-08": 4.101051874446883
    }, 
    "76": {
        "cache-07": 3.332802216651865, 
        "cache-08": 4.080756895984473
    }, 
    "77": {
        "cache-07": 3.332802216651865, 
        "cache-08": 4.0706094067532685
    }, 
    "78": {
        "cache-07": 3.332802216651865, 
        "cache-08": 4.065535662137666
    }, 
    "79": {
        "cache-07": 3.332802216651865, 
        "cache-08": 3.8899055272167593
    }, 
    "80": {
        "cache-07": 3.332802216651865, 
        "cache-08": 3.8020904597563057
    }, 
    "81": {
        "cache-07": 3.332802216651865, 
        "cache-08": 4.303540962654374
    }, 
    "82": {
        "cache-07": 3.332802216651865, 
        "cache-08": 4.008908177475114
    }, 
    "83": {
        "cache-07": 3.332802216651865,