{
    "0": {
        "cache-11": 2.9862329456337147, 
        "cache-13": 4.402762249106975
    }, 
    "1": {
        "cache-11": 2.9862329456337147, 
        "cache-13": 4.402762249106975
    }, 
    "2": {
        "cache-11": 2.9862329456337147, 
        "cache-13": 4.402762249106975
    }, 
    "3": {
        "cache-11": 2.9862329456337147, 
        "cache-13": 4.402762249106975
    }, 
    "4": {
        "cache-11": 2.9862329456337147, 
        "cache-13": 4.402762249106975
    }, 
    "5": {
        "cache-11": 2.9862329456337147, 
        "cache-13": 4.402762249106975
    }, 
    "6": {
        "cache-11": 2.9862329456337147, 
        "cache-13": 4.402762249106975
    }, 
    "7": {
        "cache-11": 2.9862329456337147, 
        "cache-13": 4.402762249106975
    }, 
    "8": {
        "cache-11": 2.9862329456337147, 
        "cache-13": 4.402762249106975
    }, 
    "9": {
        "cache-11": 2.9862329456337147, 
        "cache-13": 4.402762249106975
    }, 
    "10": {
        "cache-11": 2.9862329456337147, 
        "cache-13": 4.402762249106975
    }, 
    "11": {
        "cache-11": 2.9862329456318575, 
        "cache-13": 3.6966578164681234
    }, 
    "12": {
        "cache-11": 2.9862329456318575, 
        "cache-13": 3.6966578164681234
    }, 
    "13": {
        "cache-11": 2.9862329456318575, 
        "cache-13": 3.6966578164681234
    }, 
    "14": {
        "cache-11": 2.9862329456318575, 
        "cache-13": 3.6966578164681234
    }, 
    "15": {
        "cache-11": 2.9862329456318575, 
        "cache-13": 3.6966578164681234
    }, 
    "16": {
        "cache-11": 2.9862329456318575, 
        "cache-13": 3.6966578164681234
    }, 
    "17": {
        "cache-11": 2.9862329456318575, 
        "cache-13": 3.6966578164681234
    }, 
    "18": {
        "cache-11": 2.9862329456318575, 
        "cache-13": 3.6966578164681234
    }, 
    "19": {
        "cache-11": 2.9862329456318575, 
        "cache-13": 3.6966578164681234
    }, 
    "20": {
        "cache-11": 2.9862329456318575, 
        "cache-13": 3.6966578164681234
    }, 
    "21": {
        "cache-11": 2.9862329456309284, 
        "cache-13": 3.5942113796316715
    }, 
    "22": {
        "cache-11": 2.9862329456309284, 
        "cache-13": 3.5942113796316715
    }, 
    "23": {
        "cache-11": 2.9862329456309284, 
        "cache-13": 3.5942113796316715
    }, 
    "24": {
        "cache-11": 2.9862329456309284, 
        "cache-13": 3.5942113796316715
    }, 
    "25": {
        "cache-11": 2.9862329456309284, 
        "cache-13": 3.5942113796316715
    }, 
    "26": {
        "cache-11": 2.9862329456309284, 
        "cache-13": 3.5942113796316715
    }, 
    "27": {
        "cache-11": 2.9862329456309284, 
        "cache-13": 3.5942113796316715
    }, 
    "28": {
        "cache-11": 2.9862329456309284, 
        "cache-13": 3.5942113796316715
    }, 
    "29": {
        "cache-11": 2.9862329456309284, 
        "cache-13": 3.5942113796316715
    }, 
    "30": {
        "cache-11": 2.9862329456309284, 
        "cache-13": 3.5942113796316715
    }, 
    "31": {
        "cache-11": 2.986232945630464, 
        "cache-13": 3.926854100559888
    }, 
    "32": {
        "cache-11": 2.986232945630464, 
        "cache-13": 3.926854100559888
    }, 
    "33": {
        "cache-11": 2.986232945630464, 
        "cache-13": 3.926854100559888
    }, 
    "34": {
        "cache-11": 2.986232945630464, 
        "cache-13": 3.926854100559888
    }, 
    "35": {
        "cache-11": 2.986232945630464, 
        "cache-13": 3.926854100559888
    }, 
    "36": {
        "cache-11": 2.986232945630464, 
        "cache-13": 3.926854100559888
    }, 
    "37": {
        "cache-11": 2.986232945630464, 
        "cache-13": 3.926854100559888
    }, 
    "38": {
        "cache-11": 2.986232945630464, 
        "cache-13": 3.926854100559888
    }, 
    "39": {
        "cache-11": 2.986232945630464, 
        "cache-13": 3.926854100559888
    }, 
    "40": {
        "cache-11": 2.986232945630464, 
        "cache-13": 3.926854100559888
    }, 
    "41": {
        "cache-11": 2.986232945630232, 
        "cache-13": 3.748967997737724
    }, 
    "42": {
        "cache-11": 2.986232945630232, 
        "cache-13": 3.748967997737724
    }, 
    "43": {
        "cache-11": 2.986232945630232, 
        "cache-13": 3.748967997737724
    }, 
    "44": {
        "cache-11": 2.986232945630232, 
        "cache-13": 3.748967997737724
    }, 
    "45": {
        "cache-11": 2.986232945630232, 
        "cache-13": 3.748967997737724
    }, 
    "46": {
        "cache-11": 2.986232945630232, 
        "cache-13": 3.748967997737724
    }, 
    "47": {
        "cache-11": 2.986232945630232, 
        "cache-13": 3.748967997737724
    }, 
    "48": {
        "cache-11": 2.986232945630232, 
        "cache-13": 3.748967997737724
    }, 
    "49": {
        "cache-11": 2.986232945630232, 
        "cache-13": 3.748967997737724
    }, 
    "50": {
        "cache-11": 2.986232945630232, 
        "cache-13": 3.748967997737724
    }, 
    "51": {
        "cache-11": 2.9862329456301158, 
        "cache-13": 3.893048932382268
    }, 
    "52": {
        "cache-11": 2.9862329456301158, 
        "cache-13": 3.893048932382268
    }, 
    "53": {
        "cache-11": 2.9862329456301158, 
        "cache-13": 3.893048932382268
    }, 
    "54": {
        "cache-11": 2.9862329456301158, 
        "cache-13": 3.893048932382268
    }, 
    "55": {
        "cache-11": 2.9862329456301158, 
        "cache-13": 3.893048932382268
    }, 
    "56": {
        "cache-11": 2.9862329456301158, 
        "cache-13": 3.893048932382268
    }, 
    "57": {
        "cache-11": 2.9862329456301158, 
        "cache-13": 3.893048932382268
    }, 
    "58": {
        "cache-11": 2.9862329456301158, 
        "cache-13": 3.893048932382268
    }, 
    "59": {
        "cache-11": 2.9862329456301158, 
        "cache-13": 3.893048932382268
    }, 
    "60": {
        "cache-11": 2.9862329456301158, 
        "cache-13": 3.893048932382268
    }, 
    "61": {
        "cache-11": 2.986232945630058, 
        "cache-13": 3.8697509892527093
    }, 
    "62": {
        "cache-11": 2.986232945630058, 
        "cache-13": 3.8697509892527093
    }, 
    "63": {
        "cache-11": 2.986232945630058, 
        "cache-13": 3.8697509892527093
    }, 
    "64": {
        "cache-11": 2.986232945630058, 
        "cache-13": 3.8697509892527093
    }, 
    "65": {
        "cache-11": 2.986232945630058, 
        "cache-13": 3.8697509892527093
    }, 
    "66": {
        "cache-11": 2.986232945630058, 
        "cache-13": 3.8697509892527093
    }, 
    "67": {
        "cache-11": 2.986232945630058, 
        "cache-13": 3.8697509892527093
    }, 
    "68": {
        "cache-11": 2.986232945630058, 
        "cache-13": 3.8697509892527093
    }, 
    "69": {
        "cache-11": 2.986232945630058, 
        "cache-13": 3.8697509892527093
    }, 
    "70": {
        "cache-11": 2.986232945630058, 
        "cache-13": 3.8697509892527093
    }, 
    "71": {
        "cache-11": 2.9862329456300287, 
        "cache-13": 3.88265424698899
    }, 
    "72": {
        "cache-11": 2.9862329456300287, 
        "cache-13": 3.88265424698899
    }, 
    "73": {
        "cache-11": 2.9862329456300287, 
        "cache-13": 3.88265424698899
    }, 
    "74": {
        "cache-11": 2.9862329456300287, 
        "cache-13": 3.88265424698899
    }, 
    "75": {
        "cache-11": 2.9862329456300287, 
        "cache-13": 3.88265424698899
    }, 
    "76": {
        "cache-11": 2.9862329456300287, 
        "cache-13": 3.88265424698899
    }, 
    "77": {
        "cache-11": 2.9862329456300287, 
        "cache-13": 3.88265424698899
    }, 
    "78": {
        "cache-11": 2.9862329456300287, 
        "cache-13": 3.88265424698899
    }, 
    "79": {
        "cache-11": 2.9862329456300287, 
        "cache-13": 3.88265424698899
    }, 
    "80": {
        "cache-11": 2.9862329456300287, 
        "cache-13": 3.88265424698899
    },