{
    "0": {
        "cache-09": 3.75, 
        "cache-10": 4
    }, 
    "1": {
        "cache-09": 4.01924457614013, 
        "cache-10": 4
    }, 
    "2": {
        "cache-09": 4.412118020846286, 
        "cache-10": 4
    }, 
    "3": {
        "cache-09": 4.608554743199364, 
        "cache-10": 4
    }, 
    "4": {
        "cache-09": 4.706773104375904, 
        "cache-10": 4
    }, 
    "5": {
        "cache-09": 4.073132396453427, 
        "cache-10": 4
    }, 
    "6": {
        "cache-09": 3.8937038943746396, 
        "cache-10": 4
    }, 
    "7": {
        "cache-09": 3.8937038943746396, 
        "cache-10": 4.14424457614013
    }, 
    "8": {
        "cache-09": 3.8937038943746396, 
        "cache-10": 3.929259984217991
    }, 
    "9": {
        "cache-09": 3.8937038943746396, 
        "cache-10": 3.821767688256922
    }, 
    "10": {
        "cache-09": 3.977082905948352, 
        "cache-10": 3.821767688256922
    }, 
    "11": {
        "cache-09": 4.018772411735208, 
        "cache-10": 3.821767688256922
    }, 
    "12": {
        "cache-09": 4.039617164628636, 
        "cache-10": 3.821767688256922
    }, 
    "13": {
        "cache-09": 4.05003954107535, 
        "cache-10": 3.821767688256922
    }, 
    "14": {
        "cache-09": 4.055250729298708, 
        "cache-10": 3.821767688256922
    }, 
    "15": {
        "cache-09": 4.430121097425575, 
        "cache-10": 3.821767688256922
    }, 
    "16": {
        "cache-09": 4.245291507473819, 
        "cache-10": 3.821767688256922
    }, 
    "17": {
        "cache-09": 4.525141486513131, 
        "cache-10": 3.821767688256922
    }, 
    "18": {
        "cache-09": 4.406815319396696, 
        "cache-10": 3.821767688256922
    }, 
    "19": {
        "cache-09": 4.233638618459381, 
        "cache-10": 3.821767688256922
    }, 
    "20": {
        "cache-09": 4.147050267990723, 
        "cache-10": 3.821767688256922
    }, 
    "21": {
        "cache-09": 4.103756092756393, 
        "cache-10": 3.821767688256922
    }, 
    "22": {
        "cache-09": 4.082109005139229, 
        "cache-10": 3.821767688256922
    }, 
    "23": {
        "cache-09": 4.288777650660163, 
        "cache-10": 3.821767688256922
    }, 
    "24": {
        "cache-09": 4.174619784091114, 
        "cache-10": 3.821767688256922
    }, 
    "25": {
        "cache-09": 4.11754085080659, 
        "cache-10": 3.821767688256922
    }, 
    "26": {
        "cache-09": 4.089001384164327, 
        "cache-10": 3.821767688256922
    }, 
    "27": {
        "cache-09": 4.544477495108671, 
        "cache-10": 3.821767688256922
    }, 
    "28": {
        "cache-09": 4.416483323694466, 
        "cache-10": 3.821767688256922
    }, 
    "29": {
        "cache-09": 4.238472620608265, 
        "cache-10": 3.821767688256922
    }, 
    "30": {
        "cache-09": 4.149467269065164, 
        "cache-10": 3.821767688256922
    }, 
    "31": {
        "cache-09": 3.9318713306805084, 
        "cache-10": 3.821767688256922
    }, 
    "32": {
        "cache-09": 4.368431398116475, 
        "cache-10": 3.821767688256922
    }, 
    "33": {
        "cache-09": 4.21444665781927, 
        "cache-10": 3.821767688256922
    }, 
    "34": {
        "cache-09": 4.137454287670668, 
        "cache-10": 3.821767688256922
    }, 
    "35": {
        "cache-09": 4.098958102596367, 
        "cache-10": 3.821767688256922
    }, 
    "36": {
        "cache-09": 4.451974784074404, 
        "cache-10": 3.821767688256922
    }, 
    "37": {
        "cache-09": 4.083125088185128, 
        "cache-10": 3.821767688256922
    }, 
    "38": {
        "cache-09": 4.444058276868786, 
        "cache-10": 3.821767688256922
    }, 
    "39": {
        "cache-09": 4.469752286524941, 
        "cache-10": 3.821767688256922
    }, 
    "40": {
        "cache-09": 4.092013839410397, 
        "cache-10": 3.821767688256922
    }, 
    "41": {
        "cache-09": 4.07623787846623, 
        "cache-10": 3.821767688256922
    }, 
    "42": {
        "cache-09": 3.8952566353810414, 
        "cache-10": 3.821767688256922
    }, 
    "43": {
        "cache-09": 4.091872893830651, 
        "cache-10": 3.821767688256922
    }, 
    "44": {
        "cache-09": 4.4484321796915465, 
        "cache-10": 3.821767688256922
    }, 
    "45": {
        "cache-09": 4.3684606659859035, 
        "cache-10": 3.821767688256922
    }, 
    "46": {
        "cache-09": 4.2144612917539845, 
        "cache-10": 3.821767688256922
    }, 
    "47": {
        "cache-09": 4.137461604638025, 
        "cache-10": 3.821767688256922
    }, 
    "48": {
        "cache-09": 4.212975378459143, 
        "cache-10": 3.821767688256922
    }, 
    "49": {
        "cache-09": 4.250732265369702, 
        "cache-10": 3.821767688256922
    }, 
    "50": {
        "cache-09": 4.155597091445884, 
        "cache-10": 3.821767688256922
    }, 
    "51": {
        "cache-09": 4.108029504483975, 
        "cache-10": 3.821767688256922
    }, 
    "52": {
        "cache-09": 3.3040147522419874, 
        "cache-10": 3.821767688256922
    }, 
    "53": {
        "cache-09": 3.3040147522419874, 
        "cache-10": 3.630629688393936
    }, 
    "54": {
        "cache-09": 3.3040147522419874, 
        "cache-10": 3.845545802958
    }, 
    "55": {
        "cache-09": 3.3040147522419874, 
        "cache-10": 3.9530038602400324
    }, 
    "56": {
        "cache-09": 3.3040147522419874, 
        "cache-10": 4.006732888881048
    }, 
    "57": {
        "cache-09": 3.3040147522419874, 
        "cache-10": 3.8605041405884504
    }, 
    "58": {
        "cache-09": 3.3040147522419874, 
        "cache-10": 3.7873897664421516
    }, 
    "59": {
        "cache-09": 3.3040147522419874, 
        "cache-10": 3.923925841982108
    }, 
    "60": {
        "cache-09": 3.3040147522419874, 
        "cache-10": 3.9921938797520866
    }, 
    "61": {
        "cache-09": 3.3040147522419874, 
        "cache-10": 4.026327898637076
    }, 
    "62": {
        "cache-09": 3.3040147522419874, 
        "cache-10": 4.260887097409086
    }, 
    "63": {
        "cache-09": 3.3040147522419874, 
        "cache-10": 4.532939281480765
    }, 
    "64": {
        "cache-09": 3.3040147522419874, 
        "cache-10": 4.296700599501415
    }, 
    "65": {
        "cache-09": 3.3040147522419874, 
        "cache-10": 4.1785812585117394
    }, 
    "66": {
        "cache-09": 3.3040147522419874, 
        "cache-10": 4.2335352053960005
    }, 
    "67": {
        "cache-09": 3.3040147522419874, 
        "cache-10": 4.519263335474221
    }, 
    "68": {
        "cache-09": 3.3040147522419874, 
        "cache-10": 4.289862626498143
    }, 
    "69": {
        "cache-09": 3.3040147522419874, 
        "cache-10": 4.175162272010104
    }, 
    "70": {
        "cache-09": 3.3040147522419874, 
        "cache-10": 4.2318257121451825
    }, 
    "71": {
        "cache-09": 3.3040147522419874, 
        "cache-10": 4.146143814833623
    }, 
    "72": {
        "cache-09": 3.3040147522419874, 
        "cache-10": 4.1033028661778435
    }, 
    "73": {
        "cache-09": 3.3040147522419874, 
        "cache-10": 4.081882391849954
    }, 
    "74": {
        "cache-09": 3.3040147522419874, 
        "cache-10": 4.071172154686009
    }, 
    "75": {
        "cache-09": 3.3040147522419874, 
        "cache-10": 4.065817036104036
    }, 
    "76": {
        "cache-09": 3.3040147522419874, 
        "cache-10": 4.063139476813051
    }, 
    "77": {
        "cache-09": 3.3040147522419874, 
        "cache-10": 4.061800697167557
    }, 
    "78": {
        "cache-09": 3.3040147522419874, 
        "cache-10": 3.888038044731705
    }, 
    "79": {
        "cache-09": 3.3040147522419874, 
        "cache-10": 3.974249981126885
    }, 
    "80": {
        "cache-09": 3.3040147522419874, 
        "cache-10": 4.017355949324475
    }, 
    "81": {
        "cache-09": 3.3040147522419874, 
        "cache-10": 4.03890893342327
    }, 
    "82": {
        "cache-09": 3.3040147522419874,