{
    "0": {
        "cache-07": 2.71909315974, 
        "cache-08": 4.569362277429491
    }, 
    "1": {
        "cache-07": 2.71909315974, 
        "cache-08": 4.569362277429491
    }, 
    "2": {
        "cache-07": 2.71909315974, 
        "cache-08": 4.569362277429491
    }, 
    "3": {
        "cache-07": 2.71909315974, 
        "cache-08": 4.569362277429491
    }, 
    "4": {
        "cache-07": 2.71909315974, 
        "cache-08": 4.569362277429491
    }, 
    "5": {
        "cache-07": 2.71909315974, 
        "cache-08": 4.569362277429491
    }, 
    "6": {
        "cache-07": 2.71909315974, 
        "cache-08": 4.569362277429491
    }, 
    "7": {
        "cache-07": 2.71909315974, 
        "cache-08": 4.569362277429491
    }, 
    "8": {
        "cache-07": 2.71909315974, 
        "cache-08": 4.569362277429491
    }, 
    "9": {
        "cache-07": 2.71909315974, 
        "cache-08": 4.569362277429491
    }, 
    "10": {
        "cache-07": 2.71909315974, 
        "cache-08": 4.569362277429491
    }, 
    "11": {
        "cache-07": 2.7072191416484372, 
        "cache-08": 4.360152793533455
    }, 
    "12": {
        "cache-07": 2.7072191416484372, 
        "cache-08": 4.360152793533455
    }, 
    "13": {
        "cache-07": 2.7072191416484372, 
        "cache-08": 4.360152793533455
    }, 
    "14": {
        "cache-07": 2.7072191416484372, 
        "cache-08": 4.360152793533455
    }, 
    "15": {
        "cache-07": 2.7072191416484372, 
        "cache-08": 4.360152793533455
    }, 
    "16": {
        "cache-07": 2.7072191416484372, 
        "cache-08": 4.360152793533455
    }, 
    "17": {
        "cache-07": 2.7072191416484372, 
        "cache-08": 4.360152793533455
    }, 
    "18": {
        "cache-07": 2.7072191416484372, 
        "cache-08": 4.360152793533455
    }, 
    "19": {
        "cache-07": 2.7072191416484372, 
        "cache-08": 4.360152793533455
    }, 
    "20": {
        "cache-07": 2.7072191416484372, 
        "cache-08": 4.360152793533455
    }, 
    "21": {
        "cache-07": 2.748894745045959, 
        "cache-08": 4.742890517764777
    }, 
    "22": {
        "cache-07": 2.748894745045959, 
        "cache-08": 4.742890517764777
    }, 
    "23": {
        "cache-07": 2.748894745045959, 
        "cache-08": 4.742890517764777
    }, 
    "24": {
        "cache-07": 2.748894745045959, 
        "cache-08": 4.742890517764777
    }, 
    "25": {
        "cache-07": 2.748894745045959, 
        "cache-08": 4.742890517764777
    }, 
    "26": {
        "cache-07": 2.748894745045959, 
        "cache-08": 4.742890517764777
    }, 
    "27": {
        "cache-07": 2.748894745045959, 
        "cache-08": 4.742890517764777
    }, 
    "28": {
        "cache-07": 2.748894745045959, 
        "cache-08": 4.742890517764777
    }, 
    "29": {
        "cache-07": 2.748894745045959, 
        "cache-08": 4.742890517764777
    }, 
    "30": {
        "cache-07": 2.748894745045959, 
        "cache-08": 4.742890517764777
    }, 
    "31": {
        "cache-07": 2.7543210393885795, 
        "cache-08": 4.5527306120946704
    }, 
    "32": {
        "cache-07": 2.7543210393885795, 
        "cache-08": 4.5527306120946704
    }, 
    "33": {
        "cache-07": 2.7543210393885795, 
        "cache-08": 4.5527306120946704
    }, 
    "34": {
        "cache-07": 2.7543210393885795, 
        "cache-08": 4.5527306120946704
    }, 
    "35": {
        "cache-07": 2.7543210393885795, 
        "cache-08": 4.5527306120946704
    }, 
    "36": {
        "cache-07": 2.7543210393885795, 
        "cache-08": 4.5527306120946704
    }, 
    "37": {
        "cache-07": 2.7543210393885795, 
        "cache-08": 4.5527306120946704
    }, 
    "38": {
        "cache-07": 2.7543210393885795, 
        "cache-08": 4.5527306120946704
    }, 
    "39": {
        "cache-07": 2.7543210393885795, 
        "cache-08": 4.5527306120946704
    }, 
    "40": {
        "cache-07": 2.7543210393885795, 
        "cache-08": 4.5527306120946704
    }, 
    "41": {
        "cache-07": 2.7856822445445975, 
        "cache-08": 4.715116634544435
    }, 
    "42": {
        "cache-07": 2.7856822445445975, 
        "cache-08": 4.715116634544435
    }, 
    "43": {
        "cache-07": 2.7856822445445975, 
        "cache-08": 4.715116634544435
    }, 
    "44": {
        "cache-07": 2.7856822445445975, 
        "cache-08": 4.715116634544435
    }, 
    "45": {
        "cache-07": 2.7856822445445975, 
        "cache-08": 4.715116634544435
    }, 
    "46": {
        "cache-07": 2.7856822445445975, 
        "cache-08": 4.715116634544435
    }, 
    "47": {
        "cache-07": 2.7856822445445975, 
        "cache-08": 4.715116634544435
    }, 
    "48": {
        "cache-07": 2.7856822445445975, 
        "cache-08": 4.715116634544435
    }, 
    "49": {
        "cache-07": 2.7856822445445975, 
        "cache-08": 4.715116634544435
    }, 
    "50": {
        "cache-07": 2.7856822445445975, 
        "cache-08": 4.715116634544435
    }, 
    "51": {
        "cache-07": 2.7891640885545126, 
        "cache-08": 4.525118709904325
    }, 
    "52": {
        "cache-07": 2.7891640885545126, 
        "cache-08": 4.525118709904325
    }, 
    "53": {
        "cache-07": 2.7891640885545126, 
        "cache-08": 4.525118709904325
    }, 
    "54": {
        "cache-07": 2.7891640885545126, 
        "cache-08": 4.525118709904325
    }, 
    "55": {
        "cache-07": 2.7891640885545126, 
        "cache-08": 4.525118709904325
    }, 
    "56": {
        "cache-07": 2.7891640885545126, 
        "cache-08": 4.525118709904325
    }, 
    "57": {
        "cache-07": 2.7891640885545126, 
        "cache-08": 4.525118709904325
    }, 
    "58": {
        "cache-07": 2.7891640885545126, 
        "cache-08": 4.525118709904325
    }, 
    "59": {
        "cache-07": 2.7891640885545126, 
        "cache-08": 4.525118709904325
    }, 
    "60": {
        "cache-07": 2.7891640885545126, 
        "cache-08": 4.525118709904325
    }, 
    "61": {
        "cache-07": 2.7645398471229, 
        "cache-08": 4.736903043463013
    }, 
    "62": {
        "cache-07": 2.7645398471229, 
        "cache-08": 4.736903043463013
    }, 
    "63": {
        "cache-07": 2.7645398471229, 
        "cache-08": 4.736903043463013
    }, 
    "64": {
        "cache-07": 2.7645398471229, 
        "cache-08": 4.736903043463013
    }, 
    "65": {
        "cache-07": 2.7645398471229, 
        "cache-08": 4.736903043463013
    }, 
    "66": {
        "cache-07": 2.7645398471229, 
        "cache-08": 4.736903043463013
    }, 
    "67": {
        "cache-07": 2.7645398471229, 
        "cache-08": 4.736903043463013
    }, 
    "68": {
        "cache-07": 2.7645398471229, 
        "cache-08": 4.736903043463013
    }, 
    "69": {
        "cache-07": 2.7645398471229, 
        "cache-08": 4.736903043463013
    }, 
    "70": {
        "cache-07": 2.7645398471229, 
        "cache-08": 4.736903043463013
    }, 
    "71": {
        "cache-07": 2.7356193166528486, 
        "cache-08": 4.683197672269635
    }, 
    "72": {
        "cache-07": 2.7356193166528486, 
        "cache-08": 4.683197672269635
    }, 
    "73": {
        "cache-07": 2.7356193166528486, 
        "cache-08": 4.683197672269635
    }, 
    "74": {
        "cache-07": 2.7356193166528486, 
        "cache-08": 4.683197672269635
    }, 
    "75": {
        "cache-07": 2.7356193166528486, 
        "cache-08": 4.683197672269635
    }, 
    "76": {
        "cache-07": 2.7356193166528486, 
        "cache-08": 4.683197672269635
    }, 
    "77": {
        "cache-07": 2.7356193166528486, 
        "cache-08": 4.683197672269635
    }, 
    "78": {
        "cache-07": 2.7356193166528486, 
        "cache-08": 4.683197672269635
    }, 
    "79": {
        "cache-07": 2.7356193166528486, 
        "cache-08": 4.683197672269635
    }, 
    "80": {
        "cache-07": 2.7356193166528486, 
        "cache-08": 4.683197672269635
    }, 
    "81": {
        "cache-07": 2.7245781242533145,