{
    "0": {
        "cache-07": 4.780367373733652, 
        "cache-08": 3.038158051987252
    }, 
    "1": {
        "cache-07": 4.780367373733652, 
        "cache-08": 3.038158051987252
    }, 
    "2": {
        "cache-07": 4.780367373733652, 
        "cache-08": 3.038158051987252
    }, 
    "3": {
        "cache-07": 4.780367373733652, 
        "cache-08": 3.038158051987252
    }, 
    "4": {
        "cache-07": 4.780367373733652, 
        "cache-08": 3.038158051987252
    }, 
    "5": {
        "cache-07": 4.780367373733652, 
        "cache-08": 3.038158051987252
    }, 
    "6": {
        "cache-07": 4.780367373733652, 
        "cache-08": 3.038158051987252
    }, 
    "7": {
        "cache-07": 4.780367373733652, 
        "cache-08": 3.038158051987252
    }, 
    "8": {
        "cache-07": 4.780367373733652, 
        "cache-08": 3.038158051987252
    }, 
    "9": {
        "cache-07": 4.780367373733652, 
        "cache-08": 3.038158051987252
    }, 
    "10": {
        "cache-07": 4.780367373733652, 
        "cache-08": 3.038158051987252
    }, 
    "11": {
        "cache-07": 4.822872391307367, 
        "cache-08": 3.5493096214780078
    }, 
    "12": {
        "cache-07": 4.822872391307367, 
        "cache-08": 3.5493096214780078
    }, 
    "13": {
        "cache-07": 4.822872391307367, 
        "cache-08": 3.5493096214780078
    }, 
    "14": {
        "cache-07": 4.822872391307367, 
        "cache-08": 3.5493096214780078
    }, 
    "15": {
        "cache-07": 4.822872391307367, 
        "cache-08": 3.5493096214780078
    }, 
    "16": {
        "cache-07": 4.822872391307367, 
        "cache-08": 3.5493096214780078
    }, 
    "17": {
        "cache-07": 4.822872391307367, 
        "cache-08": 3.5493096214780078
    }, 
    "18": {
        "cache-07": 4.822872391307367, 
        "cache-08": 3.5493096214780078
    }, 
    "19": {
        "cache-07": 4.822872391307367, 
        "cache-08": 3.5493096214780078
    }, 
    "20": {
        "cache-07": 4.822872391307367, 
        "cache-08": 3.5493096214780078
    }, 
    "21": {
        "cache-07": 3.7907890444967327, 
        "cache-08": 3.728417113183399
    }, 
    "22": {
        "cache-07": 3.7907890444967327, 
        "cache-08": 3.728417113183399
    }, 
    "23": {
        "cache-07": 3.7907890444967327, 
        "cache-08": 3.728417113183399
    }, 
    "24": {
        "cache-07": 3.7907890444967327, 
        "cache-08": 3.728417113183399
    }, 
    "25": {
        "cache-07": 3.7907890444967327, 
        "cache-08": 3.728417113183399
    }, 
    "26": {
        "cache-07": 3.7907890444967327, 
        "cache-08": 3.728417113183399
    }, 
    "27": {
        "cache-07": 3.7907890444967327, 
        "cache-08": 3.728417113183399
    }, 
    "28": {
        "cache-07": 3.7907890444967327, 
        "cache-08": 3.728417113183399
    }, 
    "29": {
        "cache-07": 3.7907890444967327, 
        "cache-08": 3.728417113183399
    }, 
    "30": {
        "cache-07": 3.7907890444967327, 
        "cache-08": 3.728417113183399
    }, 
    "31": {
        "cache-07": 4.088127088173799, 
        "cache-08": 3.8166503719629064
    }, 
    "32": {
        "cache-07": 4.088127088173799, 
        "cache-08": 3.8166503719629064
    }, 
    "33": {
        "cache-07": 4.088127088173799, 
        "cache-08": 3.8166503719629064
    }, 
    "34": {
        "cache-07": 4.088127088173799, 
        "cache-08": 3.8166503719629064
    }, 
    "35": {
        "cache-07": 4.088127088173799, 
        "cache-08": 3.8166503719629064
    }, 
    "36": {
        "cache-07": 4.088127088173799, 
        "cache-08": 3.8166503719629064
    }, 
    "37": {
        "cache-07": 4.088127088173799, 
        "cache-08": 3.8166503719629064
    }, 
    "38": {
        "cache-07": 4.088127088173799, 
        "cache-08": 3.8166503719629064
    }, 
    "39": {
        "cache-07": 4.088127088173799, 
        "cache-08": 3.8166503719629064
    }, 
    "40": {
        "cache-07": 4.088127088173799, 
        "cache-08": 3.8166503719629064
    }, 
    "41": {
        "cache-07": 4.239358441237868, 
        "cache-08": 3.6756316539507234
    }, 
    "42": {
        "cache-07": 4.239358441237868, 
        "cache-08": 3.6756316539507234
    }, 
    "43": {
        "cache-07": 4.239358441237868, 
        "cache-08": 3.6756316539507234
    }, 
    "44": {
        "cache-07": 4.239358441237868, 
        "cache-08": 3.6756316539507234
    }, 
    "45": {
        "cache-07": 4.239358441237868, 
        "cache-08": 3.6756316539507234
    }, 
    "46": {
        "cache-07": 4.239358441237868, 
        "cache-08": 3.6756316539507234
    }, 
    "47": {
        "cache-07": 4.239358441237868, 
        "cache-08": 3.6756316539507234
    }, 
    "48": {
        "cache-07": 4.239358441237868, 
        "cache-08": 3.6756316539507234
    }, 
    "49": {
        "cache-07": 4.239358441237868, 
        "cache-08": 3.6756316539507234
    }, 
    "50": {
        "cache-07": 4.239358441237868, 
        "cache-08": 3.6756316539507234
    }, 
    "51": {
        "cache-07": 4.20716928509498, 
        "cache-08": 3.820726484225686
    }, 
    "52": {
        "cache-07": 4.20716928509498, 
        "cache-08": 3.820726484225686
    }, 
    "53": {
        "cache-07": 4.20716928509498, 
        "cache-08": 3.820726484225686
    }, 
    "54": {
        "cache-07": 4.20716928509498, 
        "cache-08": 3.820726484225686
    }, 
    "55": {
        "cache-07": 4.20716928509498, 
        "cache-08": 3.820726484225686
    }, 
    "56": {
        "cache-07": 4.20716928509498, 
        "cache-08": 3.820726484225686
    }, 
    "57": {
        "cache-07": 4.20716928509498, 
        "cache-08": 3.820726484225686
    }, 
    "58": {
        "cache-07": 4.20716928509498, 
        "cache-08": 3.820726484225686
    }, 
    "59": {
        "cache-07": 4.20716928509498, 
        "cache-08": 3.820726484225686
    }, 
    "60": {
        "cache-07": 4.20716928509498, 
        "cache-08": 3.820726484225686
    }, 
    "61": {
        "cache-07": 3.8243155967330535, 
        "cache-08": 3.9171452786286434
    }, 
    "62": {
        "cache-07": 3.8243155967330535, 
        "cache-08": 3.9171452786286434
    }, 
    "63": {
        "cache-07": 3.8243155967330535, 
        "cache-08": 3.9171452786286434
    }, 
    "64": {
        "cache-07": 3.8243155967330535, 
        "cache-08": 3.9171452786286434
    }, 
    "65": {
        "cache-07": 3.8243155967330535, 
        "cache-08": 3.9171452786286434
    }, 
    "66": {
        "cache-07": 3.8243155967330535, 
        "cache-08": 3.9171452786286434
    }, 
    "67": {
        "cache-07": 3.8243155967330535, 
        "cache-08": 3.9171452786286434
    }, 
    "68": {
        "cache-07": 3.8243155967330535, 
        "cache-08": 3.9171452786286434
    }, 
    "69": {
        "cache-07": 3.8243155967330535, 
        "cache-08": 3.9171452786286434
    }, 
    "70": {
        "cache-07": 3.8243155967330535, 
        "cache-08": 3.9171452786286434
    }, 
    "71": {
        "cache-07": 4.296571865341258, 
        "cache-08": 4.010392602826222
    }, 
    "72": {
        "cache-07": 4.296571865341258, 
        "cache-08": 4.010392602826222
    }, 
    "73": {
        "cache-07": 4.296571865341258, 
        "cache-08": 4.010392602826222
    }, 
    "74": {
        "cache-07": 4.296571865341258, 
        "cache-08": 4.010392602826222
    }, 
    "75": {
        "cache-07": 4.296571865341258, 
        "cache-08": 4.010392602826222
    }, 
    "76": {
        "cache-07": 4.296571865341258, 
        "cache-08": 4.010392602826222
    }, 
    "77": {
        "cache-07": 4.296571865341258, 
        "cache-08": 4.010392602826222
    }, 
    "78": {
        "cache-07": 4.296571865341258, 
        "cache-08": 4.010392602826222
    }, 
    "79": {
        "cache-07": 4.296571865341258, 
        "cache-08": 4.010392602826222
    }, 
    "80": {
        "cache-07": 4.296571865341258, 
        "cache-08": 4.010392602826222
    },