{
    "0": {
        "cache-07": 4, 
        "cache-08": 3.75
    }, 
    "1": {
        "cache-07": 4, 
        "cache-08": 4.01924457614013
    }, 
    "2": {
        "cache-07": 4, 
        "cache-08": 4.412118020846286
    }, 
    "3": {
        "cache-07": 4, 
        "cache-08": 4.608554743199364
    }, 
    "4": {
        "cache-07": 4, 
        "cache-08": 4.804254174626189
    }, 
    "5": {
        "cache-07": 4, 
        "cache-08": 4.9021038903396015
    }, 
    "6": {
        "cache-07": 4, 
        "cache-08": 4.951028748196308
    }, 
    "7": {
        "cache-07": 4, 
        "cache-08": 4.9754911771246615
    }, 
    "8": {
        "cache-07": 4, 
        "cache-08": 4.890241321338552
    }, 
    "9": {
        "cache-07": 4, 
        "cache-08": 4.945097463695783
    }, 
    "10": {
        "cache-07": 4, 
        "cache-08": 4.972525534874398
    }, 
    "11": {
        "cache-07": 4, 
        "cache-08": 4.986239570463706
    }, 
    "12": {
        "cache-07": 4, 
        "cache-08": 4.993096588258361
    }, 
    "13": {
        "cache-07": 4, 
        "cache-08": 4.996525097155688
    }, 
    "14": {
        "cache-07": 4, 
        "cache-08": 4.998239351604351
    }, 
    "15": {
        "cache-07": 4, 
        "cache-08": 4.999096478828683
    }, 
    "16": {
        "cache-07": 4, 
        "cache-08": 4.999525042440849
    }, 
    "17": {
        "cache-07": 4, 
        "cache-08": 4.9997393242469315
    }, 
    "18": {
        "cache-07": 4, 
        "cache-08": 4.999846465149973
    }, 
    "19": {
        "cache-07": 4, 
        "cache-08": 4.9999000356014935
    }, 
    "20": {
        "cache-07": 4, 
        "cache-08": 4.999926820827254
    }, 
    "21": {
        "cache-07": 4, 
        "cache-08": 4.999940213440134
    }, 
    "22": {
        "cache-07": 4, 
        "cache-08": 4.9999469097465745
    }, 
    "23": {
        "cache-07": 4, 
        "cache-08": 4.999950257899794
    }, 
    "24": {
        "cache-07": 4, 
        "cache-08": 4.999951931976405
    }, 
    "25": {
        "cache-07": 4, 
        "cache-08": 4.99995276901471
    }, 
    "26": {
        "cache-07": 4, 
        "cache-08": 4.999953187533862
    }, 
    "27": {
        "cache-07": 4, 
        "cache-08": 4.999953396793439
    }, 
    "28": {
        "cache-07": 4, 
        "cache-08": 4.999953501423226
    }, 
    "29": {
        "cache-07": 4, 
        "cache-08": 4.99995355373812
    }, 
    "30": {
        "cache-07": 4, 
        "cache-08": 4.999953579895568
    }, 
    "31": {
        "cache-07": 4, 
        "cache-08": 4.9999535929742915
    }, 
    "32": {
        "cache-07": 4, 
        "cache-08": 4.999953599513653
    }, 
    "33": {
        "cache-07": 4, 
        "cache-08": 4.999953602783334
    }, 
    "34": {
        "cache-07": 4, 
        "cache-08": 4.999953604418174
    }, 
    "35": {
        "cache-07": 4, 
        "cache-08": 4.999953605235595
    }, 
    "36": {
        "cache-07": 4, 
        "cache-08": 4.999953605644304
    }, 
    "37": {
        "cache-07": 4, 
        "cache-08": 4.99995360584866
    }, 
    "38": {
        "cache-07": 4, 
        "cache-08": 4.999953605950838
    }, 
    "39": {
        "cache-07": 4, 
        "cache-08": 4.999953606001926
    }, 
    "40": {
        "cache-07": 4, 
        "cache-08": 4.99995360602747
    }, 
    "41": {
        "cache-07": 4, 
        "cache-08": 4.999953606040242
    }, 
    "42": {
        "cache-07": 4, 
        "cache-08": 4.999953606046628
    }, 
    "43": {
        "cache-07": 4, 
        "cache-08": 4.9999536060498215
    }, 
    "44": {
        "cache-07": 4, 
        "cache-08": 4.9999536060514185
    }, 
    "45": {
        "cache-07": 4, 
        "cache-08": 4.999953606052216
    }, 
    "46": {
        "cache-07": 4, 
        "cache-08": 4.999953606052616
    }, 
    "47": {
        "cache-07": 4, 
        "cache-08": 4.999953606052815
    }, 
    "48": {
        "cache-07": 4, 
        "cache-08": 4.999953606052914
    }, 
    "49": {
        "cache-07": 4, 
        "cache-08": 4.999953606052964
    }, 
    "50": {
        "cache-07": 4, 
        "cache-08": 4.999953606052989
    }, 
    "51": {
        "cache-07": 4, 
        "cache-08": 4.35711449917442
    }, 
    "52": {
        "cache-07": 4, 
        "cache-08": 4.208788208348242
    }, 
    "53": {
        "cache-07": 4, 
        "cache-08": 4.506889836950342
    }, 
    "54": {
        "cache-07": 4, 
        "cache-08": 4.50116806656572
    }, 
    "55": {
        "cache-07": 4, 
        "cache-08": 4.394828609422991
    }, 
    "56": {
        "cache-07": 4, 
        "cache-08": 4.227645263472528
    }, 
    "57": {
        "cache-07": 4, 
        "cache-08": 4.144053590497297
    }, 
    "58": {
        "cache-07": 4, 
        "cache-08": 4.4745225280248695
    }, 
    "59": {
        "cache-07": 4, 
        "cache-08": 4.381505840152565
    }, 
    "60": {
        "cache-07": 4, 
        "cache-08": 4.047890616224208
    }, 
    "61": {
        "cache-07": 4, 
        "cache-08": 3.8810830042600304
    }, 
    "62": {
        "cache-07": 4.14424457614013, 
        "cache-08": 3.8810830042600304
    }, 
    "63": {
        "cache-07": 3.929259984217991, 
        "cache-08": 3.8810830042600304
    }, 
    "64": {
        "cache-07": 3.821767688256922, 
        "cache-08": 3.8810830042600304
    }, 
    "65": {
        "cache-07": 3.821767688256922, 
        "cache-08": 4.084786078270145
    }, 
    "66": {
        "cache-07": 3.821767688256922, 
        "cache-08": 4.072623997896105
    }, 
    "67": {
        "cache-07": 3.821767688256922, 
        "cache-08": 4.284035147038601
    }, 
    "68": {
        "cache-07": 3.821767688256922, 
        "cache-08": 4.172248532280333
    }, 
    "69": {
        "cache-07": 3.821767688256922, 
        "cache-08": 3.943261962288093
    }, 
    "70": {
        "cache-07": 3.821767688256922, 
        "cache-08": 3.828768677291973
    }, 
    "71": {
        "cache-07": 3.821767688256922, 
        "cache-08": 4.162107486736534
    }, 
    "72": {
        "cache-07": 3.821767688256922, 
        "cache-08": 3.9381914395161934
    }, 
    "73": {
        "cache-07": 3.821767688256922, 
        "cache-08": 3.999326678519129
    }, 
    "74": {
        "cache-07": 3.821767688256922, 
        "cache-08": 4.4021590720357855
    }, 
    "75": {
        "cache-07": 3.821767688256922, 
        "cache-08": 4.345324112158023
    }, 
    "76": {
        "cache-07": 3.821767688256922, 
        "cache-08": 4.029799752226937
    }, 
    "77": {
        "cache-07": 3.821767688256922, 
        "cache-08": 3.872037572261395
    }, 
    "78": {
        "cache-07": 3.821767688256922, 
        "cache-08": 3.655764630396172
    }, 
    "79": {
        "cache-07": 4.055128420268591, 
        "cache-08": 3.655764630396172
    }, 
    "80": {
        "cache-07": 3.884701906282222, 
        "cache-08": 3.655764630396172
    }, 
    "81": {
        "cache-07": 3.662096797406586, 
        "cache-08": 3.655764630396172
    }, 
    "82": {
        "cache-07": 3.6881860948512193, 
        "cache-08": 3.655764630396172
    }, 
    "83": {
        "cache-07": 4.246588780201831, 
        "cache-08": 3.655764630396172
    }, 
    "84": {
        "cache-07": 3.980432086248842, 
        "cache-08": 3.655764630396172
    }, 
    "85": {
        "cache-07": 4.0204470018854535, 
        "cache-08": 3.655764630396172
    }, 
    "86": {
        "cache-07": 4.257946649033276, 
        "cache-08": 3.655764630396172
    }, 
    "87": {
        "cache-07": 3.986111020664564, 
        "cache-08": 3.655764630396172
    }, 
    "88": {
        "cache-07": 3.850193206480208, 
        "cache-08": 3.655764630396172
    }, 
    "89": {
        "cache-07": 4.327592336016325, 
        "cache-08": 3.655764630396172
    }, 
    "90": {
        "cache-07": 4.194027126769194, 
        "cache-08": 3.655764630396172
    }, 
    "91": {
        "cache-07": 3.9541512595325234,