{
    "0": {
        "cache-11": 3.75, 
        "cache-12": 4
    }, 
    "1": {
        "cache-11": 3.9052309587610323, 
        "cache-12": 4
    }, 
    "2": {
        "cache-11": 4.3551112121567375, 
        "cache-12": 4
    }, 
    "3": {
        "cache-11": 4.6775324091048756, 
        "cache-12": 4
    }, 
    "4": {
        "cache-11": 4.838743007578945, 
        "cache-12": 4
    }, 
    "5": {
        "cache-11": 4.91934830681598, 
        "cache-12": 4
    }, 
    "6": {
        "cache-11": 4.959650956434498, 
        "cache-12": 4
    }, 
    "7": {
        "cache-11": 4.979802281243757, 
        "cache-12": 4
    }, 
    "8": {
        "cache-11": 4.989877943648386, 
        "cache-12": 4
    }, 
    "9": {
        "cache-11": 4.9949157748507, 
        "cache-12": 4
    }, 
    "10": {
        "cache-11": 4.997434690451858, 
        "cache-12": 4
    }, 
    "11": {
        "cache-11": 4.746440493316477, 
        "cache-12": 4
    }, 
    "12": {
        "cache-11": 4.403451205419271, 
        "cache-12": 4
    }, 
    "13": {
        "cache-11": 4.0588632988575615, 
        "cache-12": 4
    }, 
    "14": {
        "cache-11": 4.1736762255689115, 
        "cache-12": 4
    }, 
    "15": {
        "cache-11": 4.231082688924586, 
        "cache-12": 4
    }, 
    "16": {
        "cache-11": 4.363264492552841, 
        "cache-12": 4
    }, 
    "17": {
        "cache-11": 4.211863205037453, 
        "cache-12": 4
    }, 
    "18": {
        "cache-11": 4.136162561279759, 
        "cache-12": 4
    }, 
    "19": {
        "cache-11": 4.0983122394009115, 
        "cache-12": 4
    }, 
    "20": {
        "cache-11": 4.0793870784614885, 
        "cache-12": 4
    }, 
    "21": {
        "cache-11": 4.069924497991776, 
        "cache-12": 4
    }, 
    "22": {
        "cache-11": 4.2826853970864365, 
        "cache-12": 4
    }, 
    "23": {
        "cache-11": 4.6413195015697255, 
        "cache-12": 4
    }, 
    "24": {
        "cache-11": 4.723155483561084, 
        "cache-12": 4
    }, 
    "25": {
        "cache-11": 4.861554544807049, 
        "cache-12": 4
    }, 
    "26": {
        "cache-11": 4.833273005179746, 
        "cache-12": 4
    }, 
    "27": {
        "cache-11": 4.91661330561638, 
        "cache-12": 4
    }, 
    "28": {
        "cache-11": 4.7060298008987385, 
        "cache-12": 4
    }, 
    "29": {
        "cache-11": 4.4972594765895, 
        "cache-12": 4
    }, 
    "30": {
        "cache-11": 4.496352886385298, 
        "cache-12": 4
    }, 
    "31": {
        "cache-11": 4.65067217596887, 
        "cache-12": 4
    }, 
    "32": {
        "cache-11": 4.469580664124566, 
        "cache-12": 4
    }, 
    "33": {
        "cache-11": 4.379034908202414, 
        "cache-12": 4
    }, 
    "34": {
        "cache-11": 4.333762030241337, 
        "cache-12": 4
    }, 
    "35": {
        "cache-11": 4.1971119738817, 
        "cache-12": 4
    }, 
    "36": {
        "cache-11": 4.3462791350313985, 
        "cache-12": 4
    }, 
    "37": {
        "cache-11": 4.57563530029192, 
        "cache-12": 4
    }, 
    "38": {
        "cache-11": 4.690313382922181, 
        "cache-12": 4
    }, 
    "39": {
        "cache-11": 4.845133494487598, 
        "cache-12": 4
    }, 
    "40": {
        "cache-11": 4.6702898953343475, 
        "cache-12": 4
    }, 
    "41": {
        "cache-11": 4.582868095757722, 
        "cache-12": 4
    }, 
    "42": {
        "cache-11": 4.693929780655083, 
        "cache-12": 4
    }, 
    "43": {
        "cache-11": 4.749460623103762, 
        "cache-12": 4
    }, 
    "44": {
        "cache-11": 4.622453459642429, 
        "cache-12": 4
    }, 
    "45": {
        "cache-11": 4.558949877911763, 
        "cache-12": 4
    }, 
    "46": {
        "cache-11": 4.423719515096012, 
        "cache-12": 4
    }, 
    "47": {
        "cache-11": 4.711836560574513, 
        "cache-12": 4
    }, 
    "48": {
        "cache-11": 4.7584140130634776, 
        "cache-12": 4
    }, 
    "49": {
        "cache-11": 4.626930154622287, 
        "cache-12": 4
    }, 
    "50": {
        "cache-11": 4.715960810087365, 
        "cache-12": 4
    }, 
    "51": {
        "cache-11": 4.857957208070189, 
        "cache-12": 4
    }, 
    "52": {
        "cache-11": 4.676701752125643, 
        "cache-12": 4
    }, 
    "53": {
        "cache-11": 4.482595452202952, 
        "cache-12": 4
    }, 
    "54": {
        "cache-11": 4.489020874192025, 
        "cache-12": 4
    }, 
    "55": {
        "cache-11": 4.492233585186561, 
        "cache-12": 4
    }, 
    "56": {
        "cache-11": 4.746093595619788, 
        "cache-12": 4
    }, 
    "57": {
        "cache-11": 4.6207699459004425, 
        "cache-12": 4
    }, 
    "58": {
        "cache-11": 4.340615931711254, 
        "cache-12": 4
    }, 
    "59": {
        "cache-11": 4.200538924616659, 
        "cache-12": 4
    }, 
    "60": {
        "cache-11": 4.130500421069362, 
        "cache-12": 4
    }, 
    "61": {
        "cache-11": 4.3129733586252295, 
        "cache-12": 4
    }, 
    "62": {
        "cache-11": 4.300731255452745, 
        "cache-12": 4
    }, 
    "63": {
        "cache-11": 4.398088775816921, 
        "cache-12": 4
    }, 
    "64": {
        "cache-11": 4.6990211909349675, 
        "cache-12": 4
    }, 
    "65": {
        "cache-11": 4.8494873984939915, 
        "cache-12": 4
    }, 
    "66": {
        "cache-11": 4.827239432023217, 
        "cache-12": 4
    }, 
    "67": {
        "cache-11": 4.81611544878783, 
        "cache-12": 4
    }, 
    "68": {
        "cache-11": 4.810553457170136, 
        "cache-12": 4
    }, 
    "69": {
        "cache-11": 4.905253531611575, 
        "cache-12": 4
    }, 
    "70": {
        "cache-11": 4.700349913896336, 
        "cache-12": 4
    }, 
    "71": {
        "cache-11": 4.752670689724389, 
        "cache-12": 4
    }, 
    "72": {
        "cache-11": 4.778831077638415, 
        "cache-12": 4
    }, 
    "73": {
        "cache-11": 4.533660114959337, 
        "cache-12": 4
    }, 
    "74": {
        "cache-11": 4.4110746336197995, 
        "cache-12": 4
    }, 
    "75": {
        "cache-11": 4.3497818929500305, 
        "cache-12": 4
    }, 
    "76": {
        "cache-11": 4.319135522615145, 
        "cache-12": 4
    }, 
    "77": {
        "cache-11": 4.407290909398121, 
        "cache-12": 4
    }, 
    "78": {
        "cache-11": 4.233876413460093, 
        "cache-12": 4
    }, 
    "79": {
        "cache-11": 4.1471691654910785, 
        "cache-12": 4
    }, 
    "80": {
        "cache-11": 4.103815541506572, 
        "cache-12": 4
    }, 
    "81": {
        "cache-11": 4.196152346893417, 
        "cache-12": 4
    }, 
    "82": {
        "cache-11": 4.128307132207741, 
        "cache-12": 4
    }, 
    "83": {
        "cache-11": 3.921291262251797, 
        "cache-12": 4
    }, 
    "84": {
        "cache-11": 3.921291262251797, 
        "cache-12": 4.030230958761033
    }, 
    "85": {
        "cache-11": 3.921291262251797, 
        "cache-12": 4.4176112121567375
    }, 
    "86": {
        "cache-11": 3.921291262251797, 
        "cache-12": 4.61130133885459
    }, 
    "87": {
        "cache-11": 3.921291262251797, 
        "cache-12": 4.553373817517843
    }, 
    "88": {
        "cache-11": 3.921291262251797, 
        "cache-12": 4.420931484899052
    }, 
    "89": {
        "cache-11": 3.921291262251797, 
        "cache-12": 4.240696701210558
    }, 
    "90": {
        "cache-11": 3.921291262251797, 
        "cache-12": 4.368071498695827
    }, 
    "91": {
        "cache-11": 3.921291262251797, 
        "cache-12": 4.328280325488044
    }, 
    "92": {
        "cache-11": 3.921291262251797, 
        "cache-12": 4.308384738884152
    }, 
    "93": {
        "cache-11": 3.921291262251797, 
        "cache-12": 4.298436945582207
    }, 
    "94": {
        "cache-11": 3.921291262251797, 
        "cache-12": 4.396941620881652
    },