{
    "0": {
        "cache-09": 3.68955545631, 
        "cache-10": 3.9423652731962338
    }, 
    "1": {
        "cache-09": 3.68955545631, 
        "cache-10": 3.9423652731962338
    }, 
    "2": {
        "cache-09": 3.68955545631, 
        "cache-10": 3.9423652731962338
    }, 
    "3": {
        "cache-09": 3.68955545631, 
        "cache-10": 3.9423652731962338
    }, 
    "4": {
        "cache-09": 3.68955545631, 
        "cache-10": 3.9423652731962338
    }, 
    "5": {
        "cache-09": 3.68955545631, 
        "cache-10": 3.9423652731962338
    }, 
    "6": {
        "cache-09": 3.68955545631, 
        "cache-10": 3.9423652731962338
    }, 
    "7": {
        "cache-09": 3.68955545631, 
        "cache-10": 3.9423652731962338
    }, 
    "8": {
        "cache-09": 3.68955545631, 
        "cache-10": 3.9423652731962338
    }, 
    "9": {
        "cache-09": 3.68955545631, 
        "cache-10": 3.9423652731962338
    }, 
    "10": {
        "cache-09": 3.68955545631, 
        "cache-10": 3.9423652731962338
    }, 
    "11": {
        "cache-09": 3.0392096692355555, 
        "cache-10": 3.1096487438144034
    }, 
    "12": {
        "cache-09": 3.0392096692355555, 
        "cache-10": 3.1096487438144034
    }, 
    "13": {
        "cache-09": 3.0392096692355555, 
        "cache-10": 3.1096487438144034
    }, 
    "14": {
        "cache-09": 3.0392096692355555, 
        "cache-10": 3.1096487438144034
    }, 
    "15": {
        "cache-09": 3.0392096692355555, 
        "cache-10": 3.1096487438144034
    }, 
    "16": {
        "cache-09": 3.0392096692355555, 
        "cache-10": 3.1096487438144034
    }, 
    "17": {
        "cache-09": 3.0392096692355555, 
        "cache-10": 3.1096487438144034
    }, 
    "18": {
        "cache-09": 3.0392096692355555, 
        "cache-10": 3.1096487438144034
    }, 
    "19": {
        "cache-09": 3.0392096692355555, 
        "cache-10": 3.1096487438144034
    }, 
    "20": {
        "cache-09": 3.0392096692355555, 
        "cache-10": 3.1096487438144034
    }, 
    "21": {
        "cache-09": 3.636302078305576, 
        "cache-10": 2.8659373182155754
    }, 
    "22": {
        "cache-09": 3.636302078305576, 
        "cache-10": 2.8659373182155754
    }, 
    "23": {
        "cache-09": 3.636302078305576, 
        "cache-10": 2.8659373182155754
    }, 
    "24": {
        "cache-09": 3.636302078305576, 
        "cache-10": 2.8659373182155754
    }, 
    "25": {
        "cache-09": 3.636302078305576, 
        "cache-10": 2.8659373182155754
    }, 
    "26": {
        "cache-09": 3.636302078305576, 
        "cache-10": 2.8659373182155754
    }, 
    "27": {
        "cache-09": 3.636302078305576, 
        "cache-10": 2.8659373182155754
    }, 
    "28": {
        "cache-09": 3.636302078305576, 
        "cache-10": 2.8659373182155754
    }, 
    "29": {
        "cache-09": 3.636302078305576, 
        "cache-10": 2.8659373182155754
    }, 
    "30": {
        "cache-09": 3.636302078305576, 
        "cache-10": 2.8659373182155754
    }, 
    "31": {
        "cache-09": 3.181334737819812, 
        "cache-10": 3.6199586342063705
    }, 
    "32": {
        "cache-09": 3.181334737819812, 
        "cache-10": 3.6199586342063705
    }, 
    "33": {
        "cache-09": 3.181334737819812, 
        "cache-10": 3.6199586342063705
    }, 
    "34": {
        "cache-09": 3.181334737819812, 
        "cache-10": 3.6199586342063705
    }, 
    "35": {
        "cache-09": 3.181334737819812, 
        "cache-10": 3.6199586342063705
    }, 
    "36": {
        "cache-09": 3.181334737819812, 
        "cache-10": 3.6199586342063705
    }, 
    "37": {
        "cache-09": 3.181334737819812, 
        "cache-10": 3.6199586342063705
    }, 
    "38": {
        "cache-09": 3.181334737819812, 
        "cache-10": 3.6199586342063705
    }, 
    "39": {
        "cache-09": 3.181334737819812, 
        "cache-10": 3.6199586342063705
    }, 
    "40": {
        "cache-09": 3.181334737819812, 
        "cache-10": 3.6199586342063705
    }, 
    "41": {
        "cache-09": 3.2072350348737815, 
        "cache-10": 2.995079496513606
    }, 
    "42": {
        "cache-09": 3.2072350348737815, 
        "cache-10": 2.995079496513606
    }, 
    "43": {
        "cache-09": 3.2072350348737815, 
        "cache-10": 2.995079496513606
    }, 
    "44": {
        "cache-09": 3.2072350348737815, 
        "cache-10": 2.995079496513606
    }, 
    "45": {
        "cache-09": 3.2072350348737815, 
        "cache-10": 2.995079496513606
    }, 
    "46": {
        "cache-09": 3.2072350348737815, 
        "cache-10": 2.995079496513606
    }, 
    "47": {
        "cache-09": 3.2072350348737815, 
        "cache-10": 2.995079496513606
    }, 
    "48": {
        "cache-09": 3.2072350348737815, 
        "cache-10": 2.995079496513606
    }, 
    "49": {
        "cache-09": 3.2072350348737815, 
        "cache-10": 2.995079496513606
    }, 
    "50": {
        "cache-09": 3.2072350348737815, 
        "cache-10": 2.995079496513606
    }, 
    "51": {
        "cache-09": 3.210518707470026, 
        "cache-10": 3.1487694979729417
    }, 
    "52": {
        "cache-09": 3.210518707470026, 
        "cache-10": 3.1487694979729417
    }, 
    "53": {
        "cache-09": 3.210518707470026, 
        "cache-10": 3.1487694979729417
    }, 
    "54": {
        "cache-09": 3.210518707470026, 
        "cache-10": 3.1487694979729417
    }, 
    "55": {
        "cache-09": 3.210518707470026, 
        "cache-10": 3.1487694979729417
    }, 
    "56": {
        "cache-09": 3.210518707470026, 
        "cache-10": 3.1487694979729417
    }, 
    "57": {
        "cache-09": 3.210518707470026, 
        "cache-10": 3.1487694979729417
    }, 
    "58": {
        "cache-09": 3.210518707470026, 
        "cache-10": 3.1487694979729417
    }, 
    "59": {
        "cache-09": 3.210518707470026, 
        "cache-10": 3.1487694979729417
    }, 
    "60": {
        "cache-09": 3.210518707470026, 
        "cache-10": 3.1487694979729417
    }, 
    "61": {
        "cache-09": 3.2254334172694032, 
        "cache-10": 3.223417033142819
    }, 
    "62": {
        "cache-09": 3.2254334172694032, 
        "cache-10": 3.223417033142819
    }, 
    "63": {
        "cache-09": 3.2254334172694032, 
        "cache-10": 3.223417033142819
    }, 
    "64": {
        "cache-09": 3.2254334172694032, 
        "cache-10": 3.223417033142819
    }, 
    "65": {
        "cache-09": 3.2254334172694032, 
        "cache-10": 3.223417033142819
    }, 
    "66": {
        "cache-09": 3.2254334172694032, 
        "cache-10": 3.223417033142819
    }, 
    "67": {
        "cache-09": 3.2254334172694032, 
        "cache-10": 3.223417033142819
    }, 
    "68": {
        "cache-09": 3.2254334172694032, 
        "cache-10": 3.223417033142819
    }, 
    "69": {
        "cache-09": 3.2254334172694032, 
        "cache-10": 3.223417033142819
    }, 
    "70": {
        "cache-09": 3.2254334172694032, 
        "cache-10": 3.223417033142819
    }, 
    "71": {
        "cache-09": 3.0590274491752982, 
        "cache-10": 3.0897705712664836
    }, 
    "72": {
        "cache-09": 3.0590274491752982, 
        "cache-10": 3.0897705712664836
    }, 
    "73": {
        "cache-09": 3.0590274491752982, 
        "cache-10": 3.0897705712664836
    }, 
    "74": {
        "cache-09": 3.0590274491752982, 
        "cache-10": 3.0897705712664836
    }, 
    "75": {
        "cache-09": 3.0590274491752982, 
        "cache-10": 3.0897705712664836
    }, 
    "76": {
        "cache-09": 3.0590274491752982, 
        "cache-10": 3.0897705712664836
    }, 
    "77": {
        "cache-09": 3.0590274491752982, 
        "cache-10": 3.0897705712664836
    }, 
    "78": {
        "cache-09": 3.0590274491752982, 
        "cache-10": 3.0897705712664836
    }, 
    "79": {
        "cache-09": 3.0590274491752982, 
        "cache-10": 3.0897705712664836
    }, 
    "80": {
        "cache-09": 3.0590274491752982, 
        "cache-10": 3.0897705712664836
    },