{
    "0": {
        "cache-09": 4, 
        "cache-10": 3.75
    }, 
    "1": {
        "cache-09": 4, 
        "cache-10": 3.9052309587610323
    }, 
    "2": {
        "cache-09": 4, 
        "cache-10": 4.200338627471065
    }, 
    "3": {
        "cache-09": 4, 
        "cache-10": 4.347892461826081
    }, 
    "4": {
        "cache-09": 4, 
        "cache-10": 4.204177189674073
    }, 
    "5": {
        "cache-09": 4, 
        "cache-10": 4.1323195535980695
    }, 
    "6": {
        "cache-09": 4, 
        "cache-10": 4.210404352939165
    }, 
    "7": {
        "cache-09": 4, 
        "cache-10": 4.249446752609712
    }, 
    "8": {
        "cache-09": 4, 
        "cache-10": 4.268967952444987
    }, 
    "9": {
        "cache-09": 4, 
        "cache-10": 4.164714934983525
    }, 
    "10": {
        "cache-09": 4, 
        "cache-10": 4.2266020436318925
    }, 
    "11": {
        "cache-09": 4, 
        "cache-10": 4.143531980576979
    }, 
    "12": {
        "cache-09": 4, 
        "cache-10": 4.101996949049521
    }, 
    "13": {
        "cache-09": 4, 
        "cache-10": 3.7707443187902356
    }, 
    "14": {
        "cache-09": 3.719745844265475, 
        "cache-10": 3.7707443187902356
    }, 
    "15": {
        "cache-09": 3.719745844265475, 
        "cache-10": 4.133095307485666
    }, 
    "16": {
        "cache-09": 3.719745844265475, 
        "cache-10": 4.096778612503865
    }, 
    "17": {
        "cache-09": 3.719745844265475, 
        "cache-10": 3.53326222838467
    }, 
    "18": {
        "cache-09": 3.7170106182806637, 
        "cache-10": 3.53326222838467
    }, 
    "19": {
        "cache-09": 3.888736267901364, 
        "cache-10": 3.53326222838467
    }, 
    "20": {
        "cache-09": 3.664113978216157, 
        "cache-10": 3.53326222838467
    }, 
    "21": {
        "cache-09": 3.316929911240816, 
        "cache-10": 3.53326222838467
    }, 
    "22": {
        "cache-09": 3.316929911240816, 
        "cache-10": 3.623768810340261
    }, 
    "23": {
        "cache-09": 3.316929911240816, 
        "cache-10": 3.0618844051701304
    }, 
    "24": {
        "cache-09": 3.378210799885883, 
        "cache-10": 3.0618844051701304
    }, 
    "25": {
        "cache-09": 3.4088512442084165, 
        "cache-10": 3.0618844051701304
    }, 
    "26": {
        "cache-09": 3.1892985442369457, 
        "cache-10": 3.0618844051701304
    }, 
    "27": {
        "cache-09": 3.314395116383948, 
        "cache-10": 3.0618844051701304
    }, 
    "28": {
        "cache-09": 3.5143352543399002, 
        "cache-10": 3.0618844051701304
    }, 
    "29": {
        "cache-09": 3.6143053233178764, 
        "cache-10": 3.0618844051701304
    }, 
    "30": {
        "cache-09": 3.526898505924413, 
        "cache-10": 3.0618844051701304
    }, 
    "31": {
        "cache-09": 3.4831950972276813, 
        "cache-10": 3.0618844051701304
    }, 
    "32": {
        "cache-09": 3.4613433928793156, 
        "cache-10": 3.0618844051701304
    }, 
    "33": {
        "cache-09": 3.587809392587584, 
        "cache-10": 3.0618844051701304
    }, 
    "34": {
        "cache-09": 3.2787776184265294, 
        "cache-10": 3.0618844051701304
    }, 
    "35": {
        "cache-09": 3.124261731346002, 
        "cache-10": 3.0618844051701304
    }, 
    "36": {
        "cache-09": 3.281876709938476, 
        "cache-10": 3.0618844051701304
    }, 
    "37": {
        "cache-09": 3.360684199234713, 
        "cache-10": 3.0618844051701304
    }, 
    "38": {
        "cache-09": 3.165215021750094, 
        "cache-10": 3.0618844051701304
    }, 
    "39": {
        "cache-09": 3.0674804330077845, 
        "cache-10": 3.0618844051701304
    }, 
    "40": {
        "cache-09": 3.253486060769367, 
        "cache-10": 3.0618844051701304
    }, 
    "41": {
        "cache-09": 3.3464888746501584, 
        "cache-10": 3.0618844051701304
    }, 
    "42": {
        "cache-09": 3.1581173594578167, 
        "cache-10": 3.0618844051701304
    }, 
    "43": {
        "cache-09": 3.2988045239943835, 
        "cache-10": 3.0618844051701304
    }, 
    "44": {
        "cache-09": 3.3691481062626667, 
        "cache-10": 3.0618844051701304
    }, 
    "45": {
        "cache-09": 3.5417117492792594, 
        "cache-10": 3.0618844051701304
    }, 
    "46": {
        "cache-09": 3.4906017189051046, 
        "cache-10": 3.0618844051701304
    }, 
    "47": {
        "cache-09": 3.2301737815852896, 
        "cache-10": 3.0618844051701304
    }, 
    "48": {
        "cache-09": 3.0999598129253823, 
        "cache-10": 3.0618844051701304
    }, 
    "49": {
        "cache-09": 3.269725750728166, 
        "cache-10": 3.0618844051701304
    }, 
    "50": {
        "cache-09": 3.4920005715120093, 
        "cache-10": 3.0618844051701304
    }, 
    "51": {
        "cache-09": 3.230873207888742, 
        "cache-10": 3.0618844051701304
    }, 
    "52": {
        "cache-09": 3.1003095260771083, 
        "cache-10": 3.0618844051701304
    }, 
    "53": {
        "cache-09": 3.4072924591864804, 
        "cache-10": 3.0618844051701304
    }, 
    "54": {
        "cache-09": 3.4233920738587154, 
        "cache-10": 3.0618844051701304
    }, 
    "55": {
        "cache-09": 3.196568959062095, 
        "cache-10": 3.0618844051701304
    }, 
    "56": {
        "cache-09": 3.3180303237965223, 
        "cache-10": 3.0618844051701304
    }, 
    "57": {
        "cache-09": 3.378761006163736, 
        "cache-10": 3.0618844051701304
    }, 
    "58": {
        "cache-09": 3.1742534252146055, 
        "cache-10": 3.0618844051701304
    }, 
    "59": {
        "cache-09": 3.07199963474004, 
        "cache-10": 3.0618844051701304
    }, 
    "60": {
        "cache-09": 3.0208727395027575, 
        "cache-10": 3.0618844051701304
    }, 
    "61": {
        "cache-09": 3.0208727395027575, 
        "cache-10": 3.3880798987329914
    }, 
    "62": {
        "cache-09": 3.0208727395027575, 
        "cache-10": 3.4137857936319707
    }, 
    "63": {
        "cache-09": 3.0208727395027575, 
        "cache-10": 3.4266387410814603
    }, 
    "64": {
        "cache-09": 3.0208727395027575, 
        "cache-10": 3.433065214806205
    }, 
    "65": {
        "cache-09": 3.0208727395027575, 
        "cache-10": 3.4362784516685774
    }, 
    "66": {
        "cache-09": 3.0208727395027575, 
        "cache-10": 3.2030121479670264
    }, 
    "67": {
        "cache-09": 3.0208727395027575, 
        "cache-10": 3.321251918248988
    }, 
    "68": {
        "cache-09": 3.0208727395027575, 
        "cache-10": 3.380371803389969
    }, 
    "69": {
        "cache-09": 3.0208727395027575, 
        "cache-10": 3.175058823827722
    }, 
    "70": {
        "cache-09": 3.0208727395027575, 
        "cache-10": 3.307275256179336
    }, 
    "71": {
        "cache-09": 3.0208727395027575, 
        "cache-10": 3.5107753242375943
    }, 
    "72": {
        "cache-09": 3.0208727395027575, 
        "cache-10": 3.6125253582667236
    }, 
    "73": {
        "cache-09": 3.0208727395027575, 
        "cache-10": 3.2911356012660993
    }, 
    "74": {
        "cache-09": 3.0208727395027575, 
        "cache-10": 3.130440722765787
    }, 
    "75": {
        "cache-09": 3.0208727395027575, 
        "cache-10": 3.050093283515631
    }, 
    "76": {
        "cache-09": 3.0208727395027575, 
        "cache-10": 3.2447924860232904
    }, 
    "77": {
        "cache-09": 3.0208727395027575, 
        "cache-10": 3.1072691651443827
    }, 
    "78": {
        "cache-09": 3.0208727395027575, 
        "cache-10": 3.0385075047049286
    }, 
    "79": {
        "cache-09": 3.0208727395027575, 
        "cache-10": 3.0041266744852018
    }, 
    "80": {
        "cache-09": 3.2301822140168537, 
        "cache-10": 3.0041266744852018
    }, 
    "81": {
        "cache-09": 3.3348369512739016, 
        "cache-10": 3.0041266744852018
    }, 
    "82": {
        "cache-09": 3.3871643199024257, 
        "cache-10": 3.0041266744852018
    },