{
    "0": {
        "cache-09": 3.68955545631, 
        "cache-10": 4.4340350632335745
    }, 
    "1": {
        "cache-09": 3.68955545631, 
        "cache-10": 4.4340350632335745
    }, 
    "2": {
        "cache-09": 3.68955545631, 
        "cache-10": 4.4340350632335745
    }, 
    "3": {
        "cache-09": 3.68955545631, 
        "cache-10": 4.4340350632335745
    }, 
    "4": {
        "cache-09": 3.68955545631, 
        "cache-10": 4.4340350632335745
    }, 
    "5": {
        "cache-09": 3.68955545631, 
        "cache-10": 4.4340350632335745
    }, 
    "6": {
        "cache-09": 3.68955545631, 
        "cache-10": 4.4340350632335745
    }, 
    "7": {
        "cache-09": 3.68955545631, 
        "cache-10": 4.4340350632335745
    }, 
    "8": {
        "cache-09": 3.68955545631, 
        "cache-10": 4.4340350632335745
    }, 
    "9": {
        "cache-09": 3.68955545631, 
        "cache-10": 4.4340350632335745
    }, 
    "10": {
        "cache-09": 3.68955545631, 
        "cache-10": 4.4340350632335745
    }, 
    "11": {
        "cache-09": 3.149698247276606, 
        "cache-10": 3.1246535812373013
    }, 
    "12": {
        "cache-09": 3.149698247276606, 
        "cache-10": 3.1246535812373013
    }, 
    "13": {
        "cache-09": 3.149698247276606, 
        "cache-10": 3.1246535812373013
    }, 
    "14": {
        "cache-09": 3.149698247276606, 
        "cache-10": 3.1246535812373013
    }, 
    "15": {
        "cache-09": 3.149698247276606, 
        "cache-10": 3.1246535812373013
    }, 
    "16": {
        "cache-09": 3.149698247276606, 
        "cache-10": 3.1246535812373013
    }, 
    "17": {
        "cache-09": 3.149698247276606, 
        "cache-10": 3.1246535812373013
    }, 
    "18": {
        "cache-09": 3.149698247276606, 
        "cache-10": 3.1246535812373013
    }, 
    "19": {
        "cache-09": 3.149698247276606, 
        "cache-10": 3.1246535812373013
    }, 
    "20": {
        "cache-09": 3.149698247276606, 
        "cache-10": 3.1246535812373013
    }, 
    "21": {
        "cache-09": 3.7077802097833743, 
        "cache-10": 3.130256676875273
    }, 
    "22": {
        "cache-09": 3.7077802097833743, 
        "cache-10": 3.130256676875273
    }, 
    "23": {
        "cache-09": 3.7077802097833743, 
        "cache-10": 3.130256676875273
    }, 
    "24": {
        "cache-09": 3.7077802097833743, 
        "cache-10": 3.130256676875273
    }, 
    "25": {
        "cache-09": 3.7077802097833743, 
        "cache-10": 3.130256676875273
    }, 
    "26": {
        "cache-09": 3.7077802097833743, 
        "cache-10": 3.130256676875273
    }, 
    "27": {
        "cache-09": 3.7077802097833743, 
        "cache-10": 3.130256676875273
    }, 
    "28": {
        "cache-09": 3.7077802097833743, 
        "cache-10": 3.130256676875273
    }, 
    "29": {
        "cache-09": 3.7077802097833743, 
        "cache-10": 3.130256676875273
    }, 
    "30": {
        "cache-09": 3.7077802097833743, 
        "cache-10": 3.130256676875273
    }, 
    "31": {
        "cache-09": 3.495619905208347, 
        "cache-10": 3.7954208739448925
    }, 
    "32": {
        "cache-09": 3.495619905208347, 
        "cache-10": 3.7954208739448925
    }, 
    "33": {
        "cache-09": 3.495619905208347, 
        "cache-10": 3.7954208739448925
    }, 
    "34": {
        "cache-09": 3.495619905208347, 
        "cache-10": 3.7954208739448925
    }, 
    "35": {
        "cache-09": 3.495619905208347, 
        "cache-10": 3.7954208739448925
    }, 
    "36": {
        "cache-09": 3.495619905208347, 
        "cache-10": 3.7954208739448925
    }, 
    "37": {
        "cache-09": 3.495619905208347, 
        "cache-10": 3.7954208739448925
    }, 
    "38": {
        "cache-09": 3.495619905208347, 
        "cache-10": 3.7954208739448925
    }, 
    "39": {
        "cache-09": 3.495619905208347, 
        "cache-10": 3.7954208739448925
    }, 
    "40": {
        "cache-09": 3.495619905208347, 
        "cache-10": 3.7954208739448925
    }, 
    "41": {
        "cache-09": 3.5433696094568203, 
        "cache-10": 3.7699368064161884
    }, 
    "42": {
        "cache-09": 3.5433696094568203, 
        "cache-10": 3.7699368064161884
    }, 
    "43": {
        "cache-09": 3.5433696094568203, 
        "cache-10": 3.7699368064161884
    }, 
    "44": {
        "cache-09": 3.5433696094568203, 
        "cache-10": 3.7699368064161884
    }, 
    "45": {
        "cache-09": 3.5433696094568203, 
        "cache-10": 3.7699368064161884
    }, 
    "46": {
        "cache-09": 3.5433696094568203, 
        "cache-10": 3.7699368064161884
    }, 
    "47": {
        "cache-09": 3.5433696094568203, 
        "cache-10": 3.7699368064161884
    }, 
    "48": {
        "cache-09": 3.5433696094568203, 
        "cache-10": 3.7699368064161884
    }, 
    "49": {
        "cache-09": 3.5433696094568203, 
        "cache-10": 3.7699368064161884
    }, 
    "50": {
        "cache-09": 3.5433696094568203, 
        "cache-10": 3.7699368064161884
    }, 
    "51": {
        "cache-09": 3.5641795618138308, 
        "cache-10": 3.542489491661735
    }, 
    "52": {
        "cache-09": 3.5641795618138308, 
        "cache-10": 3.542489491661735
    }, 
    "53": {
        "cache-09": 3.5641795618138308, 
        "cache-10": 3.542489491661735
    }, 
    "54": {
        "cache-09": 3.5641795618138308, 
        "cache-10": 3.542489491661735
    }, 
    "55": {
        "cache-09": 3.5641795618138308, 
        "cache-10": 3.542489491661735
    }, 
    "56": {
        "cache-09": 3.5641795618138308, 
        "cache-10": 3.542489491661735
    }, 
    "57": {
        "cache-09": 3.5641795618138308, 
        "cache-10": 3.542489491661735
    }, 
    "58": {
        "cache-09": 3.5641795618138308, 
        "cache-10": 3.542489491661735
    }, 
    "59": {
        "cache-09": 3.5641795618138308, 
        "cache-10": 3.542489491661735
    }, 
    "60": {
        "cache-09": 3.5641795618138308, 
        "cache-10": 3.542489491661735
    }, 
    "61": {
        "cache-09": 3.5001392193521395, 
        "cache-10": 3.9037224514559687
    }, 
    "62": {
        "cache-09": 3.5001392193521395, 
        "cache-10": 3.9037224514559687
    }, 
    "63": {
        "cache-09": 3.5001392193521395, 
        "cache-10": 3.9037224514559687
    }, 
    "64": {
        "cache-09": 3.5001392193521395, 
        "cache-10": 3.9037224514559687
    }, 
    "65": {
        "cache-09": 3.5001392193521395, 
        "cache-10": 3.9037224514559687
    }, 
    "66": {
        "cache-09": 3.5001392193521395, 
        "cache-10": 3.9037224514559687
    }, 
    "67": {
        "cache-09": 3.5001392193521395, 
        "cache-10": 3.9037224514559687
    }, 
    "68": {
        "cache-09": 3.5001392193521395, 
        "cache-10": 3.9037224514559687
    }, 
    "69": {
        "cache-09": 3.5001392193521395, 
        "cache-10": 3.9037224514559687
    }, 
    "70": {
        "cache-09": 3.5001392193521395, 
        "cache-10": 3.9037224514559687
    }, 
    "71": {
        "cache-09": 3.6842685532182626, 
        "cache-10": 3.461571348131922
    }, 
    "72": {
        "cache-09": 3.6842685532182626, 
        "cache-10": 3.461571348131922
    }, 
    "73": {
        "cache-09": 3.6842685532182626, 
        "cache-10": 3.461571348131922
    }, 
    "74": {
        "cache-09": 3.6842685532182626, 
        "cache-10": 3.461571348131922
    }, 
    "75": {
        "cache-09": 3.6842685532182626, 
        "cache-10": 3.461571348131922
    }, 
    "76": {
        "cache-09": 3.6842685532182626, 
        "cache-10": 3.461571348131922
    }, 
    "77": {
        "cache-09": 3.6842685532182626, 
        "cache-10": 3.461571348131922
    }, 
    "78": {
        "cache-09": 3.6842685532182626, 
        "cache-10": 3.461571348131922
    }, 
    "79": {
        "cache-09": 3.6842685532182626, 
        "cache-10": 3.461571348131922
    }, 
    "80": {
        "cache-09": 3.6842685532182626, 
        "cache-10": 3.461571348131922
    },