{
    "0": {
        "cache-13": 3.75, 
        "cache-14": 4
    }, 
    "1": {
        "cache-13": 4.277495732776221, 
        "cache-14": 4
    }, 
    "2": {
        "cache-13": 4.638724669414618, 
        "cache-14": 4
    }, 
    "3": {
        "cache-13": 4.819339137733817, 
        "cache-14": 4
    }, 
    "4": {
        "cache-13": 4.909646371893416, 
        "cache-14": 4
    }, 
    "5": {
        "cache-13": 4.954799988973216, 
        "cache-14": 4
    }, 
    "6": {
        "cache-13": 4.977376797513115, 
        "cache-14": 4
    }, 
    "7": {
        "cache-13": 4.988665201783064, 
        "cache-14": 4
    }, 
    "8": {
        "cache-13": 4.99430940391804, 
        "cache-14": 4
    }, 
    "9": {
        "cache-13": 4.997131504985527, 
        "cache-14": 4
    }, 
    "10": {
        "cache-13": 4.99854255551927, 
        "cache-14": 4
    }, 
    "11": {
        "cache-13": 4.999248080786142, 
        "cache-14": 4
    }, 
    "12": {
        "cache-13": 4.999600843419579, 
        "cache-14": 4
    }, 
    "13": {
        "cache-13": 4.999777224736297, 
        "cache-14": 4
    }, 
    "14": {
        "cache-13": 4.999865415394655, 
        "cache-14": 4
    }, 
    "15": {
        "cache-13": 4.999909510723835, 
        "cache-14": 4
    }, 
    "16": {
        "cache-13": 4.999931558388425, 
        "cache-14": 4
    }, 
    "17": {
        "cache-13": 4.99994258222072, 
        "cache-14": 4
    }, 
    "18": {
        "cache-13": 4.999948094136867, 
        "cache-14": 4
    }, 
    "19": {
        "cache-13": 4.99995085009494, 
        "cache-14": 4
    }, 
    "20": {
        "cache-13": 4.999952228073978, 
        "cache-14": 4
    }, 
    "21": {
        "cache-13": 4.999952917063496, 
        "cache-14": 4
    }, 
    "22": {
        "cache-13": 4.999953261558256, 
        "cache-14": 4
    }, 
    "23": {
        "cache-13": 4.999953433805635, 
        "cache-14": 4
    }, 
    "24": {
        "cache-13": 4.999953519929324, 
        "cache-14": 4
    }, 
    "25": {
        "cache-13": 4.902472492740883, 
        "cache-14": 4
    }, 
    "26": {
        "cache-13": 4.853731979146662, 
        "cache-14": 4
    }, 
    "27": {
        "cache-13": 4.926842792599839, 
        "cache-14": 4
    }, 
    "28": {
        "cache-13": 4.8659171290761405, 
        "cache-14": 4
    }, 
    "29": {
        "cache-13": 4.835454297314291, 
        "cache-14": 4
    }, 
    "30": {
        "cache-13": 4.917703951683652, 
        "cache-14": 4
    }, 
    "31": {
        "cache-13": 4.958828778868334, 
        "cache-14": 4
    }, 
    "32": {
        "cache-13": 4.979391192460675, 
        "cache-14": 4
    }, 
    "33": {
        "cache-13": 4.989672399256845, 
        "cache-14": 4
    }, 
    "34": {
        "cache-13": 4.994813002654929, 
        "cache-14": 4
    }, 
    "35": {
        "cache-13": 4.997383304353972, 
        "cache-14": 4
    }, 
    "36": {
        "cache-13": 4.998668455203493, 
        "cache-14": 4
    }, 
    "37": {
        "cache-13": 4.999311030628254, 
        "cache-14": 4
    }, 
    "38": {
        "cache-13": 4.902151248090348, 
        "cache-14": 4
    }, 
    "39": {
        "cache-13": 4.951052427071682, 
        "cache-14": 4
    }, 
    "40": {
        "cache-13": 4.975503016562348, 
        "cache-14": 4
    }, 
    "41": {
        "cache-13": 4.890247241057395, 
        "cache-14": 4
    }, 
    "42": {
        "cache-13": 4.8476193533049186, 
        "cache-14": 4
    }, 
    "43": {
        "cache-13": 4.9237864796789665, 
        "cache-14": 4
    }, 
    "44": {
        "cache-13": 4.961870042865991, 
        "cache-14": 4
    }, 
    "45": {
        "cache-13": 4.883430754209217, 
        "cache-14": 4
    }, 
    "46": {
        "cache-13": 4.941692180131115, 
        "cache-14": 4
    }, 
    "47": {
        "cache-13": 4.970822893092064, 
        "cache-14": 4
    }, 
    "48": {
        "cache-13": 4.985388249572539, 
        "cache-14": 4
    }, 
    "49": {
        "cache-13": 4.992670927812776, 
        "cache-14": 4
    }, 
    "50": {
        "cache-13": 4.898831196682609, 
        "cache-14": 4
    }, 
    "51": {
        "cache-13": 4.9493924013678114, 
        "cache-14": 4
    }, 
    "52": {
        "cache-13": 4.9746730037104125, 
        "cache-14": 4
    }, 
    "53": {
        "cache-13": 4.987313304881713, 
        "cache-14": 4
    }, 
    "54": {
        "cache-13": 4.896152385217078, 
        "cache-14": 4
    }, 
    "55": {
        "cache-13": 4.948052995635046, 
        "cache-14": 4
    }, 
    "56": {
        "cache-13": 4.97400330084403, 
        "cache-14": 4
    }, 
    "57": {
        "cache-13": 4.986978453448522, 
        "cache-14": 4
    }, 
    "58": {
        "cache-13": 4.741212374814809, 
        "cache-14": 4
    }, 
    "59": {
        "cache-13": 4.773101920183626, 
        "cache-14": 4
    }, 
    "60": {
        "cache-13": 4.88652776311832, 
        "cache-14": 4
    }, 
    "61": {
        "cache-13": 4.943240684585668, 
        "cache-14": 4
    }, 
    "62": {
        "cache-13": 4.874116075069055, 
        "cache-14": 4
    }, 
    "63": {
        "cache-13": 4.839553770310749, 
        "cache-14": 4
    }, 
    "64": {
        "cache-13": 4.919753688181881, 
        "cache-14": 4
    }, 
    "65": {
        "cache-13": 4.959853647117448, 
        "cache-14": 4
    }, 
    "66": {
        "cache-13": 4.882422556334945, 
        "cache-14": 4
    }, 
    "67": {
        "cache-13": 4.843707010943694, 
        "cache-14": 4
    }, 
    "68": {
        "cache-13": 4.824349238248068, 
        "cache-14": 4
    }, 
    "69": {
        "cache-13": 4.912151422150542, 
        "cache-14": 4
    }, 
    "70": {
        "cache-13": 4.956052514101778, 
        "cache-14": 4
    }, 
    "71": {
        "cache-13": 4.88052198982711, 
        "cache-14": 4
    }, 
    "72": {
        "cache-13": 4.940237797940062, 
        "cache-14": 4
    }, 
    "73": {
        "cache-13": 4.970095701996538, 
        "cache-14": 4
    }, 
    "74": {
        "cache-13": 4.88754358377449, 
        "cache-14": 4
    }, 
    "75": {
        "cache-13": 4.846267524663466, 
        "cache-14": 4
    }, 
    "76": {
        "cache-13": 4.825629495107954, 
        "cache-14": 4
    }, 
    "77": {
        "cache-13": 4.912791550580485, 
        "cache-14": 4
    }, 
    "78": {
        "cache-13": 4.956372578316749, 
        "cache-14": 4
    }, 
    "79": {
        "cache-13": 4.880682021934596, 
        "cache-14": 4
    }, 
    "80": {
        "cache-13": 4.8428367437435185, 
        "cache-14": 4
    }, 
    "81": {
        "cache-13": 4.921395174898267, 
        "cache-14": 4
    }, 
    "82": {
        "cache-13": 4.96067439047564, 
        "cache-14": 4
    }, 
    "83": {
        "cache-13": 4.980313998264327, 
        "cache-14": 4
    }, 
    "84": {
        "cache-13": 4.99013380215867, 
        "cache-14": 4
    }, 
    "85": {
        "cache-13": 4.995043704105843, 
        "cache-14": 4
    }, 
    "86": {
        "cache-13": 4.997498655079429, 
        "cache-14": 4
    }, 
    "87": {
        "cache-13": 4.998726130566222, 
        "cache-14": 4
    }, 
    "88": {
        "cache-13": 4.999339868309619, 
        "cache-14": 4
    }, 
    "89": {
        "cache-13": 4.999646737181317, 
        "cache-14": 4
    }, 
    "90": {
        "cache-13": 4.999800171617165, 
        "cache-14": 4
    }, 
    "91": {
        "cache-13": 4.9998768888350895, 
        "cache-14": 4
    }, 
    "92": {
        "cache-13": 4.9999152474440525, 
        "cache-14": 4
    }, 
    "93": {
        "cache-13": 4.999934426748533, 
        "cache-14": 4
    }, 
    "94": {
        "cache-13": 4.999944016400773, 
        "cache-14": 4
    }, 
    "95": {
        "cache-13": 4.9999488112268935, 
        "cache-14": 4
    }, 
    "96": {
        "cache-13": 4.902470138389668, 
        "cache-14": 4
    }, 
    "97": {
        "cache-13": 4.853730801971055,