{
    "0": {
        "Buffer": 4.727030038833618, 
        "Freezing": 0, 
        "QoE": 2.969745844265475, 
        "Representation": "1", 
        "Response": 0.27291202545166016, 
        "Server": "cache-09", 
        "TS": 1425265671
    }, 
    "1": {
        "Buffer": 8.542510986328125, 
        "Freezing": 0, 
        "QoE": 4.9999536060530145, 
        "Representation": "6", 
        "Response": 1.1844630241394043, 
        "Server": "cache-09", 
        "TS": 1425265672
    }, 
    "2": {
        "Buffer": 12.989527940750122, 
        "Freezing": 0, 
        "QoE": 4.681432146513179, 
        "Representation": "5", 
        "Response": 0.5529241561889648, 
        "Server": "cache-09", 
        "TS": 1425265672
    }, 
    "3": {
        "Buffer": 17.029518127441406, 
        "Freezing": 0, 
        "QoE": 4.9999536060530145, 
        "Representation": "6", 
        "Response": 0.959946870803833, 
        "Server": "cache-09", 
        "TS": 1425265673
    }, 
    "4": {
        "Buffer": 21.237673044204712, 
        "Freezing": 0, 
        "QoE": 4.9999536060530145, 
        "Representation": "6", 
        "Response": 0.7917869091033936, 
        "Server": "cache-09", 
        "TS": 1425265674
    }, 
    "5": {
        "Buffer": 25.68400001525879, 
        "Freezing": 0, 
        "QoE": 4.9999536060530145, 
        "Representation": "6", 
        "Response": 0.5535869598388672, 
        "Server": "cache-09", 
        "TS": 1425265675
    }, 
    "6": {
        "Buffer": 24.479324102401733, 
        "Freezing": 0, 
        "QoE": 4.9999536060530145, 
        "Representation": "6", 
        "Response": 1.1995599269866943, 
        "Server": "cache-09", 
        "TS": 1425265681
    }, 
    "7": {
        "Buffer": 28.765378952026367, 
        "Freezing": 0, 
        "QoE": 4.9999536060530145, 
        "Representation": "6", 
        "Response": 0.7138881683349609, 
        "Server": "cache-09", 
        "TS": 1425265682
    }, 
    "8": {
        "Buffer": 27.72802495956421, 
        "Freezing": 0, 
        "QoE": 4.9999536060530145, 
        "Representation": "6", 
        "Response": 1.0328381061553955, 
        "Server": "cache-09", 
        "TS": 1425265688
    }, 
    "9": {
        "Buffer": 27.529415130615234, 
        "Freezing": 0, 
        "QoE": 4.9999536060530145, 
        "Representation": "6", 
        "Response": 0.19446778297424316, 
        "Server": "cache-09", 
        "TS": 1425265693
    }, 
    "10": {
        "Buffer": 27.436048984527588, 
        "Freezing": 0, 
        "QoE": 4.9999536060530145, 
        "Representation": "6", 
        "Response": 0.08877801895141602, 
        "Server": "cache-09", 
        "TS": 1425265698
    }
}