{
    "0": {
        "Buffer": 4.689851999282837, 
        "Freezing": 0, 
        "QoE": 2.969745844265475, 
        "Representation": "1", 
        "Response": 0.3100738525390625, 
        "Server": "cache-06", 
        "TS": 1425265417
    }, 
    "1": {
        "Buffer": 9.40144395828247, 
        "Freezing": 0, 
        "QoE": 4.9999536060530145, 
        "Representation": "6", 
        "Response": 0.2883470058441162, 
        "Server": "cache-06", 
        "TS": 1425265417
    }, 
    "2": {
        "Buffer": 14.08898401260376, 
        "Freezing": 0, 
        "QoE": 4.9999536060530145, 
        "Representation": "6", 
        "Response": 0.31239986419677734, 
        "Server": "cache-06", 
        "TS": 1425265418
    }, 
    "3": {
        "Buffer": 18.71616291999817, 
        "Freezing": 0, 
        "QoE": 4.9999536060530145, 
        "Representation": "6", 
        "Response": 0.37274909019470215, 
        "Server": "cache-06", 
        "TS": 1425265418
    }, 
    "4": {
        "Buffer": 22.747198820114136, 
        "Freezing": 0, 
        "QoE": 4.9999536060530145, 
        "Representation": "6", 
        "Response": 0.9689030647277832, 
        "Server": "cache-06", 
        "TS": 1425265419
    }, 
    "5": {
        "Buffer": 26.418406009674072, 
        "Freezing": 0, 
        "QoE": 4.9999536060530145, 
        "Representation": "6", 
        "Response": 1.3287298679351807, 
        "Server": "cache-06", 
        "TS": 1425265420
    }, 
    "6": {
        "Buffer": 24.51560688018799, 
        "Freezing": 0, 
        "QoE": 4.9999536060530145, 
        "Representation": "6", 
        "Response": 1.8982410430908203, 
        "Server": "cache-06", 
        "TS": 1425265427
    }, 
    "7": {
        "Buffer": 28.246603965759277, 
        "Freezing": 0, 
        "QoE": 4.9999536060530145, 
        "Representation": "6", 
        "Response": 1.2689409255981445, 
        "Server": "cache-06", 
        "TS": 1425265429
    }, 
    "8": {
        "Buffer": 27.460004806518555, 
        "Freezing": 0, 
        "QoE": 4.9999536060530145, 
        "Representation": "6", 
        "Response": 0.7818331718444824, 
        "Server": "cache-06", 
        "TS": 1425265434
    }, 
    "9": {
        "Buffer": 27.209803819656372, 
        "Freezing": 0, 
        "QoE": 4.9999536060530145, 
        "Representation": "6", 
        "Response": 0.2451159954071045, 
        "Server": "cache-06", 
        "TS": 1425265440
    }, 
    "10": {
        "Buffer": 26.968406915664673, 
        "Freezing": 0, 
        "QoE": 4.681432146513179, 
        "Representation": "5", 
        "Response": 0.23643088340759277, 
        "Server": "cache-06", 
        "TS": 1425265445
    }
}