{
    "0": {
        "Buffer": 3.2840769290924072, 
        "Freezing": 0, 
        "QoE": 2.969745844265475, 
        "Representation": "1", 
        "Response": 1.7158570289611816, 
        "Server": "cache-03", 
        "TS": 1425265484
    }, 
    "1": {
        "Buffer": 6.523138046264648, 
        "Freezing": 0, 
        "QoE": 3.7142753922958525, 
        "Representation": "2", 
        "Response": 1.7608668804168701, 
        "Server": "cache-03", 
        "TS": 1425265486
    }, 
    "2": {
        "Buffer": 9.781774997711182, 
        "Freezing": 0, 
        "QoE": 2.969745844265475, 
        "Representation": "1", 
        "Response": 1.7413039207458496, 
        "Server": "cache-03", 
        "TS": 1425265488
    }, 
    "3": {
        "Buffer": 13.020470142364502, 
        "Freezing": 0, 
        "QoE": 2.969745844265475, 
        "Representation": "1", 
        "Response": 1.7612459659576416, 
        "Server": "cache-03", 
        "TS": 1425265490
    }, 
    "4": {
        "Buffer": 16.290910005569458, 
        "Freezing": 0, 
        "QoE": 2.969745844265475, 
        "Representation": "1", 
        "Response": 1.7294979095458984, 
        "Server": "cache-03", 
        "TS": 1425265491
    }, 
    "5": {
        "Buffer": 19.915184020996094, 
        "Freezing": 0, 
        "QoE": 4.060461917522065, 
        "Representation": "3", 
        "Response": 1.375662088394165, 
        "Server": "cache-03", 
        "TS": 1425265493
    }, 
    "6": {
        "Buffer": 22.666181087493896, 
        "Freezing": 0, 
        "QoE": 4.563272856045163, 
        "Representation": "4", 
        "Response": 2.248939037322998, 
        "Server": "cache-03", 
        "TS": 1425265495
    }, 
    "7": {
        "Buffer": 26.421777963638306, 
        "Freezing": 0, 
        "QoE": 4.563272856045163, 
        "Representation": "4", 
        "Response": 1.244340181350708, 
        "Server": "cache-03", 
        "TS": 1425265496
    }, 
    "8": {
        "Buffer": 22.77537202835083, 
        "Freezing": 0, 
        "QoE": 4.563272856045163, 
        "Representation": "4", 
        "Response": 3.6415889263153076, 
        "Server": "cache-03", 
        "TS": 1425265505
    }, 
    "9": {
        "Buffer": 26.035362005233765, 
        "Freezing": 0, 
        "QoE": 3.7142753922958525, 
        "Representation": "2", 
        "Response": 1.7399489879608154, 
        "Server": "cache-03", 
        "TS": 1425265507
    }, 
    "10": {
        "Buffer": 25.212180137634277, 
        "Freezing": 0, 
        "QoE": 3.7142753922958525, 
        "Representation": "2", 
        "Response": 0.8187808990478516, 
        "Server": "cache-03", 
        "TS": 1425265513
    }
}