{
    "0": {
        "Buffer": 4.3999810218811035, 
        "Freezing": 0, 
        "QoE": 2.969745844265475, 
        "Representation": "1", 
        "Response": 0.5999650955200195, 
        "Server": "cache-08", 
        "TS": 1425265271
    }, 
    "1": {
        "Buffer": 8.757009983062744, 
        "Freezing": 0, 
        "QoE": 4.563272856045163, 
        "Representation": "4", 
        "Response": 0.6429159641265869, 
        "Server": "cache-08", 
        "TS": 1425265272
    }, 
    "2": {
        "Buffer": 12.901601076126099, 
        "Freezing": 0, 
        "QoE": 4.681432146513179, 
        "Representation": "5", 
        "Response": 0.8553519248962402, 
        "Server": "cache-08", 
        "TS": 1425265273
    }, 
    "3": {
        "Buffer": 16.87683606147766, 
        "Freezing": 0, 
        "QoE": 4.9999536060530145, 
        "Representation": "6", 
        "Response": 1.0246999263763428, 
        "Server": "cache-08", 
        "TS": 1425265274
    }, 
    "4": {
        "Buffer": 20.843761920928955, 
        "Freezing": 0, 
        "QoE": 4.9999536060530145, 
        "Representation": "6", 
        "Response": 1.0330181121826172, 
        "Server": "cache-08", 
        "TS": 1425265275
    }, 
    "5": {
        "Buffer": 24.81537389755249, 
        "Freezing": 0, 
        "QoE": 4.9999536060530145, 
        "Representation": "6", 
        "Response": 1.0283350944519043, 
        "Server": "cache-08", 
        "TS": 1425265276
    }, 
    "6": {
        "Buffer": 28.785382986068726, 
        "Freezing": 0, 
        "QoE": 4.9999536060530145, 
        "Representation": "6", 
        "Response": 1.029937982559204, 
        "Server": "cache-08", 
        "TS": 1425265277
    }, 
    "7": {
        "Buffer": 27.923818111419678, 
        "Freezing": 0, 
        "QoE": 4.9999536060530145, 
        "Representation": "6", 
        "Response": 0.8569560050964355, 
        "Server": "cache-08", 
        "TS": 1425265283
    }, 
    "8": {
        "Buffer": 27.143584966659546, 
        "Freezing": 0, 
        "QoE": 4.9999536060530145, 
        "Representation": "6", 
        "Response": 0.7751860618591309, 
        "Server": "cache-08", 
        "TS": 1425265289
    }, 
    "9": {
        "Buffer": 26.709053993225098, 
        "Freezing": 0, 
        "QoE": 4.9999536060530145, 
        "Representation": "6", 
        "Response": 0.4297020435333252, 
        "Server": "cache-08", 
        "TS": 1425265294
    }, 
    "10": {
        "Buffer": 26.357424020767212, 
        "Freezing": 0, 
        "QoE": 4.563272856045163, 
        "Representation": "4", 
        "Response": 0.34708499908447266, 
        "Server": "cache-08", 
        "TS": 1425265299
    }
}