{
    "0": {
        "Buffer": 4.328818082809448, 
        "Freezing": 0, 
        "QoE": 2.969745844265475, 
        "Representation": "1", 
        "Response": 0.6509590148925781, 
        "Server": "cache-07", 
        "TS": 1425265493
    }, 
    "1": {
        "Buffer": 8.58272099494934, 
        "Freezing": 0, 
        "QoE": 4.060461917522065, 
        "Representation": "3", 
        "Response": 0.7460300922393799, 
        "Server": "cache-07", 
        "TS": 1425265494
    }, 
    "2": {
        "Buffer": 12.999324083328247, 
        "Freezing": 0, 
        "QoE": 4.060461917522065, 
        "Representation": "3", 
        "Response": 0.5833280086517334, 
        "Server": "cache-07", 
        "TS": 1425265494
    }, 
    "3": {
        "Buffer": 16.479991912841797, 
        "Freezing": 0, 
        "QoE": 4.563272856045163, 
        "Representation": "4", 
        "Response": 1.519275188446045, 
        "Server": "cache-07", 
        "TS": 1425265496
    }, 
    "4": {
        "Buffer": 20.02579402923584, 
        "Freezing": 0, 
        "QoE": 4.563272856045163, 
        "Representation": "4", 
        "Response": 1.4541280269622803, 
        "Server": "cache-07", 
        "TS": 1425265497
    }, 
    "5": {
        "Buffer": 22.279974937438965, 
        "Freezing": 0, 
        "QoE": 4.9999536060530145, 
        "Representation": "6", 
        "Response": 2.7457571029663086, 
        "Server": "cache-07", 
        "TS": 1425265500
    }, 
    "6": {
        "Buffer": 26.00350594520569, 
        "Freezing": 0, 
        "QoE": 4.9999536060530145, 
        "Representation": "6", 
        "Response": 1.2764081954956055, 
        "Server": "cache-07", 
        "TS": 1425265501
    }, 
    "7": {
        "Buffer": 23.33314299583435, 
        "Freezing": 0, 
        "QoE": 4.9999536060530145, 
        "Representation": "6", 
        "Response": 2.663569927215576, 
        "Server": "cache-07", 
        "TS": 1425265509
    }, 
    "8": {
        "Buffer": 27.07931900024414, 
        "Freezing": 0, 
        "QoE": 4.563272856045163, 
        "Representation": "4", 
        "Response": 1.2537479400634766, 
        "Server": "cache-07", 
        "TS": 1425265510
    }, 
    "9": {
        "Buffer": 26.198266983032227, 
        "Freezing": 0, 
        "QoE": 4.563272856045163, 
        "Representation": "4", 
        "Response": 0.8469290733337402, 
        "Server": "cache-07", 
        "TS": 1425265516
    }, 
    "10": {
        "Buffer": 25.99814200401306, 
        "Freezing": 0, 
        "QoE": 3.7142753922958525, 
        "Representation": "2", 
        "Response": 0.19547700881958008, 
        "Server": "cache-07", 
        "TS": 1425265521
    }
}