{
    "0": {
        "Buffer": 4.540018081665039, 
        "Freezing": 0, 
        "QoE": 2.969745844265475, 
        "Representation": "1", 
        "Response": 0.4599189758300781, 
        "Server": "cache-08", 
        "TS": 1425265340
    }, 
    "1": {
        "Buffer": 8.705862998962402, 
        "Freezing": 0, 
        "QoE": 4.681432146513179, 
        "Representation": "5", 
        "Response": 0.8340799808502197, 
        "Server": "cache-08", 
        "TS": 1425265341
    }, 
    "2": {
        "Buffer": 12.827965021133423, 
        "Freezing": 0, 
        "QoE": 4.681432146513179, 
        "Representation": "5", 
        "Response": 0.8778190612792969, 
        "Server": "cache-08", 
        "TS": 1425265342
    }, 
    "3": {
        "Buffer": 16.660717964172363, 
        "Freezing": 0, 
        "QoE": 4.9999536060530145, 
        "Representation": "6", 
        "Response": 1.1671710014343262, 
        "Server": "cache-08", 
        "TS": 1425265343
    }, 
    "4": {
        "Buffer": 20.11552596092224, 
        "Freezing": 0, 
        "QoE": 4.9999536060530145, 
        "Representation": "6", 
        "Response": 1.5451240539550781, 
        "Server": "cache-08", 
        "TS": 1425265344
    }, 
    "5": {
        "Buffer": 23.658467054367065, 
        "Freezing": 0, 
        "QoE": 4.9999536060530145, 
        "Representation": "6", 
        "Response": 1.4569809436798096, 
        "Server": "cache-08", 
        "TS": 1425265346
    }, 
    "6": {
        "Buffer": 27.33419895172119, 
        "Freezing": 0, 
        "QoE": 4.9999536060530145, 
        "Representation": "6", 
        "Response": 1.3242039680480957, 
        "Server": "cache-08", 
        "TS": 1425265347
    }, 
    "7": {
        "Buffer": 26.53336811065674, 
        "Freezing": 0, 
        "QoE": 4.9999536060530145, 
        "Representation": "6", 
        "Response": 0.7956948280334473, 
        "Server": "cache-08", 
        "TS": 1425265353
    }, 
    "8": {
        "Buffer": 25.898911952972412, 
        "Freezing": 0, 
        "QoE": 4.9999536060530145, 
        "Representation": "6", 
        "Response": 0.6293361186981201, 
        "Server": "cache-08", 
        "TS": 1425265358
    }, 
    "9": {
        "Buffer": 25.642215967178345, 
        "Freezing": 0, 
        "QoE": 4.9999536060530145, 
        "Representation": "6", 
        "Response": 0.2516341209411621, 
        "Server": "cache-08", 
        "TS": 1425265364
    }, 
    "10": {
        "Buffer": 25.46938705444336, 
        "Freezing": 0, 
        "QoE": 4.681432146513179, 
        "Representation": "5", 
        "Response": 0.16768288612365723, 
        "Server": "cache-08", 
        "TS": 1425265369
    }
}