{
    "0": {
        "Buffer": 4.71983003616333, 
        "Freezing": 0, 
        "QoE": 2.969745844265475, 
        "Representation": "1", 
        "Response": 0.2801229953765869, 
        "Server": "cache-09", 
        "TS": 1425265425
    }, 
    "1": {
        "Buffer": 8.999526023864746, 
        "Freezing": 0, 
        "QoE": 4.9999536060530145, 
        "Representation": "6", 
        "Response": 0.7202458381652832, 
        "Server": "cache-09", 
        "TS": 1425265426
    }, 
    "2": {
        "Buffer": 13.027654886245728, 
        "Freezing": 0, 
        "QoE": 4.9999536060530145, 
        "Representation": "6", 
        "Response": 0.9717991352081299, 
        "Server": "cache-09", 
        "TS": 1425265427
    }, 
    "3": {
        "Buffer": 17.013551950454712, 
        "Freezing": 0, 
        "QoE": 4.9999536060530145, 
        "Representation": "6", 
        "Response": 1.0140318870544434, 
        "Server": "cache-09", 
        "TS": 1425265428
    }, 
    "4": {
        "Buffer": 20.532197952270508, 
        "Freezing": 0, 
        "QoE": 4.9999536060530145, 
        "Representation": "6", 
        "Response": 1.4812829494476318, 
        "Server": "cache-09", 
        "TS": 1425265429
    }, 
    "5": {
        "Buffer": 23.506924867630005, 
        "Freezing": 0, 
        "QoE": 4.9999536060530145, 
        "Representation": "6", 
        "Response": 2.025200128555298, 
        "Server": "cache-09", 
        "TS": 1425265431
    }, 
    "6": {
        "Buffer": 27.01301598548889, 
        "Freezing": 0, 
        "QoE": 4.9999536060530145, 
        "Representation": "6", 
        "Response": 1.4938340187072754, 
        "Server": "cache-09", 
        "TS": 1425265433
    }, 
    "7": {
        "Buffer": 26.22085189819336, 
        "Freezing": 0, 
        "QoE": 4.9999536060530145, 
        "Representation": "6", 
        "Response": 0.7870161533355713, 
        "Server": "cache-09", 
        "TS": 1425265439
    }, 
    "8": {
        "Buffer": 26.09968590736389, 
        "Freezing": 0, 
        "QoE": 4.9999536060530145, 
        "Representation": "6", 
        "Response": 0.11648392677307129, 
        "Server": "cache-09", 
        "TS": 1425265444
    }, 
    "9": {
        "Buffer": 25.99480104446411, 
        "Freezing": 0, 
        "QoE": 4.9999536060530145, 
        "Representation": "6", 
        "Response": 0.10036683082580566, 
        "Server": "cache-09", 
        "TS": 1425265449
    }, 
    "10": {
        "Buffer": 25.95016598701477, 
        "Freezing": 0, 
        "QoE": 4.9999536060530145, 
        "Representation": "6", 
        "Response": 0.03949594497680664, 
        "Server": "cache-09", 
        "TS": 1425265454
    }
}