{
    "0": {
        "Buffer": 4.666626930236816, 
        "Freezing": 0, 
        "QoE": 2.969745844265475, 
        "Representation": "1", 
        "Response": 0.33333301544189453, 
        "Server": "cache-09", 
        "TS": 1425265475
    }, 
    "1": {
        "Buffer": 8.725003957748413, 
        "Freezing": 0, 
        "QoE": 4.681432146513179, 
        "Representation": "5", 
        "Response": 0.9415731430053711, 
        "Server": "cache-09", 
        "TS": 1425265476
    }, 
    "2": {
        "Buffer": 12.501967906951904, 
        "Freezing": 0, 
        "QoE": 4.681432146513179, 
        "Representation": "5", 
        "Response": 1.222987174987793, 
        "Server": "cache-09", 
        "TS": 1425265477
    }, 
    "3": {
        "Buffer": 15.697917938232422, 
        "Freezing": 0, 
        "QoE": 4.681432146513179, 
        "Representation": "5", 
        "Response": 1.8040039539337158, 
        "Server": "cache-09", 
        "TS": 1425265479
    }, 
    "4": {
        "Buffer": 18.41930389404297, 
        "Freezing": 0, 
        "QoE": 4.9999536060530145, 
        "Representation": "6", 
        "Response": 2.278560161590576, 
        "Server": "cache-09", 
        "TS": 1425265481
    }, 
    "5": {
        "Buffer": 21.896048069000244, 
        "Freezing": 0, 
        "QoE": 4.9999536060530145, 
        "Representation": "6", 
        "Response": 1.5232069492340088, 
        "Server": "cache-09", 
        "TS": 1425265483
    }, 
    "6": {
        "Buffer": 25.646708965301514, 
        "Freezing": 0, 
        "QoE": 4.9999536060530145, 
        "Representation": "6", 
        "Response": 1.2492880821228027, 
        "Server": "cache-09", 
        "TS": 1425265484
    }, 
    "7": {
        "Buffer": 24.668066024780273, 
        "Freezing": 0, 
        "QoE": 4.9999536060530145, 
        "Representation": "6", 
        "Response": 0.9736740589141846, 
        "Server": "cache-09", 
        "TS": 1425265490
    }, 
    "8": {
        "Buffer": 28.918747901916504, 
        "Freezing": 0, 
        "QoE": 4.9999536060530145, 
        "Representation": "6", 
        "Response": 0.7492690086364746, 
        "Server": "cache-09", 
        "TS": 1425265491
    }, 
    "9": {
        "Buffer": 28.4738290309906, 
        "Freezing": 0, 
        "QoE": 4.9999536060530145, 
        "Representation": "6", 
        "Response": 0.4399089813232422, 
        "Server": "cache-09", 
        "TS": 1425265496
    }, 
    "10": {
        "Buffer": 27.72333288192749, 
        "Freezing": 0, 
        "QoE": 4.563272856045163, 
        "Representation": "4", 
        "Response": 0.7454690933227539, 
        "Server": "cache-09", 
        "TS": 1425265502
    }
}