{
    "0": {
        "Buffer": 4.250734090805054, 
        "Freezing": 0, 
        "QoE": 2.969745844265475, 
        "Representation": "1", 
        "Response": 0.7491779327392578, 
        "Server": "cache-03", 
        "TS": 1425265351
    }, 
    "1": {
        "Buffer": 8.024801969528198, 
        "Freezing": 0, 
        "QoE": 4.060461917522065, 
        "Representation": "3", 
        "Response": 1.2258360385894775, 
        "Server": "cache-03", 
        "TS": 1425265352
    }, 
    "2": {
        "Buffer": 11.753315925598145, 
        "Freezing": 0, 
        "QoE": 3.7142753922958525, 
        "Representation": "2", 
        "Response": 1.271393060684204, 
        "Server": "cache-03", 
        "TS": 1425265353
    }, 
    "3": {
        "Buffer": 14.775274991989136, 
        "Freezing": 0, 
        "QoE": 3.7142753922958525, 
        "Representation": "2", 
        "Response": 1.9779460430145264, 
        "Server": "cache-03", 
        "TS": 1425265355
    }, 
    "4": {
        "Buffer": 17.487143993377686, 
        "Freezing": 0, 
        "QoE": 3.7142753922958525, 
        "Representation": "2", 
        "Response": 2.288033962249756, 
        "Server": "cache-03", 
        "TS": 1425265358
    }, 
    "5": {
        "Buffer": 19.758979082107544, 
        "Freezing": 0, 
        "QoE": 4.060461917522065, 
        "Representation": "3", 
        "Response": 2.72806978225708, 
        "Server": "cache-03", 
        "TS": 1425265360
    }, 
    "6": {
        "Buffer": 23.003001928329468, 
        "Freezing": 0, 
        "QoE": 4.060461917522065, 
        "Representation": "3", 
        "Response": 1.755864143371582, 
        "Server": "cache-03", 
        "TS": 1425265362
    }, 
    "7": {
        "Buffer": 27.229783058166504, 
        "Freezing": 0, 
        "QoE": 4.563272856045163, 
        "Representation": "4", 
        "Response": 0.7731058597564697, 
        "Server": "cache-03", 
        "TS": 1425265363
    }, 
    "8": {
        "Buffer": 26.75373387336731, 
        "Freezing": 0, 
        "QoE": 4.9999536060530145, 
        "Representation": "6", 
        "Response": 0.4761531352996826, 
        "Server": "cache-03", 
        "TS": 1425265368
    }, 
    "9": {
        "Buffer": 26.003692865371704, 
        "Freezing": 0, 
        "QoE": 4.9999536060530145, 
        "Representation": "6", 
        "Response": 0.7504630088806152, 
        "Server": "cache-03", 
        "TS": 1425265374
    }, 
    "10": {
        "Buffer": 25.52342700958252, 
        "Freezing": 0, 
        "QoE": 4.060461917522065, 
        "Representation": "3", 
        "Response": 0.4808509349822998, 
        "Server": "cache-03", 
        "TS": 1425265380
    }
}