{
    "0": {
        "cache-08": 0.9592208122330002, 
        "cache-10": 4.786198949753182
    }, 
    "1": {
        "cache-08": 0.9592208122330002, 
        "cache-10": 4.786198949753182
    }, 
    "2": {
        "cache-08": 0.9592208122330002, 
        "cache-10": 4.786198949753182
    }, 
    "3": {
        "cache-08": 0.9592208122330002, 
        "cache-10": 4.786198949753182
    }, 
    "4": {
        "cache-08": 0.9592208122330002, 
        "cache-10": 4.786198949753182
    }, 
    "5": {
        "cache-08": 0.9592208122330002, 
        "cache-10": 4.786198949753182
    }, 
    "6": {
        "cache-08": 0.9592208122330002, 
        "cache-10": 4.786198949753182
    }, 
    "7": {
        "cache-08": 0.9592208122330002, 
        "cache-10": 4.786198949753182
    }, 
    "8": {
        "cache-08": 0.9592208122330002, 
        "cache-10": 4.786198949753182
    }, 
    "9": {
        "cache-08": 0.9592208122330002, 
        "cache-10": 4.786198949753182
    }, 
    "10": {
        "cache-08": 0.9592208122330002, 
        "cache-10": 4.786198949753182
    }, 
    "11": {
        "cache-08": 0.9592208122330002, 
        "cache-10": 4.799242870968733
    }, 
    "12": {
        "cache-08": 0.9592208122330002, 
        "cache-10": 4.799242870968733
    }, 
    "13": {
        "cache-08": 0.9592208122330002, 
        "cache-10": 4.799242870968733
    }, 
    "14": {
        "cache-08": 0.9592208122330002, 
        "cache-10": 4.799242870968733
    }, 
    "15": {
        "cache-08": 0.9592208122330002, 
        "cache-10": 4.799242870968733
    }, 
    "16": {
        "cache-08": 0.9592208122330002, 
        "cache-10": 4.799242870968733
    }, 
    "17": {
        "cache-08": 0.9592208122330002, 
        "cache-10": 4.799242870968733
    }, 
    "18": {
        "cache-08": 0.9592208122330002, 
        "cache-10": 4.799242870968733
    }, 
    "19": {
        "cache-08": 0.9592208122330002, 
        "cache-10": 4.799242870968733
    }, 
    "20": {
        "cache-08": 0.9592208122330002, 
        "cache-10": 4.799242870968733
    }, 
    "21": {
        "cache-08": 0.9592208122330002, 
        "cache-10": 4.461997857554895
    }, 
    "22": {
        "cache-08": 0.9592208122330002, 
        "cache-10": 4.461997857554895
    }, 
    "23": {
        "cache-08": 0.9592208122330002, 
        "cache-10": 4.461997857554895
    }, 
    "24": {
        "cache-08": 0.9592208122330002, 
        "cache-10": 4.461997857554895
    }, 
    "25": {
        "cache-08": 0.9592208122330002, 
        "cache-10": 4.461997857554895
    }, 
    "26": {
        "cache-08": 0.9592208122330002, 
        "cache-10": 4.461997857554895
    }, 
    "27": {
        "cache-08": 0.9592208122330002, 
        "cache-10": 4.461997857554895
    }, 
    "28": {
        "cache-08": 0.9592208122330002, 
        "cache-10": 4.461997857554895
    }, 
    "29": {
        "cache-08": 0.9592208122330002, 
        "cache-10": 4.461997857554895
    }, 
    "30": {
        "cache-08": 0.9592208122330002, 
        "cache-10": 4.461997857554895
    }, 
    "31": {
        "cache-08": 0.9592208122330002, 
        "cache-10": 4.726235556320191
    }, 
    "32": {
        "cache-08": 0.9592208122330002, 
        "cache-10": 4.726235556320191
    }, 
    "33": {
        "cache-08": 0.9592208122330002, 
        "cache-10": 4.726235556320191
    }, 
    "34": {
        "cache-08": 0.9592208122330002, 
        "cache-10": 4.726235556320191
    }, 
    "35": {
        "cache-08": 0.9592208122330002, 
        "cache-10": 4.726235556320191
    }, 
    "36": {
        "cache-08": 0.9592208122330002, 
        "cache-10": 4.726235556320191
    }, 
    "37": {
        "cache-08": 0.9592208122330002, 
        "cache-10": 4.726235556320191
    }, 
    "38": {
        "cache-08": 0.9592208122330002, 
        "cache-10": 4.726235556320191
    }, 
    "39": {
        "cache-08": 0.9592208122330002, 
        "cache-10": 4.726235556320191
    }, 
    "40": {
        "cache-08": 0.9592208122330002, 
        "cache-10": 4.726235556320191
    }, 
    "41": {
        "cache-08": 0.9592208122330002, 
        "cache-10": 4.393553243278198
    }, 
    "42": {
        "cache-08": 0.9592208122330002, 
        "cache-10": 4.393553243278198
    }, 
    "43": {
        "cache-08": 0.9592208122330002, 
        "cache-10": 4.393553243278198
    }, 
    "44": {
        "cache-08": 0.9592208122330002, 
        "cache-10": 4.393553243278198
    }, 
    "45": {
        "cache-08": 0.9592208122330002, 
        "cache-10": 4.393553243278198
    }, 
    "46": {
        "cache-08": 0.9592208122330002, 
        "cache-10": 4.393553243278198
    }, 
    "47": {
        "cache-08": 0.9592208122330002, 
        "cache-10": 4.393553243278198
    }, 
    "48": {
        "cache-08": 0.9592208122330002, 
        "cache-10": 4.393553243278198
    }, 
    "49": {
        "cache-08": 0.9592208122330002, 
        "cache-10": 4.393553243278198
    }, 
    "50": {
        "cache-08": 0.9592208122330002, 
        "cache-10": 4.393553243278198
    }, 
    "51": {
        "cache-08": 0.9592208122330002, 
        "cache-10": 4.299530948132512
    }, 
    "52": {
        "cache-08": 0.9592208122330002, 
        "cache-10": 4.299530948132512
    }, 
    "53": {
        "cache-08": 0.9592208122330002, 
        "cache-10": 4.299530948132512
    }, 
    "54": {
        "cache-08": 0.9592208122330002, 
        "cache-10": 4.299530948132512
    }, 
    "55": {
        "cache-08": 0.9592208122330002, 
        "cache-10": 4.299530948132512
    }, 
    "56": {
        "cache-08": 0.9592208122330002, 
        "cache-10": 4.299530948132512
    }, 
    "57": {
        "cache-08": 0.9592208122330002, 
        "cache-10": 4.299530948132512
    }, 
    "58": {
        "cache-08": 0.9592208122330002, 
        "cache-10": 4.299530948132512
    }, 
    "59": {
        "cache-08": 0.9592208122330002, 
        "cache-10": 4.299530948132512
    }, 
    "60": {
        "cache-08": 0.9592208122330002, 
        "cache-10": 4.299530948132512
    }, 
    "61": {
        "cache-08": 0.9592208122330002, 
        "cache-10": 4.584888385974706
    }, 
    "62": {
        "cache-08": 0.9592208122330002, 
        "cache-10": 4.584888385974706
    }, 
    "63": {
        "cache-08": 0.9592208122330002, 
        "cache-10": 4.584888385974706
    }, 
    "64": {
        "cache-08": 0.9592208122330002, 
        "cache-10": 4.584888385974706
    }, 
    "65": {
        "cache-08": 0.9592208122330002, 
        "cache-10": 4.584888385974706
    }, 
    "66": {
        "cache-08": 0.9592208122330002, 
        "cache-10": 4.584888385974706
    }, 
    "67": {
        "cache-08": 0.9592208122330002, 
        "cache-10": 4.584888385974706
    }, 
    "68": {
        "cache-08": 0.9592208122330002, 
        "cache-10": 4.584888385974706
    }, 
    "69": {
        "cache-08": 0.9592208122330002, 
        "cache-10": 4.584888385974706
    }, 
    "70": {
        "cache-08": 0.9592208122330002, 
        "cache-10": 4.584888385974706
    }, 
    "71": {
        "cache-08": 0.9592208122330002, 
        "cache-10": 4.538584889635973
    }, 
    "72": {
        "cache-08": 0.9592208122330002, 
        "cache-10": 4.538584889635973
    }, 
    "73": {
        "cache-08": 0.9592208122330002, 
        "cache-10": 4.538584889635973
    }, 
    "74": {
        "cache-08": 0.9592208122330002, 
        "cache-10": 4.538584889635973
    }, 
    "75": {
        "cache-08": 0.9592208122330002, 
        "cache-10": 4.538584889635973
    }, 
    "76": {
        "cache-08": 0.9592208122330002, 
        "cache-10": 4.538584889635973
    }, 
    "77": {
        "cache-08": 0.9592208122330002, 
        "cache-10": 4.538584889635973
    }, 
    "78": {
        "cache-08": 0.9592208122330002, 
        "cache-10": 4.538584889635973
    }, 
    "79": {
        "cache-08": 0.9592208122330002, 
        "cache-10": 4.538584889635973
    }, 
    "80": {
        "cache-08": 0.9592208122330002,