{
    "0": {
        "cache-07": 4, 
        "cache-08": 3.75
    }, 
    "1": {
        "cache-07": 4, 
        "cache-08": 3.9052309587610323
    }, 
    "2": {
        "cache-07": 4, 
        "cache-08": 4.200338627471065
    }, 
    "3": {
        "cache-07": 4, 
        "cache-08": 4.347892461826081
    }, 
    "4": {
        "cache-07": 4, 
        "cache-08": 4.3181908070531705
    }, 
    "5": {
        "cache-07": 4, 
        "cache-08": 4.561591136302806
    }, 
    "6": {
        "cache-07": 4, 
        "cache-08": 4.78077237117791
    }, 
    "7": {
        "cache-07": 4, 
        "cache-08": 4.890362988615463
    }, 
    "8": {
        "cache-07": 4, 
        "cache-08": 4.8476772270839525
    }, 
    "9": {
        "cache-07": 4, 
        "cache-08": 4.671561761632525
    }, 
    "10": {
        "cache-07": 4, 
        "cache-08": 4.583504028906811
    }, 
    "11": {
        "cache-07": 4, 
        "cache-08": 4.539475162543954
    }, 
    "12": {
        "cache-07": 4, 
        "cache-08": 4.769714384298484
    }, 
    "13": {
        "cache-07": 4, 
        "cache-08": 4.787352924925463
    }, 
    "14": {
        "cache-07": 4, 
        "cache-08": 4.796172195238952
    }, 
    "15": {
        "cache-07": 4, 
        "cache-08": 4.800581830395697
    }, 
    "16": {
        "cache-07": 4, 
        "cache-08": 4.80278664797407
    }, 
    "17": {
        "cache-07": 4, 
        "cache-08": 4.803889056763256
    }, 
    "18": {
        "cache-07": 4, 
        "cache-08": 4.804440261157849
    }, 
    "19": {
        "cache-07": 4, 
        "cache-08": 4.8047158633551454
    }, 
    "20": {
        "cache-07": 4, 
        "cache-08": 4.804853664453794
    }, 
    "21": {
        "cache-07": 4, 
        "cache-08": 4.902403635253404
    }, 
    "22": {
        "cache-07": 4, 
        "cache-08": 4.69892496571725
    }, 
    "23": {
        "cache-07": 4, 
        "cache-08": 4.751958215634846
    }, 
    "24": {
        "cache-07": 4, 
        "cache-08": 4.87595591084393
    }, 
    "25": {
        "cache-07": 4, 
        "cache-08": 4.937954758448472
    }, 
    "26": {
        "cache-07": 4, 
        "cache-08": 4.871473112000457
    }, 
    "27": {
        "cache-07": 4, 
        "cache-08": 4.683459704090777
    }, 
    "28": {
        "cache-07": 4, 
        "cache-08": 4.74422558482161
    }, 
    "29": {
        "cache-07": 4, 
        "cache-08": 4.872089595437313
    }, 
    "30": {
        "cache-07": 4, 
        "cache-08": 4.838540530494877
    }, 
    "31": {
        "cache-07": 4, 
        "cache-08": 4.666993413337988
    }, 
    "32": {
        "cache-07": 4, 
        "cache-08": 4.581219854759542
    }, 
    "33": {
        "cache-07": 4, 
        "cache-08": 4.790586730406279
    }, 
    "34": {
        "cache-07": 4, 
        "cache-08": 4.643016513293688
    }, 
    "35": {
        "cache-07": 4, 
        "cache-08": 4.465752832786974
    }, 
    "36": {
        "cache-07": 4, 
        "cache-08": 4.377120992533618
    }, 
    "37": {
        "cache-07": 4, 
        "cache-08": 4.59105622904303
    }, 
    "38": {
        "cache-07": 4, 
        "cache-08": 4.543251262612063
    }, 
    "39": {
        "cache-07": 4, 
        "cache-08": 4.4158702074461615
    }, 
    "40": {
        "cache-07": 4, 
        "cache-08": 4.352179679863211
    }, 
    "41": {
        "cache-07": 4, 
        "cache-08": 4.320334416071736
    }, 
    "42": {
        "cache-07": 4, 
        "cache-08": 4.407890356126416
    }, 
    "43": {
        "cache-07": 4, 
        "cache-08": 4.3481897542033385
    }, 
    "44": {
        "cache-07": 4, 
        "cache-08": 4.3183394532418
    }, 
    "45": {
        "cache-07": 4, 
        "cache-08": 4.659146529647407
    }, 
    "46": {
        "cache-07": 4, 
        "cache-08": 4.577296412914252
    }, 
    "47": {
        "cache-07": 4, 
        "cache-08": 4.432892782597256
    }, 
    "48": {
        "cache-07": 4, 
        "cache-08": 4.360690967438758
    }, 
    "49": {
        "cache-07": 4, 
        "cache-08": 4.680322286745886
    }, 
    "50": {
        "cache-07": 4, 
        "cache-08": 4.84013794639945
    }, 
    "51": {
        "cache-07": 4, 
        "cache-08": 4.564313549339856
    }, 
    "52": {
        "cache-07": 4, 
        "cache-08": 4.426401350810059
    }, 
    "53": {
        "cache-07": 4, 
        "cache-08": 4.713177478431536
    }, 
    "54": {
        "cache-07": 4, 
        "cache-08": 4.856565542242276
    }, 
    "55": {
        "cache-07": 4, 
        "cache-08": 4.572527347261268
    }, 
    "56": {
        "cache-07": 4, 
        "cache-08": 4.533986821721182
    }, 
    "57": {
        "cache-07": 4, 
        "cache-08": 4.766970213887099
    }, 
    "58": {
        "cache-07": 4, 
        "cache-08": 4.883461909970057
    }, 
    "59": {
        "cache-07": 4, 
        "cache-08": 4.585975531125159
    }, 
    "60": {
        "cache-07": 4, 
        "cache-08": 4.43723234170271
    }, 
    "61": {
        "cache-07": 4, 
        "cache-08": 4.466339318941904
    }, 
    "62": {
        "cache-07": 4, 
        "cache-08": 4.733146462497459
    }, 
    "63": {
        "cache-07": 4, 
        "cache-08": 4.510817807388859
    }, 
    "64": {
        "cache-07": 4, 
        "cache-08": 4.39965347983456
    }, 
    "65": {
        "cache-07": 4, 
        "cache-08": 4.447549888007829
    }, 
    "66": {
        "cache-07": 4, 
        "cache-08": 4.626270676780136
    }, 
    "67": {
        "cache-07": 4, 
        "cache-08": 4.715631071166289
    }, 
    "68": {
        "cache-07": 4, 
        "cache-08": 4.502060111723274
    }, 
    "69": {
        "cache-07": 4, 
        "cache-08": 4.395274632001767
    }, 
    "70": {
        "cache-07": 4, 
        "cache-08": 4.600133048777105
    }, 
    "71": {
        "cache-07": 4, 
        "cache-08": 4.800043327415059
    }, 
    "72": {
        "cache-07": 4, 
        "cache-08": 4.54426623984766
    }, 
    "73": {
        "cache-07": 4, 
        "cache-08": 4.416377696063961
    }, 
    "74": {
        "cache-07": 4, 
        "cache-08": 4.708165651058488
    }, 
    "75": {
        "cache-07": 4, 
        "cache-08": 4.854059628555751
    }, 
    "76": {
        "cache-07": 4, 
        "cache-08": 4.674752962368424
    }, 
    "77": {
        "cache-07": 4, 
        "cache-08": 4.481621057324342
    }, 
    "78": {
        "cache-07": 4, 
        "cache-08": 4.48853367675272
    }, 
    "79": {
        "cache-07": 4, 
        "cache-08": 4.744243641402868
    }, 
    "80": {
        "cache-07": 4, 
        "cache-08": 4.872098623727942
    }, 
    "81": {
        "cache-07": 4, 
        "cache-08": 4.838545044640192
    }, 
    "82": {
        "cache-07": 4, 
        "cache-08": 4.666995670410644
    }, 
    "83": {
        "cache-07": 4, 
        "cache-08": 4.833474638231829
    }, 
    "84": {
        "cache-07": 4, 
        "cache-08": 4.664460467206463
    }, 
    "85": {
        "cache-07": 4, 
        "cache-08": 4.57995338169378
    }, 
    "86": {
        "cache-07": 4, 
        "cache-08": 4.789953493873398
    }, 
    "87": {
        "cache-07": 4, 
        "cache-08": 4.894953549963207
    }, 
    "88": {
        "cache-07": 4, 
        "cache-08": 4.849972507757824
    }, 
    "89": {
        "cache-07": 4, 
        "cache-08": 4.827481986655133
    }, 
    "90": {
        "cache-07": 4, 
        "cache-08": 4.661464141418115
    }, 
    "91": {
        "cache-07": 4, 
        "cache-08": 4.733227803485279
    }, 
    "92": {
        "cache-07": 4, 
        "cache-08": 4.769109634518861
    }, 
    "93": {
        "cache-07": 4, 
        "cache-08": 4.7870505500356515
    }, 
    "94": {
        "cache-07": 4, 
        "cache-08": 4.641248423108374
    }, 
    "95": {
        "cache-07": 4, 
        "cache-08": 4.820601014580694
    }, 
    "96": {
        "cache-07": 4, 
        "cache-08": 4.910277310316854
    }, 
    "97": {
        "cache-07": 4,