{
    "0": {
        "cache-05": 4, 
        "cache-06": 3.25
    }, 
    "1": {
        "cache-05": 4, 
        "cache-06": 3.4821376961479262
    }, 
    "2": {
        "cache-05": 4, 
        "cache-06": 3.598206544221889
    }, 
    "3": {
        "cache-05": 4, 
        "cache-06": 3.656240968258871
    }, 
    "4": {
        "cache-05": 4, 
        "cache-06": 3.6852581802773616
    }, 
    "5": {
        "cache-05": 4, 
        "cache-06": 3.872860048899713
    }, 
    "6": {
        "cache-05": 4.030230958761033, 
        "cache-06": 3.872860048899713
    }, 
    "7": {
        "cache-05": 4.515092282407023, 
        "cache-06": 3.872860048899713
    }, 
    "8": {
        "cache-05": 4.757522944230018, 
        "cache-06": 3.872860048899713
    }, 
    "9": {
        "cache-05": 4.878738275141517, 
        "cache-06": 3.872860048899713
    }, 
    "10": {
        "cache-05": 4.939345940597265, 
        "cache-06": 3.872860048899713
    }, 
    "11": {
        "cache-05": 4.9696497733251395, 
        "cache-06": 3.872860048899713
    }, 
    "12": {
        "cache-05": 4.9848016896890766, 
        "cache-06": 3.872860048899713
    }, 
    "13": {
        "cache-05": 4.992377647871045, 
        "cache-06": 3.872860048899713
    }, 
    "14": {
        "cache-05": 4.99616562696203, 
        "cache-06": 3.872860048899713
    }, 
    "15": {
        "cache-05": 4.998059616507522, 
        "cache-06": 3.872860048899713
    }, 
    "16": {
        "cache-05": 4.999006611280269, 
        "cache-06": 3.872860048899713
    }, 
    "17": {
        "cache-05": 4.356641001788061, 
        "cache-06": 3.872860048899713
    }, 
    "18": {
        "cache-05": 4.035458197041956, 
        "cache-06": 3.872860048899713
    }, 
    "19": {
        "cache-05": 3.8748667946689044, 
        "cache-06": 3.872860048899713
    }, 
    "20": {
        "cache-05": 3.7945710934823786, 
        "cache-06": 3.872860048899713
    }, 
    "21": {
        "cache-05": 3.7945710934823786, 
        "cache-06": 4.080674600589987
    }, 
    "22": {
        "cache-05": 3.7945710934823786, 
        "cache-06": 3.1016560531805824
    }, 
    "23": {
        "cache-05": 3.382158468873927, 
        "cache-06": 3.1016560531805824
    }, 
    "24": {
        "cache-05": 3.175952156569701, 
        "cache-06": 3.1016560531805824
    }, 
    "25": {
        "cache-05": 3.072849000417588, 
        "cache-06": 3.1016560531805824
    }, 
    "26": {
        "cache-05": 3.072849000417588, 
        "cache-06": 3.270573870855766
    }, 
    "27": {
        "cache-05": 3.072849000417588, 
        "cache-06": 3.1201598575606204
    }, 
    "28": {
        "cache-05": 3.072849000417588, 
        "cache-06": 3.044952850913048
    }, 
    "29": {
        "cache-05": 3.2561703444742687, 
        "cache-06": 3.044952850913048
    }, 
    "30": {
        "cache-05": 3.3478310165026093, 
        "cache-06": 3.044952850913048
    }, 
    "31": {
        "cache-05": 3.3936613525167796, 
        "cache-06": 3.044952850913048
    }, 
    "32": {
        "cache-05": 3.553968372406316, 
        "cache-06": 3.044952850913048
    }, 
    "33": {
        "cache-05": 3.634121882351084, 
        "cache-06": 3.044952850913048
    }, 
    "34": {
        "cache-05": 3.6741986373234683, 
        "cache-06": 3.044952850913048
    }, 
    "35": {
        "cache-05": 3.6942370148096604, 
        "cache-06": 3.044952850913048
    }, 
    "36": {
        "cache-05": 3.7042562035527564, 
        "cache-06": 3.044952850913048
    }, 
    "37": {
        "cache-05": 3.7092657979243047, 
        "cache-06": 3.044952850913048
    }, 
    "38": {
        "cache-05": 3.8848638577231847, 
        "cache-06": 3.044952850913048
    }, 
    "39": {
        "cache-05": 4.4424087318881, 
        "cache-06": 3.044952850913048
    }, 
    "40": {
        "cache-05": 4.721181168970557, 
        "cache-06": 3.044952850913048
    }, 
    "41": {
        "cache-05": 4.860567387511786, 
        "cache-06": 3.044952850913048
    }, 
    "42": {
        "cache-05": 4.930260496782401, 
        "cache-06": 3.044952850913048
    }, 
    "43": {
        "cache-05": 4.965107051417707, 
        "cache-06": 3.044952850913048
    }, 
    "44": {
        "cache-05": 4.982530328735361, 
        "cache-06": 3.044952850913048
    }, 
    "45": {
        "cache-05": 4.991241967394188, 
        "cache-06": 3.044952850913048
    }, 
    "46": {
        "cache-05": 4.995597786723602, 
        "cache-06": 3.044952850913048
    }, 
    "47": {
        "cache-05": 4.997775696388308, 
        "cache-06": 3.044952850913048
    }, 
    "48": {
        "cache-05": 4.998864651220661, 
        "cache-06": 3.044952850913048
    }, 
    "49": {
        "cache-05": 4.999409128636838, 
        "cache-06": 3.044952850913048
    }, 
    "50": {
        "cache-05": 4.999681367344927, 
        "cache-06": 3.044952850913048
    }, 
    "51": {
        "cache-05": 4.999817486698971, 
        "cache-06": 3.044952850913048
    }, 
    "52": {
        "cache-05": 4.999885546375992, 
        "cache-06": 3.044952850913048
    }, 
    "53": {
        "cache-05": 4.999919576214504, 
        "cache-06": 3.044952850913048
    }, 
    "54": {
        "cache-05": 4.999936591133759, 
        "cache-06": 3.044952850913048
    }, 
    "55": {
        "cache-05": 4.999945098593386, 
        "cache-06": 3.044952850913048
    }, 
    "56": {
        "cache-05": 4.999949352323201, 
        "cache-06": 3.044952850913048
    }, 
    "57": {
        "cache-05": 4.999951479188107, 
        "cache-06": 3.044952850913048
    }, 
    "58": {
        "cache-05": 4.99995254262056, 
        "cache-06": 3.044952850913048
    }, 
    "59": {
        "cache-05": 4.999953074336787, 
        "cache-06": 3.044952850913048
    }, 
    "60": {
        "cache-05": 4.999953340194901, 
        "cache-06": 3.044952850913048
    }, 
    "61": {
        "cache-05": 4.999953473123957, 
        "cache-06": 3.044952850913048
    }, 
    "62": {
        "cache-05": 4.9999535395884855, 
        "cache-06": 3.044952850913048
    }, 
    "63": {
        "cache-05": 4.219722614059718, 
        "cache-06": 3.044952850913048
    }, 
    "64": {
        "cache-05": 3.829607151295334, 
        "cache-06": 3.044952850913048
    }, 
    "65": {
        "cache-05": 3.771941271795593, 
        "cache-06": 3.044952850913048
    }, 
    "66": {
        "cache-05": 3.743108332045723, 
        "cache-06": 3.044952850913048
    }, 
    "67": {
        "cache-05": 3.7286918621707876, 
        "cache-06": 3.044952850913048
    }, 
    "68": {
        "cache-05": 3.72148362723332, 
        "cache-06": 3.044952850913048
    }, 
    "69": {
        "cache-05": 3.717879509764586, 
        "cache-06": 3.044952850913048
    }, 
    "70": {
        "cache-05": 3.8891707136433253, 
        "cache-06": 3.044952850913048
    }, 
    "71": {
        "cache-05": 3.8017230529695887, 
        "cache-06": 3.044952850913048
    }, 
    "72": {
        "cache-05": 3.7579992226327206, 
        "cache-06": 3.044952850913048
    }, 
    "73": {
        "cache-05": 3.7361373074642863, 
        "cache-06": 3.044952850913048
    }, 
    "74": {
        "cache-05": 3.7252063498800694, 
        "cache-06": 3.044952850913048
    }, 
    "75": {
        "cache-05": 3.7197408710879607, 
        "cache-06": 3.044952850913048
    }, 
    "76": {
        "cache-05": 3.7170081316919066, 
        "cache-06": 3.044952850913048
    }, 
    "77": {
        "cache-05": 3.7156417619938793, 
        "cache-06": 3.044952850913048
    }, 
    "78": {
        "cache-05": 3.714958577144866, 
        "cache-06": 3.044952850913048
    }, 
    "79": {
        "cache-05": 3.714616984720359, 
        "cache-06": 3.044952850913048
    }, 
    "80": {
        "cache-05": 3.7144461885081057, 
        "cache-06": 3.044952850913048
    }, 
    "81": {
        "cache-05": 3.714360790401979, 
        "cache-06": 3.044952850913048
    }, 
    "82": {
        "cache-05": 3.7143180913489156,