{
    "0": {
        "cache-01": 3.344839408345158, 
        "cache-02": 3.3255384906895133
    }, 
    "1": {
        "cache-01": 3.344839408345158, 
        "cache-02": 3.3255384906895133
    }, 
    "2": {
        "cache-01": 3.344839408345158, 
        "cache-02": 3.3255384906895133
    }, 
    "3": {
        "cache-01": 3.344839408345158, 
        "cache-02": 3.3255384906895133
    }, 
    "4": {
        "cache-01": 3.344839408345158, 
        "cache-02": 3.3255384906895133
    }, 
    "5": {
        "cache-01": 3.344839408345158, 
        "cache-02": 3.3255384906895133
    }, 
    "6": {
        "cache-01": 3.709622888905259, 
        "cache-02": 3.325538490689611
    }, 
    "7": {
        "cache-01": 3.709622888905259, 
        "cache-02": 3.325538490689611
    }, 
    "8": {
        "cache-01": 3.709622888905259, 
        "cache-02": 3.325538490689611
    }, 
    "9": {
        "cache-01": 3.709622888905259, 
        "cache-02": 3.325538490689611
    }, 
    "10": {
        "cache-01": 3.709622888905259, 
        "cache-02": 3.325538490689611
    }, 
    "11": {
        "cache-01": 3.538784496584152, 
        "cache-02": 3.325538490689689
    }, 
    "12": {
        "cache-01": 3.538784496584152, 
        "cache-02": 3.325538490689689
    }, 
    "13": {
        "cache-01": 3.538784496584152, 
        "cache-02": 3.325538490689689
    }, 
    "14": {
        "cache-01": 3.538784496584152, 
        "cache-02": 3.325538490689689
    }, 
    "15": {
        "cache-01": 3.538784496584152, 
        "cache-02": 3.325538490689689
    }, 
    "16": {
        "cache-01": 3.4525679872311237, 
        "cache-02": 3.325538490689752
    }, 
    "17": {
        "cache-01": 3.4525679872311237, 
        "cache-02": 3.325538490689752
    }, 
    "18": {
        "cache-01": 3.4525679872311237, 
        "cache-02": 3.325538490689752
    }, 
    "19": {
        "cache-01": 3.4525679872311237, 
        "cache-02": 3.325538490689752
    }, 
    "20": {
        "cache-01": 3.4525679872311237, 
        "cache-02": 3.325538490689752
    }, 
    "21": {
        "cache-01": 3.5118607877050607, 
        "cache-02": 3.325538490689802
    }, 
    "22": {
        "cache-01": 3.5118607877050607, 
        "cache-02": 3.325538490689802
    }, 
    "23": {
        "cache-01": 3.5118607877050607, 
        "cache-02": 3.325538490689802
    }, 
    "24": {
        "cache-01": 3.5118607877050607, 
        "cache-02": 3.325538490689802
    }, 
    "25": {
        "cache-01": 3.5118607877050607, 
        "cache-02": 3.325538490689802
    }, 
    "26": {
        "cache-01": 3.231745530047631, 
        "cache-02": 3.2247225796386867
    }, 
    "27": {
        "cache-01": 3.231745530047631, 
        "cache-02": 3.2247225796386867
    }, 
    "28": {
        "cache-01": 3.231745530047631, 
        "cache-02": 3.2247225796386867
    }, 
    "29": {
        "cache-01": 3.231745530047631, 
        "cache-02": 3.2247225796386867
    }, 
    "30": {
        "cache-01": 3.231745530047631, 
        "cache-02": 3.2247225796386867
    }, 
    "31": {
        "cache-01": 2.972574370014347, 
        "cache-02": 3.509825350387863
    }, 
    "32": {
        "cache-01": 2.972574370014347, 
        "cache-02": 3.509825350387863
    }, 
    "33": {
        "cache-01": 2.972574370014347, 
        "cache-02": 3.509825350387863
    }, 
    "34": {
        "cache-01": 2.972574370014347, 
        "cache-02": 3.509825350387863
    }, 
    "35": {
        "cache-01": 2.972574370014347, 
        "cache-02": 3.509825350387863
    }, 
    "36": {
        "cache-01": 3.6867275971266857, 
        "cache-02": 3.346265316861899
    }, 
    "37": {
        "cache-01": 3.6867275971266857, 
        "cache-02": 3.346265316861899
    }, 
    "38": {
        "cache-01": 3.6867275971266857, 
        "cache-02": 3.346265316861899
    }, 
    "39": {
        "cache-01": 3.6867275971266857, 
        "cache-02": 3.346265316861899
    }, 
    "40": {
        "cache-01": 3.6867275971266857, 
        "cache-02": 3.346265316861899
    }, 
    "41": {
        "cache-01": 3.4997163898053008, 
        "cache-02": 3.3462653168615195
    }, 
    "42": {
        "cache-01": 3.4997163898053008, 
        "cache-02": 3.3462653168615195
    }, 
    "43": {
        "cache-01": 3.4997163898053008, 
        "cache-02": 3.3462653168615195
    }, 
    "44": {
        "cache-01": 3.4997163898053008, 
        "cache-02": 3.3462653168615195
    }, 
    "45": {
        "cache-01": 3.4997163898053008, 
        "cache-02": 3.3462653168615195
    }, 
    "46": {
        "cache-01": 3.206494835372679, 
        "cache-02": 3.4161850956135162
    }, 
    "47": {
        "cache-01": 3.206494835372679, 
        "cache-02": 3.4161850956135162
    }, 
    "48": {
        "cache-01": 3.206494835372679, 
        "cache-02": 3.4161850956135162
    }, 
    "49": {
        "cache-01": 3.206494835372679, 
        "cache-02": 3.4161850956135162
    }, 
    "50": {
        "cache-01": 3.206494835372679, 
        "cache-02": 3.4161850956135162
    }, 
    "51": {
        "cache-01": 3.2368046962941, 
        "cache-02": 3.3998704805709616
    }, 
    "52": {
        "cache-01": 3.2368046962941, 
        "cache-02": 3.3998704805709616
    }, 
    "53": {
        "cache-01": 3.2368046962941, 
        "cache-02": 3.3998704805709616
    }, 
    "54": {
        "cache-01": 3.2368046962941, 
        "cache-02": 3.3998704805709616
    }, 
    "55": {
        "cache-01": 3.2368046962941, 
        "cache-02": 3.3998704805709616
    }, 
    "56": {
        "cache-01": 3.1703293959239964, 
        "cache-02": 3.5412244532493156
    }, 
    "57": {
        "cache-01": 3.1703293959239964, 
        "cache-02": 3.5412244532493156
    }, 
    "58": {
        "cache-01": 3.1703293959239964, 
        "cache-02": 3.5412244532493156
    }, 
    "59": {
        "cache-01": 3.1703293959239964, 
        "cache-02": 3.5412244532493156
    }, 
    "60": {
        "cache-01": 3.1703293959239964, 
        "cache-02": 3.5412244532493156
    }, 
    "61": {
        "cache-01": 3.3310900925650233, 
        "cache-02": 3.6873672954891825
    }, 
    "62": {
        "cache-01": 3.3310900925650233, 
        "cache-02": 3.6873672954891825
    }, 
    "63": {
        "cache-01": 3.3310900925650233, 
        "cache-02": 3.6873672954891825
    }, 
    "64": {
        "cache-01": 3.3310900925650233, 
        "cache-02": 3.6873672954891825
    }, 
    "65": {
        "cache-01": 3.3310900925650233, 
        "cache-02": 3.6873672954891825
    }, 
    "66": {
        "cache-01": 2.1821689414745213, 
        "cache-02": 3.20967094944242
    }, 
    "67": {
        "cache-01": 2.1821689414745213, 
        "cache-02": 3.20967094944242
    }, 
    "68": {
        "cache-01": 2.1821689414745213, 
        "cache-02": 3.20967094944242
    }, 
    "69": {
        "cache-01": 2.1821689414745213, 
        "cache-02": 3.20967094944242
    }, 
    "70": {
        "cache-01": 2.1821689414745213, 
        "cache-02": 3.20967094944242
    }, 
    "71": {
        "cache-01": 2.7954814033020736, 
        "cache-02": 3.0247394295390686
    }, 
    "72": {
        "cache-01": 2.7954814033020736, 
        "cache-02": 3.0247394295390686
    }, 
    "73": {
        "cache-01": 2.7954814033020736, 
        "cache-02": 3.0247394295390686
    }, 
    "74": {
        "cache-01": 2.7954814033020736, 
        "cache-02": 3.0247394295390686
    }, 
    "75": {
        "cache-01": 2.7954814033020736, 
        "cache-02": 3.0247394295390686
    }, 
    "76": {
        "cache-01": 2.752471703700732, 
        "cache-02": 2.721524399450291
    }, 
    "77": {
        "cache-01": 2.752471703700732, 
        "cache-02": 2.721524399450291
    }, 
    "78": {
        "cache-01": 2.752471703700732, 
        "cache-02": 2.721524399450291
    }, 
    "79": {
        "cache-01": 2.752471703700732, 
        "cache-02": 2.721524399450291
    }, 
    "80": {
        "cache-01": 2.752471703700732, 
        "cache-02": 2.721524399450291
    },