{
    "0": {
        "Buffer": 0.2478940486907959, 
        "Freezing": 0, 
        "QoE": 2.5, 
        "Representation": "1", 
        "TS": 1422298208
    }, 
    "1": {
        "Buffer": 2.2746310234069824, 
        "Freezing": 0, 
        "QoE": 2.5, 
        "Representation": "1", 
        "TS": 1422298211
    }, 
    "2": {
        "Buffer": 4.231014013290405, 
        "Freezing": 0, 
        "QoE": 2.5, 
        "Representation": "1", 
        "TS": 1422298214
    }, 
    "3": {
        "Buffer": 7.8970348834991455, 
        "Freezing": 0, 
        "QoE": 2.5, 
        "Representation": "1", 
        "TS": 1422298215
    }, 
    "4": {
        "Buffer": 10.460826873779297, 
        "Freezing": 0, 
        "QoE": 2.5, 
        "Representation": "1", 
        "TS": 1422298218
    }, 
    "5": {
        "Buffer": 12.339042901992798, 
        "Freezing": 0, 
        "QoE": 2.5, 
        "Representation": "1", 
        "TS": 1422298221
    }, 
    "6": {
        "Buffer": 8.375034093856812, 
        "Freezing": 0, 
        "QoE": 2.5, 
        "Representation": "1", 
        "TS": 1422298230
    }, 
    "7": {
        "Buffer": 0.9524290561676025, 
        "Freezing": 0, 
        "QoE": 2.5, 
        "Representation": "1", 
        "TS": 1422298242
    }, 
    "8": {
        "Buffer": 1.958116054534912, 
        "Freezing": 0, 
        "QoE": 2.5, 
        "Representation": "1", 
        "TS": 1422298246
    }, 
    "9": {
        "Buffer": 3.310059070587158, 
        "Freezing": 0, 
        "QoE": 2.5, 
        "Representation": "1", 
        "TS": 1422298250
    }, 
    "10": {
        "Buffer": 5.569139003753662, 
        "Freezing": 0, 
        "QoE": 2.5, 
        "Representation": "1", 
        "TS": 1422298253
    }, 
    "11": {
        "Buffer": 7.95868992805481, 
        "Freezing": 0, 
        "QoE": 2.5, 
        "Representation": "1", 
        "TS": 1422298255
    }, 
    "12": {
        "Buffer": 10.741505861282349, 
        "Freezing": 0, 
        "QoE": 2.5, 
        "Representation": "1", 
        "TS": 1422298257
    }, 
    "13": {
        "Buffer": 6.839766979217529, 
        "Freezing": 0, 
        "QoE": 2.5, 
        "Representation": "1", 
        "TS": 1422298266
    }, 
    "14": {
        "Buffer": 9.21585988998413, 
        "Freezing": 0, 
        "QoE": 2.5, 
        "Representation": "1", 
        "TS": 1422298269
    }, 
    "15": {
        "Buffer": 9.215436935424805, 
        "Freezing": 0, 
        "QoE": 2.5, 
        "Representation": "1", 
        "TS": 1422298274
    }, 
    "16": {
        "Buffer": 11.73332691192627, 
        "Freezing": 0, 
        "QoE": 2.5, 
        "Representation": "1", 
        "TS": 1422298277
    }, 
    "17": {
        "Buffer": 14.846531867980957, 
        "Freezing": 0, 
        "QoE": 2.5, 
        "Representation": "1", 
        "TS": 1422298278
    }, 
    "18": {
        "Buffer": 17.771070957183838, 
        "Freezing": 0, 
        "QoE": 2.5, 
        "Representation": "1", 
        "TS": 1422298280
    }, 
    "19": {
        "Buffer": 20.282816886901855, 
        "Freezing": 0, 
        "QoE": 2.969745844265475, 
        "Representation": "2", 
        "TS": 1422298283
    }, 
    "20": {
        "Buffer": 22.349360942840576, 
        "Freezing": 0, 
        "QoE": 2.969745844265475, 
        "Representation": "2", 
        "TS": 1422298286
    }, 
    "21": {
        "Buffer": 22.629204034805298, 
        "Freezing": 0, 
        "QoE": 2.969745844265475, 
        "Representation": "2", 
        "TS": 1422298291
    }, 
    "22": {
        "Buffer": 20.280622005462646, 
        "Freezing": 0, 
        "QoE": 2.969745844265475, 
        "Representation": "2", 
        "TS": 1422298298
    }, 
    "23": {
        "Buffer": 3.52502703666687, 
        "Freezing": 0, 
        "QoE": 2.969745844265475, 
        "Representation": "2", 
        "TS": 1422298320
    }, 
    "24": {
        "Buffer": 4.658453941345215, 
        "Freezing": 0, 
        "QoE": 2.5, 
        "Representation": "1", 
        "TS": 1422298324
    }, 
    "25": {
        "Buffer": 7.3271400928497314, 
        "Freezing": 0, 
        "QoE": 2.5, 
        "Representation": "1", 
        "TS": 1422298326
    }, 
    "26": {
        "Buffer": 9.058465003967285, 
        "Freezing": 0, 
        "QoE": 2.5, 
        "Representation": "1", 
        "TS": 1422298329
    }, 
    "27": {
        "Buffer": 10.706305980682373, 
        "Freezing": 0, 
        "QoE": 2.5, 
        "Representation": "1", 
        "TS": 1422298333
    }, 
    "28": {
        "Buffer": 12.261955976486206, 
        "Freezing": 0, 
        "QoE": 2.5, 
        "Representation": "1", 
        "TS": 1422298336
    }, 
    "29": {
        "Buffer": 14.241716861724854, 
        "Freezing": 0, 
        "QoE": 2.5, 
        "Representation": "1", 
        "TS": 1422298339
    }, 
    "30": {
        "Buffer": 15.973147869110107, 
        "Freezing": 0, 
        "QoE": 2.5, 
        "Representation": "1", 
        "TS": 1422298342
    }, 
    "31": {
        "Buffer": 17.166162967681885, 
        "Freezing": 0, 
        "QoE": 2.969745844265475, 
        "Representation": "2", 
        "TS": 1422298346
    }, 
    "32": {
        "Buffer": 15.024312973022461, 
        "Freezing": 0, 
        "QoE": 2.969745844265475, 
        "Representation": "2", 
        "TS": 1422298353
    }, 
    "33": {
        "Buffer": 2.646354913711548, 
        "Freezing": 0, 
        "QoE": 2.969745844265475, 
        "Representation": "2", 
        "TS": 1422298371
    }, 
    "34": {
        "Buffer": 4.716062068939209, 
        "Freezing": 0, 
        "QoE": 2.5, 
        "Representation": "1", 
        "TS": 1422298374
    }, 
    "35": {
        "Buffer": 5.803915977478027, 
        "Freezing": 0, 
        "QoE": 2.5, 
        "Representation": "1", 
        "TS": 1422298377
    }, 
    "36": {
        "Buffer": 6.576844930648804, 
        "Freezing": 0, 
        "QoE": 2.5, 
        "Representation": "1", 
        "TS": 1422298382
    }, 
    "37": {
        "Buffer": 8.194179058074951, 
        "Freezing": 0, 
        "QoE": 2.5, 
        "Representation": "1", 
        "TS": 1422298385
    }, 
    "38": {
        "Buffer": 10.498990058898926, 
        "Freezing": 0, 
        "QoE": 2.5, 
        "Representation": "1", 
        "TS": 1422298388
    }, 
    "39": {
        "Buffer": 12.708905935287476, 
        "Freezing": 0, 
        "QoE": 2.5, 
        "Representation": "1", 
        "TS": 1422298391
    }, 
    "40": {
        "Buffer": 14.846374034881592, 
        "Freezing": 0, 
        "QoE": 2.5, 
        "Representation": "1", 
        "TS": 1422298393
    }, 
    "41": {
        "Buffer": 16.293787002563477, 
        "Freezing": 0, 
        "QoE": 2.5, 
        "Representation": "1", 
        "TS": 1422298397
    }, 
    "42": {
        "Buffer": 12.558413028717041, 
        "Freezing": 0, 
        "QoE": 2.969745844265475, 
        "Representation": "2", 
        "TS": 1422298406
    }, 
    "43": {
        "Buffer": 15.005903959274292, 
        "Freezing": 0, 
        "QoE": 2.5, 
        "Representation": "1", 
        "TS": 1422298408
    }, 
    "44": {
        "Buffer": 15.395272016525269, 
        "Freezing": 0, 
        "QoE": 2.969745844265475, 
        "Representation": "2", 
        "TS": 1422298413
    }, 
    "45": {
        "Buffer": 13.590667963027954, 
        "Freezing": 0, 
        "QoE": 2.969745844265475, 
        "Representation": "2", 
        "TS": 1422298420
    }, 
    "46": {
        "Buffer": 16.633732080459595, 
        "Freezing": 0, 
        "QoE": 2.5, 
        "Representation": "1", 
        "TS": 1422298422
    }, 
    "47": {
        "Buffer": 18.70340394973755, 
        "Freezing": 0, 
        "QoE": 2.969745844265475, 
        "Representation": "2", 
        "TS": 1422298425
    }, 
    "48": {
        "Buffer": 13.99810791015625, 
        "Freezing": 0, 
        "QoE": 2.969745844265475,