{
    "0": {
        "cache-11": 4.998165024733892, 
        "cache-13": 4.0
    }, 
    "1": {
        "cache-11": 4.998165024733892, 
        "cache-13": 4.0
    }, 
    "2": {
        "cache-11": 4.998165024733892, 
        "cache-13": 4.0
    }, 
    "3": {
        "cache-11": 4.998165024733892, 
        "cache-13": 4.0
    }, 
    "4": {
        "cache-11": 4.998165024733892, 
        "cache-13": 4.0
    }, 
    "5": {
        "cache-11": 4.998165024733892, 
        "cache-13": 4.0
    }, 
    "6": {
        "cache-11": 4.998165024733892, 
        "cache-13": 4.0
    }, 
    "7": {
        "cache-11": 4.998165024733892, 
        "cache-13": 4.0
    }, 
    "8": {
        "cache-11": 4.998165024733892, 
        "cache-13": 4.0
    }, 
    "9": {
        "cache-11": 4.998165024733892, 
        "cache-13": 4.0
    }, 
    "10": {
        "cache-11": 4.998165024733892, 
        "cache-13": 4.0
    }, 
    "11": {
        "cache-11": 4.742181735154073, 
        "cache-13": 4.009791790735
    }, 
    "12": {
        "cache-11": 4.742181735154073, 
        "cache-13": 4.009791790735
    }, 
    "13": {
        "cache-11": 4.742181735154073, 
        "cache-13": 4.009791790735
    }, 
    "14": {
        "cache-11": 4.742181735154073, 
        "cache-13": 4.009791790735
    }, 
    "15": {
        "cache-11": 4.742181735154073, 
        "cache-13": 4.009791790735
    }, 
    "16": {
        "cache-11": 4.742181735154073, 
        "cache-13": 4.009791790735
    }, 
    "17": {
        "cache-11": 4.742181735154073, 
        "cache-13": 4.009791790735
    }, 
    "18": {
        "cache-11": 4.742181735154073, 
        "cache-13": 4.009791790735
    }, 
    "19": {
        "cache-11": 4.742181735154073, 
        "cache-13": 4.009791790735
    }, 
    "20": {
        "cache-11": 4.742181735154073, 
        "cache-13": 4.009791790735
    }, 
    "21": {
        "cache-11": 4.643113379193327, 
        "cache-13": 3.9059148141601168
    }, 
    "22": {
        "cache-11": 4.643113379193327, 
        "cache-13": 3.9059148141601168
    }, 
    "23": {
        "cache-11": 4.643113379193327, 
        "cache-13": 3.9059148141601168
    }, 
    "24": {
        "cache-11": 4.643113379193327, 
        "cache-13": 3.9059148141601168
    }, 
    "25": {
        "cache-11": 4.643113379193327, 
        "cache-13": 3.9059148141601168
    }, 
    "26": {
        "cache-11": 4.643113379193327, 
        "cache-13": 3.9059148141601168
    }, 
    "27": {
        "cache-11": 4.643113379193327, 
        "cache-13": 3.9059148141601168
    }, 
    "28": {
        "cache-11": 4.643113379193327, 
        "cache-13": 3.9059148141601168
    }, 
    "29": {
        "cache-11": 4.643113379193327, 
        "cache-13": 3.9059148141601168
    }, 
    "30": {
        "cache-11": 4.643113379193327, 
        "cache-13": 3.9059148141601168
    }, 
    "31": {
        "cache-11": 4.667781300108615, 
        "cache-13": 3.8504091153819537
    }, 
    "32": {
        "cache-11": 4.667781300108615, 
        "cache-13": 3.8504091153819537
    }, 
    "33": {
        "cache-11": 4.667781300108615, 
        "cache-13": 3.8504091153819537
    }, 
    "34": {
        "cache-11": 4.667781300108615, 
        "cache-13": 3.8504091153819537
    }, 
    "35": {
        "cache-11": 4.667781300108615, 
        "cache-13": 3.8504091153819537
    }, 
    "36": {
        "cache-11": 4.667781300108615, 
        "cache-13": 3.8504091153819537
    }, 
    "37": {
        "cache-11": 4.667781300108615, 
        "cache-13": 3.8504091153819537
    }, 
    "38": {
        "cache-11": 4.667781300108615, 
        "cache-13": 3.8504091153819537
    }, 
    "39": {
        "cache-11": 4.667781300108615, 
        "cache-13": 3.8504091153819537
    }, 
    "40": {
        "cache-11": 4.667781300108615, 
        "cache-13": 3.8504091153819537
    }, 
    "41": {
        "cache-11": 4.566852299549344, 
        "cache-13": 3.8215261544011874
    }, 
    "42": {
        "cache-11": 4.566852299549344, 
        "cache-13": 3.8215261544011874
    }, 
    "43": {
        "cache-11": 4.566852299549344, 
        "cache-13": 3.8215261544011874
    }, 
    "44": {
        "cache-11": 4.566852299549344, 
        "cache-13": 3.8215261544011874
    }, 
    "45": {
        "cache-11": 4.566852299549344, 
        "cache-13": 3.8215261544011874
    }, 
    "46": {
        "cache-11": 4.566852299549344, 
        "cache-13": 3.8215261544011874
    }, 
    "47": {
        "cache-11": 4.566852299549344, 
        "cache-13": 3.8215261544011874
    }, 
    "48": {
        "cache-11": 4.566852299549344, 
        "cache-13": 3.8215261544011874
    }, 
    "49": {
        "cache-11": 4.566852299549344, 
        "cache-13": 3.8215261544011874
    }, 
    "50": {
        "cache-11": 4.566852299549344, 
        "cache-13": 3.8215261544011874
    }, 
    "51": {
        "cache-11": 4.5671957657736995, 
        "cache-13": 3.7916490240714156
    }, 
    "52": {
        "cache-11": 4.5671957657736995, 
        "cache-13": 3.7916490240714156
    }, 
    "53": {
        "cache-11": 4.5671957657736995, 
        "cache-13": 3.7916490240714156
    }, 
    "54": {
        "cache-11": 4.5671957657736995, 
        "cache-13": 3.7916490240714156
    }, 
    "55": {
        "cache-11": 4.5671957657736995, 
        "cache-13": 3.7916490240714156
    }, 
    "56": {
        "cache-11": 4.5671957657736995, 
        "cache-13": 3.7916490240714156
    }, 
    "57": {
        "cache-11": 4.5671957657736995, 
        "cache-13": 3.7916490240714156
    }, 
    "58": {
        "cache-11": 4.5671957657736995, 
        "cache-13": 3.7916490240714156
    }, 
    "59": {
        "cache-11": 4.5671957657736995, 
        "cache-13": 3.7916490240714156
    }, 
    "60": {
        "cache-11": 4.5671957657736995, 
        "cache-13": 3.7916490240714156
    }, 
    "61": {
        "cache-11": 4.731473874859866, 
        "cache-13": 3.7495136844572765
    }, 
    "62": {
        "cache-11": 4.731473874859866, 
        "cache-13": 3.7495136844572765
    }, 
    "63": {
        "cache-11": 4.731473874859866, 
        "cache-13": 3.7495136844572765
    }, 
    "64": {
        "cache-11": 4.731473874859866, 
        "cache-13": 3.7495136844572765
    }, 
    "65": {
        "cache-11": 4.731473874859866, 
        "cache-13": 3.7495136844572765
    }, 
    "66": {
        "cache-11": 4.731473874859866, 
        "cache-13": 3.7495136844572765
    }, 
    "67": {
        "cache-11": 4.731473874859866, 
        "cache-13": 3.7495136844572765
    }, 
    "68": {
        "cache-11": 4.731473874859866, 
        "cache-13": 3.7495136844572765
    }, 
    "69": {
        "cache-11": 4.731473874859866, 
        "cache-13": 3.7495136844572765
    }, 
    "70": {
        "cache-11": 4.731473874859866, 
        "cache-13": 3.7495136844572765
    }, 
    "71": {
        "cache-11": 4.34957152087223, 
        "cache-13": 3.715839653744588
    }, 
    "72": {
        "cache-11": 4.34957152087223, 
        "cache-13": 3.715839653744588
    }, 
    "73": {
        "cache-11": 4.34957152087223, 
        "cache-13": 3.715839653744588
    }, 
    "74": {
        "cache-11": 4.34957152087223, 
        "cache-13": 3.715839653744588
    }, 
    "75": {
        "cache-11": 4.34957152087223, 
        "cache-13": 3.715839653744588
    }, 
    "76": {
        "cache-11": 4.34957152087223, 
        "cache-13": 3.715839653744588
    }, 
    "77": {
        "cache-11": 4.34957152087223, 
        "cache-13": 3.715839653744588
    }, 
    "78": {
        "cache-11": 4.34957152087223, 
        "cache-13": 3.715839653744588
    }, 
    "79": {
        "cache-11": 4.34957152087223, 
        "cache-13": 3.715839653744588
    }, 
    "80": {
        "cache-11": 4.34957152087223, 
        "cache-13": 3.715839653744588
    }, 
    "81": {
        "cache-11": 4.875590895110097, 
        "cache-13": 3.6465820332143326
    }, 
    "82": {
        "cache-11": 4.875590895110097, 
        "cache-13": 3.6465820332143326
    },