{
    "0": {
        "cache-14": 3.0280773253959565, 
        "cache-15": 4.946240136531223
    }, 
    "1": {
        "cache-14": 3.0280773253959565, 
        "cache-15": 4.946240136531223
    }, 
    "2": {
        "cache-14": 3.0280773253959565, 
        "cache-15": 4.946240136531223
    }, 
    "3": {
        "cache-14": 3.0280773253959565, 
        "cache-15": 4.946240136531223
    }, 
    "4": {
        "cache-14": 3.0280773253959565, 
        "cache-15": 4.946240136531223
    }, 
    "5": {
        "cache-14": 3.0280773253959565, 
        "cache-15": 4.946240136531223
    }, 
    "6": {
        "cache-14": 3.0280773253959565, 
        "cache-15": 4.946240136531223
    }, 
    "7": {
        "cache-14": 3.0280773253959565, 
        "cache-15": 4.946240136531223
    }, 
    "8": {
        "cache-14": 3.0280773253959565, 
        "cache-15": 4.946240136531223
    }, 
    "9": {
        "cache-14": 3.0280773253959565, 
        "cache-15": 4.946240136531223
    }, 
    "10": {
        "cache-14": 3.0280773253959565, 
        "cache-15": 4.946240136531223
    }, 
    "11": {
        "cache-14": 3.5142426505098348, 
        "cache-15": 3.767422516746151
    }, 
    "12": {
        "cache-14": 3.5142426505098348, 
        "cache-15": 3.767422516746151
    }, 
    "13": {
        "cache-14": 3.5142426505098348, 
        "cache-15": 3.767422516746151
    }, 
    "14": {
        "cache-14": 3.5142426505098348, 
        "cache-15": 3.767422516746151
    }, 
    "15": {
        "cache-14": 3.5142426505098348, 
        "cache-15": 3.767422516746151
    }, 
    "16": {
        "cache-14": 3.5142426505098348, 
        "cache-15": 3.767422516746151
    }, 
    "17": {
        "cache-14": 3.5142426505098348, 
        "cache-15": 3.767422516746151
    }, 
    "18": {
        "cache-14": 3.5142426505098348, 
        "cache-15": 3.767422516746151
    }, 
    "19": {
        "cache-14": 3.5142426505098348, 
        "cache-15": 3.767422516746151
    }, 
    "20": {
        "cache-14": 3.5142426505098348, 
        "cache-15": 3.767422516746151
    }, 
    "21": {
        "cache-14": 3.71180381809362, 
        "cache-15": 4.313758101896191
    }, 
    "22": {
        "cache-14": 3.71180381809362, 
        "cache-15": 4.313758101896191
    }, 
    "23": {
        "cache-14": 3.71180381809362, 
        "cache-15": 4.313758101896191
    }, 
    "24": {
        "cache-14": 3.71180381809362, 
        "cache-15": 4.313758101896191
    }, 
    "25": {
        "cache-14": 3.71180381809362, 
        "cache-15": 4.313758101896191
    }, 
    "26": {
        "cache-14": 3.71180381809362, 
        "cache-15": 4.313758101896191
    }, 
    "27": {
        "cache-14": 3.71180381809362, 
        "cache-15": 4.313758101896191
    }, 
    "28": {
        "cache-14": 3.71180381809362, 
        "cache-15": 4.313758101896191
    }, 
    "29": {
        "cache-14": 3.71180381809362, 
        "cache-15": 4.313758101896191
    }, 
    "30": {
        "cache-14": 3.71180381809362, 
        "cache-15": 4.313758101896191
    }, 
    "31": {
        "cache-14": 4.046046335687832, 
        "cache-15": 3.8140712721341754
    }, 
    "32": {
        "cache-14": 4.046046335687832, 
        "cache-15": 3.8140712721341754
    }, 
    "33": {
        "cache-14": 4.046046335687832, 
        "cache-15": 3.8140712721341754
    }, 
    "34": {
        "cache-14": 4.046046335687832, 
        "cache-15": 3.8140712721341754
    }, 
    "35": {
        "cache-14": 4.046046335687832, 
        "cache-15": 3.8140712721341754
    }, 
    "36": {
        "cache-14": 4.046046335687832, 
        "cache-15": 3.8140712721341754
    }, 
    "37": {
        "cache-14": 4.046046335687832, 
        "cache-15": 3.8140712721341754
    }, 
    "38": {
        "cache-14": 4.046046335687832, 
        "cache-15": 3.8140712721341754
    }, 
    "39": {
        "cache-14": 4.046046335687832, 
        "cache-15": 3.8140712721341754
    }, 
    "40": {
        "cache-14": 4.046046335687832, 
        "cache-15": 3.8140712721341754
    }, 
    "41": {
        "cache-14": 4.050191239377497, 
        "cache-15": 3.951119948799464
    }, 
    "42": {
        "cache-14": 4.050191239377497, 
        "cache-15": 3.951119948799464
    }, 
    "43": {
        "cache-14": 4.050191239377497, 
        "cache-15": 3.951119948799464
    }, 
    "44": {
        "cache-14": 4.050191239377497, 
        "cache-15": 3.951119948799464
    }, 
    "45": {
        "cache-14": 4.050191239377497, 
        "cache-15": 3.951119948799464
    }, 
    "46": {
        "cache-14": 4.050191239377497, 
        "cache-15": 3.951119948799464
    }, 
    "47": {
        "cache-14": 4.050191239377497, 
        "cache-15": 3.951119948799464
    }, 
    "48": {
        "cache-14": 4.050191239377497, 
        "cache-15": 3.951119948799464
    }, 
    "49": {
        "cache-14": 4.050191239377497, 
        "cache-15": 3.951119948799464
    }, 
    "50": {
        "cache-14": 4.050191239377497, 
        "cache-15": 3.951119948799464
    }, 
    "51": {
        "cache-14": 3.8686833738182718, 
        "cache-15": 3.822116969339149
    }, 
    "52": {
        "cache-14": 3.8686833738182718, 
        "cache-15": 3.822116969339149
    }, 
    "53": {
        "cache-14": 3.8686833738182718, 
        "cache-15": 3.822116969339149
    }, 
    "54": {
        "cache-14": 3.8686833738182718, 
        "cache-15": 3.822116969339149
    }, 
    "55": {
        "cache-14": 3.8686833738182718, 
        "cache-15": 3.822116969339149
    }, 
    "56": {
        "cache-14": 3.8686833738182718, 
        "cache-15": 3.822116969339149
    }, 
    "57": {
        "cache-14": 3.8686833738182718, 
        "cache-15": 3.822116969339149
    }, 
    "58": {
        "cache-14": 3.8686833738182718, 
        "cache-15": 3.822116969339149
    }, 
    "59": {
        "cache-14": 3.8686833738182718, 
        "cache-15": 3.822116969339149
    }, 
    "60": {
        "cache-14": 3.8686833738182718, 
        "cache-15": 3.822116969339149
    }, 
    "61": {
        "cache-14": 4.3457257729888115, 
        "cache-15": 4.085454858298124
    }, 
    "62": {
        "cache-14": 4.3457257729888115, 
        "cache-15": 4.085454858298124
    }, 
    "63": {
        "cache-14": 4.3457257729888115, 
        "cache-15": 4.085454858298124
    }, 
    "64": {
        "cache-14": 4.3457257729888115, 
        "cache-15": 4.085454858298124
    }, 
    "65": {
        "cache-14": 4.3457257729888115, 
        "cache-15": 4.085454858298124
    }, 
    "66": {
        "cache-14": 4.3457257729888115, 
        "cache-15": 4.085454858298124
    }, 
    "67": {
        "cache-14": 4.3457257729888115, 
        "cache-15": 4.085454858298124
    }, 
    "68": {
        "cache-14": 4.3457257729888115, 
        "cache-15": 4.085454858298124
    }, 
    "69": {
        "cache-14": 4.3457257729888115, 
        "cache-15": 4.085454858298124
    }, 
    "70": {
        "cache-14": 4.3457257729888115, 
        "cache-15": 4.085454858298124
    }, 
    "71": {
        "cache-14": 4.1108288350710005, 
        "cache-15": 4.053957017757034
    }, 
    "72": {
        "cache-14": 4.1108288350710005, 
        "cache-15": 4.053957017757034
    }, 
    "73": {
        "cache-14": 4.1108288350710005, 
        "cache-15": 4.053957017757034
    }, 
    "74": {
        "cache-14": 4.1108288350710005, 
        "cache-15": 4.053957017757034
    }, 
    "75": {
        "cache-14": 4.1108288350710005, 
        "cache-15": 4.053957017757034
    }, 
    "76": {
        "cache-14": 4.1108288350710005, 
        "cache-15": 4.053957017757034
    }, 
    "77": {
        "cache-14": 4.1108288350710005, 
        "cache-15": 4.053957017757034
    }, 
    "78": {
        "cache-14": 4.1108288350710005, 
        "cache-15": 4.053957017757034
    }, 
    "79": {
        "cache-14": 4.1108288350710005, 
        "cache-15": 4.053957017757034
    }, 
    "80": {
        "cache-14": 4.1108288350710005, 
        "cache-15": 4.053957017757034
    },