{
    "0": {
        "cache-07": 3.9760917162628964, 
        "cache-08": 4.833116695590125
    }, 
    "1": {
        "cache-07": 3.9760917162628964, 
        "cache-08": 4.833116695590125
    }, 
    "2": {
        "cache-07": 3.9760917162628964, 
        "cache-08": 4.833116695590125
    }, 
    "3": {
        "cache-07": 3.9760917162628964, 
        "cache-08": 4.833116695590125
    }, 
    "4": {
        "cache-07": 3.9760917162628964, 
        "cache-08": 4.833116695590125
    }, 
    "5": {
        "cache-07": 3.9760917162628964, 
        "cache-08": 4.833116695590125
    }, 
    "6": {
        "cache-07": 3.9760917162628964, 
        "cache-08": 4.833116695590125
    }, 
    "7": {
        "cache-07": 3.9760917162628964, 
        "cache-08": 4.833116695590125
    }, 
    "8": {
        "cache-07": 3.9760917162628964, 
        "cache-08": 4.833116695590125
    }, 
    "9": {
        "cache-07": 3.9760917162628964, 
        "cache-08": 4.833116695590125
    }, 
    "10": {
        "cache-07": 3.9760917162628964, 
        "cache-08": 4.833116695590125
    }, 
    "11": {
        "cache-07": 4.137935151612039, 
        "cache-08": 4.8234253769864175
    }, 
    "12": {
        "cache-07": 4.137935151612039, 
        "cache-08": 4.8234253769864175
    }, 
    "13": {
        "cache-07": 4.137935151612039, 
        "cache-08": 4.8234253769864175
    }, 
    "14": {
        "cache-07": 4.137935151612039, 
        "cache-08": 4.8234253769864175
    }, 
    "15": {
        "cache-07": 4.137935151612039, 
        "cache-08": 4.8234253769864175
    }, 
    "16": {
        "cache-07": 4.137935151612039, 
        "cache-08": 4.8234253769864175
    }, 
    "17": {
        "cache-07": 4.137935151612039, 
        "cache-08": 4.8234253769864175
    }, 
    "18": {
        "cache-07": 4.137935151612039, 
        "cache-08": 4.8234253769864175
    }, 
    "19": {
        "cache-07": 4.137935151612039, 
        "cache-08": 4.8234253769864175
    }, 
    "20": {
        "cache-07": 4.137935151612039, 
        "cache-08": 4.8234253769864175
    }, 
    "21": {
        "cache-07": 4.224888434474675, 
        "cache-08": 4.828831075827935
    }, 
    "22": {
        "cache-07": 4.224888434474675, 
        "cache-08": 4.828831075827935
    }, 
    "23": {
        "cache-07": 4.224888434474675, 
        "cache-08": 4.828831075827935
    }, 
    "24": {
        "cache-07": 4.224888434474675, 
        "cache-08": 4.828831075827935
    }, 
    "25": {
        "cache-07": 4.224888434474675, 
        "cache-08": 4.828831075827935
    }, 
    "26": {
        "cache-07": 4.224888434474675, 
        "cache-08": 4.828831075827935
    }, 
    "27": {
        "cache-07": 4.224888434474675, 
        "cache-08": 4.828831075827935
    }, 
    "28": {
        "cache-07": 4.224888434474675, 
        "cache-08": 4.828831075827935
    }, 
    "29": {
        "cache-07": 4.224888434474675, 
        "cache-08": 4.828831075827935
    }, 
    "30": {
        "cache-07": 4.224888434474675, 
        "cache-08": 4.828831075827935
    }, 
    "31": {
        "cache-07": 4.135921280862574, 
        "cache-08": 4.577683375362396
    }, 
    "32": {
        "cache-07": 4.135921280862574, 
        "cache-08": 4.577683375362396
    }, 
    "33": {
        "cache-07": 4.135921280862574, 
        "cache-08": 4.577683375362396
    }, 
    "34": {
        "cache-07": 4.135921280862574, 
        "cache-08": 4.577683375362396
    }, 
    "35": {
        "cache-07": 4.135921280862574, 
        "cache-08": 4.577683375362396
    }, 
    "36": {
        "cache-07": 4.135921280862574, 
        "cache-08": 4.577683375362396
    }, 
    "37": {
        "cache-07": 4.135921280862574, 
        "cache-08": 4.577683375362396
    }, 
    "38": {
        "cache-07": 4.135921280862574, 
        "cache-08": 4.577683375362396
    }, 
    "39": {
        "cache-07": 4.135921280862574, 
        "cache-08": 4.577683375362396
    }, 
    "40": {
        "cache-07": 4.135921280862574, 
        "cache-08": 4.577683375362396
    }, 
    "41": {
        "cache-07": 4.115590134910486, 
        "cache-08": 4.894607235072631
    }, 
    "42": {
        "cache-07": 4.115590134910486, 
        "cache-08": 4.894607235072631
    }, 
    "43": {
        "cache-07": 4.115590134910486, 
        "cache-08": 4.894607235072631
    }, 
    "44": {
        "cache-07": 4.115590134910486, 
        "cache-08": 4.894607235072631
    }, 
    "45": {
        "cache-07": 4.115590134910486, 
        "cache-08": 4.894607235072631
    }, 
    "46": {
        "cache-07": 4.115590134910486, 
        "cache-08": 4.894607235072631
    }, 
    "47": {
        "cache-07": 4.115590134910486, 
        "cache-08": 4.894607235072631
    }, 
    "48": {
        "cache-07": 4.115590134910486, 
        "cache-08": 4.894607235072631
    }, 
    "49": {
        "cache-07": 4.115590134910486, 
        "cache-08": 4.894607235072631
    }, 
    "50": {
        "cache-07": 4.115590134910486, 
        "cache-08": 4.894607235072631
    }, 
    "51": {
        "cache-07": 3.939526510998983, 
        "cache-08": 4.665077720314917
    }, 
    "52": {
        "cache-07": 3.939526510998983, 
        "cache-08": 4.665077720314917
    }, 
    "53": {
        "cache-07": 3.939526510998983, 
        "cache-08": 4.665077720314917
    }, 
    "54": {
        "cache-07": 3.939526510998983, 
        "cache-08": 4.665077720314917
    }, 
    "55": {
        "cache-07": 3.939526510998983, 
        "cache-08": 4.665077720314917
    }, 
    "56": {
        "cache-07": 3.939526510998983, 
        "cache-08": 4.665077720314917
    }, 
    "57": {
        "cache-07": 3.939526510998983, 
        "cache-08": 4.665077720314917
    }, 
    "58": {
        "cache-07": 3.939526510998983, 
        "cache-08": 4.665077720314917
    }, 
    "59": {
        "cache-07": 3.939526510998983, 
        "cache-08": 4.665077720314917
    }, 
    "60": {
        "cache-07": 3.939526510998983, 
        "cache-08": 4.665077720314917
    }, 
    "61": {
        "cache-07": 3.8643843382325977, 
        "cache-08": 4.707709876767967
    }, 
    "62": {
        "cache-07": 3.8643843382325977, 
        "cache-08": 4.707709876767967
    }, 
    "63": {
        "cache-07": 3.8643843382325977, 
        "cache-08": 4.707709876767967
    }, 
    "64": {
        "cache-07": 3.8643843382325977, 
        "cache-08": 4.707709876767967
    }, 
    "65": {
        "cache-07": 3.8643843382325977, 
        "cache-08": 4.707709876767967
    }, 
    "66": {
        "cache-07": 3.8643843382325977, 
        "cache-08": 4.707709876767967
    }, 
    "67": {
        "cache-07": 3.8643843382325977, 
        "cache-08": 4.707709876767967
    }, 
    "68": {
        "cache-07": 3.8643843382325977, 
        "cache-08": 4.707709876767967
    }, 
    "69": {
        "cache-07": 3.8643843382325977, 
        "cache-08": 4.707709876767967
    }, 
    "70": {
        "cache-07": 3.8643843382325977, 
        "cache-08": 4.707709876767967
    }, 
    "71": {
        "cache-07": 3.8494800521244192, 
        "cache-08": 4.836385669455804
    }, 
    "72": {
        "cache-07": 3.8494800521244192, 
        "cache-08": 4.836385669455804
    }, 
    "73": {
        "cache-07": 3.8494800521244192, 
        "cache-08": 4.836385669455804
    }, 
    "74": {
        "cache-07": 3.8494800521244192, 
        "cache-08": 4.836385669455804
    }, 
    "75": {
        "cache-07": 3.8494800521244192, 
        "cache-08": 4.836385669455804
    }, 
    "76": {
        "cache-07": 3.8494800521244192, 
        "cache-08": 4.836385669455804
    }, 
    "77": {
        "cache-07": 3.8494800521244192, 
        "cache-08": 4.836385669455804
    }, 
    "78": {
        "cache-07": 3.8494800521244192, 
        "cache-08": 4.836385669455804
    }, 
    "79": {
        "cache-07": 3.8494800521244192, 
        "cache-08": 4.836385669455804
    }, 
    "80": {
        "cache-07": 3.8494800521244192, 
        "cache-08": 4.836385669455804
    },