{
    "0": {
        "cache-07": 3.668572877662526, 
        "cache-08": 4.561165888324928
    }, 
    "1": {
        "cache-07": 3.668572877662526, 
        "cache-08": 4.561165888324928
    }, 
    "2": {
        "cache-07": 3.668572877662526, 
        "cache-08": 4.561165888324928
    }, 
    "3": {
        "cache-07": 3.668572877662526, 
        "cache-08": 4.561165888324928
    }, 
    "4": {
        "cache-07": 3.668572877662526, 
        "cache-08": 4.561165888324928
    }, 
    "5": {
        "cache-07": 3.668572877662526, 
        "cache-08": 4.561165888324928
    }, 
    "6": {
        "cache-07": 3.668572877662526, 
        "cache-08": 4.561165888324928
    }, 
    "7": {
        "cache-07": 3.668572877662526, 
        "cache-08": 4.561165888324928
    }, 
    "8": {
        "cache-07": 3.668572877662526, 
        "cache-08": 4.561165888324928
    }, 
    "9": {
        "cache-07": 3.668572877662526, 
        "cache-08": 4.561165888324928
    }, 
    "10": {
        "cache-07": 3.668572877662526, 
        "cache-08": 4.561165888324928
    }, 
    "11": {
        "cache-07": 3.8609079500626664, 
        "cache-08": 4.434157290438026
    }, 
    "12": {
        "cache-07": 3.8609079500626664, 
        "cache-08": 4.434157290438026
    }, 
    "13": {
        "cache-07": 3.8609079500626664, 
        "cache-08": 4.434157290438026
    }, 
    "14": {
        "cache-07": 3.8609079500626664, 
        "cache-08": 4.434157290438026
    }, 
    "15": {
        "cache-07": 3.8609079500626664, 
        "cache-08": 4.434157290438026
    }, 
    "16": {
        "cache-07": 3.8609079500626664, 
        "cache-08": 4.434157290438026
    }, 
    "17": {
        "cache-07": 3.8609079500626664, 
        "cache-08": 4.434157290438026
    }, 
    "18": {
        "cache-07": 3.8609079500626664, 
        "cache-08": 4.434157290438026
    }, 
    "19": {
        "cache-07": 3.8609079500626664, 
        "cache-08": 4.434157290438026
    }, 
    "20": {
        "cache-07": 3.8609079500626664, 
        "cache-08": 4.434157290438026
    }, 
    "21": {
        "cache-07": 3.951497733785623, 
        "cache-08": 4.658548849194542
    }, 
    "22": {
        "cache-07": 3.951497733785623, 
        "cache-08": 4.658548849194542
    }, 
    "23": {
        "cache-07": 3.951497733785623, 
        "cache-08": 4.658548849194542
    }, 
    "24": {
        "cache-07": 3.951497733785623, 
        "cache-08": 4.658548849194542
    }, 
    "25": {
        "cache-07": 3.951497733785623, 
        "cache-08": 4.658548849194542
    }, 
    "26": {
        "cache-07": 3.951497733785623, 
        "cache-08": 4.658548849194542
    }, 
    "27": {
        "cache-07": 3.951497733785623, 
        "cache-08": 4.658548849194542
    }, 
    "28": {
        "cache-07": 3.951497733785623, 
        "cache-08": 4.658548849194542
    }, 
    "29": {
        "cache-07": 3.951497733785623, 
        "cache-08": 4.658548849194542
    }, 
    "30": {
        "cache-07": 3.951497733785623, 
        "cache-08": 4.658548849194542
    }, 
    "31": {
        "cache-07": 3.9736485115714957, 
        "cache-08": 4.670548403949377
    }, 
    "32": {
        "cache-07": 3.9736485115714957, 
        "cache-08": 4.670548403949377
    }, 
    "33": {
        "cache-07": 3.9736485115714957, 
        "cache-08": 4.670548403949377
    }, 
    "34": {
        "cache-07": 3.9736485115714957, 
        "cache-08": 4.670548403949377
    }, 
    "35": {
        "cache-07": 3.9736485115714957, 
        "cache-08": 4.670548403949377
    }, 
    "36": {
        "cache-07": 3.9736485115714957, 
        "cache-08": 4.670548403949377
    }, 
    "37": {
        "cache-07": 3.9736485115714957, 
        "cache-08": 4.670548403949377
    }, 
    "38": {
        "cache-07": 3.9736485115714957, 
        "cache-08": 4.670548403949377
    }, 
    "39": {
        "cache-07": 3.9736485115714957, 
        "cache-08": 4.670548403949377
    }, 
    "40": {
        "cache-07": 3.9736485115714957, 
        "cache-08": 4.670548403949377
    }, 
    "41": {
        "cache-07": 3.961642451695342, 
        "cache-08": 4.654379352834924
    }, 
    "42": {
        "cache-07": 3.961642451695342, 
        "cache-08": 4.654379352834924
    }, 
    "43": {
        "cache-07": 3.961642451695342, 
        "cache-08": 4.654379352834924
    }, 
    "44": {
        "cache-07": 3.961642451695342, 
        "cache-08": 4.654379352834924
    }, 
    "45": {
        "cache-07": 3.961642451695342, 
        "cache-08": 4.654379352834924
    }, 
    "46": {
        "cache-07": 3.961642451695342, 
        "cache-08": 4.654379352834924
    }, 
    "47": {
        "cache-07": 3.961642451695342, 
        "cache-08": 4.654379352834924
    }, 
    "48": {
        "cache-07": 3.961642451695342, 
        "cache-08": 4.654379352834924
    }, 
    "49": {
        "cache-07": 3.961642451695342, 
        "cache-08": 4.654379352834924
    }, 
    "50": {
        "cache-07": 3.961642451695342, 
        "cache-08": 4.654379352834924
    }, 
    "51": {
        "cache-07": 3.978377798215689, 
        "cache-08": 4.693378911567139
    }, 
    "52": {
        "cache-07": 3.978377798215689, 
        "cache-08": 4.693378911567139
    }, 
    "53": {
        "cache-07": 3.978377798215689, 
        "cache-08": 4.693378911567139
    }, 
    "54": {
        "cache-07": 3.978377798215689, 
        "cache-08": 4.693378911567139
    }, 
    "55": {
        "cache-07": 3.978377798215689, 
        "cache-08": 4.693378911567139
    }, 
    "56": {
        "cache-07": 3.978377798215689, 
        "cache-08": 4.693378911567139
    }, 
    "57": {
        "cache-07": 3.978377798215689, 
        "cache-08": 4.693378911567139
    }, 
    "58": {
        "cache-07": 3.978377798215689, 
        "cache-08": 4.693378911567139
    }, 
    "59": {
        "cache-07": 3.978377798215689, 
        "cache-08": 4.693378911567139
    }, 
    "60": {
        "cache-07": 3.978377798215689, 
        "cache-08": 4.693378911567139
    }, 
    "61": {
        "cache-07": 4.030633482696888, 
        "cache-08": 4.649248775836844
    }, 
    "62": {
        "cache-07": 4.030633482696888, 
        "cache-08": 4.649248775836844
    }, 
    "63": {
        "cache-07": 4.030633482696888, 
        "cache-08": 4.649248775836844
    }, 
    "64": {
        "cache-07": 4.030633482696888, 
        "cache-08": 4.649248775836844
    }, 
    "65": {
        "cache-07": 4.030633482696888, 
        "cache-08": 4.649248775836844
    }, 
    "66": {
        "cache-07": 4.030633482696888, 
        "cache-08": 4.649248775836844
    }, 
    "67": {
        "cache-07": 4.030633482696888, 
        "cache-08": 4.649248775836844
    }, 
    "68": {
        "cache-07": 4.030633482696888, 
        "cache-08": 4.649248775836844
    }, 
    "69": {
        "cache-07": 4.030633482696888, 
        "cache-08": 4.649248775836844
    }, 
    "70": {
        "cache-07": 4.030633482696888, 
        "cache-08": 4.649248775836844
    }, 
    "71": {
        "cache-07": 4.134691634247966, 
        "cache-08": 4.957267811241518
    }, 
    "72": {
        "cache-07": 4.134691634247966, 
        "cache-08": 4.957267811241518
    }, 
    "73": {
        "cache-07": 4.134691634247966, 
        "cache-08": 4.957267811241518
    }, 
    "74": {
        "cache-07": 4.134691634247966, 
        "cache-08": 4.957267811241518
    }, 
    "75": {
        "cache-07": 4.134691634247966, 
        "cache-08": 4.957267811241518
    }, 
    "76": {
        "cache-07": 4.134691634247966, 
        "cache-08": 4.957267811241518
    }, 
    "77": {
        "cache-07": 4.134691634247966, 
        "cache-08": 4.957267811241518
    }, 
    "78": {
        "cache-07": 4.134691634247966, 
        "cache-08": 4.957267811241518
    }, 
    "79": {
        "cache-07": 4.134691634247966, 
        "cache-08": 4.957267811241518
    }, 
    "80": {
        "cache-07": 4.134691634247966, 
        "cache-08": 4.957267811241518
    }, 
    "81": {
        "cache-07": 4.040797886521092,