{
    "0": {
        "cache-07": 4, 
        "cache-08": 3.75
    }, 
    "1": {
        "cache-07": 4, 
        "cache-08": 4.122723148090548
    }, 
    "2": {
        "cache-07": 4, 
        "cache-08": 4.463857306821495
    }, 
    "3": {
        "cache-07": 4, 
        "cache-08": 4.634424386186969
    }, 
    "4": {
        "cache-07": 4, 
        "cache-08": 4.817188996119992
    }, 
    "5": {
        "cache-07": 4, 
        "cache-08": 4.9085713010865035
    }, 
    "6": {
        "cache-07": 4, 
        "cache-08": 4.9542624535697595
    }, 
    "7": {
        "cache-07": 4, 
        "cache-08": 4.977108029811387
    }, 
    "8": {
        "cache-07": 4, 
        "cache-08": 4.988530817932201
    }, 
    "9": {
        "cache-07": 4, 
        "cache-08": 4.994242211992608
    }, 
    "10": {
        "cache-07": 4, 
        "cache-08": 4.527352064757336
    }, 
    "11": {
        "cache-07": 4, 
        "cache-08": 4.2939069911397
    }, 
    "12": {
        "cache-07": 4, 
        "cache-08": 4.177184454330883
    }, 
    "13": {
        "cache-07": 4, 
        "cache-08": 4.588569030191948
    }, 
    "14": {
        "cache-07": 4, 
        "cache-08": 4.438529091236104
    }, 
    "15": {
        "cache-07": 4, 
        "cache-08": 4.249495504379084
    }, 
    "16": {
        "cache-07": 4, 
        "cache-08": 4.527243484965763
    }, 
    "17": {
        "cache-07": 4, 
        "cache-08": 4.407866318623012
    }, 
    "18": {
        "cache-07": 4, 
        "cache-08": 4.234164118072538
    }, 
    "19": {
        "cache-07": 4, 
        "cache-08": 4.147313017797302
    }, 
    "20": {
        "cache-07": 4, 
        "cache-08": 4.103887467659684
    }, 
    "21": {
        "cache-07": 4, 
        "cache-08": 4.082174692590874
    }, 
    "22": {
        "cache-07": 4, 
        "cache-08": 4.541064149321944
    }, 
    "23": {
        "cache-07": 4, 
        "cache-08": 4.300763033422005
    }, 
    "24": {
        "cache-07": 4, 
        "cache-08": 4.398104664801551
    }, 
    "25": {
        "cache-07": 4, 
        "cache-08": 4.446775480491324
    }, 
    "26": {
        "cache-07": 4, 
        "cache-08": 4.253618699006694
    }, 
    "27": {
        "cache-07": 4, 
        "cache-08": 4.15704030826438
    }, 
    "28": {
        "cache-07": 4, 
        "cache-08": 4.108751112893222
    }, 
    "29": {
        "cache-07": 4, 
        "cache-08": 4.084606515207643
    }, 
    "30": {
        "cache-07": 4, 
        "cache-08": 4.29002640569437
    }, 
    "31": {
        "cache-07": 4, 
        "cache-08": 4.175244161608218
    }, 
    "32": {
        "cache-07": 4, 
        "cache-08": 4.117853039565141
    }, 
    "33": {
        "cache-07": 4, 
        "cache-08": 4.089157478543603
    }, 
    "34": {
        "cache-07": 4, 
        "cache-08": 4.188823315411932
    }, 
    "35": {
        "cache-07": 4, 
        "cache-08": 4.238656233846097
    }, 
    "36": {
        "cache-07": 4, 
        "cache-08": 4.149559075684081
    }, 
    "37": {
        "cache-07": 4, 
        "cache-08": 4.105010496603073
    }, 
    "38": {
        "cache-07": 4, 
        "cache-08": 4.5524820513280435
    }, 
    "39": {
        "cache-07": 4, 
        "cache-08": 4.1333787218119475
    }, 
    "40": {
        "cache-07": 4, 
        "cache-08": 4.0969203196670065
    }, 
    "41": {
        "cache-07": 4, 
        "cache-08": 4.450955892609724
    }, 
    "42": {
        "cache-07": 4, 
        "cache-08": 4.47320109439541
    }, 
    "43": {
        "cache-07": 4, 
        "cache-08": 4.093738243345632
    }, 
    "44": {
        "cache-07": 4, 
        "cache-08": 4.077100080433848
    }, 
    "45": {
        "cache-07": 4, 
        "cache-08": 4.068780998977957
    }, 
    "46": {
        "cache-07": 4, 
        "cache-08": 4.436886232265199
    }, 
    "47": {
        "cache-07": 4, 
        "cache-08": 4.466166264223148
    }, 
    "48": {
        "cache-07": 4, 
        "cache-08": 4.263314090872607
    }, 
    "49": {
        "cache-07": 4, 
        "cache-08": 4.161888004197335
    }, 
    "50": {
        "cache-07": 4, 
        "cache-08": 4.1111749608596995
    }, 
    "51": {
        "cache-07": 4, 
        "cache-08": 4.303310628520398
    }, 
    "52": {
        "cache-07": 4, 
        "cache-08": 4.3993784623507475
    }, 
    "53": {
        "cache-07": 4, 
        "cache-08": 4.229920189936406
    }, 
    "54": {
        "cache-07": 4, 
        "cache-08": 4.145191053729235
    }, 
    "55": {
        "cache-07": 4, 
        "cache-08": 4.320318674955166
    }, 
    "56": {
        "cache-07": 4, 
        "cache-08": 4.190390296238615
    }, 
    "57": {
        "cache-07": 4, 
        "cache-08": 4.12542610688034
    }, 
    "58": {
        "cache-07": 4, 
        "cache-08": 4.092944012201203
    }, 
    "59": {
        "cache-07": 4, 
        "cache-08": 3.9036097022485277
    }, 
    "60": {
        "cache-07": 4.030230958761033, 
        "cache-08": 3.9036097022485277
    }, 
    "61": {
        "cache-07": 4.262838627471065, 
        "cache-08": 3.9036097022485277
    }, 
    "62": {
        "cache-07": 4.161650272496565, 
        "cache-08": 3.9036097022485277
    }, 
    "63": {
        "cache-07": 4.111056095009315, 
        "cache-08": 3.9036097022485277
    }, 
    "64": {
        "cache-07": 3.9126657436525836, 
        "cache-08": 3.9036097022485277
    }, 
    "65": {
        "cache-07": 3.986563830587324, 
        "cache-08": 3.9036097022485277
    }, 
    "66": {
        "cache-07": 4.24100506338421, 
        "cache-08": 3.9036097022485277
    }, 
    "67": {
        "cache-07": 4.150733490453137, 
        "cache-08": 3.9036097022485277
    }, 
    "68": {
        "cache-07": 4.105597703987601, 
        "cache-08": 3.9036097022485277
    }, 
    "69": {
        "cache-07": 4.197043428133931, 
        "cache-08": 3.9036097022485277
    }, 
    "70": {
        "cache-07": 4.5010174468431865, 
        "cache-08": 3.9036097022485277
    }, 
    "71": {
        "cache-07": 4.280739682182626, 
        "cache-08": 3.9036097022485277
    }, 
    "72": {
        "cache-07": 4.170600799852345, 
        "cache-08": 3.9036097022485277
    }, 
    "73": {
        "cache-07": 4.333023548016721, 
        "cache-08": 3.9036097022485277
    }, 
    "74": {
        "cache-07": 4.5690075067845815, 
        "cache-08": 3.9036097022485277
    }, 
    "75": {
        "cache-07": 4.686999486168512, 
        "cache-08": 3.9036097022485277
    }, 
    "76": {
        "cache-07": 4.373730701845288, 
        "cache-08": 3.9036097022485277
    }, 
    "77": {
        "cache-07": 4.217096309683676, 
        "cache-08": 3.9036097022485277
    }, 
    "78": {
        "cache-07": 3.965685850989764, 
        "cache-08": 3.9036097022485277
    }, 
    "79": {
        "cache-07": 3.839980621642808, 
        "cache-08": 3.9036097022485277
    }, 
    "80": {
        "cache-07": 3.839980621642808, 
        "cache-08": 3.9820358098852964
    }, 
    "81": {
        "cache-07": 3.839980621642808, 
        "cache-08": 4.021248863703681
    }, 
    "82": {
        "cache-07": 3.839980621642808, 
        "cache-08": 4.040855390612872
    }, 
    "83": {
        "cache-07": 3.839980621642808, 
        "cache-08": 4.050658654067469
    }, 
    "84": {
        "cache-07": 3.839980621642808, 
        "cache-08": 4.055560285794767
    }, 
    "85": {
        "cache-07": 3.839980621642808, 
        "cache-08": 4.172024719037514
    }, 
    "86": {
        "cache-07": 3.839980621642808, 
        "cache-08": 4.116243318279789
    }, 
    "87": {
        "cache-07": 3.839980621642808, 
        "cache-08": 4.088352617900927
    }, 
    "88": {
        "cache-07": 3.839980621642808, 
        "cache-08": 4.544153111976971
    }, 
    "89": {
        "cache-07": 3.839980621642808, 
        "cache-08": 4.4163211321286155
    }, 
    "90": {
        "cache-07": 3.839980621642808, 
        "cache-08": 4.2383915248253405
    },