{
    "0": {
        "cache-08": 3.971315013301266, 
        "cache-09": 4.0
    }, 
    "1": {
        "cache-08": 3.971315013301266, 
        "cache-09": 4.0
    }, 
    "2": {
        "cache-08": 3.971315013301266, 
        "cache-09": 4.0
    }, 
    "3": {
        "cache-08": 3.971315013301266, 
        "cache-09": 4.0
    }, 
    "4": {
        "cache-08": 3.971315013301266, 
        "cache-09": 4.0
    }, 
    "5": {
        "cache-08": 3.971315013301266, 
        "cache-09": 4.0
    }, 
    "6": {
        "cache-08": 3.971315013301266, 
        "cache-09": 4.0
    }, 
    "7": {
        "cache-08": 3.971315013301266, 
        "cache-09": 4.0
    }, 
    "8": {
        "cache-08": 3.971315013301266, 
        "cache-09": 4.0
    }, 
    "9": {
        "cache-08": 3.971315013301266, 
        "cache-09": 4.0
    }, 
    "10": {
        "cache-08": 3.971315013301266, 
        "cache-09": 4.0
    }, 
    "11": {
        "cache-08": 3.666886444336843, 
        "cache-09": 3.5747767796027268
    }, 
    "12": {
        "cache-08": 3.666886444336843, 
        "cache-09": 3.5747767796027268
    }, 
    "13": {
        "cache-08": 3.666886444336843, 
        "cache-09": 3.5747767796027268
    }, 
    "14": {
        "cache-08": 3.666886444336843, 
        "cache-09": 3.5747767796027268
    }, 
    "15": {
        "cache-08": 3.666886444336843, 
        "cache-09": 3.5747767796027268
    }, 
    "16": {
        "cache-08": 3.666886444336843, 
        "cache-09": 3.5747767796027268
    }, 
    "17": {
        "cache-08": 3.666886444336843, 
        "cache-09": 3.5747767796027268
    }, 
    "18": {
        "cache-08": 3.666886444336843, 
        "cache-09": 3.5747767796027268
    }, 
    "19": {
        "cache-08": 3.666886444336843, 
        "cache-09": 3.5747767796027268
    }, 
    "20": {
        "cache-08": 3.666886444336843, 
        "cache-09": 3.5747767796027268
    }, 
    "21": {
        "cache-08": 4.1553002074365555, 
        "cache-09": 3.8036967102590626
    }, 
    "22": {
        "cache-08": 4.1553002074365555, 
        "cache-09": 3.8036967102590626
    }, 
    "23": {
        "cache-08": 4.1553002074365555, 
        "cache-09": 3.8036967102590626
    }, 
    "24": {
        "cache-08": 4.1553002074365555, 
        "cache-09": 3.8036967102590626
    }, 
    "25": {
        "cache-08": 4.1553002074365555, 
        "cache-09": 3.8036967102590626
    }, 
    "26": {
        "cache-08": 4.1553002074365555, 
        "cache-09": 3.8036967102590626
    }, 
    "27": {
        "cache-08": 4.1553002074365555, 
        "cache-09": 3.8036967102590626
    }, 
    "28": {
        "cache-08": 4.1553002074365555, 
        "cache-09": 3.8036967102590626
    }, 
    "29": {
        "cache-08": 4.1553002074365555, 
        "cache-09": 3.8036967102590626
    }, 
    "30": {
        "cache-08": 4.1553002074365555, 
        "cache-09": 3.8036967102590626
    }, 
    "31": {
        "cache-08": 3.6607332427409394, 
        "cache-09": 3.753170613133572
    }, 
    "32": {
        "cache-08": 3.6607332427409394, 
        "cache-09": 3.753170613133572
    }, 
    "33": {
        "cache-08": 3.6607332427409394, 
        "cache-09": 3.753170613133572
    }, 
    "34": {
        "cache-08": 3.6607332427409394, 
        "cache-09": 3.753170613133572
    }, 
    "35": {
        "cache-08": 3.6607332427409394, 
        "cache-09": 3.753170613133572
    }, 
    "36": {
        "cache-08": 3.6607332427409394, 
        "cache-09": 3.753170613133572
    }, 
    "37": {
        "cache-08": 3.6607332427409394, 
        "cache-09": 3.753170613133572
    }, 
    "38": {
        "cache-08": 3.6607332427409394, 
        "cache-09": 3.753170613133572
    }, 
    "39": {
        "cache-08": 3.6607332427409394, 
        "cache-09": 3.753170613133572
    }, 
    "40": {
        "cache-08": 3.6607332427409394, 
        "cache-09": 3.753170613133572
    }, 
    "41": {
        "cache-08": 3.929894239648562, 
        "cache-09": 3.6665261356659635
    }, 
    "42": {
        "cache-08": 3.929894239648562, 
        "cache-09": 3.6665261356659635
    }, 
    "43": {
        "cache-08": 3.929894239648562, 
        "cache-09": 3.6665261356659635
    }, 
    "44": {
        "cache-08": 3.929894239648562, 
        "cache-09": 3.6665261356659635
    }, 
    "45": {
        "cache-08": 3.929894239648562, 
        "cache-09": 3.6665261356659635
    }, 
    "46": {
        "cache-08": 3.929894239648562, 
        "cache-09": 3.6665261356659635
    }, 
    "47": {
        "cache-08": 3.929894239648562, 
        "cache-09": 3.6665261356659635
    }, 
    "48": {
        "cache-08": 3.929894239648562, 
        "cache-09": 3.6665261356659635
    }, 
    "49": {
        "cache-08": 3.929894239648562, 
        "cache-09": 3.6665261356659635
    }, 
    "50": {
        "cache-08": 3.929894239648562, 
        "cache-09": 3.6665261356659635
    }, 
    "51": {
        "cache-08": 3.655372372078702, 
        "cache-09": 3.7211999323783687
    }, 
    "52": {
        "cache-08": 3.655372372078702, 
        "cache-09": 3.7211999323783687
    }, 
    "53": {
        "cache-08": 3.655372372078702, 
        "cache-09": 3.7211999323783687
    }, 
    "54": {
        "cache-08": 3.655372372078702, 
        "cache-09": 3.7211999323783687
    }, 
    "55": {
        "cache-08": 3.655372372078702, 
        "cache-09": 3.7211999323783687
    }, 
    "56": {
        "cache-08": 3.655372372078702, 
        "cache-09": 3.7211999323783687
    }, 
    "57": {
        "cache-08": 3.655372372078702, 
        "cache-09": 3.7211999323783687
    }, 
    "58": {
        "cache-08": 3.655372372078702, 
        "cache-09": 3.7211999323783687
    }, 
    "59": {
        "cache-08": 3.655372372078702, 
        "cache-09": 3.7211999323783687
    }, 
    "60": {
        "cache-08": 3.655372372078702, 
        "cache-09": 3.7211999323783687
    }, 
    "61": {
        "cache-08": 3.74675384951011, 
        "cache-09": 3.7197435389657802
    }, 
    "62": {
        "cache-08": 3.74675384951011, 
        "cache-09": 3.7197435389657802
    }, 
    "63": {
        "cache-08": 3.74675384951011, 
        "cache-09": 3.7197435389657802
    }, 
    "64": {
        "cache-08": 3.74675384951011, 
        "cache-09": 3.7197435389657802
    }, 
    "65": {
        "cache-08": 3.74675384951011, 
        "cache-09": 3.7197435389657802
    }, 
    "66": {
        "cache-08": 3.74675384951011, 
        "cache-09": 3.7197435389657802
    }, 
    "67": {
        "cache-08": 3.74675384951011, 
        "cache-09": 3.7197435389657802
    }, 
    "68": {
        "cache-08": 3.74675384951011, 
        "cache-09": 3.7197435389657802
    }, 
    "69": {
        "cache-08": 3.74675384951011, 
        "cache-09": 3.7197435389657802
    }, 
    "70": {
        "cache-08": 3.74675384951011, 
        "cache-09": 3.7197435389657802
    }, 
    "71": {
        "cache-08": 3.6916424682161275, 
        "cache-09": 3.5626190348999507
    }, 
    "72": {
        "cache-08": 3.6916424682161275, 
        "cache-09": 3.5626190348999507
    }, 
    "73": {
        "cache-08": 3.6916424682161275, 
        "cache-09": 3.5626190348999507
    }, 
    "74": {
        "cache-08": 3.6916424682161275, 
        "cache-09": 3.5626190348999507
    }, 
    "75": {
        "cache-08": 3.6916424682161275, 
        "cache-09": 3.5626190348999507
    }, 
    "76": {
        "cache-08": 3.6916424682161275, 
        "cache-09": 3.5626190348999507
    }, 
    "77": {
        "cache-08": 3.6916424682161275, 
        "cache-09": 3.5626190348999507
    }, 
    "78": {
        "cache-08": 3.6916424682161275, 
        "cache-09": 3.5626190348999507
    }, 
    "79": {
        "cache-08": 3.6916424682161275, 
        "cache-09": 3.5626190348999507
    }, 
    "80": {
        "cache-08": 3.6916424682161275, 
        "cache-09": 3.5626190348999507
    }, 
    "81": {
        "cache-08": 3.529059970160758, 
        "cache-09": 4.191881153361736
    },