{
    "0": {
        "cache-07": 4.493064117103639, 
        "cache-10": 4.0
    }, 
    "1": {
        "cache-07": 4.493064117103639, 
        "cache-10": 4.0
    }, 
    "2": {
        "cache-07": 4.493064117103639, 
        "cache-10": 4.0
    }, 
    "3": {
        "cache-07": 4.493064117103639, 
        "cache-10": 4.0
    }, 
    "4": {
        "cache-07": 4.493064117103639, 
        "cache-10": 4.0
    }, 
    "5": {
        "cache-07": 4.493064117103639, 
        "cache-10": 4.0
    }, 
    "6": {
        "cache-07": 4.493064117103639, 
        "cache-10": 4.0
    }, 
    "7": {
        "cache-07": 4.493064117103639, 
        "cache-10": 4.0
    }, 
    "8": {
        "cache-07": 4.493064117103639, 
        "cache-10": 4.0
    }, 
    "9": {
        "cache-07": 4.493064117103639, 
        "cache-10": 4.0
    }, 
    "10": {
        "cache-07": 4.493064117103639, 
        "cache-10": 4.0
    }, 
    "11": {
        "cache-07": 4.505348008432249, 
        "cache-10": 4.0
    }, 
    "12": {
        "cache-07": 4.505348008432249, 
        "cache-10": 4.0
    }, 
    "13": {
        "cache-07": 4.505348008432249, 
        "cache-10": 4.0
    }, 
    "14": {
        "cache-07": 4.505348008432249, 
        "cache-10": 4.0
    }, 
    "15": {
        "cache-07": 4.505348008432249, 
        "cache-10": 4.0
    }, 
    "16": {
        "cache-07": 4.505348008432249, 
        "cache-10": 4.0
    }, 
    "17": {
        "cache-07": 4.505348008432249, 
        "cache-10": 4.0
    }, 
    "18": {
        "cache-07": 4.505348008432249, 
        "cache-10": 4.0
    }, 
    "19": {
        "cache-07": 4.505348008432249, 
        "cache-10": 4.0
    }, 
    "20": {
        "cache-07": 4.505348008432249, 
        "cache-10": 4.0
    }, 
    "21": {
        "cache-07": 4.495516694297326, 
        "cache-10": 4.0
    }, 
    "22": {
        "cache-07": 4.495516694297326, 
        "cache-10": 4.0
    }, 
    "23": {
        "cache-07": 4.495516694297326, 
        "cache-10": 4.0
    }, 
    "24": {
        "cache-07": 4.495516694297326, 
        "cache-10": 4.0
    }, 
    "25": {
        "cache-07": 4.495516694297326, 
        "cache-10": 4.0
    }, 
    "26": {
        "cache-07": 4.495516694297326, 
        "cache-10": 4.0
    }, 
    "27": {
        "cache-07": 4.495516694297326, 
        "cache-10": 4.0
    }, 
    "28": {
        "cache-07": 4.495516694297326, 
        "cache-10": 4.0
    }, 
    "29": {
        "cache-07": 4.495516694297326, 
        "cache-10": 4.0
    }, 
    "30": {
        "cache-07": 4.495516694297326, 
        "cache-10": 4.0
    }, 
    "31": {
        "cache-07": 4.469733231684795, 
        "cache-10": 4.0
    }, 
    "32": {
        "cache-07": 4.469733231684795, 
        "cache-10": 4.0
    }, 
    "33": {
        "cache-07": 4.469733231684795, 
        "cache-10": 4.0
    }, 
    "34": {
        "cache-07": 4.469733231684795, 
        "cache-10": 4.0
    }, 
    "35": {
        "cache-07": 4.469733231684795, 
        "cache-10": 4.0
    }, 
    "36": {
        "cache-07": 4.469733231684795, 
        "cache-10": 4.0
    }, 
    "37": {
        "cache-07": 4.469733231684795, 
        "cache-10": 4.0
    }, 
    "38": {
        "cache-07": 4.469733231684795, 
        "cache-10": 4.0
    }, 
    "39": {
        "cache-07": 4.469733231684795, 
        "cache-10": 4.0
    }, 
    "40": {
        "cache-07": 4.469733231684795, 
        "cache-10": 4.0
    }, 
    "41": {
        "cache-07": 3.6674626514115536, 
        "cache-10": 3.5796187663982124
    }, 
    "42": {
        "cache-07": 3.6674626514115536, 
        "cache-10": 3.5796187663982124
    }, 
    "43": {
        "cache-07": 3.6674626514115536, 
        "cache-10": 3.5796187663982124
    }, 
    "44": {
        "cache-07": 3.6674626514115536, 
        "cache-10": 3.5796187663982124
    }, 
    "45": {
        "cache-07": 3.6674626514115536, 
        "cache-10": 3.5796187663982124
    }, 
    "46": {
        "cache-07": 3.6674626514115536, 
        "cache-10": 3.5796187663982124
    }, 
    "47": {
        "cache-07": 3.6674626514115536, 
        "cache-10": 3.5796187663982124
    }, 
    "48": {
        "cache-07": 3.6674626514115536, 
        "cache-10": 3.5796187663982124
    }, 
    "49": {
        "cache-07": 3.6674626514115536, 
        "cache-10": 3.5796187663982124
    }, 
    "50": {
        "cache-07": 3.6674626514115536, 
        "cache-10": 3.5796187663982124
    }, 
    "51": {
        "cache-07": 3.548824361336103, 
        "cache-10": 3.5869380176353913
    }, 
    "52": {
        "cache-07": 3.548824361336103, 
        "cache-10": 3.5869380176353913
    }, 
    "53": {
        "cache-07": 3.548824361336103, 
        "cache-10": 3.5869380176353913
    }, 
    "54": {
        "cache-07": 3.548824361336103, 
        "cache-10": 3.5869380176353913
    }, 
    "55": {
        "cache-07": 3.548824361336103, 
        "cache-10": 3.5869380176353913
    }, 
    "56": {
        "cache-07": 3.548824361336103, 
        "cache-10": 3.5869380176353913
    }, 
    "57": {
        "cache-07": 3.548824361336103, 
        "cache-10": 3.5869380176353913
    }, 
    "58": {
        "cache-07": 3.548824361336103, 
        "cache-10": 3.5869380176353913
    }, 
    "59": {
        "cache-07": 3.548824361336103, 
        "cache-10": 3.5869380176353913
    }, 
    "60": {
        "cache-07": 3.548824361336103, 
        "cache-10": 3.5869380176353913
    }, 
    "61": {
        "cache-07": 3.8556180643209914, 
        "cache-10": 3.545952405046729
    }, 
    "62": {
        "cache-07": 3.8556180643209914, 
        "cache-10": 3.545952405046729
    }, 
    "63": {
        "cache-07": 3.8556180643209914, 
        "cache-10": 3.545952405046729
    }, 
    "64": {
        "cache-07": 3.8556180643209914, 
        "cache-10": 3.545952405046729
    }, 
    "65": {
        "cache-07": 3.8556180643209914, 
        "cache-10": 3.545952405046729
    }, 
    "66": {
        "cache-07": 3.8556180643209914, 
        "cache-10": 3.545952405046729
    }, 
    "67": {
        "cache-07": 3.8556180643209914, 
        "cache-10": 3.545952405046729
    }, 
    "68": {
        "cache-07": 3.8556180643209914, 
        "cache-10": 3.545952405046729
    }, 
    "69": {
        "cache-07": 3.8556180643209914, 
        "cache-10": 3.545952405046729
    }, 
    "70": {
        "cache-07": 3.8556180643209914, 
        "cache-10": 3.545952405046729
    }, 
    "71": {
        "cache-07": 3.535660387825531, 
        "cache-10": 3.548117834519769
    }, 
    "72": {
        "cache-07": 3.535660387825531, 
        "cache-10": 3.548117834519769
    }, 
    "73": {
        "cache-07": 3.535660387825531, 
        "cache-10": 3.548117834519769
    }, 
    "74": {
        "cache-07": 3.535660387825531, 
        "cache-10": 3.548117834519769
    }, 
    "75": {
        "cache-07": 3.535660387825531, 
        "cache-10": 3.548117834519769
    }, 
    "76": {
        "cache-07": 3.535660387825531, 
        "cache-10": 3.548117834519769
    }, 
    "77": {
        "cache-07": 3.535660387825531, 
        "cache-10": 3.548117834519769
    }, 
    "78": {
        "cache-07": 3.535660387825531, 
        "cache-10": 3.548117834519769
    }, 
    "79": {
        "cache-07": 3.535660387825531, 
        "cache-10": 3.548117834519769
    }, 
    "80": {
        "cache-07": 3.535660387825531, 
        "cache-10": 3.548117834519769
    }, 
    "81": {
        "cache-07": 3.2470007874688465, 
        "cache-10": 3.425127339921663
    }, 
    "82": {
        "cache-07": 3.2470007874688465, 
        "cache-10": 3.425127339921663
    }, 
    "83": {
        "cache-07": 3.2470007874688465, 
        "cache-10": 3.425127339921663
    }, 
    "84": {
        "cache-07": 3.2470007874688465, 
        "cache-10": 3.425127339921663
    }, 
    "85": {
        "cache-07": 3.2470007874688465, 
        "cache-10": 3.425127339921663
    }, 
    "86": {
        "cache-07": 3.2470007874688465, 
        "cache-10": 3.425127339921663
    },