{
    "0": {
        "cache-07": 3.75, 
        "cache-09": 4
    }, 
    "1": {
        "cache-07": 4.277495732776221, 
        "cache-09": 4
    }, 
    "2": {
        "cache-07": 4.638724669414618, 
        "cache-09": 4
    }, 
    "3": {
        "cache-07": 4.819339137733817, 
        "cache-09": 4
    }, 
    "4": {
        "cache-07": 4.909646371893416, 
        "cache-09": 4
    }, 
    "5": {
        "cache-07": 4.954799988973216, 
        "cache-09": 4
    }, 
    "6": {
        "cache-07": 4.977376797513115, 
        "cache-09": 4
    }, 
    "7": {
        "cache-07": 4.988665201783064, 
        "cache-09": 4
    }, 
    "8": {
        "cache-07": 4.99430940391804, 
        "cache-09": 4
    }, 
    "9": {
        "cache-07": 4.997131504985527, 
        "cache-09": 4
    }, 
    "10": {
        "cache-07": 4.99854255551927, 
        "cache-09": 4
    }, 
    "11": {
        "cache-07": 4.999248080786142, 
        "cache-09": 4
    }, 
    "12": {
        "cache-07": 4.999600843419579, 
        "cache-09": 4
    }, 
    "13": {
        "cache-07": 4.999777224736297, 
        "cache-09": 4
    }, 
    "14": {
        "cache-07": 4.644133188508279, 
        "cache-09": 4
    }, 
    "15": {
        "cache-07": 4.3522975530151715, 
        "cache-09": 4
    }, 
    "16": {
        "cache-07": 4.3203933526477165, 
        "cache-09": 4
    }, 
    "17": {
        "cache-07": 4.562692409100079, 
        "cache-09": 4
    }, 
    "18": {
        "cache-07": 4.781323007576547, 
        "cache-09": 4
    }, 
    "19": {
        "cache-07": 4.534906079928404, 
        "cache-09": 4
    }, 
    "20": {
        "cache-07": 4.411697616104332, 
        "cache-09": 4
    }, 
    "21": {
        "cache-07": 4.4535719561427145, 
        "cache-09": 4
    }, 
    "22": {
        "cache-07": 4.629281710847579, 
        "cache-09": 4
    }, 
    "23": {
        "cache-07": 4.171778551571716, 
        "cache-09": 4
    }, 
    "24": {
        "cache-07": 4.230133851925988, 
        "cache-09": 4
    }, 
    "25": {
        "cache-07": 4.615043728989502, 
        "cache-09": 4
    }, 
    "26": {
        "cache-07": 4.8074986675212585, 
        "cache-09": 4
    }, 
    "27": {
        "cache-07": 4.903726136787137, 
        "cache-09": 4
    }, 
    "28": {
        "cache-07": 4.596107644533699, 
        "cache-09": 4
    }, 
    "29": {
        "cache-07": 4.798030625293357, 
        "cache-09": 4
    }, 
    "30": {
        "cache-07": 4.646738460737227, 
        "cache-09": 4
    }, 
    "31": {
        "cache-07": 4.467613806508744, 
        "cache-09": 4
    }, 
    "32": {
        "cache-07": 4.264037862015405, 
        "cache-09": 4
    }, 
    "33": {
        "cache-07": 4.162249889768734, 
        "cache-09": 4
    }, 
    "34": {
        "cache-07": 4.1113559036454, 
        "cache-09": 4
    }, 
    "35": {
        "cache-07": 4.458173684598921, 
        "cache-09": 4
    }, 
    "36": {
        "cache-07": 4.373331418439591, 
        "cache-09": 4
    }, 
    "37": {
        "cache-07": 4.686642512246303, 
        "cache-09": 4
    }, 
    "38": {
        "cache-07": 4.5910444042137, 
        "cache-09": 4
    }, 
    "39": {
        "cache-07": 4.152659898254776, 
        "cache-09": 4
    }, 
    "40": {
        "cache-07": 4.10656090788842, 
        "cache-09": 4
    }, 
    "41": {
        "cache-07": 4.083511412705242, 
        "cache-09": 4
    }, 
    "42": {
        "cache-07": 4.541732509379129, 
        "cache-09": 4
    }, 
    "43": {
        "cache-07": 4.770843057716071, 
        "cache-09": 4
    }, 
    "44": {
        "cache-07": 4.5296661049981655, 
        "cache-09": 4
    }, 
    "45": {
        "cache-07": 4.295064011260115, 
        "cache-09": 4
    }, 
    "46": {
        "cache-07": 4.177762964391089, 
        "cache-09": 4
    }, 
    "47": {
        "cache-07": 4.336604630286093, 
        "cache-09": 4
    }, 
    "48": {
        "cache-07": 4.198533273904079, 
        "cache-09": 4
    }, 
    "49": {
        "cache-07": 4.129497595713072, 
        "cache-09": 4
    }, 
    "50": {
        "cache-07": 4.094979756617569, 
        "cache-09": 4
    }, 
    "51": {
        "cache-07": 4.191734454448914, 
        "cache-09": 4
    }, 
    "52": {
        "cache-07": 4.126098185985489, 
        "cache-09": 4
    }, 
    "53": {
        "cache-07": 3.9201867891406708, 
        "cache-09": 4
    }, 
    "54": {
        "cache-07": 3.9201867891406708, 
        "cache-09": 4.14424457614013
    }, 
    "55": {
        "cache-07": 3.9201867891406708, 
        "cache-09": 4.572099091096572
    }, 
    "56": {
        "cache-07": 3.9201867891406708, 
        "cache-09": 4.688545278324507
    }, 
    "57": {
        "cache-07": 3.9201867891406708, 
        "cache-09": 4.488517215302384
    }, 
    "58": {
        "cache-07": 3.9201867891406708, 
        "cache-09": 4.274489566412225
    }, 
    "59": {
        "cache-07": 3.9201867891406708, 
        "cache-09": 4.281489359346242
    }, 
    "60": {
        "cache-07": 3.9201867891406708, 
        "cache-09": 4.543240412449342
    }, 
    "61": {
        "cache-07": 3.9201867891406708, 
        "cache-09": 4.415864782364801
    }, 
    "62": {
        "cache-07": 3.9201867891406708, 
        "cache-09": 4.610428123958622
    }, 
    "63": {
        "cache-07": 3.9201867891406708, 
        "cache-09": 4.707709794755532
    }, 
    "64": {
        "cache-07": 3.9201867891406708, 
        "cache-09": 4.498099473517897
    }, 
    "65": {
        "cache-07": 3.9201867891406708, 
        "cache-09": 4.393294312899078
    }, 
    "66": {
        "cache-07": 3.9201867891406708, 
        "cache-09": 4.34089173258967
    }, 
    "67": {
        "cache-07": 3.9201867891406708, 
        "cache-09": 4.418169014385383
    }, 
    "68": {
        "cache-07": 3.9201867891406708, 
        "cache-09": 4.709061310219199
    }, 
    "69": {
        "cache-07": 3.9201867891406708, 
        "cache-09": 4.49877523124973
    }, 
    "70": {
        "cache-07": 3.9201867891406708, 
        "cache-09": 4.393632191764995
    }, 
    "71": {
        "cache-07": 3.9201867891406708, 
        "cache-09": 4.599311828658719
    }, 
    "72": {
        "cache-07": 3.9201867891406708, 
        "cache-09": 4.70215164710558
    }, 
    "73": {
        "cache-07": 3.9201867891406708, 
        "cache-09": 4.598798971643339
    }, 
    "74": {
        "cache-07": 3.9201867891406708, 
        "cache-09": 4.547122633912218
    }, 
    "75": {
        "cache-07": 3.9201867891406708, 
        "cache-09": 4.417805893096239
    }, 
    "76": {
        "cache-07": 3.9201867891406708, 
        "cache-09": 4.456626094638668
    }, 
    "77": {
        "cache-07": 3.9201867891406708, 
        "cache-09": 4.728289850345842
    }, 
    "78": {
        "cache-07": 3.9201867891406708, 
        "cache-09": 4.508389501313051
    }, 
    "79": {
        "cache-07": 3.9201867891406708, 
        "cache-09": 4.501917898747074
    }, 
    "80": {
        "cache-07": 3.9201867891406708, 
        "cache-09": 4.653454682149758
    }, 
    "81": {
        "cache-07": 3.9201867891406708, 
        "cache-09": 4.826704144101386
    }, 
    "82": {
        "cache-07": 3.9201867891406708, 
        "cache-09": 4.557596648190824
    }, 
    "83": {
        "cache-07": 3.9201867891406708, 
        "cache-09": 4.423042900235542
    }, 
    "84": {
        "cache-07": 3.9201867891406708, 
        "cache-09": 4.355766026257902
    }, 
    "85": {
        "cache-07": 3.9201867891406708, 
        "cache-09": 4.425606161219499
    }, 
    "86": {
        "cache-07": 3.9201867891406708, 
        "cache-09": 4.460526228700298
    }, 
    "87": {
        "cache-07": 3.9201867891406708, 
        "cache-09": 4.477986262440697
    }, 
    "88": {
        "cache-07": 3.9201867891406708, 
        "cache-09": 4.738969934246856
    }, 
    "89": {
        "cache-07": 3.9201867891406708, 
        "cache-09": 4.771980699899649
    },