{
    "0": {
        "cache-07": 3.75, 
        "cache-09": 4
    }, 
    "1": {
        "cache-07": 4.374976803026508, 
        "cache-09": 4
    }, 
    "2": {
        "cache-07": 4.687465204539761, 
        "cache-09": 4
    }, 
    "3": {
        "cache-07": 4.843709405296387, 
        "cache-09": 4
    }, 
    "4": {
        "cache-07": 4.921831505674701, 
        "cache-09": 4
    }, 
    "5": {
        "cache-07": 4.9608925558638575, 
        "cache-09": 4
    }, 
    "6": {
        "cache-07": 4.980423080958436, 
        "cache-09": 4
    }, 
    "7": {
        "cache-07": 4.990188343505725, 
        "cache-09": 4
    }, 
    "8": {
        "cache-07": 4.99507097477937, 
        "cache-09": 4
    }, 
    "9": {
        "cache-07": 4.997512290416193, 
        "cache-09": 4
    }, 
    "10": {
        "cache-07": 4.998732948234604, 
        "cache-09": 4
    }, 
    "11": {
        "cache-07": 4.901862206893523, 
        "cache-09": 4
    }, 
    "12": {
        "cache-07": 4.6986542515373095, 
        "cache-09": 4
    }, 
    "13": {
        "cache-07": 4.597050273859203, 
        "cache-09": 4
    }, 
    "14": {
        "cache-07": 4.701020869705823, 
        "cache-09": 4
    }, 
    "15": {
        "cache-07": 4.598233582943459, 
        "cache-09": 4
    }, 
    "16": {
        "cache-07": 4.701612524247951, 
        "cache-09": 4
    }, 
    "17": {
        "cache-07": 4.7533019949001964, 
        "cache-09": 4
    }, 
    "18": {
        "cache-07": 4.876627800476605, 
        "cache-09": 4
    }, 
    "19": {
        "cache-07": 4.840809633014524, 
        "cache-09": 4
    }, 
    "20": {
        "cache-07": 4.66812796459781, 
        "cache-09": 4
    }, 
    "21": {
        "cache-07": 4.581787130389453, 
        "cache-09": 4
    }, 
    "22": {
        "cache-07": 4.693389297970947, 
        "cache-09": 4
    }, 
    "23": {
        "cache-07": 4.8466714520119805, 
        "cache-09": 4
    }, 
    "24": {
        "cache-07": 4.825831458782211, 
        "cache-09": 4
    }, 
    "25": {
        "cache-07": 4.815411462167327, 
        "cache-09": 4
    }, 
    "26": {
        "cache-07": 4.907682534110171, 
        "cache-09": 4
    }, 
    "27": {
        "cache-07": 4.856336999831306, 
        "cache-09": 4
    }, 
    "28": {
        "cache-07": 4.675891648006202, 
        "cache-09": 4
    }, 
    "29": {
        "cache-07": 4.585668972093649, 
        "cache-09": 4
    }, 
    "30": {
        "cache-07": 4.5405576341373735, 
        "cache-09": 4
    }, 
    "31": {
        "cache-07": 4.7702556200951935, 
        "cache-09": 4
    }, 
    "32": {
        "cache-07": 4.632850958138145, 
        "cache-09": 4
    }, 
    "33": {
        "cache-07": 4.564148627159621, 
        "cache-09": 4
    }, 
    "34": {
        "cache-07": 4.529797461670359, 
        "cache-09": 4
    }, 
    "35": {
        "cache-07": 4.764875533861687, 
        "cache-09": 4
    }, 
    "36": {
        "cache-07": 4.784933499707065, 
        "cache-09": 4
    }, 
    "37": {
        "cache-07": 4.640189897944081, 
        "cache-09": 4
    }, 
    "38": {
        "cache-07": 4.722590681748262, 
        "cache-09": 4
    }, 
    "39": {
        "cache-07": 4.8612721439006386, 
        "cache-09": 4
    }, 
    "40": {
        "cache-07": 4.83313180472654, 
        "cache-09": 4
    }, 
    "41": {
        "cache-07": 4.664289050453819, 
        "cache-09": 4
    }, 
    "42": {
        "cache-07": 4.734640258003131, 
        "cache-09": 4
    }, 
    "43": {
        "cache-07": 4.769815861777786, 
        "cache-09": 4
    }, 
    "44": {
        "cache-07": 4.884884733915401, 
        "cache-09": 4
    }, 
    "45": {
        "cache-07": 4.690165515048249, 
        "cache-09": 4
    }, 
    "46": {
        "cache-07": 4.592805905614673, 
        "cache-09": 4
    }, 
    "47": {
        "cache-07": 4.698898685583558, 
        "cache-09": 4
    }, 
    "48": {
        "cache-07": 4.751945075568, 
        "cache-09": 4
    }, 
    "49": {
        "cache-07": 4.7784682705602215, 
        "cache-09": 4
    }, 
    "50": {
        "cache-07": 4.636957283370659, 
        "cache-09": 4
    }, 
    "51": {
        "cache-07": 4.720974374461551, 
        "cache-09": 4
    }, 
    "52": {
        "cache-07": 4.860463990257283, 
        "cache-09": 4
    }, 
    "53": {
        "cache-07": 4.832727727904862, 
        "cache-09": 4
    }, 
    "54": {
        "cache-07": 4.818859596728652, 
        "cache-09": 4
    }, 
    "55": {
        "cache-07": 4.811925531140547, 
        "cache-09": 4
    }, 
    "56": {
        "cache-07": 4.90593956859678, 
        "cache-09": 4
    }, 
    "57": {
        "cache-07": 4.700692932388939, 
        "cache-09": 4
    }, 
    "58": {
        "cache-07": 4.75284219897069, 
        "cache-09": 4
    }, 
    "59": {
        "cache-07": 4.778916832261566, 
        "cache-09": 4
    }, 
    "60": {
        "cache-07": 4.7919541489070046, 
        "cache-09": 4
    }, 
    "61": {
        "cache-07": 4.798472807229723, 
        "cache-09": 4
    }, 
    "62": {
        "cache-07": 4.64695955170541, 
        "cache-09": 4
    }, 
    "63": {
        "cache-07": 4.823456578879212, 
        "cache-09": 4
    }, 
    "64": {
        "cache-07": 4.911705092466113, 
        "cache-09": 4
    }, 
    "65": {
        "cache-07": 4.858348279009277, 
        "cache-09": 4
    }, 
    "66": {
        "cache-07": 4.83166987228086, 
        "cache-09": 4
    }, 
    "67": {
        "cache-07": 4.663558084230978, 
        "cache-09": 4
    }, 
    "68": {
        "cache-07": 4.579502190206037, 
        "cache-09": 4
    }, 
    "69": {
        "cache-07": 4.537474243193567, 
        "cache-09": 4
    }, 
    "70": {
        "cache-07": 4.516460269687332, 
        "cache-09": 4
    }, 
    "71": {
        "cache-07": 4.505953282934215, 
        "cache-09": 4
    }, 
    "72": {
        "cache-07": 4.655472374243328, 
        "cache-09": 4
    }, 
    "73": {
        "cache-07": 4.8277129901481715, 
        "cache-09": 4
    }, 
    "74": {
        "cache-07": 4.816352227850307, 
        "cache-09": 4
    }, 
    "75": {
        "cache-07": 4.810671846701375, 
        "cache-09": 4
    }, 
    "76": {
        "cache-07": 4.8078316561269085, 
        "cache-09": 4
    }, 
    "77": {
        "cache-07": 4.9038926310899615, 
        "cache-09": 4
    }, 
    "78": {
        "cache-07": 4.951923118571488, 
        "cache-09": 4
    }, 
    "79": {
        "cache-07": 4.878457292061965, 
        "cache-09": 4
    }, 
    "80": {
        "cache-07": 4.8417243788072035, 
        "cache-09": 4
    }, 
    "81": {
        "cache-07": 4.823357922179823, 
        "cache-09": 4
    }, 
    "82": {
        "cache-07": 4.814174693866132, 
        "cache-09": 4
    }, 
    "83": {
        "cache-07": 4.654810495023614, 
        "cache-09": 4
    }, 
    "84": {
        "cache-07": 4.575128395602356, 
        "cache-09": 4
    }, 
    "85": {
        "cache-07": 4.7875410008276855, 
        "cache-09": 4
    }, 
    "86": {
        "cache-07": 4.89374730344035, 
        "cache-09": 4
    }, 
    "87": {
        "cache-07": 4.849369384496396, 
        "cache-09": 4
    }, 
    "88": {
        "cache-07": 4.8271804250244195, 
        "cache-09": 4
    }, 
    "89": {
        "cache-07": 4.816085945288431, 
        "cache-09": 4
    }, 
    "90": {
        "cache-07": 4.908019775670723, 
        "cache-09": 4
    }, 
    "91": {
        "cache-07": 4.856505620611582, 
        "cache-09": 4
    }, 
    "92": {
        "cache-07": 4.830748543082012, 
        "cache-09": 4
    }, 
    "93": {
        "cache-07": 4.817870004317227, 
        "cache-09": 4
    }, 
    "94": {
        "cache-07": 4.90891180518512, 
        "cache-09": 4
    }, 
    "95": {
        "cache-07": 4.856951635368781, 
        "cache-09": 4
    }, 
    "96": {
        "cache-07": 4.830971550460612, 
        "cache-09": 4
    }, 
    "97": {
        "cache-07": 4.817981508006527,