{
    "0": {
        "cache-07": 4.901236876572516, 
        "cache-09": 4.0
    }, 
    "1": {
        "cache-07": 4.901236876572516, 
        "cache-09": 4.0
    }, 
    "2": {
        "cache-07": 4.901236876572516, 
        "cache-09": 4.0
    }, 
    "3": {
        "cache-07": 4.901236876572516, 
        "cache-09": 4.0
    }, 
    "4": {
        "cache-07": 4.901236876572516, 
        "cache-09": 4.0
    }, 
    "5": {
        "cache-07": 4.901236876572516, 
        "cache-09": 4.0
    }, 
    "6": {
        "cache-07": 4.901236876572516, 
        "cache-09": 4.0
    }, 
    "7": {
        "cache-07": 4.901236876572516, 
        "cache-09": 4.0
    }, 
    "8": {
        "cache-07": 4.901236876572516, 
        "cache-09": 4.0
    }, 
    "9": {
        "cache-07": 4.901236876572516, 
        "cache-09": 4.0
    }, 
    "10": {
        "cache-07": 4.901236876572516, 
        "cache-09": 4.0
    }, 
    "11": {
        "cache-07": 4.541676827006892, 
        "cache-09": 4.0
    }, 
    "12": {
        "cache-07": 4.541676827006892, 
        "cache-09": 4.0
    }, 
    "13": {
        "cache-07": 4.541676827006892, 
        "cache-09": 4.0
    }, 
    "14": {
        "cache-07": 4.541676827006892, 
        "cache-09": 4.0
    }, 
    "15": {
        "cache-07": 4.541676827006892, 
        "cache-09": 4.0
    }, 
    "16": {
        "cache-07": 4.541676827006892, 
        "cache-09": 4.0
    }, 
    "17": {
        "cache-07": 4.541676827006892, 
        "cache-09": 4.0
    }, 
    "18": {
        "cache-07": 4.541676827006892, 
        "cache-09": 4.0
    }, 
    "19": {
        "cache-07": 4.541676827006892, 
        "cache-09": 4.0
    }, 
    "20": {
        "cache-07": 4.541676827006892, 
        "cache-09": 4.0
    }, 
    "21": {
        "cache-07": 3.8137615124922823, 
        "cache-09": 4.822834756489774
    }, 
    "22": {
        "cache-07": 3.8137615124922823, 
        "cache-09": 4.822834756489774
    }, 
    "23": {
        "cache-07": 3.8137615124922823, 
        "cache-09": 4.822834756489774
    }, 
    "24": {
        "cache-07": 3.8137615124922823, 
        "cache-09": 4.822834756489774
    }, 
    "25": {
        "cache-07": 3.8137615124922823, 
        "cache-09": 4.822834756489774
    }, 
    "26": {
        "cache-07": 3.8137615124922823, 
        "cache-09": 4.822834756489774
    }, 
    "27": {
        "cache-07": 3.8137615124922823, 
        "cache-09": 4.822834756489774
    }, 
    "28": {
        "cache-07": 3.8137615124922823, 
        "cache-09": 4.822834756489774
    }, 
    "29": {
        "cache-07": 3.8137615124922823, 
        "cache-09": 4.822834756489774
    }, 
    "30": {
        "cache-07": 3.8137615124922823, 
        "cache-09": 4.822834756489774
    }, 
    "31": {
        "cache-07": 3.653159534709732, 
        "cache-09": 4.926566094673689
    }, 
    "32": {
        "cache-07": 3.653159534709732, 
        "cache-09": 4.926566094673689
    }, 
    "33": {
        "cache-07": 3.653159534709732, 
        "cache-09": 4.926566094673689
    }, 
    "34": {
        "cache-07": 3.653159534709732, 
        "cache-09": 4.926566094673689
    }, 
    "35": {
        "cache-07": 3.653159534709732, 
        "cache-09": 4.926566094673689
    }, 
    "36": {
        "cache-07": 3.653159534709732, 
        "cache-09": 4.926566094673689
    }, 
    "37": {
        "cache-07": 3.653159534709732, 
        "cache-09": 4.926566094673689
    }, 
    "38": {
        "cache-07": 3.653159534709732, 
        "cache-09": 4.926566094673689
    }, 
    "39": {
        "cache-07": 3.653159534709732, 
        "cache-09": 4.926566094673689
    }, 
    "40": {
        "cache-07": 3.653159534709732, 
        "cache-09": 4.926566094673689
    }, 
    "41": {
        "cache-07": 3.583675576049151, 
        "cache-09": 4.802208333047321
    }, 
    "42": {
        "cache-07": 3.583675576049151, 
        "cache-09": 4.802208333047321
    }, 
    "43": {
        "cache-07": 3.583675576049151, 
        "cache-09": 4.802208333047321
    }, 
    "44": {
        "cache-07": 3.583675576049151, 
        "cache-09": 4.802208333047321
    }, 
    "45": {
        "cache-07": 3.583675576049151, 
        "cache-09": 4.802208333047321
    }, 
    "46": {
        "cache-07": 3.583675576049151, 
        "cache-09": 4.802208333047321
    }, 
    "47": {
        "cache-07": 3.583675576049151, 
        "cache-09": 4.802208333047321
    }, 
    "48": {
        "cache-07": 3.583675576049151, 
        "cache-09": 4.802208333047321
    }, 
    "49": {
        "cache-07": 3.583675576049151, 
        "cache-09": 4.802208333047321
    }, 
    "50": {
        "cache-07": 3.583675576049151, 
        "cache-09": 4.802208333047321
    }, 
    "51": {
        "cache-07": 3.563593498065402, 
        "cache-09": 4.831383612697197
    }, 
    "52": {
        "cache-07": 3.563593498065402, 
        "cache-09": 4.831383612697197
    }, 
    "53": {
        "cache-07": 3.563593498065402, 
        "cache-09": 4.831383612697197
    }, 
    "54": {
        "cache-07": 3.563593498065402, 
        "cache-09": 4.831383612697197
    }, 
    "55": {
        "cache-07": 3.563593498065402, 
        "cache-09": 4.831383612697197
    }, 
    "56": {
        "cache-07": 3.563593498065402, 
        "cache-09": 4.831383612697197
    }, 
    "57": {
        "cache-07": 3.563593498065402, 
        "cache-09": 4.831383612697197
    }, 
    "58": {
        "cache-07": 3.563593498065402, 
        "cache-09": 4.831383612697197
    }, 
    "59": {
        "cache-07": 3.563593498065402, 
        "cache-09": 4.831383612697197
    }, 
    "60": {
        "cache-07": 3.563593498065402, 
        "cache-09": 4.831383612697197
    }, 
    "61": {
        "cache-07": 3.7634628870879663, 
        "cache-09": 4.74261940603707
    }, 
    "62": {
        "cache-07": 3.7634628870879663, 
        "cache-09": 4.74261940603707
    }, 
    "63": {
        "cache-07": 3.7634628870879663, 
        "cache-09": 4.74261940603707
    }, 
    "64": {
        "cache-07": 3.7634628870879663, 
        "cache-09": 4.74261940603707
    }, 
    "65": {
        "cache-07": 3.7634628870879663, 
        "cache-09": 4.74261940603707
    }, 
    "66": {
        "cache-07": 3.7634628870879663, 
        "cache-09": 4.74261940603707
    }, 
    "67": {
        "cache-07": 3.7634628870879663, 
        "cache-09": 4.74261940603707
    }, 
    "68": {
        "cache-07": 3.7634628870879663, 
        "cache-09": 4.74261940603707
    }, 
    "69": {
        "cache-07": 3.7634628870879663, 
        "cache-09": 4.74261940603707
    }, 
    "70": {
        "cache-07": 3.7634628870879663, 
        "cache-09": 4.74261940603707
    }, 
    "71": {
        "cache-07": 3.827180587889402, 
        "cache-09": 4.588036622967839
    }, 
    "72": {
        "cache-07": 3.827180587889402, 
        "cache-09": 4.588036622967839
    }, 
    "73": {
        "cache-07": 3.827180587889402, 
        "cache-09": 4.588036622967839
    }, 
    "74": {
        "cache-07": 3.827180587889402, 
        "cache-09": 4.588036622967839
    }, 
    "75": {
        "cache-07": 3.827180587889402, 
        "cache-09": 4.588036622967839
    }, 
    "76": {
        "cache-07": 3.827180587889402, 
        "cache-09": 4.588036622967839
    }, 
    "77": {
        "cache-07": 3.827180587889402, 
        "cache-09": 4.588036622967839
    }, 
    "78": {
        "cache-07": 3.827180587889402, 
        "cache-09": 4.588036622967839
    }, 
    "79": {
        "cache-07": 3.827180587889402, 
        "cache-09": 4.588036622967839
    }, 
    "80": {
        "cache-07": 3.827180587889402, 
        "cache-09": 4.588036622967839
    }, 
    "81": {
        "cache-07": 3.8997115294327047, 
        "cache-09": 4.9506824492233985
    }, 
    "82": {
        "cache-07": 3.8997115294327047, 
        "cache-09": 4.9506824492233985
    }, 
    "83": {
        "cache-07": 3.8997115294327047, 
        "cache-09": 4.9506824492233985
    }, 
    "84": {
        "cache-07": 3.8997115294327047,