{
    "0": {
        "cache-01": 3.75, 
        "cache-02": 4
    }, 
    "1": {
        "cache-01": 3.7321376961479262, 
        "cache-02": 4
    }, 
    "2": {
        "cache-01": 4.113791996164512, 
        "cache-02": 4
    }, 
    "3": {
        "cache-01": 4.556872801108764, 
        "cache-02": 4
    }, 
    "4": {
        "cache-01": 4.7784132035808895, 
        "cache-02": 4
    }, 
    "5": {
        "cache-01": 4.8891834048169525, 
        "cache-02": 4
    }, 
    "6": {
        "cache-01": 4.944568505434983, 
        "cache-02": 4
    }, 
    "7": {
        "cache-01": 4.972261055743999, 
        "cache-02": 4
    }, 
    "8": {
        "cache-01": 4.986107330898507, 
        "cache-02": 4
    }, 
    "9": {
        "cache-01": 4.9930304684757605, 
        "cache-02": 4
    }, 
    "10": {
        "cache-01": 4.996492037264387, 
        "cache-02": 4
    }, 
    "11": {
        "cache-01": 4.9982228216587, 
        "cache-02": 4
    }, 
    "12": {
        "cache-01": 4.999088213855858, 
        "cache-02": 4
    }, 
    "13": {
        "cache-01": 4.999520909954436, 
        "cache-02": 4
    }, 
    "14": {
        "cache-01": 4.999737258003725, 
        "cache-02": 4
    }, 
    "15": {
        "cache-01": 4.999845432028369, 
        "cache-02": 4
    }, 
    "16": {
        "cache-01": 4.999899519040692, 
        "cache-02": 4
    }, 
    "17": {
        "cache-01": 4.999926562546854, 
        "cache-02": 4
    }, 
    "18": {
        "cache-01": 4.999940084299935, 
        "cache-02": 4
    }, 
    "19": {
        "cache-01": 4.999946845176474, 
        "cache-02": 4
    }, 
    "20": {
        "cache-01": 4.999950225614745, 
        "cache-02": 4
    }, 
    "21": {
        "cache-01": 4.999951915833879, 
        "cache-02": 4
    }, 
    "22": {
        "cache-01": 4.999952760943447, 
        "cache-02": 4
    }, 
    "23": {
        "cache-01": 4.999953183498231, 
        "cache-02": 4
    }, 
    "24": {
        "cache-01": 4.999953394775623, 
        "cache-02": 4
    }, 
    "25": {
        "cache-01": 4.999953500414319, 
        "cache-02": 4
    }, 
    "26": {
        "cache-01": 4.9999535532336665, 
        "cache-02": 4
    }, 
    "27": {
        "cache-01": 4.999953579643341, 
        "cache-02": 4
    }, 
    "28": {
        "cache-01": 4.999953592848177, 
        "cache-02": 4
    }, 
    "29": {
        "cache-01": 4.9999535994505955, 
        "cache-02": 4
    }, 
    "30": {
        "cache-01": 4.9999536027518054, 
        "cache-02": 4
    }, 
    "31": {
        "cache-01": 4.99995360440241, 
        "cache-02": 4
    }, 
    "32": {
        "cache-01": 4.999953605227713, 
        "cache-02": 4
    }, 
    "33": {
        "cache-01": 4.999953605640364, 
        "cache-02": 4
    }, 
    "34": {
        "cache-01": 4.99995360584669, 
        "cache-02": 4
    }, 
    "35": {
        "cache-01": 4.999953605949852, 
        "cache-02": 4
    }, 
    "36": {
        "cache-01": 4.999953606001434, 
        "cache-02": 4
    }, 
    "37": {
        "cache-01": 4.9999536060272245, 
        "cache-02": 4
    }, 
    "38": {
        "cache-01": 4.999953606040119, 
        "cache-02": 4
    }, 
    "39": {
        "cache-01": 4.999953606046567, 
        "cache-02": 4
    }, 
    "40": {
        "cache-01": 4.999953606049791, 
        "cache-02": 4
    }, 
    "41": {
        "cache-01": 4.9999536060514025, 
        "cache-02": 4
    }, 
    "42": {
        "cache-01": 4.999953606052209, 
        "cache-02": 4
    }, 
    "43": {
        "cache-01": 4.999953606052612, 
        "cache-02": 4
    }, 
    "44": {
        "cache-01": 4.999953606052813, 
        "cache-02": 4
    }, 
    "45": {
        "cache-01": 4.999953606052914, 
        "cache-02": 4
    }, 
    "46": {
        "cache-01": 4.999953606052964, 
        "cache-02": 4
    }, 
    "47": {
        "cache-01": 4.999953606052989, 
        "cache-02": 4
    }, 
    "48": {
        "cache-01": 4.999953606053001, 
        "cache-02": 4
    }, 
    "49": {
        "cache-01": 4.999953606053008, 
        "cache-02": 4
    }, 
    "50": {
        "cache-01": 4.999953606053012, 
        "cache-02": 4
    }, 
    "51": {
        "cache-01": 4.999953606053014, 
        "cache-02": 4
    }, 
    "52": {
        "cache-01": 4.999953606053014, 
        "cache-02": 4
    }, 
    "53": {
        "cache-01": 4.999953606053014, 
        "cache-02": 4
    }, 
    "54": {
        "cache-01": 4.999953606053014, 
        "cache-02": 4
    }, 
    "55": {
        "cache-01": 4.999953606053014, 
        "cache-02": 4
    }, 
    "56": {
        "cache-01": 4.999953606053014, 
        "cache-02": 4
    }, 
    "57": {
        "cache-01": 4.999953606053014, 
        "cache-02": 4
    }, 
    "58": {
        "cache-01": 4.999953606053014, 
        "cache-02": 4
    }, 
    "59": {
        "cache-01": 4.999953606053014, 
        "cache-02": 4
    }, 
    "60": {
        "cache-01": 4.999953606053014, 
        "cache-02": 4
    }, 
    "61": {
        "cache-01": 4.999953606053014, 
        "cache-02": 4
    }, 
    "62": {
        "cache-01": 4.999953606053014, 
        "cache-02": 4
    }, 
    "63": {
        "cache-01": 4.999953606053014, 
        "cache-02": 4
    }, 
    "64": {
        "cache-01": 4.999953606053014, 
        "cache-02": 4
    }, 
    "65": {
        "cache-01": 4.999953606053014, 
        "cache-02": 4
    }, 
    "66": {
        "cache-01": 4.999953606053014, 
        "cache-02": 4
    }, 
    "67": {
        "cache-01": 4.999953606053014, 
        "cache-02": 4
    }, 
    "68": {
        "cache-01": 4.999953606053014, 
        "cache-02": 4
    }, 
    "69": {
        "cache-01": 4.999953606053014, 
        "cache-02": 4
    }, 
    "70": {
        "cache-01": 4.999953606053014, 
        "cache-02": 4
    }, 
    "71": {
        "cache-01": 4.999953606053014, 
        "cache-02": 4
    }, 
    "72": {
        "cache-01": 4.999953606053014, 
        "cache-02": 4
    }, 
    "73": {
        "cache-01": 4.999953606053014, 
        "cache-02": 4
    }, 
    "74": {
        "cache-01": 4.999953606053014, 
        "cache-02": 4
    }, 
    "75": {
        "cache-01": 4.999953606053014, 
        "cache-02": 4
    }, 
    "76": {
        "cache-01": 4.999953606053014, 
        "cache-02": 4
    }, 
    "77": {
        "cache-01": 4.999953606053014, 
        "cache-02": 4
    }, 
    "78": {
        "cache-01": 4.999953606053014, 
        "cache-02": 4
    }, 
    "79": {
        "cache-01": 4.999953606053014, 
        "cache-02": 4
    }, 
    "80": {
        "cache-01": 4.999953606053014, 
        "cache-02": 4
    }, 
    "81": {
        "cache-01": 4.999953606053014, 
        "cache-02": 4
    }, 
    "82": {
        "cache-01": 4.999953606053014, 
        "cache-02": 4
    }, 
    "83": {
        "cache-01": 4.999953606053014, 
        "cache-02": 4
    }, 
    "84": {
        "cache-01": 4.999953606053014, 
        "cache-02": 4
    }, 
    "85": {
        "cache-01": 4.999953606053014, 
        "cache-02": 4
    }, 
    "86": {
        "cache-01": 4.999953606053014, 
        "cache-02": 4
    }, 
    "87": {
        "cache-01": 4.999953606053014, 
        "cache-02": 4
    }, 
    "88": {
        "cache-01": 4.999953606053014, 
        "cache-02": 4
    }, 
    "89": {
        "cache-01": 4.999953606053014, 
        "cache-02": 4
    }, 
    "90": {
        "cache-01": 4.999953606053014, 
        "cache-02": 4
    }, 
    "91": {
        "cache-01": 4.999953606053014, 
        "cache-02": 4
    }, 
    "92": {
        "cache-01": 4.999953606053014, 
        "cache-02": 4
    }, 
    "93": {
        "cache-01": 4.999953606053014, 
        "cache-02": 4
    }, 
    "94": {
        "cache-01": 4.999953606053014, 
        "cache-02": 4
    }, 
    "95": {
        "cache-01": 4.999953606053014, 
        "cache-02": 4
    }, 
    "96": {
        "cache-01": 4.999953606053014, 
        "cache-02": 4
    }, 
    "97": {
        "cache-01": 4.999953606053014,