{
    "0": {
        "cache-11": 4.908324046979395, 
        "cache-14": 4.0
    }, 
    "1": {
        "cache-11": 4.908324046979395, 
        "cache-14": 4.0
    }, 
    "2": {
        "cache-11": 4.908324046979395, 
        "cache-14": 4.0
    }, 
    "3": {
        "cache-11": 4.908324046979395, 
        "cache-14": 4.0
    }, 
    "4": {
        "cache-11": 4.908324046979395, 
        "cache-14": 4.0
    }, 
    "5": {
        "cache-11": 4.908324046979395, 
        "cache-14": 4.0
    }, 
    "6": {
        "cache-11": 4.908324046979395, 
        "cache-14": 4.0
    }, 
    "7": {
        "cache-11": 4.908324046979395, 
        "cache-14": 4.0
    }, 
    "8": {
        "cache-11": 4.908324046979395, 
        "cache-14": 4.0
    }, 
    "9": {
        "cache-11": 4.908324046979395, 
        "cache-14": 4.0
    }, 
    "10": {
        "cache-11": 4.908324046979395, 
        "cache-14": 4.0
    }, 
    "11": {
        "cache-11": 4.310430729064263, 
        "cache-14": 4.0
    }, 
    "12": {
        "cache-11": 4.310430729064263, 
        "cache-14": 4.0
    }, 
    "13": {
        "cache-11": 4.310430729064263, 
        "cache-14": 4.0
    }, 
    "14": {
        "cache-11": 4.310430729064263, 
        "cache-14": 4.0
    }, 
    "15": {
        "cache-11": 4.310430729064263, 
        "cache-14": 4.0
    }, 
    "16": {
        "cache-11": 4.310430729064263, 
        "cache-14": 4.0
    }, 
    "17": {
        "cache-11": 4.310430729064263, 
        "cache-14": 4.0
    }, 
    "18": {
        "cache-11": 4.310430729064263, 
        "cache-14": 4.0
    }, 
    "19": {
        "cache-11": 4.310430729064263, 
        "cache-14": 4.0
    }, 
    "20": {
        "cache-11": 4.310430729064263, 
        "cache-14": 4.0
    }, 
    "21": {
        "cache-11": 4.627875502884772, 
        "cache-14": 3.990899269058125
    }, 
    "22": {
        "cache-11": 4.627875502884772, 
        "cache-14": 3.990899269058125
    }, 
    "23": {
        "cache-11": 4.627875502884772, 
        "cache-14": 3.990899269058125
    }, 
    "24": {
        "cache-11": 4.627875502884772, 
        "cache-14": 3.990899269058125
    }, 
    "25": {
        "cache-11": 4.627875502884772, 
        "cache-14": 3.990899269058125
    }, 
    "26": {
        "cache-11": 4.627875502884772, 
        "cache-14": 3.990899269058125
    }, 
    "27": {
        "cache-11": 4.627875502884772, 
        "cache-14": 3.990899269058125
    }, 
    "28": {
        "cache-11": 4.627875502884772, 
        "cache-14": 3.990899269058125
    }, 
    "29": {
        "cache-11": 4.627875502884772, 
        "cache-14": 3.990899269058125
    }, 
    "30": {
        "cache-11": 4.627875502884772, 
        "cache-14": 3.990899269058125
    }, 
    "31": {
        "cache-11": 4.774700574858196, 
        "cache-14": 3.913458276082002
    }, 
    "32": {
        "cache-11": 4.774700574858196, 
        "cache-14": 3.913458276082002
    }, 
    "33": {
        "cache-11": 4.774700574858196, 
        "cache-14": 3.913458276082002
    }, 
    "34": {
        "cache-11": 4.774700574858196, 
        "cache-14": 3.913458276082002
    }, 
    "35": {
        "cache-11": 4.774700574858196, 
        "cache-14": 3.913458276082002
    }, 
    "36": {
        "cache-11": 4.774700574858196, 
        "cache-14": 3.913458276082002
    }, 
    "37": {
        "cache-11": 4.774700574858196, 
        "cache-14": 3.913458276082002
    }, 
    "38": {
        "cache-11": 4.774700574858196, 
        "cache-14": 3.913458276082002
    }, 
    "39": {
        "cache-11": 4.774700574858196, 
        "cache-14": 3.913458276082002
    }, 
    "40": {
        "cache-11": 4.774700574858196, 
        "cache-14": 3.913458276082002
    }, 
    "41": {
        "cache-11": 3.873010682542998, 
        "cache-14": 3.8367437134806095
    }, 
    "42": {
        "cache-11": 3.873010682542998, 
        "cache-14": 3.8367437134806095
    }, 
    "43": {
        "cache-11": 3.873010682542998, 
        "cache-14": 3.8367437134806095
    }, 
    "44": {
        "cache-11": 3.873010682542998, 
        "cache-14": 3.8367437134806095
    }, 
    "45": {
        "cache-11": 3.873010682542998, 
        "cache-14": 3.8367437134806095
    }, 
    "46": {
        "cache-11": 3.873010682542998, 
        "cache-14": 3.8367437134806095
    }, 
    "47": {
        "cache-11": 3.873010682542998, 
        "cache-14": 3.8367437134806095
    }, 
    "48": {
        "cache-11": 3.873010682542998, 
        "cache-14": 3.8367437134806095
    }, 
    "49": {
        "cache-11": 3.873010682542998, 
        "cache-14": 3.8367437134806095
    }, 
    "50": {
        "cache-11": 3.873010682542998, 
        "cache-14": 3.8367437134806095
    }, 
    "51": {
        "cache-11": 4.308327248899419, 
        "cache-14": 3.784550132150021
    }, 
    "52": {
        "cache-11": 4.308327248899419, 
        "cache-14": 3.784550132150021
    }, 
    "53": {
        "cache-11": 4.308327248899419, 
        "cache-14": 3.784550132150021
    }, 
    "54": {
        "cache-11": 4.308327248899419, 
        "cache-14": 3.784550132150021
    }, 
    "55": {
        "cache-11": 4.308327248899419, 
        "cache-14": 3.784550132150021
    }, 
    "56": {
        "cache-11": 4.308327248899419, 
        "cache-14": 3.784550132150021
    }, 
    "57": {
        "cache-11": 4.308327248899419, 
        "cache-14": 3.784550132150021
    }, 
    "58": {
        "cache-11": 4.308327248899419, 
        "cache-14": 3.784550132150021
    }, 
    "59": {
        "cache-11": 4.308327248899419, 
        "cache-14": 3.784550132150021
    }, 
    "60": {
        "cache-11": 4.308327248899419, 
        "cache-14": 3.784550132150021
    }, 
    "61": {
        "cache-11": 4.820062476760182, 
        "cache-14": 3.7442956241676564
    }, 
    "62": {
        "cache-11": 4.820062476760182, 
        "cache-14": 3.7442956241676564
    }, 
    "63": {
        "cache-11": 4.820062476760182, 
        "cache-14": 3.7442956241676564
    }, 
    "64": {
        "cache-11": 4.820062476760182, 
        "cache-14": 3.7442956241676564
    }, 
    "65": {
        "cache-11": 4.820062476760182, 
        "cache-14": 3.7442956241676564
    }, 
    "66": {
        "cache-11": 4.820062476760182, 
        "cache-14": 3.7442956241676564
    }, 
    "67": {
        "cache-11": 4.820062476760182, 
        "cache-14": 3.7442956241676564
    }, 
    "68": {
        "cache-11": 4.820062476760182, 
        "cache-14": 3.7442956241676564
    }, 
    "69": {
        "cache-11": 4.820062476760182, 
        "cache-14": 3.7442956241676564
    }, 
    "70": {
        "cache-11": 4.820062476760182, 
        "cache-14": 3.7442956241676564
    }, 
    "71": {
        "cache-11": 4.361008461416843, 
        "cache-14": 3.7250708595200597
    }, 
    "72": {
        "cache-11": 4.361008461416843, 
        "cache-14": 3.7250708595200597
    }, 
    "73": {
        "cache-11": 4.361008461416843, 
        "cache-14": 3.7250708595200597
    }, 
    "74": {
        "cache-11": 4.361008461416843, 
        "cache-14": 3.7250708595200597
    }, 
    "75": {
        "cache-11": 4.361008461416843, 
        "cache-14": 3.7250708595200597
    }, 
    "76": {
        "cache-11": 4.361008461416843, 
        "cache-14": 3.7250708595200597
    }, 
    "77": {
        "cache-11": 4.361008461416843, 
        "cache-14": 3.7250708595200597
    }, 
    "78": {
        "cache-11": 4.361008461416843, 
        "cache-14": 3.7250708595200597
    }, 
    "79": {
        "cache-11": 4.361008461416843, 
        "cache-14": 3.7250708595200597
    }, 
    "80": {
        "cache-11": 4.361008461416843, 
        "cache-14": 3.7250708595200597
    }, 
    "81": {
        "cache-11": 4.793226619636799, 
        "cache-14": 3.7080906473917583
    }, 
    "82": {
        "cache-11": 4.793226619636799, 
        "cache-14": 3.7080906473917583
    }, 
    "83": {
        "cache-11": 4.793226619636799, 
        "cache-14": 3.7080906473917583
    },