{
    "0": {
        "cache-07": 3.75, 
        "cache-08": 4
    }, 
    "1": {
        "cache-07": 4.374976803026508, 
        "cache-08": 4
    }, 
    "2": {
        "cache-07": 4.687465204539761, 
        "cache-08": 4
    }, 
    "3": {
        "cache-07": 4.843709405296387, 
        "cache-08": 4
    }, 
    "4": {
        "cache-07": 4.921831505674701, 
        "cache-08": 4
    }, 
    "5": {
        "cache-07": 4.9608925558638575, 
        "cache-08": 4
    }, 
    "6": {
        "cache-07": 4.980423080958436, 
        "cache-08": 4
    }, 
    "7": {
        "cache-07": 4.990188343505725, 
        "cache-08": 4
    }, 
    "8": {
        "cache-07": 4.99507097477937, 
        "cache-08": 4
    }, 
    "9": {
        "cache-07": 4.997512290416193, 
        "cache-08": 4
    }, 
    "10": {
        "cache-07": 4.643000721348226, 
        "cache-08": 4
    }, 
    "11": {
        "cache-07": 4.351731319435146, 
        "cache-08": 4
    }, 
    "12": {
        "cache-07": 4.423588807808121, 
        "cache-08": 4
    }, 
    "13": {
        "cache-07": 4.459517551994609, 
        "cache-08": 4
    }, 
    "14": {
        "cache-07": 4.729735579023812, 
        "cache-08": 4
    }, 
    "15": {
        "cache-07": 4.509112365652037, 
        "cache-08": 4
    }, 
    "16": {
        "cache-07": 4.398800758966148, 
        "cache-08": 4
    }, 
    "17": {
        "cache-07": 4.4471235275736225, 
        "cache-08": 4
    }, 
    "18": {
        "cache-07": 4.7235385668133185, 
        "cache-08": 4
    }, 
    "19": {
        "cache-07": 4.609492431497207, 
        "cache-08": 4
    }, 
    "20": {
        "cache-07": 4.448990791888734, 
        "cache-08": 4
    }, 
    "21": {
        "cache-07": 4.368739972084498, 
        "cache-08": 4
    }, 
    "22": {
        "cache-07": 4.684346789068757, 
        "cache-08": 4
    }, 
    "23": {
        "cache-07": 4.486417970674509, 
        "cache-08": 4
    }, 
    "24": {
        "cache-07": 4.387453561477384, 
        "cache-08": 4
    }, 
    "25": {
        "cache-07": 4.693703583765199, 
        "cache-08": 4
    }, 
    "26": {
        "cache-07": 4.846828594909107, 
        "cache-08": 4
    }, 
    "27": {
        "cache-07": 4.567658873594684, 
        "cache-08": 4
    }, 
    "28": {
        "cache-07": 4.314060395558375, 
        "cache-08": 4
    }, 
    "29": {
        "cache-07": 4.301274773919317, 
        "cache-08": 4
    }, 
    "30": {
        "cache-07": 4.398360535050207, 
        "cache-08": 4
    }, 
    "31": {
        "cache-07": 4.446903415615652, 
        "cache-08": 4
    }, 
    "32": {
        "cache-07": 4.253682666568858, 
        "cache-08": 4
    }, 
    "33": {
        "cache-07": 4.157072292045461, 
        "cache-08": 4
    }, 
    "34": {
        "cache-07": 4.108767104783762, 
        "cache-08": 4
    }, 
    "35": {
        "cache-07": 4.456879285168102, 
        "cache-08": 4
    }, 
    "36": {
        "cache-07": 4.3726842187241814, 
        "cache-08": 4
    }, 
    "37": {
        "cache-07": 4.330586685502221, 
        "cache-08": 4
    }, 
    "38": {
        "cache-07": 4.567789075527331, 
        "cache-08": 4
    }, 
    "39": {
        "cache-07": 4.7838713407901725, 
        "cache-08": 4
    }, 
    "40": {
        "cache-07": 4.249073366543012, 
        "cache-08": 4
    }, 
    "41": {
        "cache-07": 4.154767642032539, 
        "cache-08": 4
    }, 
    "42": {
        "cache-07": 4.4798795537924905, 
        "cache-08": 4
    }, 
    "43": {
        "cache-07": 4.642435509672467, 
        "cache-08": 4
    }, 
    "44": {
        "cache-07": 4.351448713597266, 
        "cache-08": 4
    }, 
    "45": {
        "cache-07": 4.205955315559665, 
        "cache-08": 4
    }, 
    "46": {
        "cache-07": 4.247222233919963, 
        "cache-08": 4
    }, 
    "47": {
        "cache-07": 4.526106849736203, 
        "cache-08": 4
    }, 
    "48": {
        "cache-07": 4.407298001008232, 
        "cache-08": 4
    }, 
    "49": {
        "cache-07": 4.233879959265148, 
        "cache-08": 4
    }, 
    "50": {
        "cache-07": 4.147170938393606, 
        "cache-08": 4
    }, 
    "51": {
        "cache-07": 4.5735622722233105, 
        "cache-08": 4
    }, 
    "52": {
        "cache-07": 4.7867579391381625, 
        "cache-08": 4
    }, 
    "53": {
        "cache-07": 4.537623545709211, 
        "cache-08": 4
    }, 
    "54": {
        "cache-07": 4.413056348994736, 
        "cache-08": 4
    }, 
    "55": {
        "cache-07": 4.706504977523876, 
        "cache-08": 4
    }, 
    "56": {
        "cache-07": 4.600975636852486, 
        "cache-08": 4
    }, 
    "57": {
        "cache-07": 4.157625514574169, 
        "cache-08": 4
    }, 
    "58": {
        "cache-07": 4.326535905377633, 
        "cache-08": 4
    }, 
    "59": {
        "cache-07": 4.565763685465038, 
        "cache-08": 4
    }, 
    "60": {
        "cache-07": 4.64603622374322, 
        "cache-08": 4
    }, 
    "61": {
        "cache-07": 4.46726268801174, 
        "cache-08": 4
    }, 
    "62": {
        "cache-07": 4.263862302766903, 
        "cache-08": 4
    }, 
    "63": {
        "cache-07": 4.162162110144484, 
        "cache-08": 4
    }, 
    "64": {
        "cache-07": 4.111312013833274, 
        "cache-08": 4
    }, 
    "65": {
        "cache-07": 4.303379155007185, 
        "cache-08": 4
    }, 
    "66": {
        "cache-07": 4.6516663805301, 
        "cache-08": 4
    }, 
    "67": {
        "cache-07": 4.573556338355599, 
        "cache-08": 4
    }, 
    "68": {
        "cache-07": 4.534501317268347, 
        "cache-08": 4
    }, 
    "69": {
        "cache-07": 4.4114952347743035, 
        "cache-08": 4
    }, 
    "70": {
        "cache-07": 4.4534707654777, 
        "cache-08": 4
    }, 
    "71": {
        "cache-07": 4.4744585308293985, 
        "cache-08": 4
    }, 
    "72": {
        "cache-07": 4.737206068441207, 
        "cache-08": 4
    }, 
    "73": {
        "cache-07": 4.512847610360733, 
        "cache-08": 4
    }, 
    "74": {
        "cache-07": 4.4006683813204965, 
        "cache-08": 4
    }, 
    "75": {
        "cache-07": 4.344578766800378, 
        "cache-08": 4
    }, 
    "76": {
        "cache-07": 4.4200125314907375, 
        "cache-08": 4
    }, 
    "77": {
        "cache-07": 4.7099830687718764, 
        "cache-08": 4
    }, 
    "78": {
        "cache-07": 4.854968337412446, 
        "cache-08": 4
    }, 
    "79": {
        "cache-07": 4.571728744846354, 
        "cache-08": 4
    }, 
    "80": {
        "cache-07": 4.688360105199398, 
        "cache-08": 4
    }, 
    "81": {
        "cache-07": 4.844156855626206, 
        "cache-08": 4
    }, 
    "82": {
        "cache-07": 4.566323003953233, 
        "cache-08": 4
    }, 
    "83": {
        "cache-07": 4.530884650067165, 
        "cache-08": 4
    }, 
    "84": {
        "cache-07": 4.409686901173712, 
        "cache-08": 4
    }, 
    "85": {
        "cache-07": 4.607339183363077, 
        "cache-08": 4
    }, 
    "86": {
        "cache-07": 4.4479141678216685, 
        "cache-08": 4
    }, 
    "87": {
        "cache-07": 4.471680232001383, 
        "cache-08": 4
    }, 
    "88": {
        "cache-07": 4.735816919027199, 
        "cache-08": 4
    }, 
    "89": {
        "cache-07": 4.867885262540106, 
        "cache-08": 4
    }, 
    "90": {
        "cache-07": 4.836438364046274, 
        "cache-08": 4
    }, 
    "91": {
        "cache-07": 4.665942330113685, 
        "cache-08": 4
    }, 
    "92": {
        "cache-07": 4.477215741196973, 
        "cache-08": 4
    }, 
    "93": {
        "cache-07": 4.382852446738617, 
        "cache-08": 4
    }, 
    "94": {
        "cache-07": 4.335670799509439, 
        "cache-08": 4
    }, 
    "95": {
        "cache-07": 4.198066358515751, 
        "cache-08": 4
    }, 
    "96": {
        "cache-07": 4.1292641380189075, 
        "cache-08": 4
    }, 
    "97": {
        "cache-07": 4.208876645149584,