{
    "0": {
        "cache-14": 4, 
        "cache-16": 3.75
    }, 
    "1": {
        "cache-14": 4, 
        "cache-16": 4.01924457614013
    }, 
    "2": {
        "cache-14": 4, 
        "cache-16": 4.509599091096572
    }, 
    "3": {
        "cache-14": 4, 
        "cache-16": 4.754776348574794
    }, 
    "4": {
        "cache-14": 4, 
        "cache-16": 4.625111322377945
    }, 
    "5": {
        "cache-14": 4, 
        "cache-16": 4.812532464215479
    }, 
    "6": {
        "cache-14": 4, 
        "cache-16": 4.906243035134247
    }, 
    "7": {
        "cache-14": 4, 
        "cache-16": 4.9530983205936305
    }, 
    "8": {
        "cache-14": 4, 
        "cache-16": 4.976525963323322
    }, 
    "9": {
        "cache-14": 4, 
        "cache-16": 4.988239784688169
    }, 
    "10": {
        "cache-14": 4, 
        "cache-16": 4.994096695370592
    }, 
    "11": {
        "cache-14": 4, 
        "cache-16": 4.997025150711803
    }, 
    "12": {
        "cache-14": 4, 
        "cache-16": 4.998489378382409
    }, 
    "13": {
        "cache-14": 4, 
        "cache-16": 4.999221492217712
    }, 
    "14": {
        "cache-14": 4, 
        "cache-16": 4.999587549135363
    }, 
    "15": {
        "cache-14": 4, 
        "cache-16": 4.999770577594189
    }, 
    "16": {
        "cache-14": 4, 
        "cache-16": 4.999862091823601
    }, 
    "17": {
        "cache-14": 4, 
        "cache-16": 4.999907848938308
    }, 
    "18": {
        "cache-14": 4, 
        "cache-16": 4.747677072559703
    }, 
    "19": {
        "cache-14": 4, 
        "cache-16": 4.518083112419982
    }, 
    "20": {
        "cache-14": 4, 
        "cache-16": 4.403286132350122
    }, 
    "21": {
        "cache-14": 4, 
        "cache-16": 4.604138798951282
    }, 
    "22": {
        "cache-14": 4, 
        "cache-16": 4.704565132251862
    }, 
    "23": {
        "cache-14": 4, 
        "cache-16": 4.496527142266061
    }, 
    "24": {
        "cache-14": 4, 
        "cache-16": 4.495986719223579
    }, 
    "25": {
        "cache-14": 4, 
        "cache-16": 4.747970162638296
    }, 
    "26": {
        "cache-14": 4, 
        "cache-16": 4.776480814095369
    }, 
    "27": {
        "cache-14": 4, 
        "cache-16": 4.532484983187815
    }, 
    "28": {
        "cache-14": 4, 
        "cache-16": 4.29647345035494
    }, 
    "29": {
        "cache-14": 4, 
        "cache-16": 4.178467683938502
    }, 
    "30": {
        "cache-14": 4, 
        "cache-16": 4.491729574745472
    }, 
    "31": {
        "cache-14": 4, 
        "cache-16": 4.745841590399243
    }, 
    "32": {
        "cache-14": 4, 
        "cache-16": 4.517165371339752
    }, 
    "33": {
        "cache-14": 4, 
        "cache-16": 4.661078418446097
    }, 
    "34": {
        "cache-14": 4, 
        "cache-16": 4.830516012249555
    }, 
    "35": {
        "cache-14": 4, 
        "cache-16": 4.5595025822649085
    }, 
    "36": {
        "cache-14": 4, 
        "cache-16": 4.423995867272584
    }, 
    "37": {
        "cache-14": 4, 
        "cache-16": 4.4597210817268405
    }, 
    "38": {
        "cache-14": 4, 
        "cache-16": 4.729837343889928
    }, 
    "39": {
        "cache-14": 4, 
        "cache-16": 4.767414404721185
    }, 
    "40": {
        "cache-14": 4, 
        "cache-16": 4.631430350451141
    }, 
    "41": {
        "cache-14": 4, 
        "cache-16": 4.459959751365701
    }, 
    "42": {
        "cache-14": 4, 
        "cache-16": 4.729956678709358
    }, 
    "43": {
        "cache-14": 4, 
        "cache-16": 4.7674740721309
    }, 
    "44": {
        "cache-14": 4, 
        "cache-16": 4.631460184155999
    }, 
    "45": {
        "cache-14": 4, 
        "cache-16": 4.45997466821813
    }, 
    "46": {
        "cache-14": 4, 
        "cache-16": 4.477710482199614
    }, 
    "47": {
        "cache-14": 4, 
        "cache-16": 4.641350973876028
    }, 
    "48": {
        "cache-14": 4, 
        "cache-16": 4.464920063078145
    }, 
    "49": {
        "cache-14": 4, 
        "cache-16": 4.480183179629621
    }, 
    "50": {
        "cache-14": 4, 
        "cache-16": 4.487814737905358
    }, 
    "51": {
        "cache-14": 4, 
        "cache-16": 4.38815194509281
    }, 
    "52": {
        "cache-14": 4, 
        "cache-16": 4.338320548686536
    }, 
    "53": {
        "cache-14": 4, 
        "cache-16": 4.199391233104301
    }, 
    "54": {
        "cache-14": 4, 
        "cache-16": 4.129926575313183
    }, 
    "55": {
        "cache-14": 4, 
        "cache-16": 4.31268643574714
    }, 
    "56": {
        "cache-14": 4, 
        "cache-16": 4.3005877940137
    }, 
    "57": {
        "cache-14": 4, 
        "cache-16": 4.1805248557678825
    }, 
    "58": {
        "cache-14": 4, 
        "cache-16": 4.1204933866449736
    }, 
    "59": {
        "cache-14": 4, 
        "cache-16": 4.307969841413035
    }, 
    "60": {
        "cache-14": 4, 
        "cache-16": 4.298229496846648
    }, 
    "61": {
        "cache-14": 4, 
        "cache-16": 4.396837896513873
    }, 
    "62": {
        "cache-14": 4, 
        "cache-16": 4.342663524397066
    }, 
    "63": {
        "cache-14": 4, 
        "cache-16": 4.315576338338664
    }, 
    "64": {
        "cache-14": 4, 
        "cache-16": 4.302032745309463
    }, 
    "65": {
        "cache-14": 4, 
        "cache-16": 4.181247331415763
    }, 
    "66": {
        "cache-14": 4, 
        "cache-16": 4.1208546244689135
    }, 
    "67": {
        "cache-14": 4, 
        "cache-16": 4.462923045010678
    }, 
    "68": {
        "cache-14": 4, 
        "cache-16": 4.63395725528156
    }, 
    "69": {
        "cache-14": 4, 
        "cache-16": 4.564701775731328
    }, 
    "70": {
        "cache-14": 4, 
        "cache-16": 4.530074035956213
    }, 
    "71": {
        "cache-14": 4, 
        "cache-16": 4.765013821004613
    }, 
    "72": {
        "cache-14": 4, 
        "cache-16": 4.8824837135288135
    }, 
    "73": {
        "cache-14": 4, 
        "cache-16": 4.688965004854955
    }, 
    "74": {
        "cache-14": 4, 
        "cache-16": 4.592205650518026
    }, 
    "75": {
        "cache-14": 4, 
        "cache-16": 4.440347401399143
    }, 
    "76": {
        "cache-14": 4, 
        "cache-16": 4.720150503726079
    }, 
    "77": {
        "cache-14": 4, 
        "cache-16": 4.50431982800317
    }, 
    "78": {
        "cache-14": 4, 
        "cache-16": 4.282390872762617
    }, 
    "79": {
        "cache-14": 4, 
        "cache-16": 4.1714263951423405
    }, 
    "80": {
        "cache-14": 4, 
        "cache-16": 4.2299577737113
    }, 
    "81": {
        "cache-14": 4, 
        "cache-16": 4.517474619631871
    }, 
    "82": {
        "cache-14": 4, 
        "cache-16": 4.506460457906484
    }, 
    "83": {
        "cache-14": 4, 
        "cache-16": 4.397474805093372
    }, 
    "84": {
        "cache-14": 4, 
        "cache-16": 4.4464605506372346
    }, 
    "85": {
        "cache-14": 4, 
        "cache-16": 4.625726008094839
    }, 
    "86": {
        "cache-14": 4, 
        "cache-16": 4.560586152137968
    }, 
    "87": {
        "cache-14": 4, 
        "cache-16": 4.6827888088452045
    }, 
    "88": {
        "cache-14": 4, 
        "cache-16": 4.589117552513151
    }, 
    "89": {
        "cache-14": 4, 
        "cache-16": 4.542281924347124
    }, 
    "90": {
        "cache-14": 4, 
        "cache-16": 4.301371920934594
    }, 
    "91": {
        "cache-14": 4, 
        "cache-16": 4.294930536607428
    }, 
    "92": {
        "cache-14": 4, 
        "cache-16": 4.177696227064747
    }, 
    "93": {
        "cache-14": 4, 
        "cache-16": 4.588824916558881
    }, 
    "94": {
        "cache-14": 4, 
        "cache-16": 4.696908191055662
    }, 
    "95": {
        "cache-14": 4, 
        "cache-16": 4.492698671667961
    }, 
    "96": {
        "cache-14": 4, 
        "cache-16": 4.390593911974111
    }, 
    "97": {
        "cache-14": 4,