{
    "0": {
        "cache-14": 4.0, 
        "cache-16": 4.996813049541727
    }, 
    "1": {
        "cache-14": 4.0, 
        "cache-16": 4.996813049541727
    }, 
    "2": {
        "cache-14": 4.0, 
        "cache-16": 4.996813049541727
    }, 
    "3": {
        "cache-14": 4.0, 
        "cache-16": 4.996813049541727
    }, 
    "4": {
        "cache-14": 4.0, 
        "cache-16": 4.996813049541727
    }, 
    "5": {
        "cache-14": 4.0, 
        "cache-16": 4.996813049541727
    }, 
    "6": {
        "cache-14": 4.0, 
        "cache-16": 4.996813049541727
    }, 
    "7": {
        "cache-14": 4.0, 
        "cache-16": 4.996813049541727
    }, 
    "8": {
        "cache-14": 4.0, 
        "cache-16": 4.996813049541727
    }, 
    "9": {
        "cache-14": 4.0, 
        "cache-16": 4.996813049541727
    }, 
    "10": {
        "cache-14": 4.0, 
        "cache-16": 4.996813049541727
    }, 
    "11": {
        "cache-14": 3.96870524779875, 
        "cache-16": 4.655843472139498
    }, 
    "12": {
        "cache-14": 3.96870524779875, 
        "cache-16": 4.655843472139498
    }, 
    "13": {
        "cache-14": 3.96870524779875, 
        "cache-16": 4.655843472139498
    }, 
    "14": {
        "cache-14": 3.96870524779875, 
        "cache-16": 4.655843472139498
    }, 
    "15": {
        "cache-14": 3.96870524779875, 
        "cache-16": 4.655843472139498
    }, 
    "16": {
        "cache-14": 3.96870524779875, 
        "cache-16": 4.655843472139498
    }, 
    "17": {
        "cache-14": 3.96870524779875, 
        "cache-16": 4.655843472139498
    }, 
    "18": {
        "cache-14": 3.96870524779875, 
        "cache-16": 4.655843472139498
    }, 
    "19": {
        "cache-14": 3.96870524779875, 
        "cache-16": 4.655843472139498
    }, 
    "20": {
        "cache-14": 3.96870524779875, 
        "cache-16": 4.655843472139498
    }, 
    "21": {
        "cache-14": 3.9113964603898435, 
        "cache-16": 4.456817128710544
    }, 
    "22": {
        "cache-14": 3.9113964603898435, 
        "cache-16": 4.456817128710544
    }, 
    "23": {
        "cache-14": 3.9113964603898435, 
        "cache-16": 4.456817128710544
    }, 
    "24": {
        "cache-14": 3.9113964603898435, 
        "cache-16": 4.456817128710544
    }, 
    "25": {
        "cache-14": 3.9113964603898435, 
        "cache-16": 4.456817128710544
    }, 
    "26": {
        "cache-14": 3.9113964603898435, 
        "cache-16": 4.456817128710544
    }, 
    "27": {
        "cache-14": 3.9113964603898435, 
        "cache-16": 4.456817128710544
    }, 
    "28": {
        "cache-14": 3.9113964603898435, 
        "cache-16": 4.456817128710544
    }, 
    "29": {
        "cache-14": 3.9113964603898435, 
        "cache-16": 4.456817128710544
    }, 
    "30": {
        "cache-14": 3.9113964603898435, 
        "cache-16": 4.456817128710544
    }, 
    "31": {
        "cache-14": 3.7712820903249806, 
        "cache-16": 4.545573573257898
    }, 
    "32": {
        "cache-14": 3.7712820903249806, 
        "cache-16": 4.545573573257898
    }, 
    "33": {
        "cache-14": 3.7712820903249806, 
        "cache-16": 4.545573573257898
    }, 
    "34": {
        "cache-14": 3.7712820903249806, 
        "cache-16": 4.545573573257898
    }, 
    "35": {
        "cache-14": 3.7712820903249806, 
        "cache-16": 4.545573573257898
    }, 
    "36": {
        "cache-14": 3.7712820903249806, 
        "cache-16": 4.545573573257898
    }, 
    "37": {
        "cache-14": 3.7712820903249806, 
        "cache-16": 4.545573573257898
    }, 
    "38": {
        "cache-14": 3.7712820903249806, 
        "cache-16": 4.545573573257898
    }, 
    "39": {
        "cache-14": 3.7712820903249806, 
        "cache-16": 4.545573573257898
    }, 
    "40": {
        "cache-14": 3.7712820903249806, 
        "cache-16": 4.545573573257898
    }, 
    "41": {
        "cache-14": 3.7120131370218727, 
        "cache-16": 4.594775519582699
    }, 
    "42": {
        "cache-14": 3.7120131370218727, 
        "cache-16": 4.594775519582699
    }, 
    "43": {
        "cache-14": 3.7120131370218727, 
        "cache-16": 4.594775519582699
    }, 
    "44": {
        "cache-14": 3.7120131370218727, 
        "cache-16": 4.594775519582699
    }, 
    "45": {
        "cache-14": 3.7120131370218727, 
        "cache-16": 4.594775519582699
    }, 
    "46": {
        "cache-14": 3.7120131370218727, 
        "cache-16": 4.594775519582699
    }, 
    "47": {
        "cache-14": 3.7120131370218727, 
        "cache-16": 4.594775519582699
    }, 
    "48": {
        "cache-14": 3.7120131370218727, 
        "cache-16": 4.594775519582699
    }, 
    "49": {
        "cache-14": 3.7120131370218727, 
        "cache-16": 4.594775519582699
    }, 
    "50": {
        "cache-14": 3.7120131370218727, 
        "cache-16": 4.594775519582699
    }, 
    "51": {
        "cache-14": 3.666194765938984, 
        "cache-16": 4.545023251534051
    }, 
    "52": {
        "cache-14": 3.666194765938984, 
        "cache-16": 4.545023251534051
    }, 
    "53": {
        "cache-14": 3.666194765938984, 
        "cache-16": 4.545023251534051
    }, 
    "54": {
        "cache-14": 3.666194765938984, 
        "cache-16": 4.545023251534051
    }, 
    "55": {
        "cache-14": 3.666194765938984, 
        "cache-16": 4.545023251534051
    }, 
    "56": {
        "cache-14": 3.666194765938984, 
        "cache-16": 4.545023251534051
    }, 
    "57": {
        "cache-14": 3.666194765938984, 
        "cache-16": 4.545023251534051
    }, 
    "58": {
        "cache-14": 3.666194765938984, 
        "cache-16": 4.545023251534051
    }, 
    "59": {
        "cache-14": 3.666194765938984, 
        "cache-16": 4.545023251534051
    }, 
    "60": {
        "cache-14": 3.666194765938984, 
        "cache-16": 4.545023251534051
    }, 
    "61": {
        "cache-14": 3.645896846814873, 
        "cache-16": 4.7227053855842005
    }, 
    "62": {
        "cache-14": 3.645896846814873, 
        "cache-16": 4.7227053855842005
    }, 
    "63": {
        "cache-14": 3.645896846814873, 
        "cache-16": 4.7227053855842005
    }, 
    "64": {
        "cache-14": 3.645896846814873, 
        "cache-16": 4.7227053855842005
    }, 
    "65": {
        "cache-14": 3.645896846814873, 
        "cache-16": 4.7227053855842005
    }, 
    "66": {
        "cache-14": 3.645896846814873, 
        "cache-16": 4.7227053855842005
    }, 
    "67": {
        "cache-14": 3.645896846814873, 
        "cache-16": 4.7227053855842005
    }, 
    "68": {
        "cache-14": 3.645896846814873, 
        "cache-16": 4.7227053855842005
    }, 
    "69": {
        "cache-14": 3.645896846814873, 
        "cache-16": 4.7227053855842005
    }, 
    "70": {
        "cache-14": 3.645896846814873, 
        "cache-16": 4.7227053855842005
    }, 
    "71": {
        "cache-14": 3.572477813189359, 
        "cache-16": 4.45365273851229
    }, 
    "72": {
        "cache-14": 3.572477813189359, 
        "cache-16": 4.45365273851229
    }, 
    "73": {
        "cache-14": 3.572477813189359, 
        "cache-16": 4.45365273851229
    }, 
    "74": {
        "cache-14": 3.572477813189359, 
        "cache-16": 4.45365273851229
    }, 
    "75": {
        "cache-14": 3.572477813189359, 
        "cache-16": 4.45365273851229
    }, 
    "76": {
        "cache-14": 3.572477813189359, 
        "cache-16": 4.45365273851229
    }, 
    "77": {
        "cache-14": 3.572477813189359, 
        "cache-16": 4.45365273851229
    }, 
    "78": {
        "cache-14": 3.572477813189359, 
        "cache-16": 4.45365273851229
    }, 
    "79": {
        "cache-14": 3.572477813189359, 
        "cache-16": 4.45365273851229
    }, 
    "80": {
        "cache-14": 3.572477813189359, 
        "cache-16": 4.45365273851229
    }, 
    "81": {
        "cache-14": 3.53331397313492, 
        "cache-16": 4.524870031527208
    }, 
    "82": {
        "cache-14": 3.53331397313492, 
        "cache-16": 4.524870031527208
    },