{
    "0": {
        "cache-02": 4, 
        "cache-05": 3.75
    }, 
    "1": {
        "cache-02": 4, 
        "cache-05": 3.3598729221327375
    }, 
    "2": {
        "cache-02": 4, 
        "cache-05": 3.164809383199106
    }, 
    "3": {
        "cache-02": 4, 
        "cache-05": 3.302150535865028
    }, 
    "4": {
        "cache-02": 4, 
        "cache-05": 3.370821112197989
    }, 
    "5": {
        "cache-02": 4, 
        "cache-05": 3.715641514860027
    }, 
    "6": {
        "cache-02": 4.247723148090548, 
        "cache-05": 3.715641514860027
    }, 
    "7": {
        "cache-02": 4.526357306821495, 
        "cache-05": 3.715641514860027
    }, 
    "8": {
        "cache-02": 4.4074232295508775, 
        "cache-05": 3.715641514860027
    }, 
    "9": {
        "cache-02": 4.233942573536471, 
        "cache-05": 3.715641514860027
    }, 
    "10": {
        "cache-02": 4.261215862908365, 
        "cache-05": 3.715641514860027
    }, 
    "11": {
        "cache-02": 4.2748525075943125, 
        "cache-05": 3.715641514860027
    }, 
    "12": {
        "cache-02": 4.167657212558188, 
        "cache-05": 3.715641514860027
    }, 
    "13": {
        "cache-02": 4.114059565040126, 
        "cache-05": 3.715641514860027
    }, 
    "14": {
        "cache-02": 4.201274358660193, 
        "cache-05": 3.715641514860027
    }, 
    "15": {
        "cache-02": 4.244881755470226, 
        "cache-05": 3.715641514860027
    }, 
    "16": {
        "cache-02": 4.266685453875244, 
        "cache-05": 3.715641514860027
    }, 
    "17": {
        "cache-02": 4.163573685698655, 
        "cache-05": 3.715641514860027
    }, 
    "18": {
        "cache-02": 3.9389245389972536, 
        "cache-05": 3.715641514860027
    }, 
    "19": {
        "cache-02": 3.826599965646553, 
        "cache-05": 3.715641514860027
    }, 
    "20": {
        "cache-02": 3.7704376789712026, 
        "cache-05": 3.715641514860027
    }, 
    "21": {
        "cache-02": 3.915449798246634, 
        "cache-05": 3.715641514860027
    }, 
    "22": {
        "cache-02": 3.9879558578843493, 
        "cache-05": 3.715641514860027
    }, 
    "23": {
        "cache-02": 4.138222505082305, 
        "cache-05": 3.715641514860027
    }, 
    "24": {
        "cache-02": 4.213355828681283, 
        "cache-05": 3.715641514860027
    }, 
    "25": {
        "cache-02": 4.250922490480772, 
        "cache-05": 3.715641514860027
    }, 
    "26": {
        "cache-02": 4.155692204001419, 
        "cache-05": 3.715641514860027
    }, 
    "27": {
        "cache-02": 4.108077060761742, 
        "cache-05": 3.715641514860027
    }, 
    "28": {
        "cache-02": 4.084269489141903, 
        "cache-05": 3.715641514860027
    }, 
    "29": {
        "cache-02": 4.072365703331984, 
        "cache-05": 3.715641514860027
    }, 
    "30": {
        "cache-02": 4.066413810427024, 
        "cache-05": 3.715641514860027
    }, 
    "31": {
        "cache-02": 4.177451481353643, 
        "cache-05": 3.715641514860027
    }, 
    "32": {
        "cache-02": 4.118956699437854, 
        "cache-05": 3.715641514860027
    }, 
    "33": {
        "cache-02": 4.089709308479959, 
        "cache-05": 3.715641514860027
    }, 
    "34": {
        "cache-02": 4.18909923038011, 
        "cache-05": 3.715641514860027
    }, 
    "35": {
        "cache-02": 4.124780573951087, 
        "cache-05": 3.715641514860027
    }, 
    "36": {
        "cache-02": 4.206634863115674, 
        "cache-05": 3.715641514860027
    }, 
    "37": {
        "cache-02": 4.247562007697967, 
        "cache-05": 3.715641514860027
    }, 
    "38": {
        "cache-02": 4.371504151939532, 
        "cache-05": 3.715641514860027
    }, 
    "39": {
        "cache-02": 4.329996652109896, 
        "cache-05": 3.715641514860027
    }, 
    "40": {
        "cache-02": 4.309242902195079, 
        "cache-05": 3.715641514860027
    }, 
    "41": {
        "cache-02": 4.184852409858571, 
        "cache-05": 3.715641514860027
    }, 
    "42": {
        "cache-02": 4.122657163690318, 
        "cache-05": 3.715641514860027
    }, 
    "43": {
        "cache-02": 4.20557315798529, 
        "cache-05": 3.715641514860027
    }, 
    "44": {
        "cache-02": 4.133017537753677, 
        "cache-05": 3.715641514860027
    }, 
    "45": {
        "cache-02": 4.096739727637871, 
        "cache-05": 3.715641514860027
    }, 
    "46": {
        "cache-02": 4.078600822579968, 
        "cache-05": 3.715641514860027
    }, 
    "47": {
        "cache-02": 4.069531370051017, 
        "cache-05": 3.715641514860027
    }, 
    "48": {
        "cache-02": 4.064996643786541, 
        "cache-05": 3.715641514860027
    }, 
    "49": {
        "cache-02": 4.176742898033401, 
        "cache-05": 3.715641514860027
    }, 
    "50": {
        "cache-02": 4.232616025156831, 
        "cache-05": 3.715641514860027
    }, 
    "51": {
        "cache-02": 4.2605525887185465, 
        "cache-05": 3.715641514860027
    }, 
    "52": {
        "cache-02": 4.274520870499403, 
        "cache-05": 3.715641514860027
    }, 
    "53": {
        "cache-02": 4.167491394010733, 
        "cache-05": 3.715641514860027
    }, 
    "54": {
        "cache-02": 4.113976655766399, 
        "cache-05": 3.715641514860027
    }, 
    "55": {
        "cache-02": 4.20123290402333, 
        "cache-05": 3.715641514860027
    }, 
    "56": {
        "cache-02": 4.244861028151796, 
        "cache-05": 3.715641514860027
    }, 
    "57": {
        "cache-02": 4.266675090216028, 
        "cache-05": 3.715641514860027
    }, 
    "58": {
        "cache-02": 4.163568503869046, 
        "cache-05": 3.715641514860027
    }, 
    "59": {
        "cache-02": 4.112015210695555, 
        "cache-05": 3.715641514860027
    }, 
    "60": {
        "cache-02": 4.086238564108809, 
        "cache-05": 3.715641514860027
    }, 
    "61": {
        "cache-02": 4.187363858194535, 
        "cache-05": 3.715641514860027
    }, 
    "62": {
        "cache-02": 4.1239128878583, 
        "cache-05": 3.715641514860027
    }, 
    "63": {
        "cache-02": 4.0921874026901826, 
        "cache-05": 3.715641514860027
    }, 
    "64": {
        "cache-02": 4.076324660106124, 
        "cache-05": 3.715641514860027
    }, 
    "65": {
        "cache-02": 4.068393288814095, 
        "cache-05": 3.715641514860027
    }, 
    "66": {
        "cache-02": 4.064427603168079, 
        "cache-05": 3.715641514860027
    }, 
    "67": {
        "cache-02": 4.0624447603450715, 
        "cache-05": 3.715641514860027
    }, 
    "68": {
        "cache-02": 3.888360076320462, 
        "cache-05": 3.715641514860027
    }, 
    "69": {
        "cache-02": 3.9744109969212635, 
        "cache-05": 3.715641514860027
    }, 
    "70": {
        "cache-02": 4.017436457221664, 
        "cache-05": 3.715641514860027
    }, 
    "71": {
        "cache-02": 4.038949187371864, 
        "cache-05": 3.715641514860027
    }, 
    "72": {
        "cache-02": 4.049705552446964, 
        "cache-05": 3.715641514860027
    }, 
    "73": {
        "cache-02": 4.055083734984514, 
        "cache-05": 3.715641514860027
    }, 
    "74": {
        "cache-02": 4.05777282625329, 
        "cache-05": 3.715641514860027
    }, 
    "75": {
        "cache-02": 4.059117371887677, 
        "cache-05": 3.715641514860027
    }, 
    "76": {
        "cache-02": 4.059789644704871, 
        "cache-05": 3.715641514860027
    }, 
    "77": {
        "cache-02": 3.887032518500362, 
        "cache-05": 3.715641514860027
    }, 
    "78": {
        "cache-02": 3.663262103515656, 
        "cache-05": 3.715641514860027
    }, 
    "79": {
        "cache-02": 3.663262103515656, 
        "cache-05": 4.002065333570144
    }, 
    "80": {
        "cache-02": 3.663262103515656, 
        "cache-05": 4.145277242925202
    }, 
    "81": {
        "cache-02": 3.663262103515656, 
        "cache-05": 4.216883197602732
    }, 
    "82": {
        "cache-02": 3.663262103515656,