{
    "0": {
        "cache-07": 3.5573479410068503, 
        "cache-10": 4.254393305613998
    }, 
    "1": {
        "cache-07": 3.5573479410068503, 
        "cache-10": 4.254393305613998
    }, 
    "2": {
        "cache-07": 3.5573479410068503, 
        "cache-10": 4.254393305613998
    }, 
    "3": {
        "cache-07": 3.5573479410068503, 
        "cache-10": 4.254393305613998
    }, 
    "4": {
        "cache-07": 3.5573479410068503, 
        "cache-10": 4.254393305613998
    }, 
    "5": {
        "cache-07": 3.5573479410068503, 
        "cache-10": 4.254393305613998
    }, 
    "6": {
        "cache-07": 3.5573479410068503, 
        "cache-10": 4.254393305613998
    }, 
    "7": {
        "cache-07": 3.5573479410068503, 
        "cache-10": 4.254393305613998
    }, 
    "8": {
        "cache-07": 3.5573479410068503, 
        "cache-10": 4.254393305613998
    }, 
    "9": {
        "cache-07": 3.5573479410068503, 
        "cache-10": 4.254393305613998
    }, 
    "10": {
        "cache-07": 3.5573479410068503, 
        "cache-10": 4.254393305613998
    }, 
    "11": {
        "cache-07": 4.150915517551649, 
        "cache-10": 3.8842737056621437
    }, 
    "12": {
        "cache-07": 4.150915517551649, 
        "cache-10": 3.8842737056621437
    }, 
    "13": {
        "cache-07": 4.150915517551649, 
        "cache-10": 3.8842737056621437
    }, 
    "14": {
        "cache-07": 4.150915517551649, 
        "cache-10": 3.8842737056621437
    }, 
    "15": {
        "cache-07": 4.150915517551649, 
        "cache-10": 3.8842737056621437
    }, 
    "16": {
        "cache-07": 4.150915517551649, 
        "cache-10": 3.8842737056621437
    }, 
    "17": {
        "cache-07": 4.150915517551649, 
        "cache-10": 3.8842737056621437
    }, 
    "18": {
        "cache-07": 4.150915517551649, 
        "cache-10": 3.8842737056621437
    }, 
    "19": {
        "cache-07": 4.150915517551649, 
        "cache-10": 3.8842737056621437
    }, 
    "20": {
        "cache-07": 4.150915517551649, 
        "cache-10": 3.8842737056621437
    }, 
    "21": {
        "cache-07": 4.285724218381544, 
        "cache-10": 3.894441220412633
    }, 
    "22": {
        "cache-07": 4.285724218381544, 
        "cache-10": 3.894441220412633
    }, 
    "23": {
        "cache-07": 4.285724218381544, 
        "cache-10": 3.894441220412633
    }, 
    "24": {
        "cache-07": 4.285724218381544, 
        "cache-10": 3.894441220412633
    }, 
    "25": {
        "cache-07": 4.285724218381544, 
        "cache-10": 3.894441220412633
    }, 
    "26": {
        "cache-07": 4.285724218381544, 
        "cache-10": 3.894441220412633
    }, 
    "27": {
        "cache-07": 4.285724218381544, 
        "cache-10": 3.894441220412633
    }, 
    "28": {
        "cache-07": 4.285724218381544, 
        "cache-10": 3.894441220412633
    }, 
    "29": {
        "cache-07": 4.285724218381544, 
        "cache-10": 3.894441220412633
    }, 
    "30": {
        "cache-07": 4.285724218381544, 
        "cache-10": 3.894441220412633
    }, 
    "31": {
        "cache-07": 4.4891047997492874, 
        "cache-10": 3.6579220789240434
    }, 
    "32": {
        "cache-07": 4.4891047997492874, 
        "cache-10": 3.6579220789240434
    }, 
    "33": {
        "cache-07": 4.4891047997492874, 
        "cache-10": 3.6579220789240434
    }, 
    "34": {
        "cache-07": 4.4891047997492874, 
        "cache-10": 3.6579220789240434
    }, 
    "35": {
        "cache-07": 4.4891047997492874, 
        "cache-10": 3.6579220789240434
    }, 
    "36": {
        "cache-07": 4.4891047997492874, 
        "cache-10": 3.6579220789240434
    }, 
    "37": {
        "cache-07": 4.4891047997492874, 
        "cache-10": 3.6579220789240434
    }, 
    "38": {
        "cache-07": 4.4891047997492874, 
        "cache-10": 3.6579220789240434
    }, 
    "39": {
        "cache-07": 4.4891047997492874, 
        "cache-10": 3.6579220789240434
    }, 
    "40": {
        "cache-07": 4.4891047997492874, 
        "cache-10": 3.6579220789240434
    }, 
    "41": {
        "cache-07": 4.326391343717542, 
        "cache-10": 3.671254976774012
    }, 
    "42": {
        "cache-07": 4.326391343717542, 
        "cache-10": 3.671254976774012
    }, 
    "43": {
        "cache-07": 4.326391343717542, 
        "cache-10": 3.671254976774012
    }, 
    "44": {
        "cache-07": 4.326391343717542, 
        "cache-10": 3.671254976774012
    }, 
    "45": {
        "cache-07": 4.326391343717542, 
        "cache-10": 3.671254976774012
    }, 
    "46": {
        "cache-07": 4.326391343717542, 
        "cache-10": 3.671254976774012
    }, 
    "47": {
        "cache-07": 4.326391343717542, 
        "cache-10": 3.671254976774012
    }, 
    "48": {
        "cache-07": 4.326391343717542, 
        "cache-10": 3.671254976774012
    }, 
    "49": {
        "cache-07": 4.326391343717542, 
        "cache-10": 3.671254976774012
    }, 
    "50": {
        "cache-07": 4.326391343717542, 
        "cache-10": 3.671254976774012
    }, 
    "51": {
        "cache-07": 3.849484266111425, 
        "cache-10": 3.7630729835575645
    }, 
    "52": {
        "cache-07": 3.849484266111425, 
        "cache-10": 3.7630729835575645
    }, 
    "53": {
        "cache-07": 3.849484266111425, 
        "cache-10": 3.7630729835575645
    }, 
    "54": {
        "cache-07": 3.849484266111425, 
        "cache-10": 3.7630729835575645
    }, 
    "55": {
        "cache-07": 3.849484266111425, 
        "cache-10": 3.7630729835575645
    }, 
    "56": {
        "cache-07": 3.849484266111425, 
        "cache-10": 3.7630729835575645
    }, 
    "57": {
        "cache-07": 3.849484266111425, 
        "cache-10": 3.7630729835575645
    }, 
    "58": {
        "cache-07": 3.849484266111425, 
        "cache-10": 3.7630729835575645
    }, 
    "59": {
        "cache-07": 3.849484266111425, 
        "cache-10": 3.7630729835575645
    }, 
    "60": {
        "cache-07": 3.849484266111425, 
        "cache-10": 3.7630729835575645
    }, 
    "61": {
        "cache-07": 4.084961142541134, 
        "cache-10": 3.6288035035132555
    }, 
    "62": {
        "cache-07": 4.084961142541134, 
        "cache-10": 3.6288035035132555
    }, 
    "63": {
        "cache-07": 4.084961142541134, 
        "cache-10": 3.6288035035132555
    }, 
    "64": {
        "cache-07": 4.084961142541134, 
        "cache-10": 3.6288035035132555
    }, 
    "65": {
        "cache-07": 4.084961142541134, 
        "cache-10": 3.6288035035132555
    }, 
    "66": {
        "cache-07": 4.084961142541134, 
        "cache-10": 3.6288035035132555
    }, 
    "67": {
        "cache-07": 4.084961142541134, 
        "cache-10": 3.6288035035132555
    }, 
    "68": {
        "cache-07": 4.084961142541134, 
        "cache-10": 3.6288035035132555
    }, 
    "69": {
        "cache-07": 4.084961142541134, 
        "cache-10": 3.6288035035132555
    }, 
    "70": {
        "cache-07": 4.084961142541134, 
        "cache-10": 3.6288035035132555
    }, 
    "71": {
        "cache-07": 4.1328715004201095, 
        "cache-10": 3.607642510274976
    }, 
    "72": {
        "cache-07": 4.1328715004201095, 
        "cache-10": 3.607642510274976
    }, 
    "73": {
        "cache-07": 4.1328715004201095, 
        "cache-10": 3.607642510274976
    }, 
    "74": {
        "cache-07": 4.1328715004201095, 
        "cache-10": 3.607642510274976
    }, 
    "75": {
        "cache-07": 4.1328715004201095, 
        "cache-10": 3.607642510274976
    }, 
    "76": {
        "cache-07": 4.1328715004201095, 
        "cache-10": 3.607642510274976
    }, 
    "77": {
        "cache-07": 4.1328715004201095, 
        "cache-10": 3.607642510274976
    }, 
    "78": {
        "cache-07": 4.1328715004201095, 
        "cache-10": 3.607642510274976
    }, 
    "79": {
        "cache-07": 4.1328715004201095, 
        "cache-10": 3.607642510274976
    }, 
    "80": {
        "cache-07": 4.1328715004201095, 
        "cache-10": 3.607642510274976
    },