{
    "0": {
        "cache-12": 3.75, 
        "cache-14": 4
    }, 
    "1": {
        "cache-12": 3.125, 
        "cache-14": 4
    }, 
    "2": {
        "cache-12": 2.8125, 
        "cache-14": 4
    }, 
    "3": {
        "cache-12": 2.65625, 
        "cache-14": 4
    }, 
    "4": {
        "cache-12": 2.578125, 
        "cache-14": 4
    }, 
    "5": {
        "cache-12": 2.5390625, 
        "cache-14": 4
    }, 
    "6": {
        "cache-12": 2.5390625, 
        "cache-14": 3.8571376961479262
    }, 
    "7": {
        "cache-12": 2.5390625, 
        "cache-14": 3.1785688480739633
    }, 
    "8": {
        "cache-12": 2.5390625, 
        "cache-14": 2.8392844240369817
    }, 
    "9": {
        "cache-12": 2.5390625, 
        "cache-14": 2.669642212018491
    }, 
    "10": {
        "cache-12": 2.5390625, 
        "cache-14": 1.7181936588170887
    }, 
    "11": {
        "cache-12": 2.2580472581515383, 
        "cache-14": 1.7181936588170887
    }, 
    "12": {
        "cache-12": 2.3790236290757694, 
        "cache-14": 1.7181936588170887
    }, 
    "13": {
        "cache-12": 2.4395118145378847, 
        "cache-14": 1.7181936588170887
    }, 
    "14": {
        "cache-12": 2.4697559072689423, 
        "cache-14": 1.7181936588170887
    }, 
    "15": {
        "cache-12": 2.484877953634471, 
        "cache-14": 1.7181936588170887
    }, 
    "16": {
        "cache-12": 2.4924389768172355, 
        "cache-14": 1.7181936588170887
    }, 
    "17": {
        "cache-12": 2.4962194884086175, 
        "cache-14": 1.7181936588170887
    }, 
    "18": {
        "cache-12": 2.7329826663370462, 
        "cache-14": 1.7181936588170887
    }, 
    "19": {
        "cache-12": 2.8513642553012604, 
        "cache-14": 1.7181936588170887
    }, 
    "20": {
        "cache-12": 2.9105550497833677, 
        "cache-14": 1.7181936588170887
    }, 
    "21": {
        "cache-12": 2.940150447024421, 
        "cache-14": 1.7181936588170887
    }, 
    "22": {
        "cache-12": 2.954948145644948, 
        "cache-14": 1.7181936588170887
    }, 
    "23": {
        "cache-12": 2.9623469949552117, 
        "cache-14": 1.7181936588170887
    }, 
    "24": {
        "cache-12": 2.9660464196103433, 
        "cache-14": 1.7181936588170887
    }, 
    "25": {
        "cache-12": 2.967896131937909, 
        "cache-14": 1.7181936588170887
    }, 
    "26": {
        "cache-12": 2.968820988101692, 
        "cache-14": 1.7181936588170887
    }, 
    "27": {
        "cache-12": 2.9692834161835835, 
        "cache-14": 1.7181936588170887
    }, 
    "28": {
        "cache-12": 2.969514630224529, 
        "cache-14": 1.7181936588170887
    }, 
    "29": {
        "cache-12": 2.969630237245002, 
        "cache-14": 1.7181936588170887
    }, 
    "30": {
        "cache-12": 2.9696880407552384, 
        "cache-14": 1.7181936588170887
    }, 
    "31": {
        "cache-12": 2.969716942510357, 
        "cache-14": 1.7181936588170887
    }, 
    "32": {
        "cache-12": 2.969731393387916, 
        "cache-14": 1.7181936588170887
    }, 
    "33": {
        "cache-12": 2.969738618826695, 
        "cache-14": 1.7181936588170887
    }, 
    "34": {
        "cache-12": 2.969742231546085, 
        "cache-14": 1.7181936588170887
    }, 
    "35": {
        "cache-12": 1.6240517825052552, 
        "cache-14": 1.7181936588170887
    }, 
    "36": {
        "cache-12": 1.6240517825052552, 
        "cache-14": 2.1554637921694475
    }, 
    "37": {
        "cache-12": 1.6240517825052552, 
        "cache-14": 2.3277318960847238
    }, 
    "38": {
        "cache-12": 1.6240517825052552, 
        "cache-14": 2.413865948042362
    }, 
    "39": {
        "cache-12": 1.6240517825052552, 
        "cache-14": 2.456932974021181
    }, 
    "40": {
        "cache-12": 1.6240517825052552, 
        "cache-14": 2.4784664870105906
    }, 
    "41": {
        "cache-12": 1.6240517825052552, 
        "cache-14": 2.4892332435052955
    }, 
    "42": {
        "cache-12": 1.6240517825052552, 
        "cache-14": 2.4946166217526478
    }, 
    "43": {
        "cache-12": 1.6240517825052552, 
        "cache-14": 2.7321812330090616
    }, 
    "44": {
        "cache-12": 1.6240517825052552, 
        "cache-14": 2.8509635386372683
    }, 
    "45": {
        "cache-12": 1.6240517825052552, 
        "cache-14": 2.9103546914513716
    }, 
    "46": {
        "cache-12": 1.6240517825052552, 
        "cache-14": 2.9400502678584233
    }, 
    "47": {
        "cache-12": 1.6240517825052552, 
        "cache-14": 2.954898056061949
    }, 
    "48": {
        "cache-12": 1.6240517825052552, 
        "cache-14": 2.962321950163712
    }, 
    "49": {
        "cache-12": 1.6240517825052552, 
        "cache-14": 2.9660338972145937
    }, 
    "50": {
        "cache-12": 1.6240517825052552, 
        "cache-14": 2.9678898707400343
    }, 
    "51": {
        "cache-12": 1.6240517825052552, 
        "cache-14": 2.9688178575027546
    }, 
    "52": {
        "cache-12": 1.6240517825052552, 
        "cache-14": 2.969281850884115
    }, 
    "53": {
        "cache-12": 1.6240517825052552, 
        "cache-14": 2.969513847574795
    }, 
    "54": {
        "cache-12": 1.6240517825052552, 
        "cache-14": 1.839741530435818
    }, 
    "55": {
        "cache-12": 1.6240517825052552, 
        "cache-14": 1.4766581707031432
    }, 
    "56": {
        "cache-12": 2.099272864538267, 
        "cache-14": 1.4766581707031432
    }, 
    "57": {
        "cache-12": 2.2996364322691334, 
        "cache-14": 1.4766581707031432
    }, 
    "58": {
        "cache-12": 2.399818216134567, 
        "cache-14": 1.4766581707031432
    }, 
    "59": {
        "cache-12": 2.4499091080672835, 
        "cache-14": 1.4766581707031432
    }, 
    "60": {
        "cache-12": 2.4749545540336415, 
        "cache-14": 1.4766581707031432
    }, 
    "61": {
        "cache-12": 2.4874772770168208, 
        "cache-14": 1.4766581707031432
    }, 
    "62": {
        "cache-12": 2.49373863850841, 
        "cache-14": 1.4766581707031432
    }, 
    "63": {
        "cache-12": 2.496869319254205, 
        "cache-14": 1.4766581707031432
    }, 
    "64": {
        "cache-12": 2.7333075817598402, 
        "cache-14": 1.4766581707031432
    }, 
    "65": {
        "cache-12": 2.8515267130126576, 
        "cache-14": 1.4766581707031432
    }, 
    "66": {
        "cache-12": 2.675763356506329, 
        "cache-14": 1.4766581707031432
    }, 
    "67": {
        "cache-12": 2.8227546003859016, 
        "cache-14": 1.4766581707031432
    }, 
    "68": {
        "cache-12": 2.8962502223256883, 
        "cache-14": 1.4766581707031432
    }, 
    "69": {
        "cache-12": 2.932998033295582, 
        "cache-14": 1.4766581707031432
    }, 
    "70": {
        "cache-12": 2.716499016647791, 
        "cache-14": 1.4766581707031432
    }, 
    "71": {
        "cache-12": 2.843122430456633, 
        "cache-14": 1.4766581707031432
    }, 
    "72": {
        "cache-12": 2.6715612152283166, 
        "cache-14": 1.4766581707031432
    }, 
    "73": {
        "cache-12": 2.8206535297468958, 
        "cache-14": 1.4766581707031432
    }, 
    "74": {
        "cache-12": 2.895199687006185, 
        "cache-14": 1.4766581707031432
    }, 
    "75": {
        "cache-12": 2.93247276563583, 
        "cache-14": 1.4766581707031432
    }, 
    "76": {
        "cache-12": 2.9511093049506525, 
        "cache-14": 1.4766581707031432
    }, 
    "77": {
        "cache-12": 2.9604275746080635, 
        "cache-14": 1.4766581707031432
    }, 
    "78": {
        "cache-12": 1.5016375290985373, 
        "cache-14": 1.4766581707031432
    }, 
    "79": {
        "cache-12": 2.0008187645492685, 
        "cache-14": 1.4766581707031432
    }, 
    "80": {
        "cache-12": 2.2504093822746345, 
        "cache-14": 1.4766581707031432
    }, 
    "81": {
        "cache-12": 2.3752046911373172, 
        "cache-14": 1.4766581707031432
    }, 
    "82": {
        "cache-12": 2.4376023455686586,