{
    "0": {
        "cache-07": 3.75, 
        "cache-08": 4
    }, 
    "1": {
        "cache-07": 3.9052309587610323, 
        "cache-08": 4
    }, 
    "2": {
        "cache-07": 4.452592282407023, 
        "cache-08": 4
    }, 
    "3": {
        "cache-07": 4.726272944230018, 
        "cache-08": 4
    }, 
    "4": {
        "cache-07": 4.863113275141517, 
        "cache-08": 4
    }, 
    "5": {
        "cache-07": 4.931533440597265, 
        "cache-08": 4
    }, 
    "6": {
        "cache-07": 4.9657435233251395, 
        "cache-08": 4
    }, 
    "7": {
        "cache-07": 4.9828485646890766, 
        "cache-08": 4
    }, 
    "8": {
        "cache-07": 4.991401085371045, 
        "cache-08": 4
    }, 
    "9": {
        "cache-07": 4.99567734571203, 
        "cache-08": 4
    }, 
    "10": {
        "cache-07": 4.997815475882522, 
        "cache-08": 4
    }, 
    "11": {
        "cache-07": 4.998884540967769, 
        "cache-08": 4
    }, 
    "12": {
        "cache-07": 4.999419073510392, 
        "cache-08": 4
    }, 
    "13": {
        "cache-07": 4.999686339781704, 
        "cache-08": 4
    }, 
    "14": {
        "cache-07": 4.99981997291736, 
        "cache-08": 4
    }, 
    "15": {
        "cache-07": 4.902405719234901, 
        "cache-08": 4
    }, 
    "16": {
        "cache-07": 4.951179662643957, 
        "cache-08": 4
    }, 
    "17": {
        "cache-07": 4.9755666343484855, 
        "cache-08": 4
    }, 
    "18": {
        "cache-07": 4.5180142759352755, 
        "cache-08": 4
    }, 
    "19": {
        "cache-07": 4.116144834115564, 
        "cache-08": 4
    }, 
    "20": {
        "cache-07": 3.777818261323257, 
        "cache-08": 4
    }, 
    "21": {
        "cache-07": 3.777818261323257, 
        "cache-08": 4.030230958761033
    }, 
    "22": {
        "cache-07": 3.777818261323257, 
        "cache-08": 4.159360055520647
    }, 
    "23": {
        "cache-07": 3.777818261323257, 
        "cache-08": 4.579656830786831
    }, 
    "24": {
        "cache-07": 3.777818261323257, 
        "cache-08": 4.692324148169637
    }, 
    "25": {
        "cache-07": 3.777818261323257, 
        "cache-08": 4.74865780686104
    }, 
    "26": {
        "cache-07": 3.777818261323257, 
        "cache-08": 4.622052051521068
    }, 
    "27": {
        "cache-07": 3.777818261323257, 
        "cache-08": 4.455270601900665
    }, 
    "28": {
        "cache-07": 3.777818261323257, 
        "cache-08": 4.257866259711365
    }, 
    "29": {
        "cache-07": 3.777818261323257, 
        "cache-08": 4.1591640886167145
    }, 
    "30": {
        "cache-07": 3.777818261323257, 
        "cache-08": 4.109813003069389
    }, 
    "31": {
        "cache-07": 3.777818261323257, 
        "cache-08": 4.457402234310916
    }, 
    "32": {
        "cache-07": 3.777818261323257, 
        "cache-08": 4.258932075916491
    }, 
    "33": {
        "cache-07": 3.777818261323257, 
        "cache-08": 4.159696996719278
    }, 
    "34": {
        "cache-07": 3.777818261323257, 
        "cache-08": 3.799594342625114
    }, 
    "35": {
        "cache-07": 3.777818261323257, 
        "cache-08": 4.044041747452687
    }, 
    "36": {
        "cache-07": 3.777818261323257, 
        "cache-08": 4.052251832487376
    }, 
    "37": {
        "cache-07": 3.777818261323257, 
        "cache-08": 4.170370492383818
    }, 
    "38": {
        "cache-07": 3.777818261323257, 
        "cache-08": 4.1154162049529415
    }, 
    "39": {
        "cache-07": 3.777818261323257, 
        "cache-08": 4.557684905502978
    }, 
    "40": {
        "cache-07": 3.777818261323257, 
        "cache-08": 4.68133818552771
    }, 
    "41": {
        "cache-07": 3.777818261323257, 
        "cache-08": 4.484913668903985
    }, 
    "42": {
        "cache-07": 3.777818261323257, 
        "cache-08": 4.3867014105921225
    }, 
    "43": {
        "cache-07": 3.777818261323257, 
        "cache-08": 4.223581664057093
    }, 
    "44": {
        "cache-07": 3.777818261323257, 
        "cache-08": 4.611767635055054
    }, 
    "45": {
        "cache-07": 3.777818261323257, 
        "cache-08": 4.5536069656180755
    }, 
    "46": {
        "cache-07": 3.777818261323257, 
        "cache-08": 4.524526630899587
    }, 
    "47": {
        "cache-07": 3.777818261323257, 
        "cache-08": 4.292494274210826
    }, 
    "48": {
        "cache-07": 3.777818261323257, 
        "cache-08": 4.548742869881634
    }, 
    "49": {
        "cache-07": 3.777818261323257, 
        "cache-08": 4.418616011080948
    }, 
    "50": {
        "cache-07": 3.777818261323257, 
        "cache-08": 4.457031153631022
    }, 
    "51": {
        "cache-07": 3.777818261323257, 
        "cache-08": 4.728492379842018
    }, 
    "52": {
        "cache-07": 3.777818261323257, 
        "cache-08": 4.864222992947516
    }, 
    "53": {
        "cache-07": 3.777818261323257, 
        "cache-08": 4.679834644564306
    }, 
    "54": {
        "cache-07": 3.777818261323257, 
        "cache-08": 4.4841618984222835
    }, 
    "55": {
        "cache-07": 3.777818261323257, 
        "cache-08": 4.386325525351272
    }, 
    "56": {
        "cache-07": 3.777818261323257, 
        "cache-08": 4.223393721436668
    }, 
    "57": {
        "cache-07": 3.777818261323257, 
        "cache-08": 4.359420008808883
    }, 
    "58": {
        "cache-07": 3.777818261323257, 
        "cache-08": 4.209940963165474
    }, 
    "59": {
        "cache-07": 3.777818261323257, 
        "cache-08": 3.824716325848212
    }, 
    "60": {
        "cache-07": 3.777818261323257, 
        "cache-08": 3.632104007189581
    }, 
    "61": {
        "cache-07": 4.291404863437849, 
        "cache-08": 3.632104007189581
    }, 
    "62": {
        "cache-07": 4.289947007859055, 
        "cache-08": 3.632104007189581
    }, 
    "63": {
        "cache-07": 4.644950306956035, 
        "cache-08": 3.632104007189581
    }, 
    "64": {
        "cache-07": 4.570198301568566, 
        "cache-08": 3.632104007189581
    }, 
    "65": {
        "cache-07": 4.532822298874832, 
        "cache-08": 3.632104007189581
    }, 
    "66": {
        "cache-07": 4.410655725577547, 
        "cache-08": 3.632104007189581
    }, 
    "67": {
        "cache-07": 4.70530466581528, 
        "cache-08": 3.632104007189581
    }, 
    "68": {
        "cache-07": 4.6003754809981885, 
        "cache-08": 3.632104007189581
    }, 
    "69": {
        "cache-07": 4.444432316639224, 
        "cache-08": 3.632104007189581
    }, 
    "70": {
        "cache-07": 4.366460734459743, 
        "cache-08": 3.632104007189581
    }, 
    "71": {
        "cache-07": 4.683207170256379, 
        "cache-08": 3.632104007189581
    }, 
    "72": {
        "cache-07": 4.841580388154696, 
        "cache-08": 3.632104007189581
    }, 
    "73": {
        "cache-07": 4.823285926853569, 
        "cache-08": 3.632104007189581
    }, 
    "74": {
        "cache-07": 4.659366111517333, 
        "cache-08": 3.632104007189581
    }, 
    "75": {
        "cache-07": 4.829659858785174, 
        "cache-08": 3.632104007189581
    }, 
    "76": {
        "cache-07": 4.914806732419095, 
        "cache-08": 3.632104007189581
    }, 
    "77": {
        "cache-07": 4.601647942349677, 
        "cache-08": 3.632104007189581
    }, 
    "78": {
        "cache-07": 4.157961667322764, 
        "cache-08": 3.632104007189581
    }, 
    "79": {
        "cache-07": 3.798726677926857, 
        "cache-08": 3.632104007189581
    }, 
    "80": {
        "cache-07": 4.043607915103559, 
        "cache-08": 3.632104007189581
    }, 
    "81": {
        "cache-07": 3.8789416536997057, 
        "cache-08": 3.632104007189581
    }, 
    "82": {
        "cache-07": 3.6592166711153276, 
        "cache-08": 3.632104007189581
    }, 
    "83": {
        "cache-07": 3.68674603170559, 
        "cache-08": 3.632104007189581
    }, 
    "84": {
        "cache-07": 3.987617591992925, 
        "cache-08": 3.632104007189581
    },