{
    "0": {
        "cache-12": 2.9636309415201048, 
        "cache-14": 2.5310785931029383
    }, 
    "1": {
        "cache-12": 2.9636309415201048, 
        "cache-14": 2.5310785931029383
    }, 
    "2": {
        "cache-12": 2.9636309415201048, 
        "cache-14": 2.5310785931029383
    }, 
    "3": {
        "cache-12": 2.9636309415201048, 
        "cache-14": 2.5310785931029383
    }, 
    "4": {
        "cache-12": 2.9636309415201048, 
        "cache-14": 2.5310785931029383
    }, 
    "5": {
        "cache-12": 2.9636309415201048, 
        "cache-14": 2.5310785931029383
    }, 
    "6": {
        "cache-12": 2.9636309415201048, 
        "cache-14": 2.5310785931029383
    }, 
    "7": {
        "cache-12": 2.9636309415201048, 
        "cache-14": 2.5310785931029383
    }, 
    "8": {
        "cache-12": 2.9636309415201048, 
        "cache-14": 2.5310785931029383
    }, 
    "9": {
        "cache-12": 2.9636309415201048, 
        "cache-14": 2.5310785931029383
    }, 
    "10": {
        "cache-12": 2.9636309415201048, 
        "cache-14": 2.5310785931029383
    }, 
    "11": {
        "cache-12": 2.027048254885893, 
        "cache-14": 2.4964601520668444
    }, 
    "12": {
        "cache-12": 2.027048254885893, 
        "cache-14": 2.4964601520668444
    }, 
    "13": {
        "cache-12": 2.027048254885893, 
        "cache-14": 2.4964601520668444
    }, 
    "14": {
        "cache-12": 2.027048254885893, 
        "cache-14": 2.4964601520668444
    }, 
    "15": {
        "cache-12": 2.027048254885893, 
        "cache-14": 2.4964601520668444
    }, 
    "16": {
        "cache-12": 2.027048254885893, 
        "cache-14": 2.4964601520668444
    }, 
    "17": {
        "cache-12": 2.027048254885893, 
        "cache-14": 2.4964601520668444
    }, 
    "18": {
        "cache-12": 2.027048254885893, 
        "cache-14": 2.4964601520668444
    }, 
    "19": {
        "cache-12": 2.027048254885893, 
        "cache-14": 2.4964601520668444
    }, 
    "20": {
        "cache-12": 2.027048254885893, 
        "cache-14": 2.4964601520668444
    }, 
    "21": {
        "cache-12": 1.2790504003169447, 
        "cache-14": 1.3582767058199217
    }, 
    "22": {
        "cache-12": 1.2790504003169447, 
        "cache-14": 1.3582767058199217
    }, 
    "23": {
        "cache-12": 1.2790504003169447, 
        "cache-14": 1.3582767058199217
    }, 
    "24": {
        "cache-12": 1.2790504003169447, 
        "cache-14": 1.3582767058199217
    }, 
    "25": {
        "cache-12": 1.2790504003169447, 
        "cache-14": 1.3582767058199217
    }, 
    "26": {
        "cache-12": 1.2790504003169447, 
        "cache-14": 1.3582767058199217
    }, 
    "27": {
        "cache-12": 1.2790504003169447, 
        "cache-14": 1.3582767058199217
    }, 
    "28": {
        "cache-12": 1.2790504003169447, 
        "cache-14": 1.3582767058199217
    }, 
    "29": {
        "cache-12": 1.2790504003169447, 
        "cache-14": 1.3582767058199217
    }, 
    "30": {
        "cache-12": 1.2790504003169447, 
        "cache-14": 1.3582767058199217
    }, 
    "31": {
        "cache-12": 1.9375307346271196, 
        "cache-14": 2.498574151992452
    }, 
    "32": {
        "cache-12": 1.9375307346271196, 
        "cache-14": 2.498574151992452
    }, 
    "33": {
        "cache-12": 1.9375307346271196, 
        "cache-14": 2.498574151992452
    }, 
    "34": {
        "cache-12": 1.9375307346271196, 
        "cache-14": 2.498574151992452
    }, 
    "35": {
        "cache-12": 1.9375307346271196, 
        "cache-14": 2.498574151992452
    }, 
    "36": {
        "cache-12": 1.9375307346271196, 
        "cache-14": 2.498574151992452
    }, 
    "37": {
        "cache-12": 1.9375307346271196, 
        "cache-14": 2.498574151992452
    }, 
    "38": {
        "cache-12": 1.9375307346271196, 
        "cache-14": 2.498574151992452
    }, 
    "39": {
        "cache-12": 1.9375307346271196, 
        "cache-14": 2.498574151992452
    }, 
    "40": {
        "cache-12": 1.9375307346271196, 
        "cache-14": 2.498574151992452
    }, 
    "41": {
        "cache-12": 1.7221658153524149, 
        "cache-14": 1.5486070259175806
    }, 
    "42": {
        "cache-12": 1.7221658153524149, 
        "cache-14": 1.5486070259175806
    }, 
    "43": {
        "cache-12": 1.7221658153524149, 
        "cache-14": 1.5486070259175806
    }, 
    "44": {
        "cache-12": 1.7221658153524149, 
        "cache-14": 1.5486070259175806
    }, 
    "45": {
        "cache-12": 1.7221658153524149, 
        "cache-14": 1.5486070259175806
    }, 
    "46": {
        "cache-12": 1.7221658153524149, 
        "cache-14": 1.5486070259175806
    }, 
    "47": {
        "cache-12": 1.7221658153524149, 
        "cache-14": 1.5486070259175806
    }, 
    "48": {
        "cache-12": 1.7221658153524149, 
        "cache-14": 1.5486070259175806
    }, 
    "49": {
        "cache-12": 1.7221658153524149, 
        "cache-14": 1.5486070259175806
    }, 
    "50": {
        "cache-12": 1.7221658153524149, 
        "cache-14": 1.5486070259175806
    }, 
    "51": {
        "cache-12": 2.736346397428264, 
        "cache-14": 2.162553146997897
    }, 
    "52": {
        "cache-12": 2.736346397428264, 
        "cache-14": 2.162553146997897
    }, 
    "53": {
        "cache-12": 2.736346397428264, 
        "cache-14": 2.162553146997897
    }, 
    "54": {
        "cache-12": 2.736346397428264, 
        "cache-14": 2.162553146997897
    }, 
    "55": {
        "cache-12": 2.736346397428264, 
        "cache-14": 2.162553146997897
    }, 
    "56": {
        "cache-12": 2.736346397428264, 
        "cache-14": 2.162553146997897
    }, 
    "57": {
        "cache-12": 2.736346397428264, 
        "cache-14": 2.162553146997897
    }, 
    "58": {
        "cache-12": 2.736346397428264, 
        "cache-14": 2.162553146997897
    }, 
    "59": {
        "cache-12": 2.736346397428264, 
        "cache-14": 2.162553146997897
    }, 
    "60": {
        "cache-12": 2.736346397428264, 
        "cache-14": 2.162553146997897
    }, 
    "61": {
        "cache-12": 2.500075488499937, 
        "cache-14": 2.3032512282705637
    }, 
    "62": {
        "cache-12": 2.500075488499937, 
        "cache-14": 2.3032512282705637
    }, 
    "63": {
        "cache-12": 2.500075488499937, 
        "cache-14": 2.3032512282705637
    }, 
    "64": {
        "cache-12": 2.500075488499937, 
        "cache-14": 2.3032512282705637
    }, 
    "65": {
        "cache-12": 2.500075488499937, 
        "cache-14": 2.3032512282705637
    }, 
    "66": {
        "cache-12": 2.500075488499937, 
        "cache-14": 2.3032512282705637
    }, 
    "67": {
        "cache-12": 2.500075488499937, 
        "cache-14": 2.3032512282705637
    }, 
    "68": {
        "cache-12": 2.500075488499937, 
        "cache-14": 2.3032512282705637
    }, 
    "69": {
        "cache-12": 2.500075488499937, 
        "cache-14": 2.3032512282705637
    }, 
    "70": {
        "cache-12": 2.500075488499937, 
        "cache-14": 2.3032512282705637
    }, 
    "71": {
        "cache-12": 2.49981460354903, 
        "cache-14": 2.1900290517281373
    }, 
    "72": {
        "cache-12": 2.49981460354903, 
        "cache-14": 2.1900290517281373
    }, 
    "73": {
        "cache-12": 2.49981460354903, 
        "cache-14": 2.1900290517281373
    }, 
    "74": {
        "cache-12": 2.49981460354903, 
        "cache-14": 2.1900290517281373
    }, 
    "75": {
        "cache-12": 2.49981460354903, 
        "cache-14": 2.1900290517281373
    }, 
    "76": {
        "cache-12": 2.49981460354903, 
        "cache-14": 2.1900290517281373
    }, 
    "77": {
        "cache-12": 2.49981460354903, 
        "cache-14": 2.1900290517281373
    }, 
    "78": {
        "cache-12": 2.49981460354903, 
        "cache-14": 2.1900290517281373
    }, 
    "79": {
        "cache-12": 2.49981460354903, 
        "cache-14": 2.1900290517281373
    }, 
    "80": {
        "cache-12": 2.49981460354903,