{
    "0": {
        "cache-07": 4, 
        "cache-08": 3.75
    }, 
    "1": {
        "cache-07": 4, 
        "cache-08": 4.122723148090548
    }, 
    "2": {
        "cache-07": 4, 
        "cache-08": 4.561338377071781
    }, 
    "3": {
        "cache-07": 4, 
        "cache-08": 4.780645991562398
    }, 
    "4": {
        "cache-07": 4, 
        "cache-08": 4.890299798807707
    }, 
    "5": {
        "cache-07": 4, 
        "cache-08": 4.8476456321800745
    }, 
    "6": {
        "cache-07": 4, 
        "cache-08": 4.9237996191165445
    }, 
    "7": {
        "cache-07": 4, 
        "cache-08": 4.864395542334494
    }, 
    "8": {
        "cache-07": 4, 
        "cache-08": 4.834693503943468
    }, 
    "9": {
        "cache-07": 4, 
        "cache-08": 4.917323554998241
    }, 
    "10": {
        "cache-07": 4, 
        "cache-08": 4.958638580525628
    }, 
    "11": {
        "cache-07": 4, 
        "cache-08": 4.881815023039035
    }, 
    "12": {
        "cache-07": 4, 
        "cache-08": 4.843403244295739
    }, 
    "13": {
        "cache-07": 4, 
        "cache-08": 4.921678425174377
    }, 
    "14": {
        "cache-07": 4, 
        "cache-08": 4.960816015613696
    }, 
    "15": {
        "cache-07": 4, 
        "cache-08": 4.882903740583069
    }, 
    "16": {
        "cache-07": 4, 
        "cache-08": 4.843947603067756
    }, 
    "17": {
        "cache-07": 4, 
        "cache-08": 4.921950604560385
    }, 
    "18": {
        "cache-07": 4, 
        "cache-08": 4.960952105306699
    }, 
    "19": {
        "cache-07": 4, 
        "cache-08": 4.882971785429571
    }, 
    "20": {
        "cache-07": 4, 
        "cache-08": 4.843981625491006
    }, 
    "21": {
        "cache-07": 4, 
        "cache-08": 4.824486545521724
    }, 
    "22": {
        "cache-07": 4, 
        "cache-08": 4.912220075787369
    }, 
    "23": {
        "cache-07": 4, 
        "cache-08": 4.956086840920191
    }, 
    "24": {
        "cache-07": 4, 
        "cache-08": 4.880539153236317
    }, 
    "25": {
        "cache-07": 4, 
        "cache-08": 4.842765309394379
    }, 
    "26": {
        "cache-07": 4, 
        "cache-08": 4.921359457723697
    }, 
    "27": {
        "cache-07": 4, 
        "cache-08": 4.86317546163807
    }, 
    "28": {
        "cache-07": 4, 
        "cache-08": 4.931564533845542
    }, 
    "29": {
        "cache-07": 4, 
        "cache-08": 4.868277999698992
    }, 
    "30": {
        "cache-07": 4, 
        "cache-08": 4.934115802876003
    }, 
    "31": {
        "cache-07": 4, 
        "cache-08": 4.869553634214222
    }, 
    "32": {
        "cache-07": 4, 
        "cache-08": 4.837272549883332
    }, 
    "33": {
        "cache-07": 4, 
        "cache-08": 4.821132007717887
    }, 
    "34": {
        "cache-07": 4, 
        "cache-08": 4.813061736635165
    }, 
    "35": {
        "cache-07": 4, 
        "cache-08": 4.809026601093803
    }, 
    "36": {
        "cache-07": 4, 
        "cache-08": 4.807009033323123
    }, 
    "37": {
        "cache-07": 4, 
        "cache-08": 4.8060002494377825
    }, 
    "38": {
        "cache-07": 4, 
        "cache-08": 4.805495857495112
    }, 
    "39": {
        "cache-07": 4, 
        "cache-08": 4.902724731774063
    }, 
    "40": {
        "cache-07": 4, 
        "cache-08": 4.951339168913538
    }, 
    "41": {
        "cache-07": 4, 
        "cache-08": 4.87816531723299
    }, 
    "42": {
        "cache-07": 4, 
        "cache-08": 4.841578391392716
    }, 
    "43": {
        "cache-07": 4, 
        "cache-08": 4.920765998722866
    }, 
    "44": {
        "cache-07": 4, 
        "cache-08": 4.862878732137654
    }, 
    "45": {
        "cache-07": 4, 
        "cache-08": 4.833935098845048
    }, 
    "46": {
        "cache-07": 4, 
        "cache-08": 4.819463282198745
    }, 
    "47": {
        "cache-07": 4, 
        "cache-08": 4.909708444125879
    }, 
    "48": {
        "cache-07": 4, 
        "cache-08": 4.857349954839161
    }, 
    "49": {
        "cache-07": 4, 
        "cache-08": 4.831170710195801
    }, 
    "50": {
        "cache-07": 4, 
        "cache-08": 4.818081087874122
    }, 
    "51": {
        "cache-07": 4, 
        "cache-08": 4.811536276713282
    }, 
    "52": {
        "cache-07": 4, 
        "cache-08": 4.808263871132862
    }, 
    "53": {
        "cache-07": 4, 
        "cache-08": 4.904108738592939
    }, 
    "54": {
        "cache-07": 4, 
        "cache-08": 4.85455010207269
    }, 
    "55": {
        "cache-07": 4, 
        "cache-08": 4.9272518540628525
    }, 
    "56": {
        "cache-07": 4, 
        "cache-08": 4.963602730057934
    }, 
    "57": {
        "cache-07": 4, 
        "cache-08": 4.884297097805188
    }, 
    "58": {
        "cache-07": 4, 
        "cache-08": 4.844644281678815
    }, 
    "59": {
        "cache-07": 4, 
        "cache-08": 4.824817873615629
    }, 
    "60": {
        "cache-07": 4, 
        "cache-08": 4.912385739834322
    }, 
    "61": {
        "cache-07": 4, 
        "cache-08": 4.858688602693382
    }, 
    "62": {
        "cache-07": 4, 
        "cache-08": 4.929321104373198
    }, 
    "63": {
        "cache-07": 4, 
        "cache-08": 4.964637355213107
    }, 
    "64": {
        "cache-07": 4, 
        "cache-08": 4.982295480633061
    }, 
    "65": {
        "cache-07": 4, 
        "cache-08": 4.991124543343037
    }, 
    "66": {
        "cache-07": 4, 
        "cache-08": 4.995539074698026
    }, 
    "67": {
        "cache-07": 4, 
        "cache-08": 4.997746340375521
    }, 
    "68": {
        "cache-07": 4, 
        "cache-08": 4.998849973214268
    }, 
    "69": {
        "cache-07": 4, 
        "cache-08": 4.999401789633641
    }, 
    "70": {
        "cache-07": 4, 
        "cache-08": 4.999677697843328
    }, 
    "71": {
        "cache-07": 4, 
        "cache-08": 4.902334581697885
    }, 
    "72": {
        "cache-07": 4, 
        "cache-08": 4.95114409387545
    }, 
    "73": {
        "cache-07": 4, 
        "cache-08": 4.975548849964232
    }, 
    "74": {
        "cache-07": 4, 
        "cache-08": 4.987751228008623
    }, 
    "75": {
        "cache-07": 4, 
        "cache-08": 4.8963713467805325
    }, 
    "76": {
        "cache-07": 4, 
        "cache-08": 4.9481624764167735
    }, 
    "77": {
        "cache-07": 4, 
        "cache-08": 4.974058041234894
    }, 
    "78": {
        "cache-07": 4, 
        "cache-08": 4.889524753393668
    }, 
    "79": {
        "cache-07": 4, 
        "cache-08": 4.692485524787383
    }, 
    "80": {
        "cache-07": 4, 
        "cache-08": 4.7487384951699125
    }, 
    "81": {
        "cache-07": 4, 
        "cache-08": 4.8743460506114635
    }, 
    "82": {
        "cache-07": 4, 
        "cache-08": 4.839668758081952
    }, 
    "83": {
        "cache-07": 4, 
        "cache-08": 4.919811182067484
    }, 
    "84": {
        "cache-07": 4, 
        "cache-08": 4.862401323809963
    }, 
    "85": {
        "cache-07": 4, 
        "cache-08": 4.931177464931489
    }, 
    "86": {
        "cache-07": 4, 
        "cache-08": 4.965565535492251
    }, 
    "87": {
        "cache-07": 4, 
        "cache-08": 4.982759570772632
    }, 
    "88": {
        "cache-07": 4, 
        "cache-08": 4.991356588412824
    }, 
    "89": {
        "cache-07": 4, 
        "cache-08": 4.99565509723292
    }, 
    "90": {
        "cache-07": 4, 
        "cache-08": 4.900323281392681
    }, 
    "91": {
        "cache-07": 4, 
        "cache-08": 4.852657373472562
    }, 
    "92": {
        "cache-07": 4, 
        "cache-08": 4.926305489762788
    }, 
    "93": {
        "cache-07": 4, 
        "cache-08": 4.963129547907901
    }, 
    "94": {
        "cache-07": 4, 
        "cache-08": 4.981541576980458
    }, 
    "95": {
        "cache-07": 4, 
        "cache-08": 4.89326652126645
    }, 
    "96": {
        "cache-07": 4, 
        "cache-08": 4.849128993409446
    }, 
    "97": {
        "cache-07": 4,