{
    "0": {
        "cache-04": 3.75, 
        "cache-05": 4
    }, 
    "1": {
        "cache-04": 3.9052309587610323, 
        "cache-05": 4
    }, 
    "2": {
        "cache-04": 4.200338627471065, 
        "cache-05": 4
    }, 
    "3": {
        "cache-04": 4.60014611676204, 
        "cache-05": 4
    }, 
    "4": {
        "cache-04": 4.800049861407527, 
        "cache-05": 4
    }, 
    "5": {
        "cache-04": 4.900001733730271, 
        "cache-05": 4
    }, 
    "6": {
        "cache-04": 4.949977669891643, 
        "cache-05": 4
    }, 
    "7": {
        "cache-04": 4.974965637972328, 
        "cache-05": 4
    }, 
    "8": {
        "cache-04": 4.987459622012672, 
        "cache-05": 4
    }, 
    "9": {
        "cache-04": 4.993706614032844, 
        "cache-05": 4
    }, 
    "10": {
        "cache-04": 4.996830110042929, 
        "cache-05": 4
    }, 
    "11": {
        "cache-04": 4.998391858047972, 
        "cache-05": 4
    }, 
    "12": {
        "cache-04": 4.999172732050493, 
        "cache-05": 4
    }, 
    "13": {
        "cache-04": 4.999563169051754, 
        "cache-05": 4
    }, 
    "14": {
        "cache-04": 4.999758387552385, 
        "cache-05": 4
    }, 
    "15": {
        "cache-04": 4.999855996802699, 
        "cache-05": 4
    }, 
    "16": {
        "cache-04": 4.999904801427856, 
        "cache-05": 4
    }, 
    "17": {
        "cache-04": 4.999929203740436, 
        "cache-05": 4
    }, 
    "18": {
        "cache-04": 4.999941404896726, 
        "cache-05": 4
    }, 
    "19": {
        "cache-04": 4.99994750547487, 
        "cache-05": 4
    }, 
    "20": {
        "cache-04": 4.999950555763942, 
        "cache-05": 4
    }, 
    "21": {
        "cache-04": 4.9999520809084785, 
        "cache-05": 4
    }, 
    "22": {
        "cache-04": 4.999952843480747, 
        "cache-05": 4
    }, 
    "23": {
        "cache-04": 4.99995322476688, 
        "cache-05": 4
    }, 
    "24": {
        "cache-04": 4.999953415409948, 
        "cache-05": 4
    }, 
    "25": {
        "cache-04": 4.999953510731482, 
        "cache-05": 4
    }, 
    "26": {
        "cache-04": 4.999953558392248, 
        "cache-05": 4
    }, 
    "27": {
        "cache-04": 4.999953582222631, 
        "cache-05": 4
    }, 
    "28": {
        "cache-04": 4.999953594137823, 
        "cache-05": 4
    }, 
    "29": {
        "cache-04": 4.999953600095418, 
        "cache-05": 4
    }, 
    "30": {
        "cache-04": 4.999953603074216, 
        "cache-05": 4
    }, 
    "31": {
        "cache-04": 4.999953604563615, 
        "cache-05": 4
    }, 
    "32": {
        "cache-04": 4.999953605308315, 
        "cache-05": 4
    }, 
    "33": {
        "cache-04": 4.999953605680664, 
        "cache-05": 4
    }, 
    "34": {
        "cache-04": 4.999953605866839, 
        "cache-05": 4
    }, 
    "35": {
        "cache-04": 4.999953605959927, 
        "cache-05": 4
    }, 
    "36": {
        "cache-04": 4.999953606006471, 
        "cache-05": 4
    }, 
    "37": {
        "cache-04": 4.999953606029743, 
        "cache-05": 4
    }, 
    "38": {
        "cache-04": 4.9999536060413785, 
        "cache-05": 4
    }, 
    "39": {
        "cache-04": 4.999953606047196, 
        "cache-05": 4
    }, 
    "40": {
        "cache-04": 4.999953606050106, 
        "cache-05": 4
    }, 
    "41": {
        "cache-04": 4.999953606051561, 
        "cache-05": 4
    }, 
    "42": {
        "cache-04": 4.999953606052287, 
        "cache-05": 4
    }, 
    "43": {
        "cache-04": 4.999953606052651, 
        "cache-05": 4
    }, 
    "44": {
        "cache-04": 4.9999536060528325, 
        "cache-05": 4
    }, 
    "45": {
        "cache-04": 4.999953606052923, 
        "cache-05": 4
    }, 
    "46": {
        "cache-04": 4.999953606052969, 
        "cache-05": 4
    }, 
    "47": {
        "cache-04": 4.999953606052992, 
        "cache-05": 4
    }, 
    "48": {
        "cache-04": 4.999953606053003, 
        "cache-05": 4
    }, 
    "49": {
        "cache-04": 4.999953606053008, 
        "cache-05": 4
    }, 
    "50": {
        "cache-04": 4.999953606053012, 
        "cache-05": 4
    }, 
    "51": {
        "cache-04": 4.999953606053014, 
        "cache-05": 4
    }, 
    "52": {
        "cache-04": 4.999953606053014, 
        "cache-05": 4
    }, 
    "53": {
        "cache-04": 4.999953606053014, 
        "cache-05": 4
    }, 
    "54": {
        "cache-04": 4.999953606053014, 
        "cache-05": 4
    }, 
    "55": {
        "cache-04": 4.999953606053014, 
        "cache-05": 4
    }, 
    "56": {
        "cache-04": 4.999953606053014, 
        "cache-05": 4
    }, 
    "57": {
        "cache-04": 4.999953606053014, 
        "cache-05": 4
    }, 
    "58": {
        "cache-04": 4.999953606053014, 
        "cache-05": 4
    }, 
    "59": {
        "cache-04": 4.999953606053014, 
        "cache-05": 4
    }, 
    "60": {
        "cache-04": 4.999953606053014, 
        "cache-05": 4
    }, 
    "61": {
        "cache-04": 4.999953606053014, 
        "cache-05": 4
    }, 
    "62": {
        "cache-04": 4.999953606053014, 
        "cache-05": 4
    }, 
    "63": {
        "cache-04": 4.999953606053014, 
        "cache-05": 4
    }, 
    "64": {
        "cache-04": 4.999953606053014, 
        "cache-05": 4
    }, 
    "65": {
        "cache-04": 4.999953606053014, 
        "cache-05": 4
    }, 
    "66": {
        "cache-04": 4.999953606053014, 
        "cache-05": 4
    }, 
    "67": {
        "cache-04": 4.999953606053014, 
        "cache-05": 4
    }, 
    "68": {
        "cache-04": 4.999953606053014, 
        "cache-05": 4
    }, 
    "69": {
        "cache-04": 4.999953606053014, 
        "cache-05": 4
    }, 
    "70": {
        "cache-04": 4.999953606053014, 
        "cache-05": 4
    }, 
    "71": {
        "cache-04": 4.999953606053014, 
        "cache-05": 4
    }, 
    "72": {
        "cache-04": 4.999953606053014, 
        "cache-05": 4
    }, 
    "73": {
        "cache-04": 4.999953606053014, 
        "cache-05": 4
    }, 
    "74": {
        "cache-04": 4.999953606053014, 
        "cache-05": 4
    }, 
    "75": {
        "cache-04": 4.999953606053014, 
        "cache-05": 4
    }, 
    "76": {
        "cache-04": 4.999953606053014, 
        "cache-05": 4
    }, 
    "77": {
        "cache-04": 4.999953606053014, 
        "cache-05": 4
    }, 
    "78": {
        "cache-04": 4.999953606053014, 
        "cache-05": 4
    }, 
    "79": {
        "cache-04": 4.999953606053014, 
        "cache-05": 4
    }, 
    "80": {
        "cache-04": 4.999953606053014, 
        "cache-05": 4
    }, 
    "81": {
        "cache-04": 4.999953606053014, 
        "cache-05": 4
    }, 
    "82": {
        "cache-04": 4.999953606053014, 
        "cache-05": 4
    }, 
    "83": {
        "cache-04": 4.999953606053014, 
        "cache-05": 4
    }, 
    "84": {
        "cache-04": 4.999953606053014, 
        "cache-05": 4
    }, 
    "85": {
        "cache-04": 4.999953606053014, 
        "cache-05": 4
    }, 
    "86": {
        "cache-04": 4.999953606053014, 
        "cache-05": 4
    }, 
    "87": {
        "cache-04": 4.999953606053014, 
        "cache-05": 4
    }, 
    "88": {
        "cache-04": 4.999953606053014, 
        "cache-05": 4
    }, 
    "89": {
        "cache-04": 4.999953606053014, 
        "cache-05": 4
    }, 
    "90": {
        "cache-04": 4.999953606053014, 
        "cache-05": 4
    }, 
    "91": {
        "cache-04": 4.999953606053014, 
        "cache-05": 4
    }, 
    "92": {
        "cache-04": 4.999953606053014, 
        "cache-05": 4
    }, 
    "93": {
        "cache-04": 4.999953606053014, 
        "cache-05": 4
    }, 
    "94": {
        "cache-04": 4.999953606053014, 
        "cache-05": 4
    }, 
    "95": {
        "cache-04": 4.999953606053014, 
        "cache-05": 4
    }, 
    "96": {
        "cache-04": 4.999953606053014, 
        "cache-05": 4
    }, 
    "97": {
        "cache-04": 4.999953606053014,