{
    "0": {
        "cache-08": 4.0, 
        "cache-09": 4.720403126092236
    }, 
    "1": {
        "cache-08": 4.0, 
        "cache-09": 4.720403126092236
    }, 
    "2": {
        "cache-08": 4.0, 
        "cache-09": 4.720403126092236
    }, 
    "3": {
        "cache-08": 4.0, 
        "cache-09": 4.720403126092236
    }, 
    "4": {
        "cache-08": 4.0, 
        "cache-09": 4.720403126092236
    }, 
    "5": {
        "cache-08": 4.0, 
        "cache-09": 4.720403126092236
    }, 
    "6": {
        "cache-08": 4.0, 
        "cache-09": 4.720403126092236
    }, 
    "7": {
        "cache-08": 4.0, 
        "cache-09": 4.720403126092236
    }, 
    "8": {
        "cache-08": 4.0, 
        "cache-09": 4.720403126092236
    }, 
    "9": {
        "cache-08": 4.0, 
        "cache-09": 4.720403126092236
    }, 
    "10": {
        "cache-08": 4.0, 
        "cache-09": 4.720403126092236
    }, 
    "11": {
        "cache-08": 4.0, 
        "cache-09": 3.8471906419438326
    }, 
    "12": {
        "cache-08": 4.0, 
        "cache-09": 3.8471906419438326
    }, 
    "13": {
        "cache-08": 4.0, 
        "cache-09": 3.8471906419438326
    }, 
    "14": {
        "cache-08": 4.0, 
        "cache-09": 3.8471906419438326
    }, 
    "15": {
        "cache-08": 4.0, 
        "cache-09": 3.8471906419438326
    }, 
    "16": {
        "cache-08": 4.0, 
        "cache-09": 3.8471906419438326
    }, 
    "17": {
        "cache-08": 4.0, 
        "cache-09": 3.8471906419438326
    }, 
    "18": {
        "cache-08": 4.0, 
        "cache-09": 3.8471906419438326
    }, 
    "19": {
        "cache-08": 4.0, 
        "cache-09": 3.8471906419438326
    }, 
    "20": {
        "cache-08": 4.0, 
        "cache-09": 3.8471906419438326
    }, 
    "21": {
        "cache-08": 3.509555227464581, 
        "cache-09": 3.519687825386773
    }, 
    "22": {
        "cache-08": 3.509555227464581, 
        "cache-09": 3.519687825386773
    }, 
    "23": {
        "cache-08": 3.509555227464581, 
        "cache-09": 3.519687825386773
    }, 
    "24": {
        "cache-08": 3.509555227464581, 
        "cache-09": 3.519687825386773
    }, 
    "25": {
        "cache-08": 3.509555227464581, 
        "cache-09": 3.519687825386773
    }, 
    "26": {
        "cache-08": 3.509555227464581, 
        "cache-09": 3.519687825386773
    }, 
    "27": {
        "cache-08": 3.509555227464581, 
        "cache-09": 3.519687825386773
    }, 
    "28": {
        "cache-08": 3.509555227464581, 
        "cache-09": 3.519687825386773
    }, 
    "29": {
        "cache-08": 3.509555227464581, 
        "cache-09": 3.519687825386773
    }, 
    "30": {
        "cache-08": 3.509555227464581, 
        "cache-09": 3.519687825386773
    }, 
    "31": {
        "cache-08": 3.5212922996422034, 
        "cache-09": 3.629995572535981
    }, 
    "32": {
        "cache-08": 3.5212922996422034, 
        "cache-09": 3.629995572535981
    }, 
    "33": {
        "cache-08": 3.5212922996422034, 
        "cache-09": 3.629995572535981
    }, 
    "34": {
        "cache-08": 3.5212922996422034, 
        "cache-09": 3.629995572535981
    }, 
    "35": {
        "cache-08": 3.5212922996422034, 
        "cache-09": 3.629995572535981
    }, 
    "36": {
        "cache-08": 3.5212922996422034, 
        "cache-09": 3.629995572535981
    }, 
    "37": {
        "cache-08": 3.5212922996422034, 
        "cache-09": 3.629995572535981
    }, 
    "38": {
        "cache-08": 3.5212922996422034, 
        "cache-09": 3.629995572535981
    }, 
    "39": {
        "cache-08": 3.5212922996422034, 
        "cache-09": 3.629995572535981
    }, 
    "40": {
        "cache-08": 3.5212922996422034, 
        "cache-09": 3.629995572535981
    }, 
    "41": {
        "cache-08": 3.265564518095937, 
        "cache-09": 3.7879701066330824
    }, 
    "42": {
        "cache-08": 3.265564518095937, 
        "cache-09": 3.7879701066330824
    }, 
    "43": {
        "cache-08": 3.265564518095937, 
        "cache-09": 3.7879701066330824
    }, 
    "44": {
        "cache-08": 3.265564518095937, 
        "cache-09": 3.7879701066330824
    }, 
    "45": {
        "cache-08": 3.265564518095937, 
        "cache-09": 3.7879701066330824
    }, 
    "46": {
        "cache-08": 3.265564518095937, 
        "cache-09": 3.7879701066330824
    }, 
    "47": {
        "cache-08": 3.265564518095937, 
        "cache-09": 3.7879701066330824
    }, 
    "48": {
        "cache-08": 3.265564518095937, 
        "cache-09": 3.7879701066330824
    }, 
    "49": {
        "cache-08": 3.265564518095937, 
        "cache-09": 3.7879701066330824
    }, 
    "50": {
        "cache-08": 3.265564518095937, 
        "cache-09": 3.7879701066330824
    }, 
    "51": {
        "cache-08": 3.5183141875062542, 
        "cache-09": 3.4631417614765594
    }, 
    "52": {
        "cache-08": 3.5183141875062542, 
        "cache-09": 3.4631417614765594
    }, 
    "53": {
        "cache-08": 3.5183141875062542, 
        "cache-09": 3.4631417614765594
    }, 
    "54": {
        "cache-08": 3.5183141875062542, 
        "cache-09": 3.4631417614765594
    }, 
    "55": {
        "cache-08": 3.5183141875062542, 
        "cache-09": 3.4631417614765594
    }, 
    "56": {
        "cache-08": 3.5183141875062542, 
        "cache-09": 3.4631417614765594
    }, 
    "57": {
        "cache-08": 3.5183141875062542, 
        "cache-09": 3.4631417614765594
    }, 
    "58": {
        "cache-08": 3.5183141875062542, 
        "cache-09": 3.4631417614765594
    }, 
    "59": {
        "cache-08": 3.5183141875062542, 
        "cache-09": 3.4631417614765594
    }, 
    "60": {
        "cache-08": 3.5183141875062542, 
        "cache-09": 3.4631417614765594
    }, 
    "61": {
        "cache-08": 3.4643252278031618, 
        "cache-09": 3.4749495420328484
    }, 
    "62": {
        "cache-08": 3.4643252278031618, 
        "cache-09": 3.4749495420328484
    }, 
    "63": {
        "cache-08": 3.4643252278031618, 
        "cache-09": 3.4749495420328484
    }, 
    "64": {
        "cache-08": 3.4643252278031618, 
        "cache-09": 3.4749495420328484
    }, 
    "65": {
        "cache-08": 3.4643252278031618, 
        "cache-09": 3.4749495420328484
    }, 
    "66": {
        "cache-08": 3.4643252278031618, 
        "cache-09": 3.4749495420328484
    }, 
    "67": {
        "cache-08": 3.4643252278031618, 
        "cache-09": 3.4749495420328484
    }, 
    "68": {
        "cache-08": 3.4643252278031618, 
        "cache-09": 3.4749495420328484
    }, 
    "69": {
        "cache-08": 3.4643252278031618, 
        "cache-09": 3.4749495420328484
    }, 
    "70": {
        "cache-08": 3.4643252278031618, 
        "cache-09": 3.4749495420328484
    }, 
    "71": {
        "cache-08": 3.5104511390480577, 
        "cache-09": 3.6231158323193187
    }, 
    "72": {
        "cache-08": 3.5104511390480577, 
        "cache-09": 3.6231158323193187
    }, 
    "73": {
        "cache-08": 3.5104511390480577, 
        "cache-09": 3.6231158323193187
    }, 
    "74": {
        "cache-08": 3.5104511390480577, 
        "cache-09": 3.6231158323193187
    }, 
    "75": {
        "cache-08": 3.5104511390480577, 
        "cache-09": 3.6231158323193187
    }, 
    "76": {
        "cache-08": 3.5104511390480577, 
        "cache-09": 3.6231158323193187
    }, 
    "77": {
        "cache-08": 3.5104511390480577, 
        "cache-09": 3.6231158323193187
    }, 
    "78": {
        "cache-08": 3.5104511390480577, 
        "cache-09": 3.6231158323193187
    }, 
    "79": {
        "cache-08": 3.5104511390480577, 
        "cache-09": 3.6231158323193187
    }, 
    "80": {
        "cache-08": 3.5104511390480577, 
        "cache-09": 3.6231158323193187
    }, 
    "81": {
        "cache-08": 3.516446435601736, 
        "cache-09": 3.4960841067129995
    }, 
    "82": {
        "cache-08": 3.516446435601736, 
        "cache-09": 3.4960841067129995
    }, 
    "83": {
        "cache-08": 3.516446435601736,