{
    "0": {
        "cache-12": 4, 
        "cache-14": 3.75
    }, 
    "1": {
        "cache-12": 4, 
        "cache-14": 3.3598729221327375
    }, 
    "2": {
        "cache-12": 4, 
        "cache-14": 3.3996823053318437
    }, 
    "3": {
        "cache-12": 4, 
        "cache-14": 3.556978848813848
    }, 
    "4": {
        "cache-12": 4, 
        "cache-14": 3.498235268672399
    }, 
    "5": {
        "cache-12": 4, 
        "cache-14": 3.779348593097232
    }, 
    "6": {
        "cache-12": 4.247723148090548, 
        "cache-14": 3.779348593097232
    }, 
    "7": {
        "cache-12": 4.371584722135823, 
        "cache-14": 3.779348593097232
    }, 
    "8": {
        "cache-12": 4.330036937208042, 
        "cache-14": 3.779348593097232
    }, 
    "9": {
        "cache-12": 4.195249427365053, 
        "cache-14": 3.779348593097232
    }, 
    "10": {
        "cache-12": 4.127855672443559, 
        "cache-14": 3.779348593097232
    }, 
    "11": {
        "cache-12": 4.094158794982812, 
        "cache-14": 3.779348593097232
    }, 
    "12": {
        "cache-12": 3.9042170936393323, 
        "cache-14": 3.779348593097232
    }, 
    "13": {
        "cache-12": 3.8092462429675926, 
        "cache-14": 3.779348593097232
    }, 
    "14": {
        "cache-12": 3.7617608176317225, 
        "cache-14": 3.779348593097232
    }, 
    "15": {
        "cache-12": 3.7617608176317225, 
        "cache-14": 4.033918872688746
    }, 
    "16": {
        "cache-12": 3.7617608176317225, 
        "cache-14": 4.264682584434921
    }, 
    "17": {
        "cache-12": 3.7617608176317225, 
        "cache-14": 4.276585868357591
    }, 
    "18": {
        "cache-12": 3.7617608176317225, 
        "cache-14": 3.9954306303267217
    }, 
    "19": {
        "cache-12": 3.7617608176317225, 
        "cache-14": 4.027946273924393
    }, 
    "20": {
        "cache-12": 3.7617608176317225, 
        "cache-14": 4.044204095723229
    }, 
    "21": {
        "cache-12": 3.7617608176317225, 
        "cache-14": 3.8792397440095407
    }, 
    "22": {
        "cache-12": 3.7617608176317225, 
        "cache-14": 3.796757568152697
    }, 
    "23": {
        "cache-12": 3.7617608176317225, 
        "cache-14": 3.7555164802242746
    }, 
    "24": {
        "cache-12": 3.9111113675768934, 
        "cache-14": 3.7555164802242746
    }, 
    "25": {
        "cache-12": 3.985786642549479, 
        "cache-14": 3.7555164802242746
    }, 
    "26": {
        "cache-12": 3.8500310174226655, 
        "cache-14": 3.7555164802242746
    }, 
    "27": {
        "cache-12": 3.782153204859259, 
        "cache-14": 3.7555164802242746
    }, 
    "28": {
        "cache-12": 3.7482142985775555, 
        "cache-14": 3.7555164802242746
    }, 
    "29": {
        "cache-12": 3.7482142985775555, 
        "cache-14": 3.5975040843776123
    }, 
    "30": {
        "cache-12": 4.018351725428908, 
        "cache-14": 3.5975040843776123
    }, 
    "31": {
        "cache-12": 3.8663135588623803, 
        "cache-14": 3.5975040843776123
    }, 
    "32": {
        "cache-12": 3.652902623696665, 
        "cache-14": 3.5975040843776123
    }, 
    "33": {
        "cache-12": 3.6835890079962588, 
        "cache-14": 3.5975040843776123
    }, 
    "34": {
        "cache-12": 3.6989322001460554, 
        "cache-14": 3.5975040843776123
    }, 
    "35": {
        "cache-12": 3.5692119443385026, 
        "cache-14": 3.5975040843776123
    }, 
    "36": {
        "cache-12": 3.5692119443385026, 
        "cache-14": 3.9429966183289364
    }, 
    "37": {
        "cache-12": 3.5692119443385026, 
        "cache-14": 4.0017292679255005
    }, 
    "38": {
        "cache-12": 3.5692119443385026, 
        "cache-14": 4.031095592723783
    }, 
    "39": {
        "cache-12": 3.5692119443385026, 
        "cache-14": 3.8726854925098175
    }, 
    "40": {
        "cache-12": 3.5692119443385026, 
        "cache-14": 3.793480442402835
    }, 
    "41": {
        "cache-12": 3.5692119443385026, 
        "cache-14": 3.7538779173493437
    }, 
    "42": {
        "cache-12": 3.5692119443385026, 
        "cache-14": 3.734076654822598
    }, 
    "43": {
        "cache-12": 3.5692119443385026, 
        "cache-14": 3.724176023559225
    }, 
    "44": {
        "cache-12": 3.5692119443385026, 
        "cache-14": 3.7192257079275386
    }, 
    "45": {
        "cache-12": 3.5692119443385026, 
        "cache-14": 3.5793586982292442
    }, 
    "46": {
        "cache-12": 3.5692119443385026, 
        "cache-14": 3.6468170452625484
    }, 
    "47": {
        "cache-12": 3.5692119443385026, 
        "cache-14": 3.543154366896749
    }, 
    "48": {
        "cache-12": 3.5043518164347263, 
        "cache-14": 3.543154366896749
    }, 
    "49": {
        "cache-12": 3.5043518164347263, 
        "cache-14": 3.4913230277138494
    }, 
    "50": {
        "cache-12": 3.8964204843574937, 
        "cache-14": 3.4913230277138494
    }, 
    "51": {
        "cache-12": 3.805347938326673, 
        "cache-14": 3.4913230277138494
    }, 
    "52": {
        "cache-12": 3.6224198134288113, 
        "cache-14": 3.4913230277138494
    }, 
    "53": {
        "cache-12": 3.5309557509798806, 
        "cache-14": 3.4913230277138494
    }, 
    "54": {
        "cache-12": 3.2503507976226778, 
        "cache-14": 3.4913230277138494
    }, 
    "55": {
        "cache-12": 3.2503507976226778, 
        "cache-14": 3.4654073581223996
    }, 
    "56": {
        "cache-12": 3.2503507976226778, 
        "cache-14": 3.589841375209126
    }, 
    "57": {
        "cache-12": 3.2503507976226778, 
        "cache-14": 3.652058383752489
    }, 
    "58": {
        "cache-12": 3.2503507976226778, 
        "cache-14": 3.5457750361417197
    }, 
    "59": {
        "cache-12": 3.2503507976226778, 
        "cache-14": 3.630025214218786
    }, 
    "60": {
        "cache-12": 3.2503507976226778, 
        "cache-14": 3.672150303257319
    }, 
    "61": {
        "cache-12": 3.2503507976226778, 
        "cache-14": 3.866306110389692
    }, 
    "62": {
        "cache-12": 3.2503507976226778, 
        "cache-14": 3.790290751342772
    }, 
    "63": {
        "cache-12": 3.2503507976226778, 
        "cache-14": 3.614891219936861
    }, 
    "64": {
        "cache-12": 3.2503507976226778, 
        "cache-14": 3.5271914542339053
    }, 
    "65": {
        "cache-12": 3.2503507976226778, 
        "cache-14": 3.483341571382428
    }, 
    "66": {
        "cache-12": 3.2503507976226778, 
        "cache-14": 3.461416629956689
    }, 
    "67": {
        "cache-12": 3.2503507976226778, 
        "cache-14": 3.4504541592438196
    }, 
    "68": {
        "cache-12": 3.2503507976226778, 
        "cache-14": 3.4449729238873847
    }, 
    "69": {
        "cache-12": 3.2503507976226778, 
        "cache-14": 3.579624158091619
    }, 
    "70": {
        "cache-12": 3.2503507976226778, 
        "cache-14": 3.6469497751937356
    }, 
    "71": {
        "cache-12": 3.2503507976226778, 
        "cache-14": 3.543220731862343
    }, 
    "72": {
        "cache-12": 3.2503507976226778, 
        "cache-14": 3.4913562101966464
    }, 
    "73": {
        "cache-12": 3.2503507976226778, 
        "cache-14": 3.465423949363798
    }, 
    "74": {
        "cache-12": 3.2503507976226778, 
        "cache-14": 3.452457818947374
    }, 
    "75": {
        "cache-12": 3.2503507976226778, 
        "cache-14": 3.445974753739162
    }, 
    "76": {
        "cache-12": 3.2503507976226778, 
        "cache-14": 3.4427332211350556
    }, 
    "77": {
        "cache-12": 3.2503507976226778, 
        "cache-14": 3.4411124548330028
    }, 
    "78": {
        "cache-12": 3.2503507976226778, 
        "cache-14": 3.205429149549239
    }, 
    "79": {
        "cache-12": 3.344921243076814, 
        "cache-14": 3.205429149549239
    }, 
    "80": {
        "cache-12": 3.392206465803882, 
        "cache-14": 3.205429149549239
    }, 
    "81": {
        "cache-12": 3.1809761550346787,