{
    "0": {
        "cache-14": 4.9982402653148075, 
        "cache-15": 4.0
    }, 
    "1": {
        "cache-14": 4.9982402653148075, 
        "cache-15": 4.0
    }, 
    "2": {
        "cache-14": 4.9982402653148075, 
        "cache-15": 4.0
    }, 
    "3": {
        "cache-14": 4.9982402653148075, 
        "cache-15": 4.0
    }, 
    "4": {
        "cache-14": 4.9982402653148075, 
        "cache-15": 4.0
    }, 
    "5": {
        "cache-14": 4.9982402653148075, 
        "cache-15": 4.0
    }, 
    "6": {
        "cache-14": 4.9982402653148075, 
        "cache-15": 4.0
    }, 
    "7": {
        "cache-14": 4.9982402653148075, 
        "cache-15": 4.0
    }, 
    "8": {
        "cache-14": 4.9982402653148075, 
        "cache-15": 4.0
    }, 
    "9": {
        "cache-14": 4.9982402653148075, 
        "cache-15": 4.0
    }, 
    "10": {
        "cache-14": 4.9982402653148075, 
        "cache-15": 4.0
    }, 
    "11": {
        "cache-14": 4.391024222426648, 
        "cache-15": 4.0
    }, 
    "12": {
        "cache-14": 4.391024222426648, 
        "cache-15": 4.0
    }, 
    "13": {
        "cache-14": 4.391024222426648, 
        "cache-15": 4.0
    }, 
    "14": {
        "cache-14": 4.391024222426648, 
        "cache-15": 4.0
    }, 
    "15": {
        "cache-14": 4.391024222426648, 
        "cache-15": 4.0
    }, 
    "16": {
        "cache-14": 4.391024222426648, 
        "cache-15": 4.0
    }, 
    "17": {
        "cache-14": 4.391024222426648, 
        "cache-15": 4.0
    }, 
    "18": {
        "cache-14": 4.391024222426648, 
        "cache-15": 4.0
    }, 
    "19": {
        "cache-14": 4.391024222426648, 
        "cache-15": 4.0
    }, 
    "20": {
        "cache-14": 4.391024222426648, 
        "cache-15": 4.0
    }, 
    "21": {
        "cache-14": 3.882946113271633, 
        "cache-15": 4.517287197068497
    }, 
    "22": {
        "cache-14": 3.882946113271633, 
        "cache-15": 4.517287197068497
    }, 
    "23": {
        "cache-14": 3.882946113271633, 
        "cache-15": 4.517287197068497
    }, 
    "24": {
        "cache-14": 3.882946113271633, 
        "cache-15": 4.517287197068497
    }, 
    "25": {
        "cache-14": 3.882946113271633, 
        "cache-15": 4.517287197068497
    }, 
    "26": {
        "cache-14": 3.882946113271633, 
        "cache-15": 4.517287197068497
    }, 
    "27": {
        "cache-14": 3.882946113271633, 
        "cache-15": 4.517287197068497
    }, 
    "28": {
        "cache-14": 3.882946113271633, 
        "cache-15": 4.517287197068497
    }, 
    "29": {
        "cache-14": 3.882946113271633, 
        "cache-15": 4.517287197068497
    }, 
    "30": {
        "cache-14": 3.882946113271633, 
        "cache-15": 4.517287197068497
    }, 
    "31": {
        "cache-14": 4.152003642713366, 
        "cache-15": 4.934360075984404
    }, 
    "32": {
        "cache-14": 4.152003642713366, 
        "cache-15": 4.934360075984404
    }, 
    "33": {
        "cache-14": 4.152003642713366, 
        "cache-15": 4.934360075984404
    }, 
    "34": {
        "cache-14": 4.152003642713366, 
        "cache-15": 4.934360075984404
    }, 
    "35": {
        "cache-14": 4.152003642713366, 
        "cache-15": 4.934360075984404
    }, 
    "36": {
        "cache-14": 4.152003642713366, 
        "cache-15": 4.934360075984404
    }, 
    "37": {
        "cache-14": 4.152003642713366, 
        "cache-15": 4.934360075984404
    }, 
    "38": {
        "cache-14": 4.152003642713366, 
        "cache-15": 4.934360075984404
    }, 
    "39": {
        "cache-14": 4.152003642713366, 
        "cache-15": 4.934360075984404
    }, 
    "40": {
        "cache-14": 4.152003642713366, 
        "cache-15": 4.934360075984404
    }, 
    "41": {
        "cache-14": 3.770226006619839, 
        "cache-15": 4.301743037535289
    }, 
    "42": {
        "cache-14": 3.770226006619839, 
        "cache-15": 4.301743037535289
    }, 
    "43": {
        "cache-14": 3.770226006619839, 
        "cache-15": 4.301743037535289
    }, 
    "44": {
        "cache-14": 3.770226006619839, 
        "cache-15": 4.301743037535289
    }, 
    "45": {
        "cache-14": 3.770226006619839, 
        "cache-15": 4.301743037535289
    }, 
    "46": {
        "cache-14": 3.770226006619839, 
        "cache-15": 4.301743037535289
    }, 
    "47": {
        "cache-14": 3.770226006619839, 
        "cache-15": 4.301743037535289
    }, 
    "48": {
        "cache-14": 3.770226006619839, 
        "cache-15": 4.301743037535289
    }, 
    "49": {
        "cache-14": 3.770226006619839, 
        "cache-15": 4.301743037535289
    }, 
    "50": {
        "cache-14": 3.770226006619839, 
        "cache-15": 4.301743037535289
    }, 
    "51": {
        "cache-14": 3.8961403220646096, 
        "cache-15": 4.559356750377847
    }, 
    "52": {
        "cache-14": 3.8961403220646096, 
        "cache-15": 4.559356750377847
    }, 
    "53": {
        "cache-14": 3.8961403220646096, 
        "cache-15": 4.559356750377847
    }, 
    "54": {
        "cache-14": 3.8961403220646096, 
        "cache-15": 4.559356750377847
    }, 
    "55": {
        "cache-14": 3.8961403220646096, 
        "cache-15": 4.559356750377847
    }, 
    "56": {
        "cache-14": 3.8961403220646096, 
        "cache-15": 4.559356750377847
    }, 
    "57": {
        "cache-14": 3.8961403220646096, 
        "cache-15": 4.559356750377847
    }, 
    "58": {
        "cache-14": 3.8961403220646096, 
        "cache-15": 4.559356750377847
    }, 
    "59": {
        "cache-14": 3.8961403220646096, 
        "cache-15": 4.559356750377847
    }, 
    "60": {
        "cache-14": 3.8961403220646096, 
        "cache-15": 4.559356750377847
    }, 
    "61": {
        "cache-14": 4.018754704899963, 
        "cache-15": 4.657114405470368
    }, 
    "62": {
        "cache-14": 4.018754704899963, 
        "cache-15": 4.657114405470368
    }, 
    "63": {
        "cache-14": 4.018754704899963, 
        "cache-15": 4.657114405470368
    }, 
    "64": {
        "cache-14": 4.018754704899963, 
        "cache-15": 4.657114405470368
    }, 
    "65": {
        "cache-14": 4.018754704899963, 
        "cache-15": 4.657114405470368
    }, 
    "66": {
        "cache-14": 4.018754704899963, 
        "cache-15": 4.657114405470368
    }, 
    "67": {
        "cache-14": 4.018754704899963, 
        "cache-15": 4.657114405470368
    }, 
    "68": {
        "cache-14": 4.018754704899963, 
        "cache-15": 4.657114405470368
    }, 
    "69": {
        "cache-14": 4.018754704899963, 
        "cache-15": 4.657114405470368
    }, 
    "70": {
        "cache-14": 4.018754704899963, 
        "cache-15": 4.657114405470368
    }, 
    "71": {
        "cache-14": 4.0258059092766345, 
        "cache-15": 4.105840743211292
    }, 
    "72": {
        "cache-14": 4.0258059092766345, 
        "cache-15": 4.105840743211292
    }, 
    "73": {
        "cache-14": 4.0258059092766345, 
        "cache-15": 4.105840743211292
    }, 
    "74": {
        "cache-14": 4.0258059092766345, 
        "cache-15": 4.105840743211292
    }, 
    "75": {
        "cache-14": 4.0258059092766345, 
        "cache-15": 4.105840743211292
    }, 
    "76": {
        "cache-14": 4.0258059092766345, 
        "cache-15": 4.105840743211292
    }, 
    "77": {
        "cache-14": 4.0258059092766345, 
        "cache-15": 4.105840743211292
    }, 
    "78": {
        "cache-14": 4.0258059092766345, 
        "cache-15": 4.105840743211292
    }, 
    "79": {
        "cache-14": 4.0258059092766345, 
        "cache-15": 4.105840743211292
    }, 
    "80": {
        "cache-14": 4.0258059092766345, 
        "cache-15": 4.105840743211292
    }, 
    "81": {
        "cache-14": 4.3119698345604345, 
        "cache-15": 4.232834918623563
    }, 
    "82": {
        "cache-14": 4.3119698345604345, 
        "cache-15": 4.232834918623563
    }, 
    "83": {
        "cache-14": 4.3119698345604345, 
        "cache-15": 4.232834918623563
    },