{
    "0": {
        "cache-02": 4, 
        "cache-05": 3.75
    }, 
    "1": {
        "cache-02": 4, 
        "cache-05": 4.01924457614013
    }, 
    "2": {
        "cache-02": 4, 
        "cache-05": 4.509599091096572
    }, 
    "3": {
        "cache-02": 4, 
        "cache-05": 4.754776348574794
    }, 
    "4": {
        "cache-02": 4, 
        "cache-05": 4.8773649773139045
    }, 
    "5": {
        "cache-02": 4, 
        "cache-05": 4.938659291683459
    }, 
    "6": {
        "cache-02": 4, 
        "cache-05": 4.969306448868236
    }, 
    "7": {
        "cache-02": 4, 
        "cache-05": 4.984630027460625
    }, 
    "8": {
        "cache-02": 4, 
        "cache-05": 4.99229181675682
    }, 
    "9": {
        "cache-02": 4, 
        "cache-05": 4.996122711404917
    }, 
    "10": {
        "cache-02": 4, 
        "cache-05": 4.998038158728965
    }, 
    "11": {
        "cache-02": 4, 
        "cache-05": 4.9989958823909895
    }, 
    "12": {
        "cache-02": 4, 
        "cache-05": 4.999474744222002
    }, 
    "13": {
        "cache-02": 4, 
        "cache-05": 4.999714175137509
    }, 
    "14": {
        "cache-02": 4, 
        "cache-05": 4.999833890595262
    }, 
    "15": {
        "cache-02": 4, 
        "cache-05": 4.999893748324139
    }, 
    "16": {
        "cache-02": 4, 
        "cache-05": 4.999923677188576
    }, 
    "17": {
        "cache-02": 4, 
        "cache-05": 4.999938641620796
    }, 
    "18": {
        "cache-02": 4, 
        "cache-05": 4.999946123836905
    }, 
    "19": {
        "cache-02": 4, 
        "cache-05": 4.999949864944959
    }, 
    "20": {
        "cache-02": 4, 
        "cache-05": 4.999951735498987
    }, 
    "21": {
        "cache-02": 4, 
        "cache-05": 4.9999526707760005
    }, 
    "22": {
        "cache-02": 4, 
        "cache-05": 4.999953138414508
    }, 
    "23": {
        "cache-02": 4, 
        "cache-05": 4.999953372233762
    }, 
    "24": {
        "cache-02": 4, 
        "cache-05": 4.9999534891433886
    }, 
    "25": {
        "cache-02": 4, 
        "cache-05": 4.999953547598201
    }, 
    "26": {
        "cache-02": 4, 
        "cache-05": 4.999953576825607
    }, 
    "27": {
        "cache-02": 4, 
        "cache-05": 4.999953591439311
    }, 
    "28": {
        "cache-02": 4, 
        "cache-05": 4.999953598746163
    }, 
    "29": {
        "cache-02": 4, 
        "cache-05": 4.999953602399589
    }, 
    "30": {
        "cache-02": 4, 
        "cache-05": 4.999953604226302
    }, 
    "31": {
        "cache-02": 4, 
        "cache-05": 4.999953605139659
    }, 
    "32": {
        "cache-02": 4, 
        "cache-05": 4.999953605596337
    }, 
    "33": {
        "cache-02": 4, 
        "cache-05": 4.999953605824675
    }, 
    "34": {
        "cache-02": 4, 
        "cache-05": 4.999953605938845
    }, 
    "35": {
        "cache-02": 4, 
        "cache-05": 4.99995360599593
    }, 
    "36": {
        "cache-02": 4, 
        "cache-05": 4.999953606024473
    }, 
    "37": {
        "cache-02": 4, 
        "cache-05": 4.999953606038744
    }, 
    "38": {
        "cache-02": 4, 
        "cache-05": 4.99995360604588
    }, 
    "39": {
        "cache-02": 4, 
        "cache-05": 4.999953606049447
    }, 
    "40": {
        "cache-02": 4, 
        "cache-05": 4.99995360605123
    }, 
    "41": {
        "cache-02": 4, 
        "cache-05": 4.999953606052122
    }, 
    "42": {
        "cache-02": 4, 
        "cache-05": 4.999953606052568
    }, 
    "43": {
        "cache-02": 4, 
        "cache-05": 4.999953606052792
    }, 
    "44": {
        "cache-02": 4, 
        "cache-05": 4.9999536060529035
    }, 
    "45": {
        "cache-02": 4, 
        "cache-05": 4.999953606052959
    }, 
    "46": {
        "cache-02": 4, 
        "cache-05": 4.999953606052987
    }, 
    "47": {
        "cache-02": 4, 
        "cache-05": 4.999953606053001
    }, 
    "48": {
        "cache-02": 4, 
        "cache-05": 4.999953606053008
    }, 
    "49": {
        "cache-02": 4, 
        "cache-05": 4.999953606053012
    }, 
    "50": {
        "cache-02": 4, 
        "cache-05": 4.999953606053014
    }, 
    "51": {
        "cache-02": 4, 
        "cache-05": 4.999953606053014
    }, 
    "52": {
        "cache-02": 4, 
        "cache-05": 4.999953606053014
    }, 
    "53": {
        "cache-02": 4, 
        "cache-05": 4.999953606053014
    }, 
    "54": {
        "cache-02": 4, 
        "cache-05": 4.999953606053014
    }, 
    "55": {
        "cache-02": 4, 
        "cache-05": 4.999953606053014
    }, 
    "56": {
        "cache-02": 4, 
        "cache-05": 4.999953606053014
    }, 
    "57": {
        "cache-02": 4, 
        "cache-05": 4.999953606053014
    }, 
    "58": {
        "cache-02": 4, 
        "cache-05": 4.999953606053014
    }, 
    "59": {
        "cache-02": 4, 
        "cache-05": 4.999953606053014
    }, 
    "60": {
        "cache-02": 4, 
        "cache-05": 4.999953606053014
    }, 
    "61": {
        "cache-02": 4, 
        "cache-05": 4.999953606053014
    }, 
    "62": {
        "cache-02": 4, 
        "cache-05": 4.999953606053014
    }, 
    "63": {
        "cache-02": 4, 
        "cache-05": 4.999953606053014
    }, 
    "64": {
        "cache-02": 4, 
        "cache-05": 4.999953606053014
    }, 
    "65": {
        "cache-02": 4, 
        "cache-05": 4.999953606053014
    }, 
    "66": {
        "cache-02": 4, 
        "cache-05": 4.999953606053014
    }, 
    "67": {
        "cache-02": 4, 
        "cache-05": 4.999953606053014
    }, 
    "68": {
        "cache-02": 4, 
        "cache-05": 4.747699951117055
    }, 
    "69": {
        "cache-02": 4, 
        "cache-05": 4.873826778585035
    }, 
    "70": {
        "cache-02": 4, 
        "cache-05": 4.936890192319025
    }, 
    "71": {
        "cache-02": 4, 
        "cache-05": 4.968421899186019
    }, 
    "72": {
        "cache-02": 4, 
        "cache-05": 4.984187752619517
    }, 
    "73": {
        "cache-02": 4, 
        "cache-05": 4.9920706793362655
    }, 
    "74": {
        "cache-02": 4, 
        "cache-05": 4.9960121426946404
    }, 
    "75": {
        "cache-02": 4, 
        "cache-05": 4.997982874373827
    }, 
    "76": {
        "cache-02": 4, 
        "cache-05": 4.99896824021342
    }, 
    "77": {
        "cache-02": 4, 
        "cache-05": 4.999460923133217
    }, 
    "78": {
        "cache-02": 4, 
        "cache-05": 4.999707264593116
    }, 
    "79": {
        "cache-02": 4, 
        "cache-05": 4.999830435323066
    }, 
    "80": {
        "cache-02": 4, 
        "cache-05": 4.999892020688041
    }, 
    "81": {
        "cache-02": 4, 
        "cache-05": 4.999922813370528
    }, 
    "82": {
        "cache-02": 4, 
        "cache-05": 4.999938209711772
    }, 
    "83": {
        "cache-02": 4, 
        "cache-05": 4.999945907882394
    }, 
    "84": {
        "cache-02": 4, 
        "cache-05": 4.999949756967704
    }, 
    "85": {
        "cache-02": 4, 
        "cache-05": 4.999951681510359
    }, 
    "86": {
        "cache-02": 4, 
        "cache-05": 4.999952643781686
    }, 
    "87": {
        "cache-02": 4, 
        "cache-05": 4.999953124917351
    }, 
    "88": {
        "cache-02": 4, 
        "cache-05": 4.999953365485183
    }, 
    "89": {
        "cache-02": 4, 
        "cache-05": 4.999953485769099
    }, 
    "90": {
        "cache-02": 4, 
        "cache-05": 4.9999535459110565
    }, 
    "91": {
        "cache-02": 4, 
        "cache-05": 4.999953575982035
    }, 
    "92": {
        "cache-02": 4, 
        "cache-05": 4.999953591017524
    }, 
    "93": {
        "cache-02": 4, 
        "cache-05": 4.999953598535269
    }, 
    "94": {
        "cache-02": 4, 
        "cache-05": 4.999953602294141
    }, 
    "95": {
        "cache-02": 4, 
        "cache-05": 4.999953604173578
    }, 
    "96": {
        "cache-02": 4, 
        "cache-05": 4.999953605113296
    }, 
    "97": {
        "cache-02": 4,