{
    "0": {
        "cache-08": 3.75, 
        "cache-10": 4
    }, 
    "1": {
        "cache-08": 4.277495732776221, 
        "cache-10": 4
    }, 
    "2": {
        "cache-08": 4.638724669414618, 
        "cache-10": 4
    }, 
    "3": {
        "cache-08": 4.819339137733817, 
        "cache-10": 4
    }, 
    "4": {
        "cache-08": 4.909646371893416, 
        "cache-10": 4
    }, 
    "5": {
        "cache-08": 4.954799988973216, 
        "cache-10": 4
    }, 
    "6": {
        "cache-08": 4.977376797513115, 
        "cache-10": 4
    }, 
    "7": {
        "cache-08": 4.736411546847106, 
        "cache-10": 4
    }, 
    "8": {
        "cache-08": 4.512450349563683, 
        "cache-10": 4
    }, 
    "9": {
        "cache-08": 4.400469750921972, 
        "cache-10": 4
    }, 
    "10": {
        "cache-08": 4.447958023551534, 
        "cache-10": 4
    }, 
    "11": {
        "cache-08": 4.471702159866315, 
        "cache-10": 4
    }, 
    "12": {
        "cache-08": 4.380095656073288, 
        "cache-10": 4
    }, 
    "13": {
        "cache-08": 4.334292404176774, 
        "cache-10": 4
    }, 
    "14": {
        "cache-08": 4.3113907782285175, 
        "cache-10": 4
    }, 
    "15": {
        "cache-08": 4.55819112189048, 
        "cache-10": 4
    }, 
    "16": {
        "cache-08": 4.526818709035789, 
        "cache-10": 4
    }, 
    "17": {
        "cache-08": 4.511132502608443, 
        "cache-10": 4
    }, 
    "18": {
        "cache-08": 4.399810827444352, 
        "cache-10": 4
    }, 
    "19": {
        "cache-08": 4.699882216748684, 
        "cache-10": 4
    }, 
    "20": {
        "cache-08": 4.59766425646489, 
        "cache-10": 4
    }, 
    "21": {
        "cache-08": 4.5465552763229935, 
        "cache-10": 4
    }, 
    "22": {
        "cache-08": 4.417522214301627, 
        "cache-10": 4
    }, 
    "23": {
        "cache-08": 4.456484255241362, 
        "cache-10": 4
    }, 
    "24": {
        "cache-08": 4.475965275711229, 
        "cache-10": 4
    }, 
    "25": {
        "cache-08": 4.382227213995745, 
        "cache-10": 4
    }, 
    "26": {
        "cache-08": 4.335358183138003, 
        "cache-10": 4
    }, 
    "27": {
        "cache-08": 4.667655894595509, 
        "cache-10": 4
    }, 
    "28": {
        "cache-08": 4.833804750324262, 
        "cache-10": 4
    }, 
    "29": {
        "cache-08": 4.561146951302261, 
        "cache-10": 4
    }, 
    "30": {
        "cache-08": 4.424818051791261, 
        "cache-10": 4
    }, 
    "31": {
        "cache-08": 4.460132173986179, 
        "cache-10": 4
    }, 
    "32": {
        "cache-08": 4.730042890019597, 
        "cache-10": 4
    }, 
    "33": {
        "cache-08": 4.612744593100347, 
        "cache-10": 4
    }, 
    "34": {
        "cache-08": 4.554095444640722, 
        "cache-10": 4
    }, 
    "35": {
        "cache-08": 4.421292298460491, 
        "cache-10": 4
    }, 
    "36": {
        "cache-08": 4.710622952256752, 
        "cache-10": 4
    }, 
    "37": {
        "cache-08": 4.499556052268506, 
        "cache-10": 4
    }, 
    "38": {
        "cache-08": 4.394022602274383, 
        "cache-10": 4
    }, 
    "39": {
        "cache-08": 4.5995070339134125, 
        "cache-10": 4
    }, 
    "40": {
        "cache-08": 4.7997303199832135, 
        "cache-10": 4
    }, 
    "41": {
        "cache-08": 4.802360892767828, 
        "cache-10": 4
    }, 
    "42": {
        "cache-08": 4.545425022524045, 
        "cache-10": 4
    }, 
    "43": {
        "cache-08": 4.416957087402153, 
        "cache-10": 4
    }, 
    "44": {
        "cache-08": 4.708455346727584, 
        "cache-10": 4
    }, 
    "45": {
        "cache-08": 4.6019508214543405, 
        "cache-10": 4
    }, 
    "46": {
        "cache-08": 4.445219986867301, 
        "cache-10": 4
    }, 
    "47": {
        "cache-08": 4.252840952194683, 
        "cache-10": 4
    }, 
    "48": {
        "cache-08": 4.37414362418789, 
        "cache-10": 4
    }, 
    "49": {
        "cache-08": 4.687048615120452, 
        "cache-10": 4
    }, 
    "50": {
        "cache-08": 4.487768883700356, 
        "cache-10": 4
    }, 
    "51": {
        "cache-08": 4.491607589940727, 
        "cache-10": 4
    }, 
    "52": {
        "cache-08": 4.745780597996871, 
        "cache-10": 4
    }, 
    "53": {
        "cache-08": 4.775386031774657, 
        "cache-10": 4
    }, 
    "54": {
        "cache-08": 4.531937592027459, 
        "cache-10": 4
    }, 
    "55": {
        "cache-08": 4.41021337215386, 
        "cache-10": 4
    }, 
    "56": {
        "cache-08": 4.349351262217061, 
        "cache-10": 4
    }, 
    "57": {
        "cache-08": 4.674652434135037, 
        "cache-10": 4
    }, 
    "58": {
        "cache-08": 4.4815707932076485, 
        "cache-10": 4
    }, 
    "59": {
        "cache-08": 4.488508544694373, 
        "cache-10": 4
    }, 
    "60": {
        "cache-08": 4.388498848487316, 
        "cache-10": 4
    }, 
    "61": {
        "cache-08": 4.694226227270166, 
        "cache-10": 4
    }, 
    "62": {
        "cache-08": 4.491357689775214, 
        "cache-10": 4
    }, 
    "63": {
        "cache-08": 4.389923421027737, 
        "cache-10": 4
    }, 
    "64": {
        "cache-08": 4.339206286653999, 
        "cache-10": 4
    }, 
    "65": {
        "cache-08": 4.572098876103221, 
        "cache-10": 4
    }, 
    "66": {
        "cache-08": 4.533772586142159, 
        "cache-10": 4
    }, 
    "67": {
        "cache-08": 4.41113086921121, 
        "cache-10": 4
    }, 
    "68": {
        "cache-08": 4.349810010745735, 
        "cache-10": 4
    }, 
    "69": {
        "cache-08": 4.674881808399375, 
        "cache-10": 4
    }, 
    "70": {
        "cache-08": 4.739936636975909, 
        "cache-10": 4
    }, 
    "71": {
        "cache-08": 4.617691466578503, 
        "cache-10": 4
    }, 
    "72": {
        "cache-08": 4.711341466065472, 
        "cache-10": 4
    }, 
    "73": {
        "cache-08": 4.758166465808957, 
        "cache-10": 4
    }, 
    "74": {
        "cache-08": 4.7815789656806995, 
        "cache-10": 4
    }, 
    "75": {
        "cache-08": 4.638512630930898, 
        "cache-10": 4
    }, 
    "76": {
        "cache-08": 4.566979463555997, 
        "cache-10": 4
    }, 
    "77": {
        "cache-08": 4.427734307918129, 
        "cache-10": 4
    }, 
    "78": {
        "cache-08": 4.3581117300991945, 
        "cache-10": 4
    }, 
    "79": {
        "cache-08": 4.323300441189728, 
        "cache-10": 4
    }, 
    "80": {
        "cache-08": 4.305894796734995, 
        "cache-10": 4
    }, 
    "81": {
        "cache-08": 4.297191974507628, 
        "cache-10": 4
    }, 
    "82": {
        "cache-08": 4.648572790280321, 
        "cache-10": 4
    }, 
    "83": {
        "cache-08": 4.468530971280291, 
        "cache-10": 4
    }, 
    "84": {
        "cache-08": 4.3785100617802755, 
        "cache-10": 4
    }, 
    "85": {
        "cache-08": 4.436978178980686, 
        "cache-10": 4
    }, 
    "86": {
        "cache-08": 4.71846589251685, 
        "cache-10": 4
    }, 
    "87": {
        "cache-08": 4.606956094348973, 
        "cache-10": 4
    }, 
    "88": {
        "cache-08": 4.4477226233146165, 
        "cache-10": 4
    }, 
    "89": {
        "cache-08": 4.471584459747857, 
        "cache-10": 4
    }, 
    "90": {
        "cache-08": 4.735769032900436, 
        "cache-10": 4
    }, 
    "91": {
        "cache-08": 4.8678613194767255, 
        "cache-10": 4
    }, 
    "92": {
        "cache-08": 4.5781752358784935, 
        "cache-10": 4
    }, 
    "93": {
        "cache-08": 4.536810766029795, 
        "cache-10": 4
    }, 
    "94": {
        "cache-08": 4.516128531105446, 
        "cache-10": 4
    }, 
    "95": {
        "cache-08": 4.75804106857923, 
        "cache-10": 4
    }, 
    "96": {
        "cache-08": 4.523265110429746, 
        "cache-10": 4
    }, 
    "97": {
        "cache-08": 4.405877131355004,