{
    "0": {
        "cache-11": 3.75, 
        "cache-14": 4
    }, 
    "1": {
        "cache-11": 4.01924457614013, 
        "cache-14": 4
    }, 
    "2": {
        "cache-11": 4.412118020846286, 
        "cache-14": 4
    }, 
    "3": {
        "cache-11": 4.350303586563273, 
        "cache-14": 4
    }, 
    "4": {
        "cache-11": 4.422874941372185, 
        "cache-14": 4
    }, 
    "5": {
        "cache-11": 4.613933203462313, 
        "cache-14": 4
    }, 
    "6": {
        "cache-11": 4.709462334507378, 
        "cache-14": 4
    }, 
    "7": {
        "cache-11": 4.854707970280196, 
        "cache-14": 4
    }, 
    "8": {
        "cache-11": 4.82984971791632, 
        "cache-14": 4
    }, 
    "9": {
        "cache-11": 4.817420591734381, 
        "cache-14": 4
    }, 
    "10": {
        "cache-11": 4.552954872007321, 
        "cache-14": 4
    }, 
    "11": {
        "cache-11": 4.3067083947646925, 
        "cache-14": 4
    }, 
    "12": {
        "cache-11": 4.010491893530272, 
        "cache-14": 4
    }, 
    "13": {
        "cache-11": 3.724991791030611, 
        "cache-14": 4
    }, 
    "14": {
        "cache-11": 3.724991791030611, 
        "cache-14": 4.030230958761033
    }, 
    "15": {
        "cache-11": 3.724991791030611, 
        "cache-14": 3.8722531755284426
    }, 
    "16": {
        "cache-11": 3.724991791030611, 
        "cache-14": 3.7932642839121478
    }, 
    "17": {
        "cache-11": 3.724991791030611, 
        "cache-14": 3.926863100717106
    }, 
    "18": {
        "cache-11": 3.724991791030611, 
        "cache-14": 3.820569246506479
    }, 
    "19": {
        "cache-11": 3.724991791030611, 
        "cache-14": 3.767422319401166
    }, 
    "20": {
        "cache-11": 3.724991791030611, 
        "cache-14": 3.740848855848509
    }, 
    "21": {
        "cache-11": 3.724991791030611, 
        "cache-14": 3.727562124072181
    }, 
    "22": {
        "cache-11": 3.724991791030611, 
        "cache-14": 3.7209187581840166
    }, 
    "23": {
        "cache-11": 3.892726854276338, 
        "cache-14": 3.7209187581840166
    }, 
    "24": {
        "cache-11": 3.976594385899201, 
        "cache-14": 3.7209187581840166
    }, 
    "25": {
        "cache-11": 4.018528151710633, 
        "cache-14": 3.7209187581840166
    }, 
    "26": {
        "cache-11": 4.1535086519954465, 
        "cache-14": 3.7209187581840166
    }, 
    "27": {
        "cache-11": 4.106985284758755, 
        "cache-14": 3.7209187581840166
    }, 
    "28": {
        "cache-11": 3.910630338527304, 
        "cache-14": 3.7209187581840166
    }, 
    "29": {
        "cache-11": 3.8124528654115784, 
        "cache-14": 3.7209187581840166
    }, 
    "30": {
        "cache-11": 3.9364573914668215, 
        "cache-14": 3.7209187581840166
    }, 
    "31": {
        "cache-11": 4.112473271873541, 
        "cache-14": 3.7209187581840166
    }, 
    "32": {
        "cache-11": 4.086467594697803, 
        "cache-14": 3.7209187581840166
    }, 
    "33": {
        "cache-11": 4.073464756109933, 
        "cache-14": 3.7209187581840166
    }, 
    "34": {
        "cache-11": 4.0669633368159985, 
        "cache-14": 3.7209187581840166
    }, 
    "35": {
        "cache-11": 4.281204816498548, 
        "cache-14": 3.7209187581840166
    }, 
    "36": {
        "cache-11": 4.170833367010307, 
        "cache-14": 3.7209187581840166
    }, 
    "37": {
        "cache-11": 4.115647642266186, 
        "cache-14": 3.7209187581840166
    }, 
    "38": {
        "cache-11": 4.305546969223641, 
        "cache-14": 3.7209187581840166
    }, 
    "39": {
        "cache-11": 4.400496632702369, 
        "cache-14": 3.7209187581840166
    }, 
    "40": {
        "cache-11": 4.344492892491315, 
        "cache-14": 3.7209187581840166
    }, 
    "41": {
        "cache-11": 4.0293841423935834, 
        "cache-14": 3.7209187581840166
    }, 
    "42": {
        "cache-11": 3.871829767344718, 
        "cache-14": 3.7209187581840166
    }, 
    "43": {
        "cache-11": 3.9661458424333915, 
        "cache-14": 3.7209187581840166
    }, 
    "44": {
        "cache-11": 3.840210617364622, 
        "cache-14": 3.7209187581840166
    }, 
    "45": {
        "cache-11": 3.777243004830237, 
        "cache-14": 3.7209187581840166
    }, 
    "46": {
        "cache-11": 3.7457591985630447, 
        "cache-14": 3.7209187581840166
    }, 
    "47": {
        "cache-11": 3.7300172954294486, 
        "cache-14": 3.7209187581840166
    }, 
    "48": {
        "cache-11": 4.1127317958052725, 
        "cache-14": 3.7209187581840166
    }, 
    "49": {
        "cache-11": 4.200610474042767, 
        "cache-14": 3.7209187581840166
    }, 
    "50": {
        "cache-11": 4.130536195782415, 
        "cache-14": 3.7209187581840166
    }, 
    "51": {
        "cache-11": 4.2095126740313376, 
        "cache-14": 3.7209187581840166
    }, 
    "52": {
        "cache-11": 4.1349872957767015, 
        "cache-14": 3.7209187581840166
    }, 
    "53": {
        "cache-11": 4.097724606649383, 
        "cache-14": 3.7209187581840166
    }, 
    "54": {
        "cache-11": 3.7686081475901663, 
        "cache-14": 3.7209187581840166
    }, 
    "55": {
        "cache-11": 3.7414417699430094, 
        "cache-14": 3.7209187581840166
    }, 
    "56": {
        "cache-11": 3.9009518437325372, 
        "cache-14": 3.7209187581840166
    }, 
    "57": {
        "cache-11": 3.807613618014195, 
        "cache-14": 3.7209187581840166
    }, 
    "58": {
        "cache-11": 3.760944505155024, 
        "cache-14": 3.7209187581840166
    }, 
    "59": {
        "cache-11": 3.600218096842987, 
        "cache-14": 3.7209187581840166
    }, 
    "60": {
        "cache-11": 3.600218096842987, 
        "cache-14": 3.890690337853041
    }, 
    "61": {
        "cache-11": 3.600218096842987, 
        "cache-14": 3.9755761276875528
    }, 
    "62": {
        "cache-11": 3.600218096842987, 
        "cache-14": 4.0180190226048085
    }, 
    "63": {
        "cache-11": 3.600218096842987, 
        "cache-14": 4.039240470063437
    }, 
    "64": {
        "cache-11": 3.600218096842987, 
        "cache-14": 4.267343383122267
    }, 
    "65": {
        "cache-11": 3.600218096842987, 
        "cache-14": 4.277916267701263
    }, 
    "66": {
        "cache-11": 3.600218096842987, 
        "cache-14": 3.996095829998558
    }, 
    "67": {
        "cache-11": 3.600218096842987, 
        "cache-14": 3.8551856111472054
    }, 
    "68": {
        "cache-11": 3.600218096842987, 
        "cache-14": 4.071837381713733
    }, 
    "69": {
        "cache-11": 3.600218096842987, 
        "cache-14": 4.180163266996997
    }, 
    "70": {
        "cache-11": 3.600218096842987, 
        "cache-14": 4.234326209638629
    }, 
    "71": {
        "cache-11": 3.600218096842987, 
        "cache-14": 4.364886252909863
    }, 
    "72": {
        "cache-11": 3.600218096842987, 
        "cache-14": 4.4301662745454795
    }, 
    "73": {
        "cache-11": 3.600218096842987, 
        "cache-14": 4.715059940299247
    }, 
    "74": {
        "cache-11": 3.600218096842987, 
        "cache-14": 4.605253118240172
    }, 
    "75": {
        "cache-11": 3.600218096842987, 
        "cache-14": 4.446871135260216
    }, 
    "76": {
        "cache-11": 3.600218096842987, 
        "cache-14": 4.367680143770238
    }, 
    "77": {
        "cache-11": 3.600218096842987, 
        "cache-14": 4.32808464802525
    }, 
    "78": {
        "cache-11": 3.600218096842987, 
        "cache-14": 4.194273282773658
    }, 
    "79": {
        "cache-11": 3.600218096842987, 
        "cache-14": 4.127367600147862
    }, 
    "80": {
        "cache-11": 3.600218096842987, 
        "cache-14": 4.093914758834963
    }, 
    "81": {
        "cache-11": 3.600218096842987, 
        "cache-14": 4.077188338178514
    }, 
    "82": {
        "cache-11": 3.600218096842987, 
        "cache-14": 4.068825127850289
    }, 
    "83": {
        "cache-11": 3.600218096842987,