{
    "0": {
        "cache-08": 4, 
        "cache-09": 3.75
    }, 
    "1": {
        "cache-08": 4, 
        "cache-09": 4.122723148090548
    }, 
    "2": {
        "cache-08": 4, 
        "cache-09": 4.561338377071781
    }, 
    "3": {
        "cache-08": 4, 
        "cache-09": 4.780645991562398
    }, 
    "4": {
        "cache-08": 4, 
        "cache-09": 4.890299798807707
    }, 
    "5": {
        "cache-08": 4, 
        "cache-09": 4.945126702430361
    }, 
    "6": {
        "cache-08": 4, 
        "cache-09": 4.972540154241688
    }, 
    "7": {
        "cache-08": 4, 
        "cache-09": 4.986246880147352
    }, 
    "8": {
        "cache-08": 4, 
        "cache-09": 4.993100243100184
    }, 
    "9": {
        "cache-08": 4, 
        "cache-09": 4.9965269245765995
    }, 
    "10": {
        "cache-08": 4, 
        "cache-09": 4.9982402653148075
    }, 
    "11": {
        "cache-08": 4, 
        "cache-09": 4.999096935683911
    }, 
    "12": {
        "cache-08": 4, 
        "cache-09": 4.999525270868462
    }, 
    "13": {
        "cache-08": 4, 
        "cache-09": 4.999739438460738
    }, 
    "14": {
        "cache-08": 4, 
        "cache-09": 4.999846522256876
    }, 
    "15": {
        "cache-08": 4, 
        "cache-09": 4.999900064154945
    }, 
    "16": {
        "cache-08": 4, 
        "cache-09": 4.999926835103979
    }, 
    "17": {
        "cache-08": 4, 
        "cache-09": 4.999940220578496
    }, 
    "18": {
        "cache-08": 4, 
        "cache-09": 4.999946913315755
    }, 
    "19": {
        "cache-08": 4, 
        "cache-09": 4.999950259684384
    }, 
    "20": {
        "cache-08": 4, 
        "cache-09": 4.644219705982323
    }, 
    "21": {
        "cache-08": 4, 
        "cache-09": 4.466354429131291
    }, 
    "22": {
        "cache-08": 4, 
        "cache-09": 4.377421790705776
    }, 
    "23": {
        "cache-08": 4, 
        "cache-09": 4.591206628129109
    }, 
    "24": {
        "cache-08": 4, 
        "cache-09": 4.3258342728255865
    }, 
    "25": {
        "cache-08": 4, 
        "cache-09": 4.307161712552924
    }, 
    "26": {
        "cache-08": 4, 
        "cache-09": 4.653557659302969
    }, 
    "27": {
        "cache-08": 4, 
        "cache-09": 4.826755632677992
    }, 
    "28": {
        "cache-08": 4, 
        "cache-09": 4.815873549115217
    }, 
    "29": {
        "cache-08": 4, 
        "cache-09": 4.655659922648157
    }, 
    "30": {
        "cache-08": 4, 
        "cache-09": 4.472074537464209
    }, 
    "31": {
        "cache-08": 4, 
        "cache-09": 4.638533001508326
    }, 
    "32": {
        "cache-08": 4, 
        "cache-09": 4.721762233530384
    }, 
    "33": {
        "cache-08": 4, 
        "cache-09": 4.505125692905322
    }, 
    "34": {
        "cache-08": 4, 
        "cache-09": 4.396807422592792
    }, 
    "35": {
        "cache-08": 4, 
        "cache-09": 4.342648287436527
    }, 
    "36": {
        "cache-08": 4, 
        "cache-09": 4.573819876494484
    }, 
    "37": {
        "cache-08": 4, 
        "cache-09": 4.431154514387373
    }, 
    "38": {
        "cache-08": 4, 
        "cache-09": 4.359821833333816
    }, 
    "39": {
        "cache-08": 4, 
        "cache-09": 4.582406649443129
    }, 
    "40": {
        "cache-08": 4, 
        "cache-09": 4.791180127748072
    }, 
    "41": {
        "cache-08": 4, 
        "cache-09": 4.643313211964585
    }, 
    "42": {
        "cache-08": 4, 
        "cache-09": 4.351887564743325
    }, 
    "43": {
        "cache-08": 4, 
        "cache-09": 4.206174741132695
    }, 
    "44": {
        "cache-08": 4, 
        "cache-09": 4.505583103342568
    }, 
    "45": {
        "cache-08": 4, 
        "cache-09": 4.397036127811415
    }, 
    "46": {
        "cache-08": 4, 
        "cache-09": 4.342762640045837
    }, 
    "47": {
        "cache-08": 4, 
        "cache-09": 4.3156258961630485
    }, 
    "48": {
        "cache-08": 4, 
        "cache-09": 4.302057524221654
    }, 
    "49": {
        "cache-08": 4, 
        "cache-09": 4.295273338250958
    }, 
    "50": {
        "cache-08": 4, 
        "cache-09": 4.177867627886512
    }, 
    "51": {
        "cache-08": 4, 
        "cache-09": 4.233178390083387
    }, 
    "52": {
        "cache-08": 4, 
        "cache-09": 4.364312343132242
    }, 
    "53": {
        "cache-08": 4, 
        "cache-09": 4.326400747706251
    }, 
    "54": {
        "cache-08": 4, 
        "cache-09": 4.193431332614158
    }, 
    "55": {
        "cache-08": 4, 
        "cache-09": 4.126946625068111
    }, 
    "56": {
        "cache-08": 4, 
        "cache-09": 4.2077178886741855
    }, 
    "57": {
        "cache-08": 4, 
        "cache-09": 4.6038357473636005
    }, 
    "58": {
        "cache-08": 4, 
        "cache-09": 4.44616244982193
    }, 
    "59": {
        "cache-08": 4, 
        "cache-09": 4.253312183671998
    }, 
    "60": {
        "cache-08": 4, 
        "cache-09": 4.156887050597032
    }, 
    "61": {
        "cache-08": 4, 
        "cache-09": 4.480939258074737
    }, 
    "62": {
        "cache-08": 4, 
        "cache-09": 4.488192777127917
    }, 
    "63": {
        "cache-08": 4, 
        "cache-09": 4.274327347324991
    }, 
    "64": {
        "cache-08": 4, 
        "cache-09": 4.1673946324235285
    }, 
    "65": {
        "cache-08": 4, 
        "cache-09": 4.113928274972796
    }, 
    "66": {
        "cache-08": 4, 
        "cache-09": 4.201208713626528
    }, 
    "67": {
        "cache-08": 4, 
        "cache-09": 4.130835315574297
    }, 
    "68": {
        "cache-08": 4, 
        "cache-09": 4.09564861654818
    }, 
    "69": {
        "cache-08": 4, 
        "cache-09": 4.078055267035122
    }, 
    "70": {
        "cache-08": 4, 
        "cache-09": 4.183272209657691
    }, 
    "71": {
        "cache-08": 4, 
        "cache-09": 4.121867063589878
    }, 
    "72": {
        "cache-08": 4, 
        "cache-09": 4.205178107935069
    }, 
    "73": {
        "cache-08": 4, 
        "cache-09": 4.246833630107664
    }, 
    "74": {
        "cache-08": 4, 
        "cache-09": 4.267661391193963
    }, 
    "75": {
        "cache-08": 4, 
        "cache-09": 4.164061654358013
    }, 
    "76": {
        "cache-08": 4, 
        "cache-09": 4.226275403319137
    }, 
    "77": {
        "cache-08": 4, 
        "cache-09": 4.143368660420601
    }, 
    "78": {
        "cache-08": 4, 
        "cache-09": 4.215928906350431
    }, 
    "79": {
        "cache-08": 4, 
        "cache-09": 4.138195411936248
    }, 
    "80": {
        "cache-08": 4, 
        "cache-09": 4.099328664729157
    }, 
    "81": {
        "cache-08": 4, 
        "cache-09": 4.079895291125611
    }, 
    "82": {
        "cache-08": 4, 
        "cache-09": 4.184192221702936
    }, 
    "83": {
        "cache-08": 4, 
        "cache-09": 4.122327069612501
    }, 
    "84": {
        "cache-08": 4, 
        "cache-09": 4.091394493567282
    }, 
    "85": {
        "cache-08": 4, 
        "cache-09": 4.189941822923771
    }, 
    "86": {
        "cache-08": 4, 
        "cache-09": 4.497466644238107
    }, 
    "87": {
        "cache-08": 4, 
        "cache-09": 4.278964280880086
    }, 
    "88": {
        "cache-08": 4, 
        "cache-09": 4.169713099201076
    }, 
    "89": {
        "cache-08": 4, 
        "cache-09": 4.487352282376759
    }, 
    "90": {
        "cache-08": 4, 
        "cache-09": 4.491399289278927
    }, 
    "91": {
        "cache-08": 4, 
        "cache-09": 4.389944220779594
    }, 
    "92": {
        "cache-08": 4, 
        "cache-09": 4.2252030691508295
    }, 
    "93": {
        "cache-08": 4, 
        "cache-09": 4.1428324933364475
    }, 
    "94": {
        "cache-08": 4, 
        "cache-09": 4.2156608228083545
    }, 
    "95": {
        "cache-08": 4, 
        "cache-09": 4.355553559494726
    }, 
    "96": {
        "cache-08": 4, 
        "cache-09": 4.425499927837912
    }, 
    "97": {
        "cache-08": 4,