{
    "0": {
        "cache-02": 4, 
        "cache-03": 3.75
    }, 
    "1": {
        "cache-02": 4, 
        "cache-03": 3.3598729221327375
    }, 
    "2": {
        "cache-02": 4, 
        "cache-03": 3.3996823053318437
    }, 
    "3": {
        "cache-02": 4, 
        "cache-03": 3.419586996931397
    }, 
    "4": {
        "cache-02": 4, 
        "cache-03": 3.194666420598436
    }, 
    "5": {
        "cache-02": 4, 
        "cache-03": 3.454470906447144
    }, 
    "6": {
        "cache-02": 4.402495732776221, 
        "cache-03": 3.454470906447144
    }, 
    "7": {
        "cache-02": 4.603743599164332, 
        "cache-03": 3.454470906447144
    }, 
    "8": {
        "cache-02": 4.549594947672714, 
        "cache-03": 3.454470906447144
    }, 
    "9": {
        "cache-02": 4.522520621926906, 
        "cache-03": 3.454470906447144
    }, 
    "10": {
        "cache-02": 4.663756043739674, 
        "cache-03": 3.454470906447144
    }, 
    "11": {
        "cache-02": 4.734373754646058, 
        "cache-03": 3.454470906447144
    }, 
    "12": {
        "cache-02": 4.614910025413577, 
        "cache-03": 3.454470906447144
    }, 
    "13": {
        "cache-02": 4.555178160797337, 
        "cache-03": 3.454470906447144
    }, 
    "14": {
        "cache-02": 4.68008481317489, 
        "cache-03": 3.454470906447144
    }, 
    "15": {
        "cache-02": 4.742538139363666, 
        "cache-03": 3.454470906447144
    }, 
    "16": {
        "cache-02": 4.87124587270834, 
        "cache-03": 3.454470906447144
    }, 
    "17": {
        "cache-02": 4.838118669130392, 
        "cache-03": 3.454470906447144
    }, 
    "18": {
        "cache-02": 4.666782482655744, 
        "cache-03": 3.454470906447144
    }, 
    "19": {
        "cache-02": 4.5811143894184205, 
        "cache-03": 3.454470906447144
    }, 
    "20": {
        "cache-02": 4.538280342799759, 
        "cache-03": 3.454470906447144
    }, 
    "21": {
        "cache-02": 4.6716359041761, 
        "cache-03": 3.454470906447144
    }, 
    "22": {
        "cache-02": 4.4800625282281805, 
        "cache-03": 3.454470906447144
    }, 
    "23": {
        "cache-02": 4.384275840254221, 
        "cache-03": 3.454470906447144
    }, 
    "24": {
        "cache-02": 4.336382496267241, 
        "cache-03": 3.454470906447144
    }, 
    "25": {
        "cache-02": 4.31243582427375, 
        "cache-03": 3.454470906447144
    }, 
    "26": {
        "cache-02": 4.186448870897907, 
        "cache-03": 3.454470906447144
    }, 
    "27": {
        "cache-02": 4.123455394209985, 
        "cache-03": 3.454470906447144
    }, 
    "28": {
        "cache-02": 4.091958655866025, 
        "cache-03": 3.454470906447144
    }, 
    "29": {
        "cache-02": 4.190223904073143, 
        "cache-03": 3.454470906447144
    }, 
    "30": {
        "cache-02": 4.239356528176701, 
        "cache-03": 3.454470906447144
    }, 
    "31": {
        "cache-02": 4.2639228402284814, 
        "cache-03": 3.454470906447144
    }, 
    "32": {
        "cache-02": 4.1621923788752735, 
        "cache-03": 3.454470906447144
    }, 
    "33": {
        "cache-02": 4.111327148198669, 
        "cache-03": 3.454470906447144
    }, 
    "34": {
        "cache-02": 4.085894532860367, 
        "cache-03": 3.454470906447144
    }, 
    "35": {
        "cache-02": 3.9000849625781098, 
        "cache-03": 3.454470906447144
    }, 
    "36": {
        "cache-02": 3.9802734400500874, 
        "cache-03": 3.454470906447144
    }, 
    "37": {
        "cache-02": 4.0203676787860765, 
        "cache-03": 3.454470906447144
    }, 
    "38": {
        "cache-02": 4.040414798154071, 
        "cache-03": 3.454470906447144
    }, 
    "39": {
        "cache-02": 4.050438357838068, 
        "cache-03": 3.454470906447144
    }, 
    "40": {
        "cache-02": 4.055450137680067, 
        "cache-03": 3.454470906447144
    }, 
    "41": {
        "cache-02": 4.057956027601065, 
        "cache-03": 3.454470906447144
    }, 
    "42": {
        "cache-02": 4.1732225899406625, 
        "cache-03": 3.454470906447144
    }, 
    "43": {
        "cache-02": 4.230855871110462, 
        "cache-03": 3.454470906447144
    }, 
    "44": {
        "cache-02": 4.145658894316263, 
        "cache-03": 3.454470906447144
    }, 
    "45": {
        "cache-02": 4.103060405919164, 
        "cache-03": 3.454470906447144
    }, 
    "46": {
        "cache-02": 4.081761161720614, 
        "cache-03": 3.454470906447144
    }, 
    "47": {
        "cache-02": 4.07111153962134, 
        "cache-03": 3.454470906447144
    }, 
    "48": {
        "cache-02": 4.065786728571702, 
        "cache-03": 3.454470906447144
    }, 
    "49": {
        "cache-02": 4.177137940425981, 
        "cache-03": 3.454470906447144
    }, 
    "50": {
        "cache-02": 4.232813546353121, 
        "cache-03": 3.454470906447144
    }, 
    "51": {
        "cache-02": 4.26065134931669, 
        "cache-03": 3.454470906447144
    }, 
    "52": {
        "cache-02": 4.274570250798476, 
        "cache-03": 3.454470906447144
    }, 
    "53": {
        "cache-02": 4.167516084160271, 
        "cache-03": 3.454470906447144
    }, 
    "54": {
        "cache-02": 4.113989000841167, 
        "cache-03": 3.454470906447144
    }, 
    "55": {
        "cache-02": 4.201239076560714, 
        "cache-03": 3.454470906447144
    }, 
    "56": {
        "cache-02": 4.244864114420487, 
        "cache-03": 3.454470906447144
    }, 
    "57": {
        "cache-02": 4.266676633350373, 
        "cache-03": 3.454470906447144
    }, 
    "58": {
        "cache-02": 4.163569275436219, 
        "cache-03": 3.454470906447144
    }, 
    "59": {
        "cache-02": 4.112015596479141, 
        "cache-03": 3.454470906447144
    }, 
    "60": {
        "cache-02": 4.0862387570006025, 
        "cache-03": 3.454470906447144
    }, 
    "61": {
        "cache-02": 4.187363954640432, 
        "cache-03": 3.454470906447144
    }, 
    "62": {
        "cache-02": 4.237926553460346, 
        "cache-03": 3.454470906447144
    }, 
    "63": {
        "cache-02": 4.263207852870304, 
        "cache-03": 3.454470906447144
    }, 
    "64": {
        "cache-02": 4.161834885196184, 
        "cache-03": 3.454470906447144
    }, 
    "65": {
        "cache-02": 4.111148401359124, 
        "cache-03": 3.454470906447144
    }, 
    "66": {
        "cache-02": 4.085805159440595, 
        "cache-03": 3.454470906447144
    }, 
    "67": {
        "cache-02": 4.073133538481329, 
        "cache-03": 3.454470906447144
    }, 
    "68": {
        "cache-02": 4.066797728001697, 
        "cache-03": 3.454470906447144
    }, 
    "69": {
        "cache-02": 4.063629822761881, 
        "cache-03": 3.454470906447144
    }, 
    "70": {
        "cache-02": 4.176059487521071, 
        "cache-03": 3.454470906447144
    }, 
    "71": {
        "cache-02": 4.232274319900666, 
        "cache-03": 3.454470906447144
    }, 
    "72": {
        "cache-02": 4.3638603080408815, 
        "cache-03": 3.454470906447144
    }, 
    "73": {
        "cache-02": 4.326174730160571, 
        "cache-03": 3.454470906447144
    }, 
    "74": {
        "cache-02": 4.307331941220416, 
        "cache-03": 3.454470906447144
    }, 
    "75": {
        "cache-02": 4.297910546750338, 
        "cache-03": 3.454470906447144
    }, 
    "76": {
        "cache-02": 4.179186232136201, 
        "cache-03": 3.454470906447144
    }, 
    "77": {
        "cache-02": 3.946730812216027, 
        "cache-03": 3.454470906447144
    }, 
    "78": {
        "cache-02": 3.693111250373488, 
        "cache-03": 3.454470906447144
    }, 
    "79": {
        "cache-02": 3.7036933213346703, 
        "cache-03": 3.454470906447144
    }, 
    "80": {
        "cache-02": 3.7089843568152614, 
        "cache-03": 3.454470906447144
    }, 
    "81": {
        "cache-02": 3.711629874555557, 
        "cache-03": 3.454470906447144
    }, 
    "82": {
        "cache-02": 3.712952633425705,