{
    "0": {
        "cache-13": 3.75, 
        "cache-16": 4
    }, 
    "1": {
        "cache-13": 4.01924457614013, 
        "cache-16": 4
    }, 
    "2": {
        "cache-13": 4.257345436160613, 
        "cache-16": 4
    }, 
    "3": {
        "cache-13": 4.376395866170855, 
        "cache-16": 4
    }, 
    "4": {
        "cache-13": 4.045335629233353, 
        "cache-16": 4
    }, 
    "5": {
        "cache-13": 4.052898773377709, 
        "cache-16": 4
    }, 
    "6": {
        "cache-13": 4.1706939628289845, 
        "cache-16": 4
    }, 
    "7": {
        "cache-13": 4.333070129505041, 
        "cache-16": 4
    }, 
    "8": {
        "cache-13": 4.414258212843069, 
        "cache-16": 4
    }, 
    "9": {
        "cache-13": 4.351373682561665, 
        "cache-16": 4
    }, 
    "10": {
        "cache-13": 4.205917800041865, 
        "cache-16": 4
    }, 
    "11": {
        "cache-13": 3.960096596168859, 
        "cache-16": 4
    }, 
    "12": {
        "cache-13": 3.960096596168859, 
        "cache-16": 4.14424457614013
    }, 
    "13": {
        "cache-13": 3.960096596168859, 
        "cache-16": 4.319845436160613
    }, 
    "14": {
        "cache-13": 3.960096596168859, 
        "cache-16": 4.407645866170855
    }, 
    "15": {
        "cache-13": 3.960096596168859, 
        "cache-16": 4.451546081175976
    }, 
    "16": {
        "cache-13": 3.960096596168859, 
        "cache-16": 4.6282687733642085
    }, 
    "17": {
        "cache-13": 3.960096596168859, 
        "cache-16": 4.458378962822234
    }, 
    "18": {
        "cache-13": 3.960096596168859, 
        "cache-16": 4.086327177559044
    }, 
    "19": {
        "cache-13": 3.960096596168859, 
        "cache-16": 3.900301284927448
    }, 
    "20": {
        "cache-13": 4.12429287422456, 
        "cache-16": 3.900301284927448
    }, 
    "21": {
        "cache-13": 4.092377395873312, 
        "cache-16": 3.900301284927448
    }, 
    "22": {
        "cache-13": 4.076419656697688, 
        "cache-16": 3.900301284927448
    }, 
    "23": {
        "cache-13": 4.068440787109877, 
        "cache-16": 3.900301284927448
    }, 
    "24": {
        "cache-13": 4.178464969695069, 
        "cache-16": 3.900301284927448
    }, 
    "25": {
        "cache-13": 4.119463443608566, 
        "cache-16": 3.900301284927448
    }, 
    "26": {
        "cache-13": 3.9168694179522094, 
        "cache-16": 3.900301284927448
    }, 
    "27": {
        "cache-13": 3.8155724051240307, 
        "cache-16": 3.900301284927448
    }, 
    "28": {
        "cache-13": 3.8155724051240307, 
        "cache-16": 3.9803816012247566
    }, 
    "29": {
        "cache-13": 3.8155724051240307, 
        "cache-16": 4.020421759373411
    }, 
    "30": {
        "cache-13": 3.8155724051240307, 
        "cache-16": 3.8673485758346318
    }, 
    "31": {
        "cache-13": 3.8155724051240307, 
        "cache-16": 4.336170020693537
    }, 
    "32": {
        "cache-13": 3.8155724051240307, 
        "cache-16": 4.198315969107801
    }, 
    "33": {
        "cache-13": 3.8155724051240307, 
        "cache-16": 4.1293889433149324
    }, 
    "34": {
        "cache-13": 3.8155724051240307, 
        "cache-16": 3.9218321678053925
    }, 
    "35": {
        "cache-13": 3.8155724051240307, 
        "cache-16": 4.105160660042826
    }, 
    "36": {
        "cache-13": 3.8155724051240307, 
        "cache-16": 4.0828112887824455
    }, 
    "37": {
        "cache-13": 3.8155724051240307, 
        "cache-16": 3.898543340539149
    }, 
    "38": {
        "cache-13": 3.8155724051240307, 
        "cache-16": 3.8064093664175007
    }, 
    "39": {
        "cache-13": 4.155509350652563, 
        "cache-16": 3.8064093664175007
    }, 
    "40": {
        "cache-13": 4.1079856340873135, 
        "cache-16": 3.8064093664175007
    }, 
    "41": {
        "cache-13": 4.0842237758046895, 
        "cache-16": 3.8064093664175007
    }, 
    "42": {
        "cache-13": 4.072342846663377, 
        "cache-16": 3.8064093664175007
    }, 
    "43": {
        "cache-13": 4.06640238209272, 
        "cache-16": 3.8064093664175007
    }, 
    "44": {
        "cache-13": 3.8903388871942863, 
        "cache-16": 3.8064093664175007
    }, 
    "45": {
        "cache-13": 4.089414019737274, 
        "cache-16": 3.8064093664175007
    }, 
    "46": {
        "cache-13": 4.074937968629669, 
        "cache-16": 3.8064093664175007
    }, 
    "47": {
        "cache-13": 3.894606680462761, 
        "cache-16": 3.8064093664175007
    }, 
    "48": {
        "cache-13": 3.8044410363793064, 
        "cache-16": 3.8064093664175007
    }, 
    "49": {
        "cache-13": 3.8044410363793064, 
        "cache-16": 4.305700415984972
    }, 
    "50": {
        "cache-13": 3.8044410363793064, 
        "cache-16": 4.297094784132616
    }, 
    "51": {
        "cache-13": 3.8044410363793064, 
        "cache-16": 4.17877835082734
    }, 
    "52": {
        "cache-13": 3.8044410363793064, 
        "cache-16": 4.2336337515538
    }, 
    "53": {
        "cache-13": 3.8044410363793064, 
        "cache-16": 4.147047834537933
    }, 
    "54": {
        "cache-13": 3.8044410363793064, 
        "cache-16": 3.9306616134168926
    }, 
    "55": {
        "cache-13": 3.8044410363793064, 
        "cache-16": 3.9955617654694784
    }, 
    "56": {
        "cache-13": 3.8044410363793064, 
        "cache-16": 4.142025458874869
    }, 
    "57": {
        "cache-13": 3.8044410363793064, 
        "cache-16": 3.9281504255853608
    }, 
    "58": {
        "cache-13": 3.8044410363793064, 
        "cache-16": 3.6838210570581555
    }, 
    "59": {
        "cache-13": 4.0464650943297835, 
        "cache-16": 3.6838210570581555
    }, 
    "60": {
        "cache-13": 3.880370243312818, 
        "cache-16": 3.6838210570581555
    }, 
    "61": {
        "cache-13": 3.9704160804174413, 
        "cache-16": 3.6838210570581555
    }, 
    "62": {
        "cache-13": 4.232931188299269, 
        "cache-16": 3.6838210570581555
    }, 
    "63": {
        "cache-13": 4.518961326925856, 
        "cache-16": 3.6838210570581555
    }, 
    "64": {
        "cache-13": 4.403725239603059, 
        "cache-16": 3.6838210570581555
    }, 
    "65": {
        "cache-13": 4.232093578562562, 
        "cache-16": 3.6838210570581555
    }, 
    "66": {
        "cache-13": 4.146277748042314, 
        "cache-16": 3.6838210570581555
    }, 
    "67": {
        "cache-13": 4.217383450161288, 
        "cache-16": 3.6838210570581555
    }, 
    "68": {
        "cache-13": 4.138922683841676, 
        "cache-16": 3.6838210570581555
    }, 
    "69": {
        "cache-13": 4.09969230068187, 
        "cache-16": 3.6838210570581555
    }, 
    "70": {
        "cache-13": 4.194090726481065, 
        "cache-16": 3.6838210570581555
    }, 
    "71": {
        "cache-13": 4.344768511331081, 
        "cache-16": 3.6838210570581555
    }, 
    "72": {
        "cache-13": 4.316628831805671, 
        "cache-16": 3.6838210570581555
    }, 
    "73": {
        "cache-13": 4.1885453746638674, 
        "cache-16": 3.6838210570581555
    }, 
    "74": {
        "cache-13": 4.1245036460929665, 
        "cache-16": 3.6838210570581555
    }, 
    "75": {
        "cache-13": 4.092482781807515, 
        "cache-16": 3.6838210570581555
    }, 
    "76": {
        "cache-13": 3.903379087051684, 
        "cache-16": 3.6838210570581555
    }, 
    "77": {
        "cache-13": 3.671435387791317, 
        "cache-16": 3.6838210570581555
    }, 
    "78": {
        "cache-13": 3.671435387791317, 
        "cache-16": 3.986155104669208
    }, 
    "79": {
        "cache-13": 3.671435387791317, 
        "cache-16": 4.023308511095636
    }, 
    "80": {
        "cache-13": 3.671435387791317, 
        "cache-16": 4.04188521430885
    }, 
    "81": {
        "cache-13": 3.671435387791317, 
        "cache-16": 4.051173565915457
    }, 
    "82": {
        "cache-13": 3.671435387791317, 
        "cache-16": 4.05581774171876
    },