{
    "0": {
        "cache-12": 3.75, 
        "cache-14": 4
    }, 
    "1": {
        "cache-12": 3.7321376961479262, 
        "cache-14": 4
    }, 
    "2": {
        "cache-12": 4.010313424214093, 
        "cache-14": 4
    }, 
    "3": {
        "cache-12": 4.407652444883268, 
        "cache-14": 4
    }, 
    "4": {
        "cache-12": 4.703803025468141, 
        "cache-14": 4
    }, 
    "5": {
        "cache-12": 4.851878315760578, 
        "cache-14": 4
    }, 
    "6": {
        "cache-12": 4.925915960906796, 
        "cache-14": 4
    }, 
    "7": {
        "cache-12": 4.962934783479906, 
        "cache-14": 4
    }, 
    "8": {
        "cache-12": 4.9814441947664605, 
        "cache-14": 4
    }, 
    "9": {
        "cache-12": 4.990698900409738, 
        "cache-14": 4
    }, 
    "10": {
        "cache-12": 4.995326253231376, 
        "cache-14": 4
    }, 
    "11": {
        "cache-12": 4.997639929642196, 
        "cache-14": 4
    }, 
    "12": {
        "cache-12": 4.998796767847605, 
        "cache-14": 4
    }, 
    "13": {
        "cache-12": 4.99937518695031, 
        "cache-14": 4
    }, 
    "14": {
        "cache-12": 4.999664396501663, 
        "cache-14": 4
    }, 
    "15": {
        "cache-12": 4.999809001277338, 
        "cache-14": 4
    }, 
    "16": {
        "cache-12": 4.999881303665177, 
        "cache-14": 4
    }, 
    "17": {
        "cache-12": 4.999917454859096, 
        "cache-14": 4
    }, 
    "18": {
        "cache-12": 4.902454460205769, 
        "cache-14": 4
    }, 
    "19": {
        "cache-12": 4.4814581888639164, 
        "cache-14": 4
    }, 
    "20": {
        "cache-12": 4.097866790579884, 
        "cache-14": 4
    }, 
    "21": {
        "cache-12": 3.9060710914378682, 
        "cache-14": 4
    }, 
    "22": {
        "cache-12": 3.9060710914378682, 
        "cache-14": 4.14424457614013
    }, 
    "23": {
        "cache-12": 3.9060710914378682, 
        "cache-14": 4.102353246831097
    }, 
    "24": {
        "cache-12": 3.9060710914378682, 
        "cache-14": 4.081407582176581
    }, 
    "25": {
        "cache-12": 3.9060710914378682, 
        "cache-14": 4.070934749849323
    }, 
    "26": {
        "cache-12": 3.9060710914378682, 
        "cache-14": 3.892605071072588
    }, 
    "27": {
        "cache-12": 3.672781389984409, 
        "cache-14": 3.892605071072588
    }, 
    "28": {
        "cache-12": 3.672781389984409, 
        "cache-14": 4.0905471116764245
    }, 
    "29": {
        "cache-12": 3.672781389984409, 
        "cache-14": 4.075504514599245
    }, 
    "30": {
        "cache-12": 3.672781389984409, 
        "cache-14": 4.067983216060655
    }, 
    "31": {
        "cache-12": 3.672781389984409, 
        "cache-14": 3.8911293041782535
    }, 
    "32": {
        "cache-12": 3.672781389984409, 
        "cache-14": 3.6653104963546017
    }, 
    "33": {
        "cache-12": 3.5561365392576794, 
        "cache-14": 3.6653104963546017
    }, 
    "34": {
        "cache-12": 3.5561365392576794, 
        "cache-14": 3.976899824317431
    }, 
    "35": {
        "cache-12": 3.5561365392576794, 
        "cache-14": 3.8455876083066416
    }, 
    "36": {
        "cache-12": 3.5561365392576794, 
        "cache-14": 3.779931500301247
    }, 
    "37": {
        "cache-12": 3.5561365392576794, 
        "cache-14": 3.7471034462985497
    }, 
    "38": {
        "cache-12": 3.5561365392576794, 
        "cache-14": 4.121274871239823
    }, 
    "39": {
        "cache-12": 3.5561365392576794, 
        "cache-14": 4.090868394380944
    }, 
    "40": {
        "cache-12": 3.5561365392576794, 
        "cache-14": 3.9025718933383984
    }, 
    "41": {
        "cache-12": 3.5561365392576794, 
        "cache-14": 3.808423642817125
    }, 
    "42": {
        "cache-12": 3.5561365392576794, 
        "cache-14": 4.151934969499111
    }, 
    "43": {
        "cache-12": 3.5561365392576794, 
        "cache-14": 4.220212060889686
    }, 
    "44": {
        "cache-12": 3.5561365392576794, 
        "cache-14": 4.140336989205876
    }, 
    "45": {
        "cache-12": 3.5561365392576794, 
        "cache-14": 4.10039945336397
    }, 
    "46": {
        "cache-12": 3.5561365392576794, 
        "cache-14": 4.452695459458206
    }, 
    "47": {
        "cache-12": 3.5561365392576794, 
        "cache-14": 4.256578688490135
    }, 
    "48": {
        "cache-12": 3.5561365392576794, 
        "cache-14": 3.8480351885105426
    }, 
    "49": {
        "cache-12": 3.5561365392576794, 
        "cache-14": 3.7811552904031975
    }, 
    "50": {
        "cache-12": 3.5561365392576794, 
        "cache-14": 3.920808603962631
    }, 
    "51": {
        "cache-12": 3.5561365392576794, 
        "cache-14": 3.8175419981292418
    }, 
    "52": {
        "cache-12": 3.5561365392576794, 
        "cache-14": 3.765908695212547
    }, 
    "53": {
        "cache-12": 3.5561365392576794, 
        "cache-14": 3.7400920437542
    }, 
    "54": {
        "cache-12": 3.5561365392576794, 
        "cache-14": 3.7271837180250262
    }, 
    "55": {
        "cache-12": 3.5561365392576794, 
        "cache-14": 3.7207295551604394
    }, 
    "56": {
        "cache-12": 3.5561365392576794, 
        "cache-14": 3.5801106218456944
    }, 
    "57": {
        "cache-12": 3.5561365392576794, 
        "cache-14": 3.509801155188322
    }, 
    "58": {
        "cache-12": 3.4978141138943144, 
        "cache-14": 3.509801155188322
    }, 
    "59": {
        "cache-12": 3.4978141138943144, 
        "cache-14": 3.474646421859636
    }, 
    "60": {
        "cache-12": 3.8931516330872875, 
        "cache-14": 3.474646421859636
    }, 
    "61": {
        "cache-12": 4.349071549319865, 
        "cache-14": 3.474646421859636
    }, 
    "62": {
        "cache-12": 4.318780350800063, 
        "cache-14": 3.474646421859636
    }, 
    "63": {
        "cache-12": 4.303634751540162, 
        "cache-14": 3.474646421859636
    }, 
    "64": {
        "cache-12": 4.296061951910211, 
        "cache-14": 3.474646421859636
    }, 
    "65": {
        "cache-12": 4.292275552095235, 
        "cache-14": 3.474646421859636
    }, 
    "66": {
        "cache-12": 4.17636873480865, 
        "cache-14": 3.474646421859636
    }, 
    "67": {
        "cache-12": 3.8079302116697997, 
        "cache-14": 3.474646421859636
    }, 
    "68": {
        "cache-12": 3.623710950100375, 
        "cache-14": 3.474646421859636
    }, 
    "69": {
        "cache-12": 3.668993171198114, 
        "cache-14": 3.474646421859636
    }, 
    "70": {
        "cache-12": 3.691634281746983, 
        "cache-14": 3.474646421859636
    }, 
    "71": {
        "cache-12": 3.7029548370214176, 
        "cache-14": 3.474646421859636
    }, 
    "72": {
        "cache-12": 3.881708377271741, 
        "cache-14": 3.474646421859636
    }, 
    "73": {
        "cache-12": 4.085098764776001, 
        "cache-14": 3.474646421859636
    }, 
    "74": {
        "cache-12": 4.072780341149032, 
        "cache-14": 3.474646421859636
    }, 
    "75": {
        "cache-12": 4.066621129335548, 
        "cache-14": 3.474646421859636
    }, 
    "76": {
        "cache-12": 4.177555140807904, 
        "cache-14": 3.474646421859636
    }, 
    "77": {
        "cache-12": 4.233022146544082, 
        "cache-14": 3.474646421859636
    }, 
    "78": {
        "cache-12": 4.260755649412172, 
        "cache-14": 3.474646421859636
    }, 
    "79": {
        "cache-12": 3.987515520854012, 
        "cache-14": 3.474646421859636
    }, 
    "80": {
        "cache-12": 3.850895456574932, 
        "cache-14": 3.474646421859636
    }, 
    "81": {
        "cache-12": 3.7825854244353923, 
        "cache-14": 3.474646421859636
    }, 
    "82": {
        "cache-12": 4.035537288357826, 
        "cache-14": 3.474646421859636
    }, 
    "83": {
        "cache-12": 4.047999602939946, 
        "cache-14": 3.474646421859636
    }, 
    "84": {
        "cache-12": 4.054230760231006,