{
    "0": {
        "cache-13": 4.0, 
        "cache-14": 4.455675270403461
    }, 
    "1": {
        "cache-13": 4.0, 
        "cache-14": 4.455675270403461
    }, 
    "2": {
        "cache-13": 4.0, 
        "cache-14": 4.455675270403461
    }, 
    "3": {
        "cache-13": 4.0, 
        "cache-14": 4.455675270403461
    }, 
    "4": {
        "cache-13": 4.0, 
        "cache-14": 4.455675270403461
    }, 
    "5": {
        "cache-13": 4.0, 
        "cache-14": 4.455675270403461
    }, 
    "6": {
        "cache-13": 4.0, 
        "cache-14": 4.455675270403461
    }, 
    "7": {
        "cache-13": 4.0, 
        "cache-14": 4.455675270403461
    }, 
    "8": {
        "cache-13": 4.0, 
        "cache-14": 4.455675270403461
    }, 
    "9": {
        "cache-13": 4.0, 
        "cache-14": 4.455675270403461
    }, 
    "10": {
        "cache-13": 4.0, 
        "cache-14": 4.455675270403461
    }, 
    "11": {
        "cache-13": 3.7130166776795375, 
        "cache-14": 4.037236866641578
    }, 
    "12": {
        "cache-13": 3.7130166776795375, 
        "cache-14": 4.037236866641578
    }, 
    "13": {
        "cache-13": 3.7130166776795375, 
        "cache-14": 4.037236866641578
    }, 
    "14": {
        "cache-13": 3.7130166776795375, 
        "cache-14": 4.037236866641578
    }, 
    "15": {
        "cache-13": 3.7130166776795375, 
        "cache-14": 4.037236866641578
    }, 
    "16": {
        "cache-13": 3.7130166776795375, 
        "cache-14": 4.037236866641578
    }, 
    "17": {
        "cache-13": 3.7130166776795375, 
        "cache-14": 4.037236866641578
    }, 
    "18": {
        "cache-13": 3.7130166776795375, 
        "cache-14": 4.037236866641578
    }, 
    "19": {
        "cache-13": 3.7130166776795375, 
        "cache-14": 4.037236866641578
    }, 
    "20": {
        "cache-13": 3.7130166776795375, 
        "cache-14": 4.037236866641578
    }, 
    "21": {
        "cache-13": 3.535419661421537, 
        "cache-14": 3.6313460451453814
    }, 
    "22": {
        "cache-13": 3.535419661421537, 
        "cache-14": 3.6313460451453814
    }, 
    "23": {
        "cache-13": 3.535419661421537, 
        "cache-14": 3.6313460451453814
    }, 
    "24": {
        "cache-13": 3.535419661421537, 
        "cache-14": 3.6313460451453814
    }, 
    "25": {
        "cache-13": 3.535419661421537, 
        "cache-14": 3.6313460451453814
    }, 
    "26": {
        "cache-13": 3.535419661421537, 
        "cache-14": 3.6313460451453814
    }, 
    "27": {
        "cache-13": 3.535419661421537, 
        "cache-14": 3.6313460451453814
    }, 
    "28": {
        "cache-13": 3.535419661421537, 
        "cache-14": 3.6313460451453814
    }, 
    "29": {
        "cache-13": 3.535419661421537, 
        "cache-14": 3.6313460451453814
    }, 
    "30": {
        "cache-13": 3.535419661421537, 
        "cache-14": 3.6313460451453814
    }, 
    "31": {
        "cache-13": 3.5576074523168995, 
        "cache-14": 3.9281097959649096
    }, 
    "32": {
        "cache-13": 3.5576074523168995, 
        "cache-14": 3.9281097959649096
    }, 
    "33": {
        "cache-13": 3.5576074523168995, 
        "cache-14": 3.9281097959649096
    }, 
    "34": {
        "cache-13": 3.5576074523168995, 
        "cache-14": 3.9281097959649096
    }, 
    "35": {
        "cache-13": 3.5576074523168995, 
        "cache-14": 3.9281097959649096
    }, 
    "36": {
        "cache-13": 3.5576074523168995, 
        "cache-14": 3.9281097959649096
    }, 
    "37": {
        "cache-13": 3.5576074523168995, 
        "cache-14": 3.9281097959649096
    }, 
    "38": {
        "cache-13": 3.5576074523168995, 
        "cache-14": 3.9281097959649096
    }, 
    "39": {
        "cache-13": 3.5576074523168995, 
        "cache-14": 3.9281097959649096
    }, 
    "40": {
        "cache-13": 3.5576074523168995, 
        "cache-14": 3.9281097959649096
    }, 
    "41": {
        "cache-13": 3.643482772744732, 
        "cache-14": 4.202385876232022
    }, 
    "42": {
        "cache-13": 3.643482772744732, 
        "cache-14": 4.202385876232022
    }, 
    "43": {
        "cache-13": 3.643482772744732, 
        "cache-14": 4.202385876232022
    }, 
    "44": {
        "cache-13": 3.643482772744732, 
        "cache-14": 4.202385876232022
    }, 
    "45": {
        "cache-13": 3.643482772744732, 
        "cache-14": 4.202385876232022
    }, 
    "46": {
        "cache-13": 3.643482772744732, 
        "cache-14": 4.202385876232022
    }, 
    "47": {
        "cache-13": 3.643482772744732, 
        "cache-14": 4.202385876232022
    }, 
    "48": {
        "cache-13": 3.643482772744732, 
        "cache-14": 4.202385876232022
    }, 
    "49": {
        "cache-13": 3.643482772744732, 
        "cache-14": 4.202385876232022
    }, 
    "50": {
        "cache-13": 3.643482772744732, 
        "cache-14": 4.202385876232022
    }, 
    "51": {
        "cache-13": 3.9811101782702347, 
        "cache-14": 3.6598800807414333
    }, 
    "52": {
        "cache-13": 3.9811101782702347, 
        "cache-14": 3.6598800807414333
    }, 
    "53": {
        "cache-13": 3.9811101782702347, 
        "cache-14": 3.6598800807414333
    }, 
    "54": {
        "cache-13": 3.9811101782702347, 
        "cache-14": 3.6598800807414333
    }, 
    "55": {
        "cache-13": 3.9811101782702347, 
        "cache-14": 3.6598800807414333
    }, 
    "56": {
        "cache-13": 3.9811101782702347, 
        "cache-14": 3.6598800807414333
    }, 
    "57": {
        "cache-13": 3.9811101782702347, 
        "cache-14": 3.6598800807414333
    }, 
    "58": {
        "cache-13": 3.9811101782702347, 
        "cache-14": 3.6598800807414333
    }, 
    "59": {
        "cache-13": 3.9811101782702347, 
        "cache-14": 3.6598800807414333
    }, 
    "60": {
        "cache-13": 3.9811101782702347, 
        "cache-14": 3.6598800807414333
    }, 
    "61": {
        "cache-13": 3.7734942197297494, 
        "cache-14": 4.013086468671139
    }, 
    "62": {
        "cache-13": 3.7734942197297494, 
        "cache-14": 4.013086468671139
    }, 
    "63": {
        "cache-13": 3.7734942197297494, 
        "cache-14": 4.013086468671139
    }, 
    "64": {
        "cache-13": 3.7734942197297494, 
        "cache-14": 4.013086468671139
    }, 
    "65": {
        "cache-13": 3.7734942197297494, 
        "cache-14": 4.013086468671139
    }, 
    "66": {
        "cache-13": 3.7734942197297494, 
        "cache-14": 4.013086468671139
    }, 
    "67": {
        "cache-13": 3.7734942197297494, 
        "cache-14": 4.013086468671139
    }, 
    "68": {
        "cache-13": 3.7734942197297494, 
        "cache-14": 4.013086468671139
    }, 
    "69": {
        "cache-13": 3.7734942197297494, 
        "cache-14": 4.013086468671139
    }, 
    "70": {
        "cache-13": 3.7734942197297494, 
        "cache-14": 4.013086468671139
    }, 
    "71": {
        "cache-13": 3.486645735679273, 
        "cache-14": 3.3277227709507695
    }, 
    "72": {
        "cache-13": 3.486645735679273, 
        "cache-14": 3.3277227709507695
    }, 
    "73": {
        "cache-13": 3.486645735679273, 
        "cache-14": 3.3277227709507695
    }, 
    "74": {
        "cache-13": 3.486645735679273, 
        "cache-14": 3.3277227709507695
    }, 
    "75": {
        "cache-13": 3.486645735679273, 
        "cache-14": 3.3277227709507695
    }, 
    "76": {
        "cache-13": 3.486645735679273, 
        "cache-14": 3.3277227709507695
    }, 
    "77": {
        "cache-13": 3.486645735679273, 
        "cache-14": 3.3277227709507695
    }, 
    "78": {
        "cache-13": 3.486645735679273, 
        "cache-14": 3.3277227709507695
    }, 
    "79": {
        "cache-13": 3.486645735679273, 
        "cache-14": 3.3277227709507695
    }, 
    "80": {
        "cache-13": 3.486645735679273, 
        "cache-14": 3.3277227709507695
    }, 
    "81": {
        "cache-13": 3.6146842288946477, 
        "cache-14": 3.557746716486645
    },