{
    "0": {
        "cache-09": 4.0, 
        "cache-10": 4.662641259214858
    }, 
    "1": {
        "cache-09": 4.0, 
        "cache-10": 4.662641259214858
    }, 
    "2": {
        "cache-09": 4.0, 
        "cache-10": 4.662641259214858
    }, 
    "3": {
        "cache-09": 4.0, 
        "cache-10": 4.662641259214858
    }, 
    "4": {
        "cache-09": 4.0, 
        "cache-10": 4.662641259214858
    }, 
    "5": {
        "cache-09": 4.0, 
        "cache-10": 4.662641259214858
    }, 
    "6": {
        "cache-09": 4.0, 
        "cache-10": 4.662641259214858
    }, 
    "7": {
        "cache-09": 4.0, 
        "cache-10": 4.662641259214858
    }, 
    "8": {
        "cache-09": 4.0, 
        "cache-10": 4.662641259214858
    }, 
    "9": {
        "cache-09": 4.0, 
        "cache-10": 4.662641259214858
    }, 
    "10": {
        "cache-09": 4.0, 
        "cache-10": 4.662641259214858
    }, 
    "11": {
        "cache-09": 4.0, 
        "cache-10": 4.44781711132534
    }, 
    "12": {
        "cache-09": 4.0, 
        "cache-10": 4.44781711132534
    }, 
    "13": {
        "cache-09": 4.0, 
        "cache-10": 4.44781711132534
    }, 
    "14": {
        "cache-09": 4.0, 
        "cache-10": 4.44781711132534
    }, 
    "15": {
        "cache-09": 4.0, 
        "cache-10": 4.44781711132534
    }, 
    "16": {
        "cache-09": 4.0, 
        "cache-10": 4.44781711132534
    }, 
    "17": {
        "cache-09": 4.0, 
        "cache-10": 4.44781711132534
    }, 
    "18": {
        "cache-09": 4.0, 
        "cache-10": 4.44781711132534
    }, 
    "19": {
        "cache-09": 4.0, 
        "cache-10": 4.44781711132534
    }, 
    "20": {
        "cache-09": 4.0, 
        "cache-10": 4.44781711132534
    }, 
    "21": {
        "cache-09": 3.9990509593991406, 
        "cache-10": 4.66311355910978
    }, 
    "22": {
        "cache-09": 3.9990509593991406, 
        "cache-10": 4.66311355910978
    }, 
    "23": {
        "cache-09": 3.9990509593991406, 
        "cache-10": 4.66311355910978
    }, 
    "24": {
        "cache-09": 3.9990509593991406, 
        "cache-10": 4.66311355910978
    }, 
    "25": {
        "cache-09": 3.9990509593991406, 
        "cache-10": 4.66311355910978
    }, 
    "26": {
        "cache-09": 3.9990509593991406, 
        "cache-10": 4.66311355910978
    }, 
    "27": {
        "cache-09": 3.9990509593991406, 
        "cache-10": 4.66311355910978
    }, 
    "28": {
        "cache-09": 3.9990509593991406, 
        "cache-10": 4.66311355910978
    }, 
    "29": {
        "cache-09": 3.9990509593991406, 
        "cache-10": 4.66311355910978
    }, 
    "30": {
        "cache-09": 3.9990509593991406, 
        "cache-10": 4.66311355910978
    }, 
    "31": {
        "cache-09": 4.019131848907842, 
        "cache-10": 4.563966398791033
    }, 
    "32": {
        "cache-09": 4.019131848907842, 
        "cache-10": 4.563966398791033
    }, 
    "33": {
        "cache-09": 4.019131848907842, 
        "cache-10": 4.563966398791033
    }, 
    "34": {
        "cache-09": 4.019131848907842, 
        "cache-10": 4.563966398791033
    }, 
    "35": {
        "cache-09": 4.019131848907842, 
        "cache-10": 4.563966398791033
    }, 
    "36": {
        "cache-09": 4.019131848907842, 
        "cache-10": 4.563966398791033
    }, 
    "37": {
        "cache-09": 4.019131848907842, 
        "cache-10": 4.563966398791033
    }, 
    "38": {
        "cache-09": 4.019131848907842, 
        "cache-10": 4.563966398791033
    }, 
    "39": {
        "cache-09": 4.019131848907842, 
        "cache-10": 4.563966398791033
    }, 
    "40": {
        "cache-09": 4.019131848907842, 
        "cache-10": 4.563966398791033
    }, 
    "41": {
        "cache-09": 4.0074689856763275, 
        "cache-10": 4.702969040653775
    }, 
    "42": {
        "cache-09": 4.0074689856763275, 
        "cache-10": 4.702969040653775
    }, 
    "43": {
        "cache-09": 4.0074689856763275, 
        "cache-10": 4.702969040653775
    }, 
    "44": {
        "cache-09": 4.0074689856763275, 
        "cache-10": 4.702969040653775
    }, 
    "45": {
        "cache-09": 4.0074689856763275, 
        "cache-10": 4.702969040653775
    }, 
    "46": {
        "cache-09": 4.0074689856763275, 
        "cache-10": 4.702969040653775
    }, 
    "47": {
        "cache-09": 4.0074689856763275, 
        "cache-10": 4.702969040653775
    }, 
    "48": {
        "cache-09": 4.0074689856763275, 
        "cache-10": 4.702969040653775
    }, 
    "49": {
        "cache-09": 4.0074689856763275, 
        "cache-10": 4.702969040653775
    }, 
    "50": {
        "cache-09": 4.0074689856763275, 
        "cache-10": 4.702969040653775
    }, 
    "51": {
        "cache-09": 4.006576583711773, 
        "cache-10": 4.397071097218888
    }, 
    "52": {
        "cache-09": 4.006576583711773, 
        "cache-10": 4.397071097218888
    }, 
    "53": {
        "cache-09": 4.006576583711773, 
        "cache-10": 4.397071097218888
    }, 
    "54": {
        "cache-09": 4.006576583711773, 
        "cache-10": 4.397071097218888
    }, 
    "55": {
        "cache-09": 4.006576583711773, 
        "cache-10": 4.397071097218888
    }, 
    "56": {
        "cache-09": 4.006576583711773, 
        "cache-10": 4.397071097218888
    }, 
    "57": {
        "cache-09": 4.006576583711773, 
        "cache-10": 4.397071097218888
    }, 
    "58": {
        "cache-09": 4.006576583711773, 
        "cache-10": 4.397071097218888
    }, 
    "59": {
        "cache-09": 4.006576583711773, 
        "cache-10": 4.397071097218888
    }, 
    "60": {
        "cache-09": 4.006576583711773, 
        "cache-10": 4.397071097218888
    }, 
    "61": {
        "cache-09": 3.991165430788909, 
        "cache-10": 4.582360698649785
    }, 
    "62": {
        "cache-09": 3.991165430788909, 
        "cache-10": 4.582360698649785
    }, 
    "63": {
        "cache-09": 3.991165430788909, 
        "cache-10": 4.582360698649785
    }, 
    "64": {
        "cache-09": 3.991165430788909, 
        "cache-10": 4.582360698649785
    }, 
    "65": {
        "cache-09": 3.991165430788909, 
        "cache-10": 4.582360698649785
    }, 
    "66": {
        "cache-09": 3.991165430788909, 
        "cache-10": 4.582360698649785
    }, 
    "67": {
        "cache-09": 3.991165430788909, 
        "cache-10": 4.582360698649785
    }, 
    "68": {
        "cache-09": 3.991165430788909, 
        "cache-10": 4.582360698649785
    }, 
    "69": {
        "cache-09": 3.991165430788909, 
        "cache-10": 4.582360698649785
    }, 
    "70": {
        "cache-09": 3.991165430788909, 
        "cache-10": 4.582360698649785
    }, 
    "71": {
        "cache-09": 4.080638542690603, 
        "cache-10": 4.555130027760191
    }, 
    "72": {
        "cache-09": 4.080638542690603, 
        "cache-10": 4.555130027760191
    }, 
    "73": {
        "cache-09": 4.080638542690603, 
        "cache-10": 4.555130027760191
    }, 
    "74": {
        "cache-09": 4.080638542690603, 
        "cache-10": 4.555130027760191
    }, 
    "75": {
        "cache-09": 4.080638542690603, 
        "cache-10": 4.555130027760191
    }, 
    "76": {
        "cache-09": 4.080638542690603, 
        "cache-10": 4.555130027760191
    }, 
    "77": {
        "cache-09": 4.080638542690603, 
        "cache-10": 4.555130027760191
    }, 
    "78": {
        "cache-09": 4.080638542690603, 
        "cache-10": 4.555130027760191
    }, 
    "79": {
        "cache-09": 4.080638542690603, 
        "cache-10": 4.555130027760191
    }, 
    "80": {
        "cache-09": 4.080638542690603, 
        "cache-10": 4.555130027760191
    }, 
    "81": {
        "cache-09": 4.10418592612228, 
        "cache-10": 4.465688751236952
    }, 
    "82": {
        "cache-09": 4.10418592612228, 
        "cache-10": 4.465688751236952
    }, 
    "83": {
        "cache-09": 4.10418592612228, 
        "cache-10": 4.465688751236952
    }, 
    "84": {
        "cache-09": 4.10418592612228,