{
    "0": {
        "cache-11": 3.011790039367745, 
        "cache-13": 4.039167162943528
    }, 
    "1": {
        "cache-11": 3.011790039367745, 
        "cache-13": 4.039167162943528
    }, 
    "2": {
        "cache-11": 3.011790039367745, 
        "cache-13": 4.039167162943528
    }, 
    "3": {
        "cache-11": 3.011790039367745, 
        "cache-13": 4.039167162943528
    }, 
    "4": {
        "cache-11": 3.011790039367745, 
        "cache-13": 4.039167162943528
    }, 
    "5": {
        "cache-11": 3.011790039367745, 
        "cache-13": 4.039167162943528
    }, 
    "6": {
        "cache-11": 3.011790039367745, 
        "cache-13": 4.039167162943528
    }, 
    "7": {
        "cache-11": 3.011790039367745, 
        "cache-13": 4.039167162943528
    }, 
    "8": {
        "cache-11": 3.011790039367745, 
        "cache-13": 4.039167162943528
    }, 
    "9": {
        "cache-11": 3.011790039367745, 
        "cache-13": 4.039167162943528
    }, 
    "10": {
        "cache-11": 3.011790039367745, 
        "cache-13": 4.039167162943528
    }, 
    "11": {
        "cache-11": 3.7157919296987263, 
        "cache-13": 3.6037696816964955
    }, 
    "12": {
        "cache-11": 3.7157919296987263, 
        "cache-13": 3.6037696816964955
    }, 
    "13": {
        "cache-11": 3.7157919296987263, 
        "cache-13": 3.6037696816964955
    }, 
    "14": {
        "cache-11": 3.7157919296987263, 
        "cache-13": 3.6037696816964955
    }, 
    "15": {
        "cache-11": 3.7157919296987263, 
        "cache-13": 3.6037696816964955
    }, 
    "16": {
        "cache-11": 3.7157919296987263, 
        "cache-13": 3.6037696816964955
    }, 
    "17": {
        "cache-11": 3.7157919296987263, 
        "cache-13": 3.6037696816964955
    }, 
    "18": {
        "cache-11": 3.7157919296987263, 
        "cache-13": 3.6037696816964955
    }, 
    "19": {
        "cache-11": 3.7157919296987263, 
        "cache-13": 3.6037696816964955
    }, 
    "20": {
        "cache-11": 3.7157919296987263, 
        "cache-13": 3.6037696816964955
    }, 
    "21": {
        "cache-11": 3.5531140323527968, 
        "cache-13": 3.5919055132491557
    }, 
    "22": {
        "cache-11": 3.5531140323527968, 
        "cache-13": 3.5919055132491557
    }, 
    "23": {
        "cache-11": 3.5531140323527968, 
        "cache-13": 3.5919055132491557
    }, 
    "24": {
        "cache-11": 3.5531140323527968, 
        "cache-13": 3.5919055132491557
    }, 
    "25": {
        "cache-11": 3.5531140323527968, 
        "cache-13": 3.5919055132491557
    }, 
    "26": {
        "cache-11": 3.5531140323527968, 
        "cache-13": 3.5919055132491557
    }, 
    "27": {
        "cache-11": 3.5531140323527968, 
        "cache-13": 3.5919055132491557
    }, 
    "28": {
        "cache-11": 3.5531140323527968, 
        "cache-13": 3.5919055132491557
    }, 
    "29": {
        "cache-11": 3.5531140323527968, 
        "cache-13": 3.5919055132491557
    }, 
    "30": {
        "cache-11": 3.5531140323527968, 
        "cache-13": 3.5919055132491557
    }, 
    "31": {
        "cache-11": 3.628407132678376, 
        "cache-13": 3.596087533292727
    }, 
    "32": {
        "cache-11": 3.628407132678376, 
        "cache-13": 3.596087533292727
    }, 
    "33": {
        "cache-11": 3.628407132678376, 
        "cache-13": 3.596087533292727
    }, 
    "34": {
        "cache-11": 3.628407132678376, 
        "cache-13": 3.596087533292727
    }, 
    "35": {
        "cache-11": 3.628407132678376, 
        "cache-13": 3.596087533292727
    }, 
    "36": {
        "cache-11": 3.628407132678376, 
        "cache-13": 3.596087533292727
    }, 
    "37": {
        "cache-11": 3.628407132678376, 
        "cache-13": 3.596087533292727
    }, 
    "38": {
        "cache-11": 3.628407132678376, 
        "cache-13": 3.596087533292727
    }, 
    "39": {
        "cache-11": 3.628407132678376, 
        "cache-13": 3.596087533292727
    }, 
    "40": {
        "cache-11": 3.628407132678376, 
        "cache-13": 3.596087533292727
    }, 
    "41": {
        "cache-11": 3.6937257324176453, 
        "cache-13": 3.5523315525836034
    }, 
    "42": {
        "cache-11": 3.6937257324176453, 
        "cache-13": 3.5523315525836034
    }, 
    "43": {
        "cache-11": 3.6937257324176453, 
        "cache-13": 3.5523315525836034
    }, 
    "44": {
        "cache-11": 3.6937257324176453, 
        "cache-13": 3.5523315525836034
    }, 
    "45": {
        "cache-11": 3.6937257324176453, 
        "cache-13": 3.5523315525836034
    }, 
    "46": {
        "cache-11": 3.6937257324176453, 
        "cache-13": 3.5523315525836034
    }, 
    "47": {
        "cache-11": 3.6937257324176453, 
        "cache-13": 3.5523315525836034
    }, 
    "48": {
        "cache-11": 3.6937257324176453, 
        "cache-13": 3.5523315525836034
    }, 
    "49": {
        "cache-11": 3.6937257324176453, 
        "cache-13": 3.5523315525836034
    }, 
    "50": {
        "cache-11": 3.6937257324176453, 
        "cache-13": 3.5523315525836034
    }, 
    "51": {
        "cache-11": 3.4560474245826214, 
        "cache-13": 3.4667369264291277
    }, 
    "52": {
        "cache-11": 3.4560474245826214, 
        "cache-13": 3.4667369264291277
    }, 
    "53": {
        "cache-11": 3.4560474245826214, 
        "cache-13": 3.4667369264291277
    }, 
    "54": {
        "cache-11": 3.4560474245826214, 
        "cache-13": 3.4667369264291277
    }, 
    "55": {
        "cache-11": 3.4560474245826214, 
        "cache-13": 3.4667369264291277
    }, 
    "56": {
        "cache-11": 3.4560474245826214, 
        "cache-13": 3.4667369264291277
    }, 
    "57": {
        "cache-11": 3.4560474245826214, 
        "cache-13": 3.4667369264291277
    }, 
    "58": {
        "cache-11": 3.4560474245826214, 
        "cache-13": 3.4667369264291277
    }, 
    "59": {
        "cache-11": 3.4560474245826214, 
        "cache-13": 3.4667369264291277
    }, 
    "60": {
        "cache-11": 3.4560474245826214, 
        "cache-13": 3.4667369264291277
    }, 
    "61": {
        "cache-11": 3.23472935287908, 
        "cache-13": 3.4450352020163235
    }, 
    "62": {
        "cache-11": 3.23472935287908, 
        "cache-13": 3.4450352020163235
    }, 
    "63": {
        "cache-11": 3.23472935287908, 
        "cache-13": 3.4450352020163235
    }, 
    "64": {
        "cache-11": 3.23472935287908, 
        "cache-13": 3.4450352020163235
    }, 
    "65": {
        "cache-11": 3.23472935287908, 
        "cache-13": 3.4450352020163235
    }, 
    "66": {
        "cache-11": 3.23472935287908, 
        "cache-13": 3.4450352020163235
    }, 
    "67": {
        "cache-11": 3.23472935287908, 
        "cache-13": 3.4450352020163235
    }, 
    "68": {
        "cache-11": 3.23472935287908, 
        "cache-13": 3.4450352020163235
    }, 
    "69": {
        "cache-11": 3.23472935287908, 
        "cache-13": 3.4450352020163235
    }, 
    "70": {
        "cache-11": 3.23472935287908, 
        "cache-13": 3.4450352020163235
    }, 
    "71": {
        "cache-11": 3.5372311414904187, 
        "cache-13": 3.265287250022769
    }, 
    "72": {
        "cache-11": 3.5372311414904187, 
        "cache-13": 3.265287250022769
    }, 
    "73": {
        "cache-11": 3.5372311414904187, 
        "cache-13": 3.265287250022769
    }, 
    "74": {
        "cache-11": 3.5372311414904187, 
        "cache-13": 3.265287250022769
    }, 
    "75": {
        "cache-11": 3.5372311414904187, 
        "cache-13": 3.265287250022769
    }, 
    "76": {
        "cache-11": 3.5372311414904187, 
        "cache-13": 3.265287250022769
    }, 
    "77": {
        "cache-11": 3.5372311414904187, 
        "cache-13": 3.265287250022769
    }, 
    "78": {
        "cache-11": 3.5372311414904187, 
        "cache-13": 3.265287250022769
    }, 
    "79": {
        "cache-11": 3.5372311414904187, 
        "cache-13": 3.265287250022769
    }, 
    "80": {
        "cache-11": 3.5372311414904187,