{
    "0": {
        "cache-02": 4, 
        "cache-05": 3.75
    }, 
    "1": {
        "cache-02": 4, 
        "cache-05": 3.594745844265475
    }, 
    "2": {
        "cache-02": 4, 
        "cache-05": 3.5171187663982124
    }, 
    "3": {
        "cache-02": 4, 
        "cache-05": 3.478305227464581
    }, 
    "4": {
        "cache-02": 4, 
        "cache-05": 3.4588984579977655
    }, 
    "5": {
        "cache-02": 4, 
        "cache-05": 3.586586925146809
    }, 
    "6": {
        "cache-02": 4.030230958761033, 
        "cache-05": 3.586586925146809
    }, 
    "7": {
        "cache-02": 4.045346438141548, 
        "cache-05": 3.586586925146809
    }, 
    "8": {
        "cache-02": 3.8798109152187004, 
        "cache-05": 3.586586925146809
    }, 
    "9": {
        "cache-02": 3.7970431537572766, 
        "cache-05": 3.586586925146809
    }, 
    "10": {
        "cache-02": 3.9287525356396706, 
        "cache-05": 3.586586925146809
    }, 
    "11": {
        "cache-02": 3.9946072265808676, 
        "cache-05": 3.586586925146809
    }, 
    "12": {
        "cache-02": 3.85444130943836, 
        "cache-05": 3.586586925146809
    }, 
    "13": {
        "cache-02": 3.784358350867106, 
        "cache-05": 3.586586925146809
    }, 
    "14": {
        "cache-02": 3.9224101341945854, 
        "cache-05": 3.586586925146809
    }, 
    "15": {
        "cache-02": 3.991436025858325, 
        "cache-05": 3.586586925146809
    }, 
    "16": {
        "cache-02": 4.025948971690195, 
        "cache-05": 3.586586925146809
    }, 
    "17": {
        "cache-02": 3.8701121819930235, 
        "cache-05": 3.586586925146809
    }, 
    "18": {
        "cache-02": 3.7921937871444378, 
        "cache-05": 3.586586925146809
    }, 
    "19": {
        "cache-02": 3.753234589720145, 
        "cache-05": 3.586586925146809
    }, 
    "20": {
        "cache-02": 3.7337549910079986, 
        "cache-05": 3.586586925146809
    }, 
    "21": {
        "cache-02": 3.7240151916519255, 
        "cache-05": 3.586586925146809
    }, 
    "22": {
        "cache-02": 3.7191452919738888, 
        "cache-05": 3.586586925146809
    }, 
    "23": {
        "cache-02": 3.8898036047479767, 
        "cache-05": 3.586586925146809
    }, 
    "24": {
        "cache-02": 3.9751327611350207, 
        "cache-05": 3.586586925146809
    }, 
    "25": {
        "cache-02": 4.017797339328543, 
        "cache-05": 3.586586925146809
    }, 
    "26": {
        "cache-02": 4.039129628425304, 
        "cache-05": 3.586586925146809
    }, 
    "27": {
        "cache-02": 4.049795772973685, 
        "cache-05": 3.586586925146809
    }, 
    "28": {
        "cache-02": 4.055128845247875, 
        "cache-05": 3.586586925146809
    }, 
    "29": {
        "cache-02": 4.05779538138497, 
        "cache-05": 3.586586925146809
    }, 
    "30": {
        "cache-02": 4.059128649453518, 
        "cache-05": 3.586586925146809
    }, 
    "31": {
        "cache-02": 4.059795283487791, 
        "cache-05": 3.586586925146809
    }, 
    "32": {
        "cache-02": 4.060128600504928, 
        "cache-05": 3.586586925146809
    }, 
    "33": {
        "cache-02": 4.060295259013497, 
        "cache-05": 3.586586925146809
    }, 
    "34": {
        "cache-02": 4.060378588267781, 
        "cache-05": 3.586586925146809
    }, 
    "35": {
        "cache-02": 3.887326990281817, 
        "cache-05": 3.586586925146809
    }, 
    "36": {
        "cache-02": 3.9738944539019405, 
        "cache-05": 3.586586925146809
    }, 
    "37": {
        "cache-02": 4.017178185712003, 
        "cache-05": 3.586586925146809
    }, 
    "38": {
        "cache-02": 4.038820051617034, 
        "cache-05": 3.586586925146809
    }, 
    "39": {
        "cache-02": 4.04964098456955, 
        "cache-05": 3.586586925146809
    }, 
    "40": {
        "cache-02": 4.0550514510458076, 
        "cache-05": 3.586586925146809
    }, 
    "41": {
        "cache-02": 4.057756684283936, 
        "cache-05": 3.586586925146809
    }, 
    "42": {
        "cache-02": 4.059109300903, 
        "cache-05": 3.586586925146809
    }, 
    "43": {
        "cache-02": 4.059785609212533, 
        "cache-05": 3.586586925146809
    }, 
    "44": {
        "cache-02": 4.060123763367299, 
        "cache-05": 3.586586925146809
    }, 
    "45": {
        "cache-02": 4.060292840444681, 
        "cache-05": 3.586586925146809
    }, 
    "46": {
        "cache-02": 4.0603773789833735, 
        "cache-05": 3.586586925146809
    }, 
    "47": {
        "cache-02": 4.060419648252719, 
        "cache-05": 3.586586925146809
    }, 
    "48": {
        "cache-02": 3.8873475202742855, 
        "cache-05": 3.586586925146809
    }, 
    "49": {
        "cache-02": 3.973904718898175, 
        "cache-05": 3.586586925146809
    }, 
    "50": {
        "cache-02": 4.01718331821012, 
        "cache-05": 3.586586925146809
    }, 
    "51": {
        "cache-02": 4.038822617866092, 
        "cache-05": 3.586586925146809
    }, 
    "52": {
        "cache-02": 4.049642267694079, 
        "cache-05": 3.586586925146809
    }, 
    "53": {
        "cache-02": 4.055052092608072, 
        "cache-05": 3.586586925146809
    }, 
    "54": {
        "cache-02": 4.057757005065069, 
        "cache-05": 3.586586925146809
    }, 
    "55": {
        "cache-02": 4.059109461293566, 
        "cache-05": 3.586586925146809
    }, 
    "56": {
        "cache-02": 4.059785689407816, 
        "cache-05": 3.586586925146809
    }, 
    "57": {
        "cache-02": 4.06012380346494, 
        "cache-05": 3.586586925146809
    }, 
    "58": {
        "cache-02": 3.887199597880396, 
        "cache-05": 3.586586925146809
    }, 
    "59": {
        "cache-02": 3.800737495088124, 
        "cache-05": 3.586586925146809
    }, 
    "60": {
        "cache-02": 3.7575064436919883, 
        "cache-05": 3.586586925146809
    }, 
    "61": {
        "cache-02": 3.9089841806070265, 
        "cache-05": 3.586586925146809
    }, 
    "62": {
        "cache-02": 3.9847230490645456, 
        "cache-05": 3.586586925146809
    }, 
    "63": {
        "cache-02": 4.022592483293305, 
        "cache-05": 3.586586925146809
    }, 
    "64": {
        "cache-02": 4.041527200407685, 
        "cache-05": 3.586586925146809
    }, 
    "65": {
        "cache-02": 4.0509945589648755, 
        "cache-05": 3.586586925146809
    }, 
    "66": {
        "cache-02": 4.05572823824347, 
        "cache-05": 3.586586925146809
    }, 
    "67": {
        "cache-02": 3.885001815269661, 
        "cache-05": 3.586586925146809
    }, 
    "68": {
        "cache-02": 3.799638603782757, 
        "cache-05": 3.586586925146809
    }, 
    "69": {
        "cache-02": 3.930050260652411, 
        "cache-05": 3.586586925146809
    }, 
    "70": {
        "cache-02": 3.9952560890872375, 
        "cache-05": 3.586586925146809
    }, 
    "71": {
        "cache-02": 4.027859003304651, 
        "cache-05": 3.586586925146809
    }, 
    "72": {
        "cache-02": 4.044160460413358, 
        "cache-05": 3.586586925146809
    }, 
    "73": {
        "cache-02": 4.052311188967711, 
        "cache-05": 3.586586925146809
    }, 
    "74": {
        "cache-02": 4.056386553244888, 
        "cache-05": 3.586586925146809
    }, 
    "75": {
        "cache-02": 4.058424235383477, 
        "cache-05": 3.586586925146809
    }, 
    "76": {
        "cache-02": 4.059443076452771, 
        "cache-05": 3.586586925146809
    }, 
    "77": {
        "cache-02": 3.886859234374312, 
        "cache-05": 3.586586925146809
    }, 
    "78": {
        "cache-02": 3.8005673133350824, 
        "cache-05": 3.586586925146809
    }, 
    "79": {
        "cache-02": 3.7574213528154674, 
        "cache-05": 3.586586925146809
    }, 
    "80": {
        "cache-02": 3.73584837255566, 
        "cache-05": 3.586586925146809
    }, 
    "81": {
        "cache-02": 3.725061882425756, 
        "cache-05": 3.586586925146809
    }, 
    "82": {
        "cache-02": 3.7196686373608046,