{
    "0": {
        "cache-11": 3.221167092296557, 
        "cache-12": 3.464334283617071
    }, 
    "1": {
        "cache-11": 3.221167092296557, 
        "cache-12": 3.464334283617071
    }, 
    "2": {
        "cache-11": 3.221167092296557, 
        "cache-12": 3.464334283617071
    }, 
    "3": {
        "cache-11": 3.221167092296557, 
        "cache-12": 3.464334283617071
    }, 
    "4": {
        "cache-11": 3.221167092296557, 
        "cache-12": 3.464334283617071
    }, 
    "5": {
        "cache-11": 3.221167092296557, 
        "cache-12": 3.464334283617071
    }, 
    "6": {
        "cache-11": 3.221167092296557, 
        "cache-12": 3.464334283617071
    }, 
    "7": {
        "cache-11": 3.221167092296557, 
        "cache-12": 3.464334283617071
    }, 
    "8": {
        "cache-11": 3.221167092296557, 
        "cache-12": 3.464334283617071
    }, 
    "9": {
        "cache-11": 3.221167092296557, 
        "cache-12": 3.464334283617071
    }, 
    "10": {
        "cache-11": 3.221167092296557, 
        "cache-12": 3.464334283617071
    }, 
    "11": {
        "cache-11": 3.43990221990852, 
        "cache-12": 3.4071199985893896
    }, 
    "12": {
        "cache-11": 3.43990221990852, 
        "cache-12": 3.4071199985893896
    }, 
    "13": {
        "cache-11": 3.43990221990852, 
        "cache-12": 3.4071199985893896
    }, 
    "14": {
        "cache-11": 3.43990221990852, 
        "cache-12": 3.4071199985893896
    }, 
    "15": {
        "cache-11": 3.43990221990852, 
        "cache-12": 3.4071199985893896
    }, 
    "16": {
        "cache-11": 3.43990221990852, 
        "cache-12": 3.4071199985893896
    }, 
    "17": {
        "cache-11": 3.43990221990852, 
        "cache-12": 3.4071199985893896
    }, 
    "18": {
        "cache-11": 3.43990221990852, 
        "cache-12": 3.4071199985893896
    }, 
    "19": {
        "cache-11": 3.43990221990852, 
        "cache-12": 3.4071199985893896
    }, 
    "20": {
        "cache-11": 3.43990221990852, 
        "cache-12": 3.4071199985893896
    }, 
    "21": {
        "cache-11": 3.441413925344447, 
        "cache-12": 3.4415598333417066
    }, 
    "22": {
        "cache-11": 3.441413925344447, 
        "cache-12": 3.4415598333417066
    }, 
    "23": {
        "cache-11": 3.441413925344447, 
        "cache-12": 3.4415598333417066
    }, 
    "24": {
        "cache-11": 3.441413925344447, 
        "cache-12": 3.4415598333417066
    }, 
    "25": {
        "cache-11": 3.441413925344447, 
        "cache-12": 3.4415598333417066
    }, 
    "26": {
        "cache-11": 3.441413925344447, 
        "cache-12": 3.4415598333417066
    }, 
    "27": {
        "cache-11": 3.441413925344447, 
        "cache-12": 3.4415598333417066
    }, 
    "28": {
        "cache-11": 3.441413925344447, 
        "cache-12": 3.4415598333417066
    }, 
    "29": {
        "cache-11": 3.441413925344447, 
        "cache-12": 3.4415598333417066
    }, 
    "30": {
        "cache-11": 3.441413925344447, 
        "cache-12": 3.4415598333417066
    }, 
    "31": {
        "cache-11": 3.45009733791128, 
        "cache-12": 3.4578321258993747
    }, 
    "32": {
        "cache-11": 3.45009733791128, 
        "cache-12": 3.4578321258993747
    }, 
    "33": {
        "cache-11": 3.45009733791128, 
        "cache-12": 3.4578321258993747
    }, 
    "34": {
        "cache-11": 3.45009733791128, 
        "cache-12": 3.4578321258993747
    }, 
    "35": {
        "cache-11": 3.45009733791128, 
        "cache-12": 3.4578321258993747
    }, 
    "36": {
        "cache-11": 3.45009733791128, 
        "cache-12": 3.4578321258993747
    }, 
    "37": {
        "cache-11": 3.45009733791128, 
        "cache-12": 3.4578321258993747
    }, 
    "38": {
        "cache-11": 3.45009733791128, 
        "cache-12": 3.4578321258993747
    }, 
    "39": {
        "cache-11": 3.45009733791128, 
        "cache-12": 3.4578321258993747
    }, 
    "40": {
        "cache-11": 3.45009733791128, 
        "cache-12": 3.4578321258993747
    }, 
    "41": {
        "cache-11": 3.544916689071622, 
        "cache-12": 3.4500688457708772
    }, 
    "42": {
        "cache-11": 3.544916689071622, 
        "cache-12": 3.4500688457708772
    }, 
    "43": {
        "cache-11": 3.544916689071622, 
        "cache-12": 3.4500688457708772
    }, 
    "44": {
        "cache-11": 3.544916689071622, 
        "cache-12": 3.4500688457708772
    }, 
    "45": {
        "cache-11": 3.544916689071622, 
        "cache-12": 3.4500688457708772
    }, 
    "46": {
        "cache-11": 3.544916689071622, 
        "cache-12": 3.4500688457708772
    }, 
    "47": {
        "cache-11": 3.544916689071622, 
        "cache-12": 3.4500688457708772
    }, 
    "48": {
        "cache-11": 3.544916689071622, 
        "cache-12": 3.4500688457708772
    }, 
    "49": {
        "cache-11": 3.544916689071622, 
        "cache-12": 3.4500688457708772
    }, 
    "50": {
        "cache-11": 3.544916689071622, 
        "cache-12": 3.4500688457708772
    }, 
    "51": {
        "cache-11": 3.262369222075378, 
        "cache-12": 3.4737108349147956
    }, 
    "52": {
        "cache-11": 3.262369222075378, 
        "cache-12": 3.4737108349147956
    }, 
    "53": {
        "cache-11": 3.262369222075378, 
        "cache-12": 3.4737108349147956
    }, 
    "54": {
        "cache-11": 3.262369222075378, 
        "cache-12": 3.4737108349147956
    }, 
    "55": {
        "cache-11": 3.262369222075378, 
        "cache-12": 3.4737108349147956
    }, 
    "56": {
        "cache-11": 3.262369222075378, 
        "cache-12": 3.4737108349147956
    }, 
    "57": {
        "cache-11": 3.262369222075378, 
        "cache-12": 3.4737108349147956
    }, 
    "58": {
        "cache-11": 3.262369222075378, 
        "cache-12": 3.4737108349147956
    }, 
    "59": {
        "cache-11": 3.262369222075378, 
        "cache-12": 3.4737108349147956
    }, 
    "60": {
        "cache-11": 3.262369222075378, 
        "cache-12": 3.4737108349147956
    }, 
    "61": {
        "cache-11": 3.5995407762393445, 
        "cache-12": 3.4820053329556764
    }, 
    "62": {
        "cache-11": 3.5995407762393445, 
        "cache-12": 3.4820053329556764
    }, 
    "63": {
        "cache-11": 3.5995407762393445, 
        "cache-12": 3.4820053329556764
    }, 
    "64": {
        "cache-11": 3.5995407762393445, 
        "cache-12": 3.4820053329556764
    }, 
    "65": {
        "cache-11": 3.5995407762393445, 
        "cache-12": 3.4820053329556764
    }, 
    "66": {
        "cache-11": 3.5995407762393445, 
        "cache-12": 3.4820053329556764
    }, 
    "67": {
        "cache-11": 3.5995407762393445, 
        "cache-12": 3.4820053329556764
    }, 
    "68": {
        "cache-11": 3.5995407762393445, 
        "cache-12": 3.4820053329556764
    }, 
    "69": {
        "cache-11": 3.5995407762393445, 
        "cache-12": 3.4820053329556764
    }, 
    "70": {
        "cache-11": 3.5995407762393445, 
        "cache-12": 3.4820053329556764
    }, 
    "71": {
        "cache-11": 3.3408347017457176, 
        "cache-12": 3.4711118763602085
    }, 
    "72": {
        "cache-11": 3.3408347017457176, 
        "cache-12": 3.4711118763602085
    }, 
    "73": {
        "cache-11": 3.3408347017457176, 
        "cache-12": 3.4711118763602085
    }, 
    "74": {
        "cache-11": 3.3408347017457176, 
        "cache-12": 3.4711118763602085
    }, 
    "75": {
        "cache-11": 3.3408347017457176, 
        "cache-12": 3.4711118763602085
    }, 
    "76": {
        "cache-11": 3.3408347017457176, 
        "cache-12": 3.4711118763602085
    }, 
    "77": {
        "cache-11": 3.3408347017457176, 
        "cache-12": 3.4711118763602085
    }, 
    "78": {
        "cache-11": 3.3408347017457176, 
        "cache-12": 3.4711118763602085
    }, 
    "79": {
        "cache-11": 3.3408347017457176, 
        "cache-12": 3.4711118763602085
    }, 
    "80": {
        "cache-11": 3.3408347017457176, 
        "cache-12": 3.4711118763602085
    },