{
    "0": {
        "cache-02": 3.75, 
        "cache-03": 4
    }, 
    "1": {
        "cache-02": 3.7321376961479262, 
        "cache-03": 4
    }, 
    "2": {
        "cache-02": 3.896299806834995, 
        "cache-03": 4
    }, 
    "3": {
        "cache-02": 4.1958730515080465, 
        "cache-03": 4
    }, 
    "4": {
        "cache-02": 3.817682370019498, 
        "cache-03": 4
    }, 
    "5": {
        "cache-02": 3.9390721437707814, 
        "cache-03": 4
    }, 
    "6": {
        "cache-02": 3.9390721437707814, 
        "cache-03": 4.030230958761033
    }, 
    "7": {
        "cache-02": 3.9390721437707814, 
        "cache-03": 4.4176112121567375
    }, 
    "8": {
        "cache-02": 3.9390721437707814, 
        "cache-03": 4.61130133885459
    }, 
    "9": {
        "cache-02": 3.9390721437707814, 
        "cache-03": 4.805627472453802
    }, 
    "10": {
        "cache-02": 3.9390721437707814, 
        "cache-03": 4.902790539253408
    }, 
    "11": {
        "cache-02": 3.9390721437707814, 
        "cache-03": 4.951372072653211
    }, 
    "12": {
        "cache-02": 3.9390721437707814, 
        "cache-03": 4.975662839353113
    }, 
    "13": {
        "cache-02": 3.9390721437707814, 
        "cache-03": 4.987808222703064
    }, 
    "14": {
        "cache-02": 3.9390721437707814, 
        "cache-03": 4.993880914378039
    }, 
    "15": {
        "cache-02": 3.9390721437707814, 
        "cache-03": 4.996917260215527
    }, 
    "16": {
        "cache-02": 3.9390721437707814, 
        "cache-03": 4.99843543313427
    }, 
    "17": {
        "cache-02": 3.9390721437707814, 
        "cache-03": 4.999194519593642
    }, 
    "18": {
        "cache-02": 3.9390721437707814, 
        "cache-03": 4.999574062823328
    }, 
    "19": {
        "cache-02": 3.9390721437707814, 
        "cache-03": 4.999763834438172
    }, 
    "20": {
        "cache-02": 3.9390721437707814, 
        "cache-03": 4.999858720245593
    }, 
    "21": {
        "cache-02": 3.9390721437707814, 
        "cache-03": 4.999906163149303
    }, 
    "22": {
        "cache-02": 3.9390721437707814, 
        "cache-03": 4.999929884601158
    }, 
    "23": {
        "cache-02": 3.9390721437707814, 
        "cache-03": 4.999941745327087
    }, 
    "24": {
        "cache-02": 3.9390721437707814, 
        "cache-03": 4.99994767569005
    }, 
    "25": {
        "cache-02": 3.9390721437707814, 
        "cache-03": 4.902469570621246
    }, 
    "26": {
        "cache-02": 3.9390721437707814, 
        "cache-03": 4.951211588337131
    }, 
    "27": {
        "cache-02": 3.9390721437707814, 
        "cache-03": 4.975582597195073
    }, 
    "28": {
        "cache-02": 3.9390721437707814, 
        "cache-03": 4.987768101624043
    }, 
    "29": {
        "cache-02": 3.9390721437707814, 
        "cache-03": 4.9938608538385285
    }, 
    "30": {
        "cache-02": 3.9390721437707814, 
        "cache-03": 4.996907229945771
    }, 
    "31": {
        "cache-02": 3.9390721437707814, 
        "cache-03": 4.998430417999392
    }, 
    "32": {
        "cache-02": 3.9390721437707814, 
        "cache-03": 4.999192012026203
    }, 
    "33": {
        "cache-02": 3.9390721437707814, 
        "cache-03": 4.999572809039609
    }, 
    "34": {
        "cache-02": 3.9390721437707814, 
        "cache-03": 4.999763207546312
    }, 
    "35": {
        "cache-02": 3.9390721437707814, 
        "cache-03": 4.999858406799664
    }, 
    "36": {
        "cache-02": 3.9390721437707814, 
        "cache-03": 4.99990600642634
    }, 
    "37": {
        "cache-02": 3.9390721437707814, 
        "cache-03": 4.9999298062396775
    }, 
    "38": {
        "cache-02": 3.9390721437707814, 
        "cache-03": 4.9999417061463465
    }, 
    "39": {
        "cache-02": 3.9390721437707814, 
        "cache-03": 4.99994765609968
    }, 
    "40": {
        "cache-02": 3.9390721437707814, 
        "cache-03": 4.999950631076347
    }, 
    "41": {
        "cache-02": 3.9390721437707814, 
        "cache-03": 4.99995211856468
    }, 
    "42": {
        "cache-02": 3.9390721437707814, 
        "cache-03": 4.999952862308847
    }, 
    "43": {
        "cache-02": 3.9390721437707814, 
        "cache-03": 4.99995323418093
    }, 
    "44": {
        "cache-02": 3.9390721437707814, 
        "cache-03": 4.999953420116972
    }, 
    "45": {
        "cache-02": 3.9390721437707814, 
        "cache-03": 4.999953513084993
    }, 
    "46": {
        "cache-02": 3.9390721437707814, 
        "cache-03": 4.999953559569004
    }, 
    "47": {
        "cache-02": 3.9390721437707814, 
        "cache-03": 4.99995358281101
    }, 
    "48": {
        "cache-02": 3.9390721437707814, 
        "cache-03": 4.999953594432013
    }, 
    "49": {
        "cache-02": 3.9390721437707814, 
        "cache-03": 4.999953600242513
    }, 
    "50": {
        "cache-02": 3.9390721437707814, 
        "cache-03": 4.999953603147764
    }, 
    "51": {
        "cache-02": 3.9390721437707814, 
        "cache-03": 4.999953604600389
    }, 
    "52": {
        "cache-02": 3.9390721437707814, 
        "cache-03": 4.999953605326702
    }, 
    "53": {
        "cache-02": 3.9390721437707814, 
        "cache-03": 4.999953605689859
    }, 
    "54": {
        "cache-02": 3.9390721437707814, 
        "cache-03": 4.999953605871436
    }, 
    "55": {
        "cache-02": 3.9390721437707814, 
        "cache-03": 4.999953605962226
    }, 
    "56": {
        "cache-02": 3.9390721437707814, 
        "cache-03": 4.999953606007621
    }, 
    "57": {
        "cache-02": 3.9390721437707814, 
        "cache-03": 4.999953606030317
    }, 
    "58": {
        "cache-02": 3.9390721437707814, 
        "cache-03": 4.999953606041666
    }, 
    "59": {
        "cache-02": 3.9390721437707814, 
        "cache-03": 4.99995360604734
    }, 
    "60": {
        "cache-02": 3.9390721437707814, 
        "cache-03": 4.999953606050177
    }, 
    "61": {
        "cache-02": 3.9390721437707814, 
        "cache-03": 4.999953606051596
    }, 
    "62": {
        "cache-02": 3.9390721437707814, 
        "cache-03": 4.999953606052305
    }, 
    "63": {
        "cache-02": 3.9390721437707814, 
        "cache-03": 4.99995360605266
    }, 
    "64": {
        "cache-02": 3.9390721437707814, 
        "cache-03": 4.902472535802551
    }, 
    "65": {
        "cache-02": 3.9390721437707814, 
        "cache-03": 4.951213070927783
    }, 
    "66": {
        "cache-02": 3.9390721437707814, 
        "cache-03": 4.878102268240113
    }, 
    "67": {
        "cache-02": 3.9390721437707814, 
        "cache-03": 4.841546866896278
    }, 
    "68": {
        "cache-02": 3.9390721437707814, 
        "cache-03": 4.82326916622436
    }, 
    "69": {
        "cache-02": 3.9390721437707814, 
        "cache-03": 4.911611386138688
    }, 
    "70": {
        "cache-02": 3.9390721437707814, 
        "cache-03": 4.955782496095852
    }, 
    "71": {
        "cache-02": 3.9390721437707814, 
        "cache-03": 4.977868051074433
    }, 
    "72": {
        "cache-02": 3.9390721437707814, 
        "cache-03": 4.988910828563723
    }, 
    "73": {
        "cache-02": 3.9390721437707814, 
        "cache-03": 4.994432217308368
    }, 
    "74": {
        "cache-02": 3.9390721437707814, 
        "cache-03": 4.997192911680692
    }, 
    "75": {
        "cache-02": 3.9390721437707814, 
        "cache-03": 4.998573258866854
    }, 
    "76": {
        "cache-02": 3.9390721437707814, 
        "cache-03": 4.999263432459934
    }, 
    "77": {
        "cache-02": 3.9390721437707814, 
        "cache-03": 4.9996085192564745
    }, 
    "78": {
        "cache-02": 3.9390721437707814, 
        "cache-03": 4.902299992404458
    }, 
    "79": {
        "cache-02": 3.9390721437707814, 
        "cache-03": 4.951126799228737
    }, 
    "80": {
        "cache-02": 3.9390721437707814, 
        "cache-03": 4.975540202640875
    }, 
    "81": {
        "cache-02": 3.9390721437707814, 
        "cache-03": 4.987746904346945
    },