{
    "0": {
        "cache-14": 3.275628698280414, 
        "cache-16": 3.1098729221327375
    }, 
    "1": {
        "cache-14": 3.275628698280414, 
        "cache-16": 3.1098729221327375
    }, 
    "2": {
        "cache-14": 3.275628698280414, 
        "cache-16": 3.1098729221327375
    }, 
    "3": {
        "cache-14": 3.275628698280414, 
        "cache-16": 3.1098729221327375
    }, 
    "4": {
        "cache-14": 3.275628698280414, 
        "cache-16": 3.1098729221327375
    }, 
    "5": {
        "cache-14": 3.275628698280414, 
        "cache-16": 3.1098729221327375
    }, 
    "6": {
        "cache-14": 3.275628698280414, 
        "cache-16": 3.1098729221327375
    }, 
    "7": {
        "cache-14": 3.275628698280414, 
        "cache-16": 3.1098729221327375
    }, 
    "8": {
        "cache-14": 3.275628698280414, 
        "cache-16": 3.1098729221327375
    }, 
    "9": {
        "cache-14": 3.275628698280414, 
        "cache-16": 3.1098729221327375
    }, 
    "10": {
        "cache-14": 3.275628698280414, 
        "cache-16": 3.1098729221327375
    }, 
    "11": {
        "cache-14": 3.2693577049955214, 
        "cache-16": 3.241343936804638
    }, 
    "12": {
        "cache-14": 3.2693577049955214, 
        "cache-16": 3.241343936804638
    }, 
    "13": {
        "cache-14": 3.2693577049955214, 
        "cache-16": 3.241343936804638
    }, 
    "14": {
        "cache-14": 3.2693577049955214, 
        "cache-16": 3.241343936804638
    }, 
    "15": {
        "cache-14": 3.2693577049955214, 
        "cache-16": 3.241343936804638
    }, 
    "16": {
        "cache-14": 3.2693577049955214, 
        "cache-16": 3.241343936804638
    }, 
    "17": {
        "cache-14": 3.2693577049955214, 
        "cache-16": 3.241343936804638
    }, 
    "18": {
        "cache-14": 3.2693577049955214, 
        "cache-16": 3.241343936804638
    }, 
    "19": {
        "cache-14": 3.2693577049955214, 
        "cache-16": 3.241343936804638
    }, 
    "20": {
        "cache-14": 3.2693577049955214, 
        "cache-16": 3.241343936804638
    }, 
    "21": {
        "cache-14": 3.044092808039529, 
        "cache-16": 2.9576203922933226
    }, 
    "22": {
        "cache-14": 3.044092808039529, 
        "cache-16": 2.9576203922933226
    }, 
    "23": {
        "cache-14": 3.044092808039529, 
        "cache-16": 2.9576203922933226
    }, 
    "24": {
        "cache-14": 3.044092808039529, 
        "cache-16": 2.9576203922933226
    }, 
    "25": {
        "cache-14": 3.044092808039529, 
        "cache-16": 2.9576203922933226
    }, 
    "26": {
        "cache-14": 3.044092808039529, 
        "cache-16": 2.9576203922933226
    }, 
    "27": {
        "cache-14": 3.044092808039529, 
        "cache-16": 2.9576203922933226
    }, 
    "28": {
        "cache-14": 3.044092808039529, 
        "cache-16": 2.9576203922933226
    }, 
    "29": {
        "cache-14": 3.044092808039529, 
        "cache-16": 2.9576203922933226
    }, 
    "30": {
        "cache-14": 3.044092808039529, 
        "cache-16": 2.9576203922933226
    }, 
    "31": {
        "cache-14": 3.1078522303447067, 
        "cache-16": 3.222281577660321
    }, 
    "32": {
        "cache-14": 3.1078522303447067, 
        "cache-16": 3.222281577660321
    }, 
    "33": {
        "cache-14": 3.1078522303447067, 
        "cache-16": 3.222281577660321
    }, 
    "34": {
        "cache-14": 3.1078522303447067, 
        "cache-16": 3.222281577660321
    }, 
    "35": {
        "cache-14": 3.1078522303447067, 
        "cache-16": 3.222281577660321
    }, 
    "36": {
        "cache-14": 3.1078522303447067, 
        "cache-16": 3.222281577660321
    }, 
    "37": {
        "cache-14": 3.1078522303447067, 
        "cache-16": 3.222281577660321
    }, 
    "38": {
        "cache-14": 3.1078522303447067, 
        "cache-16": 3.222281577660321
    }, 
    "39": {
        "cache-14": 3.1078522303447067, 
        "cache-16": 3.222281577660321
    }, 
    "40": {
        "cache-14": 3.1078522303447067, 
        "cache-16": 3.222281577660321
    }, 
    "41": {
        "cache-14": 3.0795535020078018, 
        "cache-16": 3.3666760702071707
    }, 
    "42": {
        "cache-14": 3.0795535020078018, 
        "cache-16": 3.3666760702071707
    }, 
    "43": {
        "cache-14": 3.0795535020078018, 
        "cache-16": 3.3666760702071707
    }, 
    "44": {
        "cache-14": 3.0795535020078018, 
        "cache-16": 3.3666760702071707
    }, 
    "45": {
        "cache-14": 3.0795535020078018, 
        "cache-16": 3.3666760702071707
    }, 
    "46": {
        "cache-14": 3.0795535020078018, 
        "cache-16": 3.3666760702071707
    }, 
    "47": {
        "cache-14": 3.0795535020078018, 
        "cache-16": 3.3666760702071707
    }, 
    "48": {
        "cache-14": 3.0795535020078018, 
        "cache-16": 3.3666760702071707
    }, 
    "49": {
        "cache-14": 3.0795535020078018, 
        "cache-16": 3.3666760702071707
    }, 
    "50": {
        "cache-14": 3.0795535020078018, 
        "cache-16": 3.3666760702071707
    }, 
    "51": {
        "cache-14": 3.4346731298005633, 
        "cache-16": 3.205230848012831
    }, 
    "52": {
        "cache-14": 3.4346731298005633, 
        "cache-16": 3.205230848012831
    }, 
    "53": {
        "cache-14": 3.4346731298005633, 
        "cache-16": 3.205230848012831
    }, 
    "54": {
        "cache-14": 3.4346731298005633, 
        "cache-16": 3.205230848012831
    }, 
    "55": {
        "cache-14": 3.4346731298005633, 
        "cache-16": 3.205230848012831
    }, 
    "56": {
        "cache-14": 3.4346731298005633, 
        "cache-16": 3.205230848012831
    }, 
    "57": {
        "cache-14": 3.4346731298005633, 
        "cache-16": 3.205230848012831
    }, 
    "58": {
        "cache-14": 3.4346731298005633, 
        "cache-16": 3.205230848012831
    }, 
    "59": {
        "cache-14": 3.4346731298005633, 
        "cache-16": 3.205230848012831
    }, 
    "60": {
        "cache-14": 3.4346731298005633, 
        "cache-16": 3.205230848012831
    }, 
    "61": {
        "cache-14": 3.211735568235016, 
        "cache-16": 3.345507620475013
    }, 
    "62": {
        "cache-14": 3.211735568235016, 
        "cache-16": 3.345507620475013
    }, 
    "63": {
        "cache-14": 3.211735568235016, 
        "cache-16": 3.345507620475013
    }, 
    "64": {
        "cache-14": 3.211735568235016, 
        "cache-16": 3.345507620475013
    }, 
    "65": {
        "cache-14": 3.211735568235016, 
        "cache-16": 3.345507620475013
    }, 
    "66": {
        "cache-14": 3.211735568235016, 
        "cache-16": 3.345507620475013
    }, 
    "67": {
        "cache-14": 3.211735568235016, 
        "cache-16": 3.345507620475013
    }, 
    "68": {
        "cache-14": 3.211735568235016, 
        "cache-16": 3.345507620475013
    }, 
    "69": {
        "cache-14": 3.211735568235016, 
        "cache-16": 3.345507620475013
    }, 
    "70": {
        "cache-14": 3.211735568235016, 
        "cache-16": 3.345507620475013
    }, 
    "71": {
        "cache-14": 3.204146817179943, 
        "cache-16": 3.2056949700257356
    }, 
    "72": {
        "cache-14": 3.204146817179943, 
        "cache-16": 3.2056949700257356
    }, 
    "73": {
        "cache-14": 3.204146817179943, 
        "cache-16": 3.2056949700257356
    }, 
    "74": {
        "cache-14": 3.204146817179943, 
        "cache-16": 3.2056949700257356
    }, 
    "75": {
        "cache-14": 3.204146817179943, 
        "cache-16": 3.2056949700257356
    }, 
    "76": {
        "cache-14": 3.204146817179943, 
        "cache-16": 3.2056949700257356
    }, 
    "77": {
        "cache-14": 3.204146817179943, 
        "cache-16": 3.2056949700257356
    }, 
    "78": {
        "cache-14": 3.204146817179943, 
        "cache-16": 3.2056949700257356
    }, 
    "79": {
        "cache-14": 3.204146817179943, 
        "cache-16": 3.2056949700257356
    }, 
    "80": {
        "cache-14": 3.204146817179943,