{
    "0": {
        "cache-12": 4, 
        "cache-13": 3.75
    }, 
    "1": {
        "cache-12": 4, 
        "cache-13": 4.01924457614013
    }, 
    "2": {
        "cache-12": 4, 
        "cache-13": 4.412118020846286
    }, 
    "3": {
        "cache-12": 4, 
        "cache-13": 4.453782158513691
    }, 
    "4": {
        "cache-12": 4, 
        "cache-13": 4.629386812033067
    }, 
    "5": {
        "cache-12": 4, 
        "cache-13": 4.81467020904304
    }, 
    "6": {
        "cache-12": 4, 
        "cache-13": 4.907311907548028
    }, 
    "7": {
        "cache-12": 4, 
        "cache-13": 4.856151686550235
    }, 
    "8": {
        "cache-12": 4, 
        "cache-13": 4.928052646301625
    }, 
    "9": {
        "cache-12": 4, 
        "cache-13": 4.964003126177319
    }, 
    "10": {
        "cache-12": 4, 
        "cache-13": 4.981978366115166
    }, 
    "11": {
        "cache-12": 4, 
        "cache-13": 4.99096598608409
    }, 
    "12": {
        "cache-12": 4, 
        "cache-13": 4.995459796068552
    }, 
    "13": {
        "cache-12": 4, 
        "cache-13": 4.900225630810497
    }, 
    "14": {
        "cache-12": 4, 
        "cache-13": 4.950089618431756
    }, 
    "15": {
        "cache-12": 4, 
        "cache-13": 4.975021612242385
    }, 
    "16": {
        "cache-12": 4, 
        "cache-13": 4.987487609147699
    }, 
    "17": {
        "cache-12": 4, 
        "cache-13": 4.993720607600357
    }, 
    "18": {
        "cache-12": 4, 
        "cache-13": 4.9968371068266855
    }, 
    "19": {
        "cache-12": 4, 
        "cache-13": 4.9983953564398504
    }, 
    "20": {
        "cache-12": 4, 
        "cache-13": 4.643442254360055
    }, 
    "21": {
        "cache-12": 4, 
        "cache-13": 4.465965703320158
    }, 
    "22": {
        "cache-12": 4, 
        "cache-13": 4.377227427800209
    }, 
    "23": {
        "cache-12": 4, 
        "cache-13": 4.436336861990653
    }, 
    "24": {
        "cache-12": 4, 
        "cache-13": 4.620664163771547
    }, 
    "25": {
        "cache-12": 4, 
        "cache-13": 4.558055229976322
    }, 
    "26": {
        "cache-12": 4, 
        "cache-13": 4.526750763078709
    }, 
    "27": {
        "cache-12": 4, 
        "cache-13": 4.407619957679485
    }, 
    "28": {
        "cache-12": 4, 
        "cache-13": 4.451533126930291
    }, 
    "29": {
        "cache-12": 4, 
        "cache-13": 4.370011139605276
    }, 
    "30": {
        "cache-12": 4, 
        "cache-13": 4.329250145942768
    }, 
    "31": {
        "cache-12": 4, 
        "cache-13": 4.412348221061933
    }, 
    "32": {
        "cache-12": 4, 
        "cache-13": 4.453897258621515
    }, 
    "33": {
        "cache-12": 4, 
        "cache-13": 4.371193205450888
    }, 
    "34": {
        "cache-12": 4, 
        "cache-13": 4.215827561486476
    }, 
    "35": {
        "cache-12": 4, 
        "cache-13": 4.13814473950427
    }, 
    "36": {
        "cache-12": 4, 
        "cache-13": 4.316795517842683
    }, 
    "37": {
        "cache-12": 4, 
        "cache-13": 4.40612090701189
    }, 
    "38": {
        "cache-12": 4, 
        "cache-13": 4.347305029646075
    }, 
    "39": {
        "cache-12": 4, 
        "cache-13": 4.317897090963168
    }, 
    "40": {
        "cache-12": 4, 
        "cache-13": 4.561444278257805
    }, 
    "41": {
        "cache-12": 4, 
        "cache-13": 4.528445287219451
    }, 
    "42": {
        "cache-12": 4, 
        "cache-13": 4.408467219749856
    }, 
    "43": {
        "cache-12": 4, 
        "cache-13": 4.451956757965476
    }, 
    "44": {
        "cache-12": 4, 
        "cache-13": 4.725955182009246
    }, 
    "45": {
        "cache-12": 4, 
        "cache-13": 4.765473323780844
    }, 
    "46": {
        "cache-12": 4, 
        "cache-13": 4.63045980998097
    }, 
    "47": {
        "cache-12": 4, 
        "cache-13": 4.562953053081033
    }, 
    "48": {
        "cache-12": 4, 
        "cache-13": 4.683972259316738
    }, 
    "49": {
        "cache-12": 4, 
        "cache-13": 4.74448186243459
    }, 
    "50": {
        "cache-12": 4, 
        "cache-13": 4.619964079307843
    }, 
    "51": {
        "cache-12": 4, 
        "cache-13": 4.55770518774447
    }, 
    "52": {
        "cache-12": 4, 
        "cache-13": 4.778829396898742
    }, 
    "53": {
        "cache-12": 4, 
        "cache-13": 4.63713784653992
    }, 
    "54": {
        "cache-12": 4, 
        "cache-13": 4.462813499410091
    }, 
    "55": {
        "cache-12": 4, 
        "cache-13": 4.479129897795594
    }, 
    "56": {
        "cache-12": 4, 
        "cache-13": 4.383809525037927
    }, 
    "57": {
        "cache-12": 4, 
        "cache-13": 4.69188156554547
    }, 
    "58": {
        "cache-12": 4, 
        "cache-13": 4.748436515548956
    }, 
    "59": {
        "cache-12": 4, 
        "cache-13": 4.518462833914608
    }, 
    "60": {
        "cache-12": 4, 
        "cache-13": 4.506954565047852
    }, 
    "61": {
        "cache-12": 4, 
        "cache-13": 4.655973015300147
    }, 
    "62": {
        "cache-12": 4, 
        "cache-13": 4.5757096557406225
    }, 
    "63": {
        "cache-12": 4, 
        "cache-13": 4.432099404010442
    }, 
    "64": {
        "cache-12": 4, 
        "cache-13": 4.246280660766253
    }, 
    "65": {
        "cache-12": 4, 
        "cache-13": 4.267384906523256
    }, 
    "66": {
        "cache-12": 4, 
        "cache-13": 4.536188186037849
    }, 
    "67": {
        "cache-12": 4, 
        "cache-13": 4.412338669159055
    }, 
    "68": {
        "cache-12": 4, 
        "cache-13": 4.2364002933405605
    }, 
    "69": {
        "cache-12": 4, 
        "cache-13": 4.520695879446501
    }, 
    "70": {
        "cache-12": 4, 
        "cache-13": 4.508071087813799
    }, 
    "71": {
        "cache-12": 4, 
        "cache-13": 4.501758691997448
    }, 
    "72": {
        "cache-12": 4, 
        "cache-13": 4.653375078774945
    }, 
    "73": {
        "cache-12": 4, 
        "cache-13": 4.729183272163693
    }, 
    "74": {
        "cache-12": 4, 
        "cache-13": 4.767087368858068
    }, 
    "75": {
        "cache-12": 4, 
        "cache-13": 4.527788260569164
    }, 
    "76": {
        "cache-12": 4, 
        "cache-13": 4.408138706424712
    }, 
    "77": {
        "cache-12": 4, 
        "cache-13": 4.348313929352486
    }, 
    "78": {
        "cache-12": 4, 
        "cache-13": 4.421880112766791
    }, 
    "79": {
        "cache-12": 4, 
        "cache-13": 4.355184632523526
    }, 
    "80": {
        "cache-12": 4, 
        "cache-13": 4.321836892401894
    }, 
    "81": {
        "cache-12": 4, 
        "cache-13": 4.305163022341077
    }, 
    "82": {
        "cache-12": 4, 
        "cache-13": 4.652558314197046
    }, 
    "83": {
        "cache-12": 4, 
        "cache-13": 4.5740023051890715
    }, 
    "84": {
        "cache-12": 4, 
        "cache-13": 4.431245728734666
    }, 
    "85": {
        "cache-12": 4, 
        "cache-13": 4.618118597143554
    }, 
    "86": {
        "cache-12": 4, 
        "cache-13": 4.809036101598284
    }, 
    "87": {
        "cache-12": 4, 
        "cache-13": 4.90449485382565
    }, 
    "88": {
        "cache-12": 4, 
        "cache-13": 4.854743159689046
    }, 
    "89": {
        "cache-12": 4, 
        "cache-13": 4.829867312620744
    }, 
    "90": {
        "cache-12": 4, 
        "cache-13": 4.817429389086593
    }, 
    "91": {
        "cache-12": 4, 
        "cache-13": 4.552959270683427
    }, 
    "92": {
        "cache-12": 4, 
        "cache-13": 4.4207242114818435
    }, 
    "93": {
        "cache-12": 4, 
        "cache-13": 4.354606681881052
    }, 
    "94": {
        "cache-12": 4, 
        "cache-13": 4.6772801439670335
    }, 
    "95": {
        "cache-12": 4, 
        "cache-13": 4.741135804759738
    }, 
    "96": {
        "cache-12": 4, 
        "cache-13": 4.51481247852
    }, 
    "97": {
        "cache-12": 4,