{
    "0": {
        "cache-08": 4, 
        "cache-09": 3.75
    }, 
    "1": {
        "cache-08": 4, 
        "cache-09": 4.01924457614013
    }, 
    "2": {
        "cache-08": 4, 
        "cache-09": 4.257345436160613
    }, 
    "3": {
        "cache-08": 4, 
        "cache-09": 4.376395866170855
    }, 
    "4": {
        "cache-08": 4, 
        "cache-09": 4.590693665861648
    }, 
    "5": {
        "cache-08": 4, 
        "cache-09": 4.697842565707045
    }, 
    "6": {
        "cache-08": 4, 
        "cache-09": 4.751417015629744
    }, 
    "7": {
        "cache-08": 4, 
        "cache-09": 4.7782042405910925
    }, 
    "8": {
        "cache-08": 4, 
        "cache-09": 4.791597853071767
    }, 
    "9": {
        "cache-08": 4, 
        "cache-09": 4.798294659312105
    }, 
    "10": {
        "cache-08": 4, 
        "cache-09": 4.801643062432273
    }, 
    "11": {
        "cache-08": 4, 
        "cache-09": 4.803317263992358
    }, 
    "12": {
        "cache-08": 4, 
        "cache-09": 4.804154364772399
    }, 
    "13": {
        "cache-08": 4, 
        "cache-09": 4.804572915162421
    }, 
    "14": {
        "cache-08": 4, 
        "cache-09": 4.8047821903574315
    }, 
    "15": {
        "cache-08": 4, 
        "cache-09": 4.804886827954936
    }, 
    "16": {
        "cache-08": 4, 
        "cache-09": 4.804939146753689
    }, 
    "17": {
        "cache-08": 4, 
        "cache-09": 4.804965306153066
    }, 
    "18": {
        "cache-08": 4, 
        "cache-09": 4.804978385852754
    }, 
    "19": {
        "cache-08": 4, 
        "cache-09": 4.259626889074303
    }, 
    "20": {
        "cache-08": 4, 
        "cache-09": 3.9869511406850777
    }, 
    "21": {
        "cache-08": 3.719745844265475, 
        "cache-09": 3.9869511406850777
    }, 
    "22": {
        "cache-08": 3.719745844265475, 
        "cache-09": 4.137720146482669
    }, 
    "23": {
        "cache-08": 3.719745844265475, 
        "cache-09": 4.099091032002367
    }, 
    "24": {
        "cache-08": 3.719745844265475, 
        "cache-09": 3.9066832121491095
    }, 
    "25": {
        "cache-08": 3.719745844265475, 
        "cache-09": 3.8104793022224808
    }, 
    "26": {
        "cache-08": 3.719745844265475, 
        "cache-09": 3.7623773472591666
    }, 
    "27": {
        "cache-08": 3.719745844265475, 
        "cache-09": 4.1289118217201315
    }, 
    "28": {
        "cache-08": 3.719745844265475, 
        "cache-09": 4.208700487000196
    }, 
    "29": {
        "cache-08": 3.719745844265475, 
        "cache-09": 4.248594819640228
    }, 
    "30": {
        "cache-08": 3.719745844265475, 
        "cache-09": 3.9814351059680404
    }, 
    "31": {
        "cache-08": 3.719745844265475, 
        "cache-09": 4.3932132857602415
    }, 
    "32": {
        "cache-08": 3.719745844265475, 
        "cache-09": 4.226837601641153
    }, 
    "33": {
        "cache-08": 3.719745844265475, 
        "cache-09": 3.9705564969685025
    }, 
    "34": {
        "cache-08": 3.719745844265475, 
        "cache-09": 4.015509207245284
    }, 
    "35": {
        "cache-08": 3.719745844265475, 
        "cache-09": 4.410250336398863
    }, 
    "36": {
        "cache-08": 3.719745844265475, 
        "cache-09": 4.062262864347358
    }, 
    "37": {
        "cache-08": 3.719745844265475, 
        "cache-09": 4.278854580264227
    }, 
    "38": {
        "cache-08": 3.719745844265475, 
        "cache-09": 4.5419230229083345
    }, 
    "39": {
        "cache-08": 3.719745844265475, 
        "cache-09": 4.1280992076020935
    }, 
    "40": {
        "cache-08": 3.719745844265475, 
        "cache-09": 3.7837954480665217
    }, 
    "41": {
        "cache-08": 3.719745844265475, 
        "cache-09": 3.3767706461659985
    }, 
    "42": {
        "cache-08": 4.107596070223286, 
        "cache-09": 3.3767706461659985
    }, 
    "43": {
        "cache-08": 3.910935731259569, 
        "cache-09": 3.3767706461659985
    }, 
    "44": {
        "cache-08": 3.985698824390817, 
        "cache-09": 3.3767706461659985
    }, 
    "45": {
        "cache-08": 4.023080370956441, 
        "cache-09": 3.3767706461659985
    }, 
    "46": {
        "cache-08": 3.8686778816261467, 
        "cache-09": 3.3767706461659985
    }, 
    "47": {
        "cache-08": 3.791476636961, 
        "cache-09": 3.3767706461659985
    }, 
    "48": {
        "cache-08": 3.615484162745975, 
        "cache-09": 3.3767706461659985
    }, 
    "49": {
        "cache-08": 3.6648797775209134, 
        "cache-09": 3.3767706461659985
    }, 
    "50": {
        "cache-08": 3.5521857330259317, 
        "cache-09": 3.3767706461659985
    }, 
    "51": {
        "cache-08": 3.4958387107784406, 
        "cache-09": 3.3767706461659985
    }, 
    "52": {
        "cache-08": 3.467665199654695, 
        "cache-09": 3.3767706461659985
    }, 
    "53": {
        "cache-08": 3.4535784440928223, 
        "cache-09": 3.3767706461659985
    }, 
    "54": {
        "cache-08": 3.8710337981865415, 
        "cache-09": 3.3767706461659985
    }, 
    "55": {
        "cache-08": 3.792654595241197, 
        "cache-09": 3.3767706461659985
    }, 
    "56": {
        "cache-08": 3.7534649937685245, 
        "cache-09": 3.3767706461659985
    }, 
    "57": {
        "cache-08": 4.020977073024392, 
        "cache-09": 3.3767706461659985
    }, 
    "58": {
        "cache-08": 4.040719495273228, 
        "cache-09": 3.3767706461659985
    }, 
    "59": {
        "cache-08": 3.87749744378454, 
        "cache-09": 3.3767706461659985
    }, 
    "60": {
        "cache-08": 3.658494566157745, 
        "cache-09": 3.3767706461659985
    }, 
    "61": {
        "cache-08": 3.6863849792267986, 
        "cache-09": 3.3767706461659985
    }, 
    "62": {
        "cache-08": 4.245688222389621, 
        "cache-09": 3.3767706461659985
    }, 
    "63": {
        "cache-08": 3.8425899554602854, 
        "cache-09": 3.3767706461659985
    }, 
    "64": {
        "cache-08": 3.778432673878069, 
        "cache-09": 3.3767706461659985
    }, 
    "65": {
        "cache-08": 4.136939485029583, 
        "cache-09": 3.3767706461659985
    }, 
    "66": {
        "cache-08": 4.212714318654921, 
        "cache-09": 3.3767706461659985
    }, 
    "67": {
        "cache-08": 3.963494855475387, 
        "cache-09": 3.3767706461659985
    }, 
    "68": {
        "cache-08": 3.7014932720031686, 
        "cache-09": 3.3767706461659985
    }, 
    "69": {
        "cache-08": 3.5704924802670592, 
        "cache-09": 3.3767706461659985
    }, 
    "70": {
        "cache-08": 3.8154771988945617, 
        "cache-09": 3.3767706461659985
    }, 
    "71": {
        "cache-08": 3.764876295595207, 
        "cache-09": 3.3767706461659985
    }, 
    "72": {
        "cache-08": 3.6021839920630785, 
        "cache-09": 3.3767706461659985
    }, 
    "73": {
        "cache-08": 3.6582296921794653, 
        "cache-09": 3.3767706461659985
    }, 
    "74": {
        "cache-08": 3.859345804850765, 
        "cache-09": 3.3767706461659985
    }, 
    "75": {
        "cache-08": 4.073917478565512, 
        "cache-09": 3.3767706461659985
    }, 
    "76": {
        "cache-08": 3.8940964354306824, 
        "cache-09": 3.3767706461659985
    }, 
    "77": {
        "cache-08": 3.804185913863267, 
        "cache-09": 3.3767706461659985
    }, 
    "78": {
        "cache-08": 3.6218388011971085, 
        "cache-09": 3.3767706461659985
    }, 
    "79": {
        "cache-08": 3.8411503593595864, 
        "cache-09": 3.3767706461659985
    }, 
    "80": {
        "cache-08": 3.7777128758277194, 
        "cache-09": 3.3767706461659985
    }, 
    "81": {
        "cache-08": 3.6086022821793344, 
        "cache-09": 3.3767706461659985
    }, 
    "82": {
        "cache-08": 3.524046985355142, 
        "cache-09": 3.3767706461659985
    }, 
    "83": {
        "cache-08": 3.6191611888254975, 
        "cache-09": 3.3767706461659985
    }, 
    "84": {
        "cache-08": 3.666718290560675,