{
    "0": {
        "cache-11": 4, 
        "cache-14": 3.75
    }, 
    "1": {
        "cache-11": 4, 
        "cache-14": 3.3598729221327375
    }, 
    "2": {
        "cache-11": 4, 
        "cache-14": 3.164809383199106
    }, 
    "3": {
        "cache-11": 4, 
        "cache-14": 3.0672776137322906
    }, 
    "4": {
        "cache-11": 4, 
        "cache-14": 2.7836388068661453
    }, 
    "5": {
        "cache-11": 4, 
        "cache-14": 2.6418194034330726
    }, 
    "6": {
        "cache-11": 3.8571376961479262, 
        "cache-14": 2.6418194034330726
    }, 
    "7": {
        "cache-11": 3.958799806834995, 
        "cache-14": 2.6418194034330726
    }, 
    "8": {
        "cache-11": 4.00963086217853, 
        "cache-14": 2.6418194034330726
    }, 
    "9": {
        "cache-11": 4.035046389850297, 
        "cache-14": 2.6418194034330726
    }, 
    "10": {
        "cache-11": 4.047754153686181, 
        "cache-14": 2.6418194034330726
    }, 
    "11": {
        "cache-11": 4.0541080356041235, 
        "cache-14": 2.6418194034330726
    }, 
    "12": {
        "cache-11": 3.884191713949988, 
        "cache-14": 2.6418194034330726
    }, 
    "13": {
        "cache-11": 3.661841701240469, 
        "cache-14": 2.6418194034330726
    }, 
    "14": {
        "cache-11": 3.5506666948857095, 
        "cache-14": 2.6418194034330726
    }, 
    "15": {
        "cache-11": 3.4950791917083297, 
        "cache-14": 2.6418194034330726
    }, 
    "16": {
        "cache-11": 3.46728544011964, 
        "cache-14": 2.6418194034330726
    }, 
    "17": {
        "cache-11": 3.453388564325295, 
        "cache-14": 2.6418194034330726
    }, 
    "18": {
        "cache-11": 3.2115672042953847, 
        "cache-14": 2.6418194034330726
    }, 
    "19": {
        "cache-11": 3.09065652428043, 
        "cache-14": 2.6418194034330726
    }, 
    "20": {
        "cache-11": 3.0302011842729524, 
        "cache-14": 2.6418194034330726
    }, 
    "21": {
        "cache-11": 2.9999735142692137, 
        "cache-14": 2.6418194034330726
    }, 
    "22": {
        "cache-11": 2.9848596792673443, 
        "cache-14": 2.6418194034330726
    }, 
    "23": {
        "cache-11": 2.97730276176641, 
        "cache-14": 2.6418194034330726
    }, 
    "24": {
        "cache-11": 3.20839722514868, 
        "cache-14": 2.6418194034330726
    }, 
    "25": {
        "cache-11": 3.323944456839815, 
        "cache-14": 2.6418194034330726
    }, 
    "26": {
        "cache-11": 3.3817180726853824, 
        "cache-14": 2.6418194034330726
    }, 
    "27": {
        "cache-11": 3.410604880608166, 
        "cache-14": 2.6418194034330726
    }, 
    "28": {
        "cache-11": 3.1901753624368205, 
        "cache-14": 2.6418194034330726
    }, 
    "29": {
        "cache-11": 3.0799606033511475, 
        "cache-14": 2.6418194034330726
    }, 
    "30": {
        "cache-11": 3.0248532238083112, 
        "cache-14": 2.6418194034330726
    }, 
    "31": {
        "cache-11": 2.997299534036893, 
        "cache-14": 2.6418194034330726
    }, 
    "32": {
        "cache-11": 2.983522689151184, 
        "cache-14": 2.6418194034330726
    }, 
    "33": {
        "cache-11": 2.9766342667083294, 
        "cache-14": 2.6418194034330726
    }, 
    "34": {
        "cache-11": 2.973190055486902, 
        "cache-14": 2.6418194034330726
    }, 
    "35": {
        "cache-11": 2.9714679498761885, 
        "cache-14": 2.6418194034330726
    }, 
    "36": {
        "cache-11": 2.970606897070832, 
        "cache-14": 2.6418194034330726
    }, 
    "37": {
        "cache-11": 3.205049292800891, 
        "cache-14": 2.6418194034330726
    }, 
    "38": {
        "cache-11": 3.3222704906659204, 
        "cache-14": 2.6418194034330726
    }, 
    "39": {
        "cache-11": 3.380881089598435, 
        "cache-14": 2.6418194034330726
    }, 
    "40": {
        "cache-11": 3.4101863890646924, 
        "cache-14": 2.6418194034330726
    }, 
    "41": {
        "cache-11": 3.4248390387978214, 
        "cache-14": 2.6418194034330726
    }, 
    "42": {
        "cache-11": 3.4321653636643856, 
        "cache-14": 2.6418194034330726
    }, 
    "43": {
        "cache-11": 3.4358285260976675, 
        "cache-14": 2.6418194034330726
    }, 
    "44": {
        "cache-11": 3.4376601073143087, 
        "cache-14": 2.6418194034330726
    }, 
    "45": {
        "cache-11": 3.4385758979226293, 
        "cache-14": 2.6418194034330726
    }, 
    "46": {
        "cache-11": 3.4390337932267894, 
        "cache-14": 2.6418194034330726
    }, 
    "47": {
        "cache-11": 3.4392627408788696, 
        "cache-14": 2.6418194034330726
    }, 
    "48": {
        "cache-11": 3.4393772147049098, 
        "cache-14": 2.6418194034330726
    }, 
    "49": {
        "cache-11": 3.43943445161793, 
        "cache-14": 2.6418194034330726
    }, 
    "50": {
        "cache-11": 3.43946307007444, 
        "cache-14": 2.6418194034330726
    }, 
    "51": {
        "cache-11": 3.439477379302695, 
        "cache-14": 2.6418194034330726
    }, 
    "52": {
        "cache-11": 3.4394845339168225, 
        "cache-14": 2.6418194034330726
    }, 
    "53": {
        "cache-11": 3.439488111223886, 
        "cache-14": 2.6418194034330726
    }, 
    "54": {
        "cache-11": 3.2046169777446805, 
        "cache-14": 2.6418194034330726
    }, 
    "55": {
        "cache-11": 3.322054333137815, 
        "cache-14": 2.6418194034330726
    }, 
    "56": {
        "cache-11": 3.3807730108343828, 
        "cache-14": 2.6418194034330726
    }, 
    "57": {
        "cache-11": 3.4101323496826663, 
        "cache-14": 2.6418194034330726
    }, 
    "58": {
        "cache-11": 3.424812019106808, 
        "cache-14": 2.6418194034330726
    }, 
    "59": {
        "cache-11": 3.432151853818879, 
        "cache-14": 2.6418194034330726
    }, 
    "60": {
        "cache-11": 3.4358217711749144, 
        "cache-14": 2.6418194034330726
    }, 
    "61": {
        "cache-11": 3.4376567298529324, 
        "cache-14": 2.6418194034330726
    }, 
    "62": {
        "cache-11": 3.438574209191941, 
        "cache-14": 2.6418194034330726
    }, 
    "63": {
        "cache-11": 3.4390329488614455, 
        "cache-14": 2.6418194034330726
    }, 
    "64": {
        "cache-11": 3.4392623186961977, 
        "cache-14": 2.6418194034330726
    }, 
    "65": {
        "cache-11": 3.439377003613574, 
        "cache-14": 2.6418194034330726
    }, 
    "66": {
        "cache-11": 3.439434346072262, 
        "cache-14": 2.6418194034330726
    }, 
    "67": {
        "cache-11": 3.2045900951688684, 
        "cache-14": 2.6418194034330726
    }, 
    "68": {
        "cache-11": 3.0871679697171714, 
        "cache-14": 2.6418194034330726
    }, 
    "69": {
        "cache-11": 3.028456906991323, 
        "cache-14": 2.6418194034330726
    }, 
    "70": {
        "cache-11": 3.2339742977611365, 
        "cache-14": 2.6418194034330726
    }, 
    "71": {
        "cache-11": 3.336732993146043, 
        "cache-14": 2.6418194034330726
    }, 
    "72": {
        "cache-11": 3.3881123408384966, 
        "cache-14": 2.6418194034330726
    }, 
    "73": {
        "cache-11": 3.413802014684723, 
        "cache-14": 2.6418194034330726
    }, 
    "74": {
        "cache-11": 3.4266468516078366, 
        "cache-14": 2.6418194034330726
    }, 
    "75": {
        "cache-11": 3.433069270069393, 
        "cache-14": 2.6418194034330726
    }, 
    "76": {
        "cache-11": 3.201407557167434, 
        "cache-14": 2.6418194034330726
    }, 
    "77": {
        "cache-11": 3.0855767007164543, 
        "cache-14": 2.6418194034330726
    }, 
    "78": {
        "cache-11": 3.0276612724909646, 
        "cache-14": 2.6418194034330726
    }, 
    "79": {
        "cache-11": 2.99870355837822, 
        "cache-14": 2.6418194034330726
    }, 
    "80": {
        "cache-11": 2.9842247013218475, 
        "cache-14": 2.6418194034330726
    }, 
    "81": {
        "cache-11": 2.9769852727936614,