{
    "0": {
        "cache-07": 3.75, 
        "cache-08": 4
    }, 
    "1": {
        "cache-07": 3.3598729221327375, 
        "cache-08": 4
    }, 
    "2": {
        "cache-07": 3.164809383199106, 
        "cache-08": 4
    }, 
    "3": {
        "cache-07": 3.0672776137322906, 
        "cache-08": 4
    }, 
    "4": {
        "cache-07": 3.0185117289988828, 
        "cache-08": 4
    }, 
    "5": {
        "cache-07": 2.994128786632179, 
        "cache-08": 4
    }, 
    "6": {
        "cache-07": 2.994128786632179, 
        "cache-08": 4.14424457614013
    }, 
    "7": {
        "cache-07": 2.994128786632179, 
        "cache-08": 4.216366864210196
    }, 
    "8": {
        "cache-07": 2.994128786632179, 
        "cache-08": 3.827929276370573
    }, 
    "9": {
        "cache-07": 2.994128786632179, 
        "cache-08": 3.6337104824507613
    }, 
    "10": {
        "cache-07": 2.994128786632179, 
        "cache-08": 3.5366010854908554
    }, 
    "11": {
        "cache-07": 2.994128786632179, 
        "cache-08": 3.625438238893354
    }, 
    "12": {
        "cache-07": 2.994128786632179, 
        "cache-08": 3.532464963712152
    }, 
    "13": {
        "cache-07": 2.994128786632179, 
        "cache-08": 3.485978326121551
    }, 
    "14": {
        "cache-07": 2.994128786632179, 
        "cache-08": 3.46273500732625
    }, 
    "15": {
        "cache-07": 2.994128786632179, 
        "cache-08": 3.4511133479286
    }, 
    "16": {
        "cache-07": 2.994128786632179, 
        "cache-08": 3.5826943701122262
    }, 
    "17": {
        "cache-07": 2.994128786632179, 
        "cache-08": 3.511093029321588
    }, 
    "18": {
        "cache-07": 2.994128786632179, 
        "cache-08": 3.4752923589262688
    }, 
    "19": {
        "cache-07": 2.994128786632179, 
        "cache-08": 3.4573920237286093
    }, 
    "20": {
        "cache-07": 2.994128786632179, 
        "cache-08": 3.4484418561297794
    }, 
    "21": {
        "cache-07": 2.994128786632179, 
        "cache-08": 3.4439667723303646
    }, 
    "22": {
        "cache-07": 2.994128786632179, 
        "cache-08": 3.4417292304306573
    }, 
    "23": {
        "cache-07": 2.994128786632179, 
        "cache-08": 3.4406104594808036
    }, 
    "24": {
        "cache-07": 2.994128786632179, 
        "cache-08": 3.5774429258883282
    }, 
    "25": {
        "cache-07": 2.994128786632179, 
        "cache-08": 3.6458591590920904
    }, 
    "26": {
        "cache-07": 2.994128786632179, 
        "cache-08": 3.54267542381152
    }, 
    "27": {
        "cache-07": 2.994128786632179, 
        "cache-08": 3.491083556171235
    }, 
    "28": {
        "cache-07": 2.994128786632179, 
        "cache-08": 3.6026794742335437
    }, 
    "29": {
        "cache-07": 2.994128786632179, 
        "cache-08": 3.5210855813822466
    }, 
    "30": {
        "cache-07": 2.994128786632179, 
        "cache-08": 3.4802886349565982
    }, 
    "31": {
        "cache-07": 2.994128786632179, 
        "cache-08": 3.459890161743774
    }, 
    "32": {
        "cache-07": 2.994128786632179, 
        "cache-08": 3.4496909251373618
    }, 
    "33": {
        "cache-07": 2.994128786632179, 
        "cache-08": 3.444591306834156
    }, 
    "34": {
        "cache-07": 2.994128786632179, 
        "cache-08": 3.4420414976825526
    }, 
    "35": {
        "cache-07": 2.994128786632179, 
        "cache-08": 3.4407665931067513
    }, 
    "36": {
        "cache-07": 2.994128786632179, 
        "cache-08": 3.577520992701302
    }, 
    "37": {
        "cache-07": 2.994128786632179, 
        "cache-08": 3.508506340616126
    }, 
    "38": {
        "cache-07": 2.994128786632179, 
        "cache-08": 3.473999014573538
    }, 
    "39": {
        "cache-07": 2.994128786632179, 
        "cache-08": 3.456745351552244
    }, 
    "40": {
        "cache-07": 2.994128786632179, 
        "cache-08": 3.585510371924048
    }, 
    "41": {
        "cache-07": 2.994128786632179, 
        "cache-08": 3.512501030227499
    }, 
    "42": {
        "cache-07": 2.994128786632179, 
        "cache-08": 3.4759963593792245
    }, 
    "43": {
        "cache-07": 2.994128786632179, 
        "cache-08": 3.5951358758375385
    }, 
    "44": {
        "cache-07": 2.994128786632179, 
        "cache-08": 3.517313782184244
    }, 
    "45": {
        "cache-07": 2.994128786632179, 
        "cache-08": 3.6157945872400483
    }, 
    "46": {
        "cache-07": 2.994128786632179, 
        "cache-08": 3.527643137885499
    }, 
    "47": {
        "cache-07": 2.994128786632179, 
        "cache-08": 3.4835674132082244
    }, 
    "48": {
        "cache-07": 2.994128786632179, 
        "cache-08": 3.461529550869587
    }, 
    "49": {
        "cache-07": 2.994128786632179, 
        "cache-08": 3.5879024715827197
    }, 
    "50": {
        "cache-07": 2.994128786632179, 
        "cache-08": 3.6510889319392863
    }, 
    "51": {
        "cache-07": 2.994128786632179, 
        "cache-08": 3.6826821621175694
    }, 
    "52": {
        "cache-07": 2.994128786632179, 
        "cache-08": 3.698478777206711
    }, 
    "53": {
        "cache-07": 2.994128786632179, 
        "cache-08": 3.706377084751282
    }, 
    "54": {
        "cache-07": 2.994128786632179, 
        "cache-08": 3.5729343866411156
    }, 
    "55": {
        "cache-07": 2.994128786632179, 
        "cache-08": 3.5062130375860328
    }, 
    "56": {
        "cache-07": 2.994128786632179, 
        "cache-08": 3.4728523630584913
    }, 
    "57": {
        "cache-07": 2.994128786632179, 
        "cache-08": 3.4561720257947206
    }, 
    "58": {
        "cache-07": 2.994128786632179, 
        "cache-08": 3.4478318571628352
    }, 
    "59": {
        "cache-07": 2.994128786632179, 
        "cache-08": 3.443661772846893
    }, 
    "60": {
        "cache-07": 2.994128786632179, 
        "cache-08": 3.4415767306889213
    }, 
    "61": {
        "cache-07": 2.994128786632179, 
        "cache-08": 3.577926061492387
    }, 
    "62": {
        "cache-07": 2.994128786632179, 
        "cache-08": 3.5087088750116684
    }, 
    "63": {
        "cache-07": 2.994128786632179, 
        "cache-08": 3.4741002817713094
    }, 
    "64": {
        "cache-07": 2.994128786632179, 
        "cache-08": 3.4567959851511296
    }, 
    "65": {
        "cache-07": 2.994128786632179, 
        "cache-08": 3.585535688723491
    }, 
    "66": {
        "cache-07": 2.994128786632179, 
        "cache-08": 3.6499055405096716
    }, 
    "67": {
        "cache-07": 2.994128786632179, 
        "cache-08": 3.5446986145203105
    }, 
    "68": {
        "cache-07": 2.994128786632179, 
        "cache-08": 3.49209515152563
    }, 
    "69": {
        "cache-07": 2.994128786632179, 
        "cache-08": 3.46579342002829
    }, 
    "70": {
        "cache-07": 2.994128786632179, 
        "cache-08": 3.5900344061620713
    }, 
    "71": {
        "cache-07": 2.994128786632179, 
        "cache-08": 3.652154899228962
    }, 
    "72": {
        "cache-07": 2.994128786632179, 
        "cache-08": 3.683215145762407
    }, 
    "73": {
        "cache-07": 2.994128786632179, 
        "cache-08": 3.69874526902913
    }, 
    "74": {
        "cache-07": 2.994128786632179, 
        "cache-08": 3.706510330662491
    }, 
    "75": {
        "cache-07": 2.994128786632179, 
        "cache-08": 3.5730010095967204
    }, 
    "76": {
        "cache-07": 2.994128786632179, 
        "cache-08": 3.506246349063835
    }, 
    "77": {
        "cache-07": 2.994128786632179, 
        "cache-08": 3.4728690187973923
    }, 
    "78": {
        "cache-07": 2.994128786632179, 
        "cache-08": 3.456180353664171
    }, 
    "79": {
        "cache-07": 2.994128786632179, 
        "cache-08": 3.4478360210975607
    }, 
    "80": {
        "cache-07": 2.994128786632179, 
        "cache-08": 3.4436638548142553
    }, 
    "81": {
        "cache-07": 2.994128786632179, 
        "cache-08": 3.441577771672603
    },