{
    "0": {
        "cache-08": 3.6101627074681257, 
        "cache-09": 3.993403404551528
    }, 
    "1": {
        "cache-08": 3.6101627074681257, 
        "cache-09": 3.993403404551528
    }, 
    "2": {
        "cache-08": 3.6101627074681257, 
        "cache-09": 3.993403404551528
    }, 
    "3": {
        "cache-08": 3.6101627074681257, 
        "cache-09": 3.993403404551528
    }, 
    "4": {
        "cache-08": 3.6101627074681257, 
        "cache-09": 3.993403404551528
    }, 
    "5": {
        "cache-08": 3.6101627074681257, 
        "cache-09": 3.993403404551528
    }, 
    "6": {
        "cache-08": 3.6101627074681257, 
        "cache-09": 3.993403404551528
    }, 
    "7": {
        "cache-08": 3.6101627074681257, 
        "cache-09": 3.993403404551528
    }, 
    "8": {
        "cache-08": 3.6101627074681257, 
        "cache-09": 3.993403404551528
    }, 
    "9": {
        "cache-08": 3.6101627074681257, 
        "cache-09": 3.993403404551528
    }, 
    "10": {
        "cache-08": 3.6101627074681257, 
        "cache-09": 3.993403404551528
    }, 
    "11": {
        "cache-08": 4.094749874895755, 
        "cache-09": 3.6646230127985007
    }, 
    "12": {
        "cache-08": 4.094749874895755, 
        "cache-09": 3.6646230127985007
    }, 
    "13": {
        "cache-08": 4.094749874895755, 
        "cache-09": 3.6646230127985007
    }, 
    "14": {
        "cache-08": 4.094749874895755, 
        "cache-09": 3.6646230127985007
    }, 
    "15": {
        "cache-08": 4.094749874895755, 
        "cache-09": 3.6646230127985007
    }, 
    "16": {
        "cache-08": 4.094749874895755, 
        "cache-09": 3.6646230127985007
    }, 
    "17": {
        "cache-08": 4.094749874895755, 
        "cache-09": 3.6646230127985007
    }, 
    "18": {
        "cache-08": 4.094749874895755, 
        "cache-09": 3.6646230127985007
    }, 
    "19": {
        "cache-08": 4.094749874895755, 
        "cache-09": 3.6646230127985007
    }, 
    "20": {
        "cache-08": 4.094749874895755, 
        "cache-09": 3.6646230127985007
    }, 
    "21": {
        "cache-08": 3.942802749434189, 
        "cache-09": 3.8065570107630524
    }, 
    "22": {
        "cache-08": 3.942802749434189, 
        "cache-09": 3.8065570107630524
    }, 
    "23": {
        "cache-08": 3.942802749434189, 
        "cache-09": 3.8065570107630524
    }, 
    "24": {
        "cache-08": 3.942802749434189, 
        "cache-09": 3.8065570107630524
    }, 
    "25": {
        "cache-08": 3.942802749434189, 
        "cache-09": 3.8065570107630524
    }, 
    "26": {
        "cache-08": 3.942802749434189, 
        "cache-09": 3.8065570107630524
    }, 
    "27": {
        "cache-08": 3.942802749434189, 
        "cache-09": 3.8065570107630524
    }, 
    "28": {
        "cache-08": 3.942802749434189, 
        "cache-09": 3.8065570107630524
    }, 
    "29": {
        "cache-08": 3.942802749434189, 
        "cache-09": 3.8065570107630524
    }, 
    "30": {
        "cache-08": 3.942802749434189, 
        "cache-09": 3.8065570107630524
    }, 
    "31": {
        "cache-08": 3.7483236325558966, 
        "cache-09": 3.8838951151578174
    }, 
    "32": {
        "cache-08": 3.7483236325558966, 
        "cache-09": 3.8838951151578174
    }, 
    "33": {
        "cache-08": 3.7483236325558966, 
        "cache-09": 3.8838951151578174
    }, 
    "34": {
        "cache-08": 3.7483236325558966, 
        "cache-09": 3.8838951151578174
    }, 
    "35": {
        "cache-08": 3.7483236325558966, 
        "cache-09": 3.8838951151578174
    }, 
    "36": {
        "cache-08": 3.7483236325558966, 
        "cache-09": 3.8838951151578174
    }, 
    "37": {
        "cache-08": 3.7483236325558966, 
        "cache-09": 3.8838951151578174
    }, 
    "38": {
        "cache-08": 3.7483236325558966, 
        "cache-09": 3.8838951151578174
    }, 
    "39": {
        "cache-08": 3.7483236325558966, 
        "cache-09": 3.8838951151578174
    }, 
    "40": {
        "cache-08": 3.7483236325558966, 
        "cache-09": 3.8838951151578174
    }, 
    "41": {
        "cache-08": 4.400251941771584, 
        "cache-09": 3.7843066781816495
    }, 
    "42": {
        "cache-08": 4.400251941771584, 
        "cache-09": 3.7843066781816495
    }, 
    "43": {
        "cache-08": 4.400251941771584, 
        "cache-09": 3.7843066781816495
    }, 
    "44": {
        "cache-08": 4.400251941771584, 
        "cache-09": 3.7843066781816495
    }, 
    "45": {
        "cache-08": 4.400251941771584, 
        "cache-09": 3.7843066781816495
    }, 
    "46": {
        "cache-08": 4.400251941771584, 
        "cache-09": 3.7843066781816495
    }, 
    "47": {
        "cache-08": 4.400251941771584, 
        "cache-09": 3.7843066781816495
    }, 
    "48": {
        "cache-08": 4.400251941771584, 
        "cache-09": 3.7843066781816495
    }, 
    "49": {
        "cache-08": 4.400251941771584, 
        "cache-09": 3.7843066781816495
    }, 
    "50": {
        "cache-08": 4.400251941771584, 
        "cache-09": 3.7843066781816495
    }, 
    "51": {
        "cache-08": 3.5942500524780376, 
        "cache-09": 4.18246396953233
    }, 
    "52": {
        "cache-08": 3.5942500524780376, 
        "cache-09": 4.18246396953233
    }, 
    "53": {
        "cache-08": 3.5942500524780376, 
        "cache-09": 4.18246396953233
    }, 
    "54": {
        "cache-08": 3.5942500524780376, 
        "cache-09": 4.18246396953233
    }, 
    "55": {
        "cache-08": 3.5942500524780376, 
        "cache-09": 4.18246396953233
    }, 
    "56": {
        "cache-08": 3.5942500524780376, 
        "cache-09": 4.18246396953233
    }, 
    "57": {
        "cache-08": 3.5942500524780376, 
        "cache-09": 4.18246396953233
    }, 
    "58": {
        "cache-08": 3.5942500524780376, 
        "cache-09": 4.18246396953233
    }, 
    "59": {
        "cache-08": 3.5942500524780376, 
        "cache-09": 4.18246396953233
    }, 
    "60": {
        "cache-08": 3.5942500524780376, 
        "cache-09": 4.18246396953233
    }, 
    "61": {
        "cache-08": 3.9889280518407544, 
        "cache-09": 3.867055538262431
    }, 
    "62": {
        "cache-08": 3.9889280518407544, 
        "cache-09": 3.867055538262431
    }, 
    "63": {
        "cache-08": 3.9889280518407544, 
        "cache-09": 3.867055538262431
    }, 
    "64": {
        "cache-08": 3.9889280518407544, 
        "cache-09": 3.867055538262431
    }, 
    "65": {
        "cache-08": 3.9889280518407544, 
        "cache-09": 3.867055538262431
    }, 
    "66": {
        "cache-08": 3.9889280518407544, 
        "cache-09": 3.867055538262431
    }, 
    "67": {
        "cache-08": 3.9889280518407544, 
        "cache-09": 3.867055538262431
    }, 
    "68": {
        "cache-08": 3.9889280518407544, 
        "cache-09": 3.867055538262431
    }, 
    "69": {
        "cache-08": 3.9889280518407544, 
        "cache-09": 3.867055538262431
    }, 
    "70": {
        "cache-08": 3.9889280518407544, 
        "cache-09": 3.867055538262431
    }, 
    "71": {
        "cache-08": 3.8816569724022267, 
        "cache-09": 4.029096428406196
    }, 
    "72": {
        "cache-08": 3.8816569724022267, 
        "cache-09": 4.029096428406196
    }, 
    "73": {
        "cache-08": 3.8816569724022267, 
        "cache-09": 4.029096428406196
    }, 
    "74": {
        "cache-08": 3.8816569724022267, 
        "cache-09": 4.029096428406196
    }, 
    "75": {
        "cache-08": 3.8816569724022267, 
        "cache-09": 4.029096428406196
    }, 
    "76": {
        "cache-08": 3.8816569724022267, 
        "cache-09": 4.029096428406196
    }, 
    "77": {
        "cache-08": 3.8816569724022267, 
        "cache-09": 4.029096428406196
    }, 
    "78": {
        "cache-08": 3.8816569724022267, 
        "cache-09": 4.029096428406196
    }, 
    "79": {
        "cache-08": 3.8816569724022267, 
        "cache-09": 4.029096428406196
    }, 
    "80": {
        "cache-08": 3.8816569724022267,