{
    "0": {
        "cache-14": 3.7496419823945875, 
        "cache-16": 2.87669232556581
    }, 
    "1": {
        "cache-14": 3.7496419823945875, 
        "cache-16": 2.87669232556581
    }, 
    "2": {
        "cache-14": 3.7496419823945875, 
        "cache-16": 2.87669232556581
    }, 
    "3": {
        "cache-14": 3.7496419823945875, 
        "cache-16": 2.87669232556581
    }, 
    "4": {
        "cache-14": 3.7496419823945875, 
        "cache-16": 2.87669232556581
    }, 
    "5": {
        "cache-14": 3.7496419823945875, 
        "cache-16": 2.87669232556581
    }, 
    "6": {
        "cache-14": 3.7496419823945875, 
        "cache-16": 2.87669232556581
    }, 
    "7": {
        "cache-14": 3.7496419823945875, 
        "cache-16": 2.87669232556581
    }, 
    "8": {
        "cache-14": 3.7496419823945875, 
        "cache-16": 2.87669232556581
    }, 
    "9": {
        "cache-14": 3.7496419823945875, 
        "cache-16": 2.87669232556581
    }, 
    "10": {
        "cache-14": 3.7496419823945875, 
        "cache-16": 2.87669232556581
    }, 
    "11": {
        "cache-14": 3.572824452916117, 
        "cache-16": 3.7094058580466083
    }, 
    "12": {
        "cache-14": 3.572824452916117, 
        "cache-16": 3.7094058580466083
    }, 
    "13": {
        "cache-14": 3.572824452916117, 
        "cache-16": 3.7094058580466083
    }, 
    "14": {
        "cache-14": 3.572824452916117, 
        "cache-16": 3.7094058580466083
    }, 
    "15": {
        "cache-14": 3.572824452916117, 
        "cache-16": 3.7094058580466083
    }, 
    "16": {
        "cache-14": 3.572824452916117, 
        "cache-16": 3.7094058580466083
    }, 
    "17": {
        "cache-14": 3.572824452916117, 
        "cache-16": 3.7094058580466083
    }, 
    "18": {
        "cache-14": 3.572824452916117, 
        "cache-16": 3.7094058580466083
    }, 
    "19": {
        "cache-14": 3.572824452916117, 
        "cache-16": 3.7094058580466083
    }, 
    "20": {
        "cache-14": 3.572824452916117, 
        "cache-16": 3.7094058580466083
    }, 
    "21": {
        "cache-14": 2.905099074694371, 
        "cache-16": 3.504474880299875
    }, 
    "22": {
        "cache-14": 2.905099074694371, 
        "cache-16": 3.504474880299875
    }, 
    "23": {
        "cache-14": 2.905099074694371, 
        "cache-16": 3.504474880299875
    }, 
    "24": {
        "cache-14": 2.905099074694371, 
        "cache-16": 3.504474880299875
    }, 
    "25": {
        "cache-14": 2.905099074694371, 
        "cache-16": 3.504474880299875
    }, 
    "26": {
        "cache-14": 2.905099074694371, 
        "cache-16": 3.504474880299875
    }, 
    "27": {
        "cache-14": 2.905099074694371, 
        "cache-16": 3.504474880299875
    }, 
    "28": {
        "cache-14": 2.905099074694371, 
        "cache-16": 3.504474880299875
    }, 
    "29": {
        "cache-14": 2.905099074694371, 
        "cache-16": 3.504474880299875
    }, 
    "30": {
        "cache-14": 2.905099074694371, 
        "cache-16": 3.504474880299875
    }, 
    "31": {
        "cache-14": 3.577359204051631, 
        "cache-16": 3.3303353534297253
    }, 
    "32": {
        "cache-14": 3.577359204051631, 
        "cache-16": 3.3303353534297253
    }, 
    "33": {
        "cache-14": 3.577359204051631, 
        "cache-16": 3.3303353534297253
    }, 
    "34": {
        "cache-14": 3.577359204051631, 
        "cache-16": 3.3303353534297253
    }, 
    "35": {
        "cache-14": 3.577359204051631, 
        "cache-16": 3.3303353534297253
    }, 
    "36": {
        "cache-14": 3.577359204051631, 
        "cache-16": 3.3303353534297253
    }, 
    "37": {
        "cache-14": 3.577359204051631, 
        "cache-16": 3.3303353534297253
    }, 
    "38": {
        "cache-14": 3.577359204051631, 
        "cache-16": 3.3303353534297253
    }, 
    "39": {
        "cache-14": 3.577359204051631, 
        "cache-16": 3.3303353534297253
    }, 
    "40": {
        "cache-14": 3.577359204051631, 
        "cache-16": 3.3303353534297253
    }, 
    "41": {
        "cache-14": 3.464004074974273, 
        "cache-16": 3.4595494572497776
    }, 
    "42": {
        "cache-14": 3.464004074974273, 
        "cache-16": 3.4595494572497776
    }, 
    "43": {
        "cache-14": 3.464004074974273, 
        "cache-16": 3.4595494572497776
    }, 
    "44": {
        "cache-14": 3.464004074974273, 
        "cache-16": 3.4595494572497776
    }, 
    "45": {
        "cache-14": 3.464004074974273, 
        "cache-16": 3.4595494572497776
    }, 
    "46": {
        "cache-14": 3.464004074974273, 
        "cache-16": 3.4595494572497776
    }, 
    "47": {
        "cache-14": 3.464004074974273, 
        "cache-16": 3.4595494572497776
    }, 
    "48": {
        "cache-14": 3.464004074974273, 
        "cache-16": 3.4595494572497776
    }, 
    "49": {
        "cache-14": 3.464004074974273, 
        "cache-16": 3.4595494572497776
    }, 
    "50": {
        "cache-14": 3.464004074974273, 
        "cache-16": 3.4595494572497776
    }, 
    "51": {
        "cache-14": 3.5954481550965243, 
        "cache-16": 3.2910902862945433
    }, 
    "52": {
        "cache-14": 3.5954481550965243, 
        "cache-16": 3.2910902862945433
    }, 
    "53": {
        "cache-14": 3.5954481550965243, 
        "cache-16": 3.2910902862945433
    }, 
    "54": {
        "cache-14": 3.5954481550965243, 
        "cache-16": 3.2910902862945433
    }, 
    "55": {
        "cache-14": 3.5954481550965243, 
        "cache-16": 3.2910902862945433
    }, 
    "56": {
        "cache-14": 3.5954481550965243, 
        "cache-16": 3.2910902862945433
    }, 
    "57": {
        "cache-14": 3.5954481550965243, 
        "cache-16": 3.2910902862945433
    }, 
    "58": {
        "cache-14": 3.5954481550965243, 
        "cache-16": 3.2910902862945433
    }, 
    "59": {
        "cache-14": 3.5954481550965243, 
        "cache-16": 3.2910902862945433
    }, 
    "60": {
        "cache-14": 3.5954481550965243, 
        "cache-16": 3.2910902862945433
    }, 
    "61": {
        "cache-14": 3.0991404160811276, 
        "cache-16": 3.458413324286334
    }, 
    "62": {
        "cache-14": 3.0991404160811276, 
        "cache-16": 3.458413324286334
    }, 
    "63": {
        "cache-14": 3.0991404160811276, 
        "cache-16": 3.458413324286334
    }, 
    "64": {
        "cache-14": 3.0991404160811276, 
        "cache-16": 3.458413324286334
    }, 
    "65": {
        "cache-14": 3.0991404160811276, 
        "cache-16": 3.458413324286334
    }, 
    "66": {
        "cache-14": 3.0991404160811276, 
        "cache-16": 3.458413324286334
    }, 
    "67": {
        "cache-14": 3.0991404160811276, 
        "cache-16": 3.458413324286334
    }, 
    "68": {
        "cache-14": 3.0991404160811276, 
        "cache-16": 3.458413324286334
    }, 
    "69": {
        "cache-14": 3.0991404160811276, 
        "cache-16": 3.458413324286334
    }, 
    "70": {
        "cache-14": 3.0991404160811276, 
        "cache-16": 3.458413324286334
    }, 
    "71": {
        "cache-14": 3.406005159989193, 
        "cache-16": 3.2216232701802103
    }, 
    "72": {
        "cache-14": 3.406005159989193, 
        "cache-16": 3.2216232701802103
    }, 
    "73": {
        "cache-14": 3.406005159989193, 
        "cache-16": 3.2216232701802103
    }, 
    "74": {
        "cache-14": 3.406005159989193, 
        "cache-16": 3.2216232701802103
    }, 
    "75": {
        "cache-14": 3.406005159989193, 
        "cache-16": 3.2216232701802103
    }, 
    "76": {
        "cache-14": 3.406005159989193, 
        "cache-16": 3.2216232701802103
    }, 
    "77": {
        "cache-14": 3.406005159989193, 
        "cache-16": 3.2216232701802103
    }, 
    "78": {
        "cache-14": 3.406005159989193, 
        "cache-16": 3.2216232701802103
    }, 
    "79": {
        "cache-14": 3.406005159989193, 
        "cache-16": 3.2216232701802103
    }, 
    "80": {
        "cache-14": 3.406005159989193, 
        "cache-16": 3.2216232701802103
    },