{
    "0": {
        "cache-08": 4, 
        "cache-09": 3.75
    }, 
    "1": {
        "cache-08": 4, 
        "cache-09": 4.01924457614013
    }, 
    "2": {
        "cache-08": 4, 
        "cache-09": 4.412118020846286
    }, 
    "3": {
        "cache-08": 4, 
        "cache-09": 4.608554743199364
    }, 
    "4": {
        "cache-08": 4, 
        "cache-09": 4.804254174626189
    }, 
    "5": {
        "cache-08": 4, 
        "cache-09": 4.9021038903396015
    }, 
    "6": {
        "cache-08": 4, 
        "cache-09": 4.951028748196308
    }, 
    "7": {
        "cache-08": 4, 
        "cache-09": 4.9754911771246615
    }, 
    "8": {
        "cache-08": 4, 
        "cache-09": 4.987722391588838
    }, 
    "9": {
        "cache-08": 4, 
        "cache-09": 4.993837998820926
    }, 
    "10": {
        "cache-08": 4, 
        "cache-09": 4.9968958024369705
    }, 
    "11": {
        "cache-08": 4, 
        "cache-09": 4.998424704244993
    }, 
    "12": {
        "cache-08": 4, 
        "cache-09": 4.999189155149004
    }, 
    "13": {
        "cache-08": 4, 
        "cache-09": 4.99957138060101
    }, 
    "14": {
        "cache-08": 4, 
        "cache-09": 4.999762493327012
    }, 
    "15": {
        "cache-08": 4, 
        "cache-09": 4.999858049690014
    }, 
    "16": {
        "cache-08": 4, 
        "cache-09": 4.999905827871514
    }, 
    "17": {
        "cache-08": 4, 
        "cache-09": 4.999929716962264
    }, 
    "18": {
        "cache-08": 4, 
        "cache-09": 4.9999416615076395
    }, 
    "19": {
        "cache-08": 4, 
        "cache-09": 4.530201789514852
    }, 
    "20": {
        "cache-08": 4, 
        "cache-09": 4.295331853518459
    }, 
    "21": {
        "cache-08": 4, 
        "cache-09": 4.177896885520262
    }, 
    "22": {
        "cache-08": 4, 
        "cache-09": 4.119179401521164
    }, 
    "23": {
        "cache-08": 4, 
        "cache-09": 4.30731284885113
    }, 
    "24": {
        "cache-08": 4, 
        "cache-09": 4.1838873831865975
    }, 
    "25": {
        "cache-08": 4, 
        "cache-09": 4.1221746503543315
    }, 
    "26": {
        "cache-08": 4, 
        "cache-09": 4.205331901317296
    }, 
    "27": {
        "cache-08": 4, 
        "cache-09": 4.602642753685155
    }, 
    "28": {
        "cache-08": 4, 
        "cache-09": 4.445565952982708
    }, 
    "29": {
        "cache-08": 4, 
        "cache-09": 4.253013935252387
    }, 
    "30": {
        "cache-08": 4, 
        "cache-09": 4.270751543766323
    }, 
    "31": {
        "cache-08": 4, 
        "cache-09": 4.38309891997371
    }, 
    "32": {
        "cache-08": 4, 
        "cache-09": 4.439272608077403
    }, 
    "33": {
        "cache-08": 4, 
        "cache-09": 4.363880880178832
    }, 
    "34": {
        "cache-08": 4, 
        "cache-09": 4.212171398850448
    }, 
    "35": {
        "cache-08": 4, 
        "cache-09": 4.508581432201446
    }, 
    "36": {
        "cache-08": 4, 
        "cache-09": 4.502013864191271
    }, 
    "37": {
        "cache-08": 4, 
        "cache-09": 4.2812378908566675
    }, 
    "38": {
        "cache-08": 4, 
        "cache-09": 4.170849904189366
    }, 
    "39": {
        "cache-08": 4, 
        "cache-09": 4.229669528234814
    }, 
    "40": {
        "cache-08": 4, 
        "cache-09": 4.517330496893628
    }, 
    "41": {
        "cache-08": 4, 
        "cache-09": 4.288896207207847
    }, 
    "42": {
        "cache-08": 4, 
        "cache-09": 4.174679062364955
    }, 
    "43": {
        "cache-08": 4, 
        "cache-09": 4.335062679273026
    }, 
    "44": {
        "cache-08": 4, 
        "cache-09": 4.570027072412734
    }, 
    "45": {
        "cache-08": 4, 
        "cache-09": 4.429258112346497
    }, 
    "46": {
        "cache-08": 4, 
        "cache-09": 4.244860014934281
    }, 
    "47": {
        "cache-08": 4, 
        "cache-09": 4.152660966228172
    }, 
    "48": {
        "cache-08": 4, 
        "cache-09": 4.3240536312046345
    }, 
    "49": {
        "cache-08": 4, 
        "cache-09": 4.19225777436335
    }, 
    "50": {
        "cache-08": 4, 
        "cache-09": 4.126359845942707
    }, 
    "51": {
        "cache-08": 4, 
        "cache-09": 4.093410881732385
    }, 
    "52": {
        "cache-08": 4, 
        "cache-09": 4.449201173642414
    }, 
    "53": {
        "cache-08": 4, 
        "cache-09": 4.254831545582239
    }, 
    "54": {
        "cache-08": 4, 
        "cache-09": 4.157646731552152
    }, 
    "55": {
        "cache-08": 4, 
        "cache-09": 4.223067941916206
    }, 
    "56": {
        "cache-08": 4, 
        "cache-09": 4.514029703734324
    }, 
    "57": {
        "cache-08": 4, 
        "cache-09": 4.287245810628194
    }, 
    "58": {
        "cache-08": 4, 
        "cache-09": 4.000760601462023
    }, 
    "59": {
        "cache-08": 4, 
        "cache-09": 4.030611259492044
    }, 
    "60": {
        "cache-08": 4, 
        "cache-09": 4.045536588507055
    }, 
    "61": {
        "cache-08": 4, 
        "cache-09": 4.05299925301456
    }, 
    "62": {
        "cache-08": 4, 
        "cache-09": 4.056730585268312
    }, 
    "63": {
        "cache-08": 4, 
        "cache-09": 3.8855029887820822
    }, 
    "64": {
        "cache-08": 4.14424457614013, 
        "cache-09": 3.8855029887820822
    }, 
    "65": {
        "cache-08": 4.102353246831097, 
        "cache-09": 3.8855029887820822
    }, 
    "66": {
        "cache-08": 4.081407582176581, 
        "cache-09": 3.8855029887820822
    }, 
    "67": {
        "cache-08": 4.288426939178839, 
        "cache-09": 3.8855029887820822
    }, 
    "68": {
        "cache-08": 4.174444428350451, 
        "cache-09": 3.8855029887820822
    }, 
    "69": {
        "cache-08": 4.1174531729362585, 
        "cache-09": 3.8855029887820822
    }, 
    "70": {
        "cache-08": 4.202971162608259, 
        "cache-09": 3.8855029887820822
    }, 
    "71": {
        "cache-08": 4.24573015744426, 
        "cache-09": 3.8855029887820822
    }, 
    "72": {
        "cache-08": 4.153096037483163, 
        "cache-09": 3.8855029887820822
    }, 
    "73": {
        "cache-08": 3.9336857148895077, 
        "cache-09": 3.8855029887820822
    }, 
    "74": {
        "cache-08": 3.997073816205786, 
        "cache-09": 3.8855029887820822
    }, 
    "75": {
        "cache-08": 4.028767866863925, 
        "cache-09": 3.8855029887820822
    }, 
    "76": {
        "cache-08": 4.044614892192994, 
        "cache-09": 3.8855029887820822
    }, 
    "77": {
        "cache-08": 4.052538404857529, 
        "cache-09": 3.8855029887820822
    }, 
    "78": {
        "cache-08": 4.056500161189797, 
        "cache-09": 3.8855029887820822
    }, 
    "79": {
        "cache-08": 4.172494656735029, 
        "cache-09": 3.8855029887820822
    }, 
    "80": {
        "cache-08": 4.1164782871285475, 
        "cache-09": 3.8855029887820822
    }, 
    "81": {
        "cache-08": 4.0884701023253065, 
        "cache-09": 3.8855029887820822
    }, 
    "82": {
        "cache-08": 3.9013727473105795, 
        "cache-09": 3.8855029887820822
    }, 
    "83": {
        "cache-08": 3.980917332416322, 
        "cache-09": 3.8855029887820822
    }, 
    "84": {
        "cache-08": 4.020689624969194, 
        "cache-09": 3.8855029887820822
    }, 
    "85": {
        "cache-08": 4.04057577124563, 
        "cache-09": 3.8855029887820822
    }, 
    "86": {
        "cache-08": 4.050518844383847, 
        "cache-09": 3.8855029887820822
    }, 
    "87": {
        "cache-08": 4.272982570282472, 
        "cache-09": 3.8855029887820822
    }, 
    "88": {
        "cache-08": 4.384214433231785, 
        "cache-09": 3.8855029887820822
    }, 
    "89": {
        "cache-08": 4.222338175376924, 
        "cache-09": 3.8855029887820822
    }, 
    "90": {
        "cache-08": 4.141400046449494, 
        "cache-09": 3.8855029887820822
    }, 
    "91": {
        "cache-08": 4.10093098198578,