{
    "0": {
        "cache-14": 3.7117103704187544, 
        "cache-15": 4.855226477027838
    }, 
    "1": {
        "cache-14": 3.7117103704187544, 
        "cache-15": 4.855226477027838
    }, 
    "2": {
        "cache-14": 3.7117103704187544, 
        "cache-15": 4.855226477027838
    }, 
    "3": {
        "cache-14": 3.7117103704187544, 
        "cache-15": 4.855226477027838
    }, 
    "4": {
        "cache-14": 3.7117103704187544, 
        "cache-15": 4.855226477027838
    }, 
    "5": {
        "cache-14": 3.7117103704187544, 
        "cache-15": 4.855226477027838
    }, 
    "6": {
        "cache-14": 3.7117103704187544, 
        "cache-15": 4.855226477027838
    }, 
    "7": {
        "cache-14": 3.7117103704187544, 
        "cache-15": 4.855226477027838
    }, 
    "8": {
        "cache-14": 3.7117103704187544, 
        "cache-15": 4.855226477027838
    }, 
    "9": {
        "cache-14": 3.7117103704187544, 
        "cache-15": 4.855226477027838
    }, 
    "10": {
        "cache-14": 3.7117103704187544, 
        "cache-15": 4.855226477027838
    }, 
    "11": {
        "cache-14": 3.8316328579276693, 
        "cache-15": 4.306362261094206
    }, 
    "12": {
        "cache-14": 3.8316328579276693, 
        "cache-15": 4.306362261094206
    }, 
    "13": {
        "cache-14": 3.8316328579276693, 
        "cache-15": 4.306362261094206
    }, 
    "14": {
        "cache-14": 3.8316328579276693, 
        "cache-15": 4.306362261094206
    }, 
    "15": {
        "cache-14": 3.8316328579276693, 
        "cache-15": 4.306362261094206
    }, 
    "16": {
        "cache-14": 3.8316328579276693, 
        "cache-15": 4.306362261094206
    }, 
    "17": {
        "cache-14": 3.8316328579276693, 
        "cache-15": 4.306362261094206
    }, 
    "18": {
        "cache-14": 3.8316328579276693, 
        "cache-15": 4.306362261094206
    }, 
    "19": {
        "cache-14": 3.8316328579276693, 
        "cache-15": 4.306362261094206
    }, 
    "20": {
        "cache-14": 3.8316328579276693, 
        "cache-15": 4.306362261094206
    }, 
    "21": {
        "cache-14": 3.8300358998166475, 
        "cache-15": 4.768708515927294
    }, 
    "22": {
        "cache-14": 3.8300358998166475, 
        "cache-15": 4.768708515927294
    }, 
    "23": {
        "cache-14": 3.8300358998166475, 
        "cache-15": 4.768708515927294
    }, 
    "24": {
        "cache-14": 3.8300358998166475, 
        "cache-15": 4.768708515927294
    }, 
    "25": {
        "cache-14": 3.8300358998166475, 
        "cache-15": 4.768708515927294
    }, 
    "26": {
        "cache-14": 3.8300358998166475, 
        "cache-15": 4.768708515927294
    }, 
    "27": {
        "cache-14": 3.8300358998166475, 
        "cache-15": 4.768708515927294
    }, 
    "28": {
        "cache-14": 3.8300358998166475, 
        "cache-15": 4.768708515927294
    }, 
    "29": {
        "cache-14": 3.8300358998166475, 
        "cache-15": 4.768708515927294
    }, 
    "30": {
        "cache-14": 3.8300358998166475, 
        "cache-15": 4.768708515927294
    }, 
    "31": {
        "cache-14": 3.8931857317892646, 
        "cache-15": 4.52226662255555
    }, 
    "32": {
        "cache-14": 3.8931857317892646, 
        "cache-15": 4.52226662255555
    }, 
    "33": {
        "cache-14": 3.8931857317892646, 
        "cache-15": 4.52226662255555
    }, 
    "34": {
        "cache-14": 3.8931857317892646, 
        "cache-15": 4.52226662255555
    }, 
    "35": {
        "cache-14": 3.8931857317892646, 
        "cache-15": 4.52226662255555
    }, 
    "36": {
        "cache-14": 3.8931857317892646, 
        "cache-15": 4.52226662255555
    }, 
    "37": {
        "cache-14": 3.8931857317892646, 
        "cache-15": 4.52226662255555
    }, 
    "38": {
        "cache-14": 3.8931857317892646, 
        "cache-15": 4.52226662255555
    }, 
    "39": {
        "cache-14": 3.8931857317892646, 
        "cache-15": 4.52226662255555
    }, 
    "40": {
        "cache-14": 3.8931857317892646, 
        "cache-15": 4.52226662255555
    }, 
    "41": {
        "cache-14": 3.9408729448145103, 
        "cache-15": 4.336370975156412
    }, 
    "42": {
        "cache-14": 3.9408729448145103, 
        "cache-15": 4.336370975156412
    }, 
    "43": {
        "cache-14": 3.9408729448145103, 
        "cache-15": 4.336370975156412
    }, 
    "44": {
        "cache-14": 3.9408729448145103, 
        "cache-15": 4.336370975156412
    }, 
    "45": {
        "cache-14": 3.9408729448145103, 
        "cache-15": 4.336370975156412
    }, 
    "46": {
        "cache-14": 3.9408729448145103, 
        "cache-15": 4.336370975156412
    }, 
    "47": {
        "cache-14": 3.9408729448145103, 
        "cache-15": 4.336370975156412
    }, 
    "48": {
        "cache-14": 3.9408729448145103, 
        "cache-15": 4.336370975156412
    }, 
    "49": {
        "cache-14": 3.9408729448145103, 
        "cache-15": 4.336370975156412
    }, 
    "50": {
        "cache-14": 3.9408729448145103, 
        "cache-15": 4.336370975156412
    }, 
    "51": {
        "cache-14": 4.063856074610978, 
        "cache-15": 4.836320242011444
    }, 
    "52": {
        "cache-14": 4.063856074610978, 
        "cache-15": 4.836320242011444
    }, 
    "53": {
        "cache-14": 4.063856074610978, 
        "cache-15": 4.836320242011444
    }, 
    "54": {
        "cache-14": 4.063856074610978, 
        "cache-15": 4.836320242011444
    }, 
    "55": {
        "cache-14": 4.063856074610978, 
        "cache-15": 4.836320242011444
    }, 
    "56": {
        "cache-14": 4.063856074610978, 
        "cache-15": 4.836320242011444
    }, 
    "57": {
        "cache-14": 4.063856074610978, 
        "cache-15": 4.836320242011444
    }, 
    "58": {
        "cache-14": 4.063856074610978, 
        "cache-15": 4.836320242011444
    }, 
    "59": {
        "cache-14": 4.063856074610978, 
        "cache-15": 4.836320242011444
    }, 
    "60": {
        "cache-14": 4.063856074610978, 
        "cache-15": 4.836320242011444
    }, 
    "61": {
        "cache-14": 4.225606408298761, 
        "cache-15": 4.580038589162359
    }, 
    "62": {
        "cache-14": 4.225606408298761, 
        "cache-15": 4.580038589162359
    }, 
    "63": {
        "cache-14": 4.225606408298761, 
        "cache-15": 4.580038589162359
    }, 
    "64": {
        "cache-14": 4.225606408298761, 
        "cache-15": 4.580038589162359
    }, 
    "65": {
        "cache-14": 4.225606408298761, 
        "cache-15": 4.580038589162359
    }, 
    "66": {
        "cache-14": 4.225606408298761, 
        "cache-15": 4.580038589162359
    }, 
    "67": {
        "cache-14": 4.225606408298761, 
        "cache-15": 4.580038589162359
    }, 
    "68": {
        "cache-14": 4.225606408298761, 
        "cache-15": 4.580038589162359
    }, 
    "69": {
        "cache-14": 4.225606408298761, 
        "cache-15": 4.580038589162359
    }, 
    "70": {
        "cache-14": 4.225606408298761, 
        "cache-15": 4.580038589162359
    }, 
    "71": {
        "cache-14": 4.1992306278561, 
        "cache-15": 4.350526863933613
    }, 
    "72": {
        "cache-14": 4.1992306278561, 
        "cache-15": 4.350526863933613
    }, 
    "73": {
        "cache-14": 4.1992306278561, 
        "cache-15": 4.350526863933613
    }, 
    "74": {
        "cache-14": 4.1992306278561, 
        "cache-15": 4.350526863933613
    }, 
    "75": {
        "cache-14": 4.1992306278561, 
        "cache-15": 4.350526863933613
    }, 
    "76": {
        "cache-14": 4.1992306278561, 
        "cache-15": 4.350526863933613
    }, 
    "77": {
        "cache-14": 4.1992306278561, 
        "cache-15": 4.350526863933613
    }, 
    "78": {
        "cache-14": 4.1992306278561, 
        "cache-15": 4.350526863933613
    }, 
    "79": {
        "cache-14": 4.1992306278561, 
        "cache-15": 4.350526863933613
    }, 
    "80": {
        "cache-14": 4.1992306278561, 
        "cache-15": 4.350526863933613
    },