{
    "0": {
        "cache-07": 3.671957609463653, 
        "cache-10": 4.035046389850297
    }, 
    "1": {
        "cache-07": 3.671957609463653, 
        "cache-10": 4.035046389850297
    }, 
    "2": {
        "cache-07": 3.671957609463653, 
        "cache-10": 4.035046389850297
    }, 
    "3": {
        "cache-07": 3.671957609463653, 
        "cache-10": 4.035046389850297
    }, 
    "4": {
        "cache-07": 3.671957609463653, 
        "cache-10": 4.035046389850297
    }, 
    "5": {
        "cache-07": 3.671957609463653, 
        "cache-10": 4.035046389850297
    }, 
    "6": {
        "cache-07": 3.671957609463653, 
        "cache-10": 4.035046389850297
    }, 
    "7": {
        "cache-07": 3.671957609463653, 
        "cache-10": 4.035046389850297
    }, 
    "8": {
        "cache-07": 3.671957609463653, 
        "cache-10": 4.035046389850297
    }, 
    "9": {
        "cache-07": 3.671957609463653, 
        "cache-10": 4.035046389850297
    }, 
    "10": {
        "cache-07": 3.671957609463653, 
        "cache-10": 4.035046389850297
    }, 
    "11": {
        "cache-07": 3.5675532547536317, 
        "cache-10": 3.9460583060017145
    }, 
    "12": {
        "cache-07": 3.5675532547536317, 
        "cache-10": 3.9460583060017145
    }, 
    "13": {
        "cache-07": 3.5675532547536317, 
        "cache-10": 3.9460583060017145
    }, 
    "14": {
        "cache-07": 3.5675532547536317, 
        "cache-10": 3.9460583060017145
    }, 
    "15": {
        "cache-07": 3.5675532547536317, 
        "cache-10": 3.9460583060017145
    }, 
    "16": {
        "cache-07": 3.5675532547536317, 
        "cache-10": 3.9460583060017145
    }, 
    "17": {
        "cache-07": 3.5675532547536317, 
        "cache-10": 3.9460583060017145
    }, 
    "18": {
        "cache-07": 3.5675532547536317, 
        "cache-10": 3.9460583060017145
    }, 
    "19": {
        "cache-07": 3.5675532547536317, 
        "cache-10": 3.9460583060017145
    }, 
    "20": {
        "cache-07": 3.5675532547536317, 
        "cache-10": 3.9460583060017145
    }, 
    "21": {
        "cache-07": 3.512780437506357, 
        "cache-10": 3.4910029343470446
    }, 
    "22": {
        "cache-07": 3.512780437506357, 
        "cache-10": 3.4910029343470446
    }, 
    "23": {
        "cache-07": 3.512780437506357, 
        "cache-10": 3.4910029343470446
    }, 
    "24": {
        "cache-07": 3.512780437506357, 
        "cache-10": 3.4910029343470446
    }, 
    "25": {
        "cache-07": 3.512780437506357, 
        "cache-10": 3.4910029343470446
    }, 
    "26": {
        "cache-07": 3.512780437506357, 
        "cache-10": 3.4910029343470446
    }, 
    "27": {
        "cache-07": 3.512780437506357, 
        "cache-10": 3.4910029343470446
    }, 
    "28": {
        "cache-07": 3.512780437506357, 
        "cache-10": 3.4910029343470446
    }, 
    "29": {
        "cache-07": 3.512780437506357, 
        "cache-10": 3.4910029343470446
    }, 
    "30": {
        "cache-07": 3.512780437506357, 
        "cache-10": 3.4910029343470446
    }, 
    "31": {
        "cache-07": 3.8788496482354384, 
        "cache-10": 3.621674768836011
    }, 
    "32": {
        "cache-07": 3.8788496482354384, 
        "cache-10": 3.621674768836011
    }, 
    "33": {
        "cache-07": 3.8788496482354384, 
        "cache-10": 3.621674768836011
    }, 
    "34": {
        "cache-07": 3.8788496482354384, 
        "cache-10": 3.621674768836011
    }, 
    "35": {
        "cache-07": 3.8788496482354384, 
        "cache-10": 3.621674768836011
    }, 
    "36": {
        "cache-07": 3.8788496482354384, 
        "cache-10": 3.621674768836011
    }, 
    "37": {
        "cache-07": 3.8788496482354384, 
        "cache-10": 3.621674768836011
    }, 
    "38": {
        "cache-07": 3.8788496482354384, 
        "cache-10": 3.621674768836011
    }, 
    "39": {
        "cache-07": 3.8788496482354384, 
        "cache-10": 3.621674768836011
    }, 
    "40": {
        "cache-07": 3.8788496482354384, 
        "cache-10": 3.621674768836011
    }, 
    "41": {
        "cache-07": 3.747913533366577, 
        "cache-10": 3.622710448940166
    }, 
    "42": {
        "cache-07": 3.747913533366577, 
        "cache-10": 3.622710448940166
    }, 
    "43": {
        "cache-07": 3.747913533366577, 
        "cache-10": 3.622710448940166
    }, 
    "44": {
        "cache-07": 3.747913533366577, 
        "cache-10": 3.622710448940166
    }, 
    "45": {
        "cache-07": 3.747913533366577, 
        "cache-10": 3.622710448940166
    }, 
    "46": {
        "cache-07": 3.747913533366577, 
        "cache-10": 3.622710448940166
    }, 
    "47": {
        "cache-07": 3.747913533366577, 
        "cache-10": 3.622710448940166
    }, 
    "48": {
        "cache-07": 3.747913533366577, 
        "cache-10": 3.622710448940166
    }, 
    "49": {
        "cache-07": 3.747913533366577, 
        "cache-10": 3.622710448940166
    }, 
    "50": {
        "cache-07": 3.747913533366577, 
        "cache-10": 3.622710448940166
    }, 
    "51": {
        "cache-07": 3.574013173749419, 
        "cache-10": 3.7291830258211602
    }, 
    "52": {
        "cache-07": 3.574013173749419, 
        "cache-10": 3.7291830258211602
    }, 
    "53": {
        "cache-07": 3.574013173749419, 
        "cache-10": 3.7291830258211602
    }, 
    "54": {
        "cache-07": 3.574013173749419, 
        "cache-10": 3.7291830258211602
    }, 
    "55": {
        "cache-07": 3.574013173749419, 
        "cache-10": 3.7291830258211602
    }, 
    "56": {
        "cache-07": 3.574013173749419, 
        "cache-10": 3.7291830258211602
    }, 
    "57": {
        "cache-07": 3.574013173749419, 
        "cache-10": 3.7291830258211602
    }, 
    "58": {
        "cache-07": 3.574013173749419, 
        "cache-10": 3.7291830258211602
    }, 
    "59": {
        "cache-07": 3.574013173749419, 
        "cache-10": 3.7291830258211602
    }, 
    "60": {
        "cache-07": 3.574013173749419, 
        "cache-10": 3.7291830258211602
    }, 
    "61": {
        "cache-07": 3.7005968808197007, 
        "cache-10": 3.9446143492311463
    }, 
    "62": {
        "cache-07": 3.7005968808197007, 
        "cache-10": 3.9446143492311463
    }, 
    "63": {
        "cache-07": 3.7005968808197007, 
        "cache-10": 3.9446143492311463
    }, 
    "64": {
        "cache-07": 3.7005968808197007, 
        "cache-10": 3.9446143492311463
    }, 
    "65": {
        "cache-07": 3.7005968808197007, 
        "cache-10": 3.9446143492311463
    }, 
    "66": {
        "cache-07": 3.7005968808197007, 
        "cache-10": 3.9446143492311463
    }, 
    "67": {
        "cache-07": 3.7005968808197007, 
        "cache-10": 3.9446143492311463
    }, 
    "68": {
        "cache-07": 3.7005968808197007, 
        "cache-10": 3.9446143492311463
    }, 
    "69": {
        "cache-07": 3.7005968808197007, 
        "cache-10": 3.9446143492311463
    }, 
    "70": {
        "cache-07": 3.7005968808197007, 
        "cache-10": 3.9446143492311463
    }, 
    "71": {
        "cache-07": 3.771175424208083, 
        "cache-10": 3.7151091424702862
    }, 
    "72": {
        "cache-07": 3.771175424208083, 
        "cache-10": 3.7151091424702862
    }, 
    "73": {
        "cache-07": 3.771175424208083, 
        "cache-10": 3.7151091424702862
    }, 
    "74": {
        "cache-07": 3.771175424208083, 
        "cache-10": 3.7151091424702862
    }, 
    "75": {
        "cache-07": 3.771175424208083, 
        "cache-10": 3.7151091424702862
    }, 
    "76": {
        "cache-07": 3.771175424208083, 
        "cache-10": 3.7151091424702862
    }, 
    "77": {
        "cache-07": 3.771175424208083, 
        "cache-10": 3.7151091424702862
    }, 
    "78": {
        "cache-07": 3.771175424208083, 
        "cache-10": 3.7151091424702862
    }, 
    "79": {
        "cache-07": 3.771175424208083, 
        "cache-10": 3.7151091424702862
    }, 
    "80": {
        "cache-07": 3.771175424208083,