{
    "0": {
        "cache-12": 4.99252701822777, 
        "cache-16": 2.795883404800028
    }, 
    "1": {
        "cache-12": 4.99252701822777, 
        "cache-16": 2.795883404800028
    }, 
    "2": {
        "cache-12": 4.99252701822777, 
        "cache-16": 2.795883404800028
    }, 
    "3": {
        "cache-12": 4.99252701822777, 
        "cache-16": 2.795883404800028
    }, 
    "4": {
        "cache-12": 4.99252701822777, 
        "cache-16": 2.795883404800028
    }, 
    "5": {
        "cache-12": 4.99252701822777, 
        "cache-16": 2.795883404800028
    }, 
    "6": {
        "cache-12": 4.99252701822777, 
        "cache-16": 2.795883404800028
    }, 
    "7": {
        "cache-12": 4.99252701822777, 
        "cache-16": 2.795883404800028
    }, 
    "8": {
        "cache-12": 4.99252701822777, 
        "cache-16": 2.795883404800028
    }, 
    "9": {
        "cache-12": 4.99252701822777, 
        "cache-16": 2.795883404800028
    }, 
    "10": {
        "cache-12": 4.99252701822777, 
        "cache-16": 2.795883404800028
    }, 
    "11": {
        "cache-12": 4.99970083432731, 
        "cache-16": 2.7958834048000014
    }, 
    "12": {
        "cache-12": 4.99970083432731, 
        "cache-16": 2.7958834048000014
    }, 
    "13": {
        "cache-12": 4.99970083432731, 
        "cache-16": 2.7958834048000014
    }, 
    "14": {
        "cache-12": 4.99970083432731, 
        "cache-16": 2.7958834048000014
    }, 
    "15": {
        "cache-12": 4.99970083432731, 
        "cache-16": 2.7958834048000014
    }, 
    "16": {
        "cache-12": 4.99970083432731, 
        "cache-16": 2.7958834048000014
    }, 
    "17": {
        "cache-12": 4.99970083432731, 
        "cache-16": 2.7958834048000014
    }, 
    "18": {
        "cache-12": 4.99970083432731, 
        "cache-16": 2.7958834048000014
    }, 
    "19": {
        "cache-12": 4.99970083432731, 
        "cache-16": 2.7958834048000014
    }, 
    "20": {
        "cache-12": 4.99970083432731, 
        "cache-16": 2.7958834048000014
    }, 
    "21": {
        "cache-12": 4.9753308258181885, 
        "cache-16": 2.7958834048000005
    }, 
    "22": {
        "cache-12": 4.9753308258181885, 
        "cache-16": 2.7958834048000005
    }, 
    "23": {
        "cache-12": 4.9753308258181885, 
        "cache-16": 2.7958834048000005
    }, 
    "24": {
        "cache-12": 4.9753308258181885, 
        "cache-16": 2.7958834048000005
    }, 
    "25": {
        "cache-12": 4.9753308258181885, 
        "cache-16": 2.7958834048000005
    }, 
    "26": {
        "cache-12": 4.9753308258181885, 
        "cache-16": 2.7958834048000005
    }, 
    "27": {
        "cache-12": 4.9753308258181885, 
        "cache-16": 2.7958834048000005
    }, 
    "28": {
        "cache-12": 4.9753308258181885, 
        "cache-16": 2.7958834048000005
    }, 
    "29": {
        "cache-12": 4.9753308258181885, 
        "cache-16": 2.7958834048000005
    }, 
    "30": {
        "cache-12": 4.9753308258181885, 
        "cache-16": 2.7958834048000005
    }, 
    "31": {
        "cache-12": 4.581072004943497, 
        "cache-16": 2.7958834048000005
    }, 
    "32": {
        "cache-12": 4.581072004943497, 
        "cache-16": 2.7958834048000005
    }, 
    "33": {
        "cache-12": 4.581072004943497, 
        "cache-16": 2.7958834048000005
    }, 
    "34": {
        "cache-12": 4.581072004943497, 
        "cache-16": 2.7958834048000005
    }, 
    "35": {
        "cache-12": 4.581072004943497, 
        "cache-16": 2.7958834048000005
    }, 
    "36": {
        "cache-12": 4.581072004943497, 
        "cache-16": 2.7958834048000005
    }, 
    "37": {
        "cache-12": 4.581072004943497, 
        "cache-16": 2.7958834048000005
    }, 
    "38": {
        "cache-12": 4.581072004943497, 
        "cache-16": 2.7958834048000005
    }, 
    "39": {
        "cache-12": 4.581072004943497, 
        "cache-16": 2.7958834048000005
    }, 
    "40": {
        "cache-12": 4.581072004943497, 
        "cache-16": 2.7958834048000005
    }, 
    "41": {
        "cache-12": 4.615121785112606, 
        "cache-16": 2.7958834048000005
    }, 
    "42": {
        "cache-12": 4.615121785112606, 
        "cache-16": 2.7958834048000005
    }, 
    "43": {
        "cache-12": 4.615121785112606, 
        "cache-16": 2.7958834048000005
    }, 
    "44": {
        "cache-12": 4.615121785112606, 
        "cache-16": 2.7958834048000005
    }, 
    "45": {
        "cache-12": 4.615121785112606, 
        "cache-16": 2.7958834048000005
    }, 
    "46": {
        "cache-12": 4.615121785112606, 
        "cache-16": 2.7958834048000005
    }, 
    "47": {
        "cache-12": 4.615121785112606, 
        "cache-16": 2.7958834048000005
    }, 
    "48": {
        "cache-12": 4.615121785112606, 
        "cache-16": 2.7958834048000005
    }, 
    "49": {
        "cache-12": 4.615121785112606, 
        "cache-16": 2.7958834048000005
    }, 
    "50": {
        "cache-12": 4.615121785112606, 
        "cache-16": 2.7958834048000005
    }, 
    "51": {
        "cache-12": 4.545333045550935, 
        "cache-16": 2.7958834048000005
    }, 
    "52": {
        "cache-12": 4.545333045550935, 
        "cache-16": 2.7958834048000005
    }, 
    "53": {
        "cache-12": 4.545333045550935, 
        "cache-16": 2.7958834048000005
    }, 
    "54": {
        "cache-12": 4.545333045550935, 
        "cache-16": 2.7958834048000005
    }, 
    "55": {
        "cache-12": 4.545333045550935, 
        "cache-16": 2.7958834048000005
    }, 
    "56": {
        "cache-12": 4.545333045550935, 
        "cache-16": 2.7958834048000005
    }, 
    "57": {
        "cache-12": 4.545333045550935, 
        "cache-16": 2.7958834048000005
    }, 
    "58": {
        "cache-12": 4.545333045550935, 
        "cache-16": 2.7958834048000005
    }, 
    "59": {
        "cache-12": 4.545333045550935, 
        "cache-16": 2.7958834048000005
    }, 
    "60": {
        "cache-12": 4.545333045550935, 
        "cache-16": 2.7958834048000005
    }, 
    "61": {
        "cache-12": 4.511927220211511, 
        "cache-16": 2.7958834048000005
    }, 
    "62": {
        "cache-12": 4.511927220211511, 
        "cache-16": 2.7958834048000005
    }, 
    "63": {
        "cache-12": 4.511927220211511, 
        "cache-16": 2.7958834048000005
    }, 
    "64": {
        "cache-12": 4.511927220211511, 
        "cache-16": 2.7958834048000005
    }, 
    "65": {
        "cache-12": 4.511927220211511, 
        "cache-16": 2.7958834048000005
    }, 
    "66": {
        "cache-12": 4.511927220211511, 
        "cache-16": 2.7958834048000005
    }, 
    "67": {
        "cache-12": 4.511927220211511, 
        "cache-16": 2.7958834048000005
    }, 
    "68": {
        "cache-12": 4.511927220211511, 
        "cache-16": 2.7958834048000005
    }, 
    "69": {
        "cache-12": 4.511927220211511, 
        "cache-16": 2.7958834048000005
    }, 
    "70": {
        "cache-12": 4.511927220211511, 
        "cache-16": 2.7958834048000005
    }, 
    "71": {
        "cache-12": 4.1031457549617905, 
        "cache-16": 2.7958834048000005
    }, 
    "72": {
        "cache-12": 4.1031457549617905, 
        "cache-16": 2.7958834048000005
    }, 
    "73": {
        "cache-12": 4.1031457549617905, 
        "cache-16": 2.7958834048000005
    }, 
    "74": {
        "cache-12": 4.1031457549617905, 
        "cache-16": 2.7958834048000005
    }, 
    "75": {
        "cache-12": 4.1031457549617905, 
        "cache-16": 2.7958834048000005
    }, 
    "76": {
        "cache-12": 4.1031457549617905, 
        "cache-16": 2.7958834048000005
    }, 
    "77": {
        "cache-12": 4.1031457549617905, 
        "cache-16": 2.7958834048000005
    }, 
    "78": {
        "cache-12": 4.1031457549617905, 
        "cache-16": 2.7958834048000005
    }, 
    "79": {
        "cache-12": 4.1031457549617905, 
        "cache-16": 2.7958834048000005
    }, 
    "80": {
        "cache-12": 4.1031457549617905, 
        "cache-16": 2.7958834048000005
    },