{
    "0": {
        "cache-08": 3.803286268525422, 
        "cache-10": 3.9412872376800143
    }, 
    "1": {
        "cache-08": 3.803286268525422, 
        "cache-10": 3.9412872376800143
    }, 
    "2": {
        "cache-08": 3.803286268525422, 
        "cache-10": 3.9412872376800143
    }, 
    "3": {
        "cache-08": 3.803286268525422, 
        "cache-10": 3.9412872376800143
    }, 
    "4": {
        "cache-08": 3.803286268525422, 
        "cache-10": 3.9412872376800143
    }, 
    "5": {
        "cache-08": 3.803286268525422, 
        "cache-10": 3.9412872376800143
    }, 
    "6": {
        "cache-08": 3.803286268525422, 
        "cache-10": 3.9412872376800143
    }, 
    "7": {
        "cache-08": 3.803286268525422, 
        "cache-10": 3.9412872376800143
    }, 
    "8": {
        "cache-08": 3.803286268525422, 
        "cache-10": 3.9412872376800143
    }, 
    "9": {
        "cache-08": 3.803286268525422, 
        "cache-10": 3.9412872376800143
    }, 
    "10": {
        "cache-08": 3.803286268525422, 
        "cache-10": 3.9412872376800143
    }, 
    "11": {
        "cache-08": 3.5585062047386145, 
        "cache-10": 3.6236338024316446
    }, 
    "12": {
        "cache-08": 3.5585062047386145, 
        "cache-10": 3.6236338024316446
    }, 
    "13": {
        "cache-08": 3.5585062047386145, 
        "cache-10": 3.6236338024316446
    }, 
    "14": {
        "cache-08": 3.5585062047386145, 
        "cache-10": 3.6236338024316446
    }, 
    "15": {
        "cache-08": 3.5585062047386145, 
        "cache-10": 3.6236338024316446
    }, 
    "16": {
        "cache-08": 3.5585062047386145, 
        "cache-10": 3.6236338024316446
    }, 
    "17": {
        "cache-08": 3.5585062047386145, 
        "cache-10": 3.6236338024316446
    }, 
    "18": {
        "cache-08": 3.5585062047386145, 
        "cache-10": 3.6236338024316446
    }, 
    "19": {
        "cache-08": 3.5585062047386145, 
        "cache-10": 3.6236338024316446
    }, 
    "20": {
        "cache-08": 3.5585062047386145, 
        "cache-10": 3.6236338024316446
    }, 
    "21": {
        "cache-08": 3.9034546576029547, 
        "cache-10": 3.5985219417861014
    }, 
    "22": {
        "cache-08": 3.9034546576029547, 
        "cache-10": 3.5985219417861014
    }, 
    "23": {
        "cache-08": 3.9034546576029547, 
        "cache-10": 3.5985219417861014
    }, 
    "24": {
        "cache-08": 3.9034546576029547, 
        "cache-10": 3.5985219417861014
    }, 
    "25": {
        "cache-08": 3.9034546576029547, 
        "cache-10": 3.5985219417861014
    }, 
    "26": {
        "cache-08": 3.9034546576029547, 
        "cache-10": 3.5985219417861014
    }, 
    "27": {
        "cache-08": 3.9034546576029547, 
        "cache-10": 3.5985219417861014
    }, 
    "28": {
        "cache-08": 3.9034546576029547, 
        "cache-10": 3.5985219417861014
    }, 
    "29": {
        "cache-08": 3.9034546576029547, 
        "cache-10": 3.5985219417861014
    }, 
    "30": {
        "cache-08": 3.9034546576029547, 
        "cache-10": 3.5985219417861014
    }, 
    "31": {
        "cache-08": 3.523782660086635, 
        "cache-10": 3.4075665174429286
    }, 
    "32": {
        "cache-08": 3.523782660086635, 
        "cache-10": 3.4075665174429286
    }, 
    "33": {
        "cache-08": 3.523782660086635, 
        "cache-10": 3.4075665174429286
    }, 
    "34": {
        "cache-08": 3.523782660086635, 
        "cache-10": 3.4075665174429286
    }, 
    "35": {
        "cache-08": 3.523782660086635, 
        "cache-10": 3.4075665174429286
    }, 
    "36": {
        "cache-08": 3.523782660086635, 
        "cache-10": 3.4075665174429286
    }, 
    "37": {
        "cache-08": 3.523782660086635, 
        "cache-10": 3.4075665174429286
    }, 
    "38": {
        "cache-08": 3.523782660086635, 
        "cache-10": 3.4075665174429286
    }, 
    "39": {
        "cache-08": 3.523782660086635, 
        "cache-10": 3.4075665174429286
    }, 
    "40": {
        "cache-08": 3.523782660086635, 
        "cache-10": 3.4075665174429286
    }, 
    "41": {
        "cache-08": 3.557364017601403, 
        "cache-10": 4.400246698846825
    }, 
    "42": {
        "cache-08": 3.557364017601403, 
        "cache-10": 4.400246698846825
    }, 
    "43": {
        "cache-08": 3.557364017601403, 
        "cache-10": 4.400246698846825
    }, 
    "44": {
        "cache-08": 3.557364017601403, 
        "cache-10": 4.400246698846825
    }, 
    "45": {
        "cache-08": 3.557364017601403, 
        "cache-10": 4.400246698846825
    }, 
    "46": {
        "cache-08": 3.557364017601403, 
        "cache-10": 4.400246698846825
    }, 
    "47": {
        "cache-08": 3.557364017601403, 
        "cache-10": 4.400246698846825
    }, 
    "48": {
        "cache-08": 3.557364017601403, 
        "cache-10": 4.400246698846825
    }, 
    "49": {
        "cache-08": 3.557364017601403, 
        "cache-10": 4.400246698846825
    }, 
    "50": {
        "cache-08": 3.557364017601403, 
        "cache-10": 4.400246698846825
    }, 
    "51": {
        "cache-08": 3.5420146386423013, 
        "cache-10": 3.5313393610051094
    }, 
    "52": {
        "cache-08": 3.5420146386423013, 
        "cache-10": 3.5313393610051094
    }, 
    "53": {
        "cache-08": 3.5420146386423013, 
        "cache-10": 3.5313393610051094
    }, 
    "54": {
        "cache-08": 3.5420146386423013, 
        "cache-10": 3.5313393610051094
    }, 
    "55": {
        "cache-08": 3.5420146386423013, 
        "cache-10": 3.5313393610051094
    }, 
    "56": {
        "cache-08": 3.5420146386423013, 
        "cache-10": 3.5313393610051094
    }, 
    "57": {
        "cache-08": 3.5420146386423013, 
        "cache-10": 3.5313393610051094
    }, 
    "58": {
        "cache-08": 3.5420146386423013, 
        "cache-10": 3.5313393610051094
    }, 
    "59": {
        "cache-08": 3.5420146386423013, 
        "cache-10": 3.5313393610051094
    }, 
    "60": {
        "cache-08": 3.5420146386423013, 
        "cache-10": 3.5313393610051094
    }, 
    "61": {
        "cache-08": 3.7465614280938846, 
        "cache-10": 3.870134340746906
    }, 
    "62": {
        "cache-08": 3.7465614280938846, 
        "cache-10": 3.870134340746906
    }, 
    "63": {
        "cache-08": 3.7465614280938846, 
        "cache-10": 3.870134340746906
    }, 
    "64": {
        "cache-08": 3.7465614280938846, 
        "cache-10": 3.870134340746906
    }, 
    "65": {
        "cache-08": 3.7465614280938846, 
        "cache-10": 3.870134340746906
    }, 
    "66": {
        "cache-08": 3.7465614280938846, 
        "cache-10": 3.870134340746906
    }, 
    "67": {
        "cache-08": 3.7465614280938846, 
        "cache-10": 3.870134340746906
    }, 
    "68": {
        "cache-08": 3.7465614280938846, 
        "cache-10": 3.870134340746906
    }, 
    "69": {
        "cache-08": 3.7465614280938846, 
        "cache-10": 3.870134340746906
    }, 
    "70": {
        "cache-08": 3.7465614280938846, 
        "cache-10": 3.870134340746906
    }, 
    "71": {
        "cache-08": 3.624190958752289, 
        "cache-10": 3.60870462721559
    }, 
    "72": {
        "cache-08": 3.624190958752289, 
        "cache-10": 3.60870462721559
    }, 
    "73": {
        "cache-08": 3.624190958752289, 
        "cache-10": 3.60870462721559
    }, 
    "74": {
        "cache-08": 3.624190958752289, 
        "cache-10": 3.60870462721559
    }, 
    "75": {
        "cache-08": 3.624190958752289, 
        "cache-10": 3.60870462721559
    }, 
    "76": {
        "cache-08": 3.624190958752289, 
        "cache-10": 3.60870462721559
    }, 
    "77": {
        "cache-08": 3.624190958752289, 
        "cache-10": 3.60870462721559
    }, 
    "78": {
        "cache-08": 3.624190958752289, 
        "cache-10": 3.60870462721559
    }, 
    "79": {
        "cache-08": 3.624190958752289, 
        "cache-10": 3.60870462721559
    }, 
    "80": {
        "cache-08": 3.624190958752289,