{
    "0": {
        "cache-13": 4, 
        "cache-14": 3.75
    }, 
    "1": {
        "cache-13": 4, 
        "cache-14": 3.594745844265475
    }, 
    "2": {
        "cache-13": 4, 
        "cache-14": 3.6545106182806637
    }, 
    "3": {
        "cache-13": 4, 
        "cache-14": 3.857486267901364
    }, 
    "4": {
        "cache-13": 4, 
        "cache-14": 4.072987710090812
    }, 
    "5": {
        "cache-13": 4, 
        "cache-14": 4.2842170031359545
    }, 
    "6": {
        "cache-13": 4, 
        "cache-14": 4.544604234344199
    }, 
    "7": {
        "cache-13": 4, 
        "cache-14": 4.6747978499483205
    }, 
    "8": {
        "cache-13": 4, 
        "cache-14": 4.585122073064708
    }, 
    "9": {
        "cache-13": 4, 
        "cache-14": 4.5402841846229025
    }, 
    "10": {
        "cache-13": 4, 
        "cache-14": 4.672637825087673
    }, 
    "11": {
        "cache-13": 4, 
        "cache-14": 4.7388146453200575
    }, 
    "12": {
        "cache-13": 4, 
        "cache-14": 4.771903055436249
    }, 
    "13": {
        "cache-13": 4, 
        "cache-14": 4.788447260494346
    }, 
    "14": {
        "cache-13": 4, 
        "cache-14": 4.89420043327368
    }, 
    "15": {
        "cache-13": 4, 
        "cache-14": 4.947077019663347
    }, 
    "16": {
        "cache-13": 4, 
        "cache-14": 4.973515312858181
    }, 
    "17": {
        "cache-13": 4, 
        "cache-14": 4.986734459455597
    }, 
    "18": {
        "cache-13": 4, 
        "cache-14": 4.89586296250402
    }, 
    "19": {
        "cache-13": 4, 
        "cache-14": 4.947908284278517
    }, 
    "20": {
        "cache-13": 4, 
        "cache-14": 4.973930945165765
    }, 
    "21": {
        "cache-13": 4, 
        "cache-14": 4.98694227560939
    }, 
    "22": {
        "cache-13": 4, 
        "cache-14": 4.993447940831203
    }, 
    "23": {
        "cache-13": 4, 
        "cache-14": 4.996700773442109
    }, 
    "24": {
        "cache-13": 4, 
        "cache-14": 4.900846119497276
    }, 
    "25": {
        "cache-13": 4, 
        "cache-14": 4.594667635888769
    }, 
    "26": {
        "cache-13": 4, 
        "cache-14": 4.327564776705417
    }, 
    "27": {
        "cache-13": 4, 
        "cache-14": 4.19401334711374
    }, 
    "28": {
        "cache-13": 4, 
        "cache-14": 4.241251249697001
    }, 
    "29": {
        "cache-13": 4, 
        "cache-14": 3.9777633209964267
    }, 
    "30": {
        "cache-13": 4.14424457614013, 
        "cache-14": 3.9777633209964267
    }, 
    "31": {
        "cache-13": 4.216366864210196, 
        "cache-14": 3.9777633209964267
    }, 
    "32": {
        "cache-13": 3.965321128253024, 
        "cache-14": 3.9777633209964267
    }, 
    "33": {
        "cache-13": 3.965321128253024, 
        "cache-14": 4.133126236638343
    }, 
    "34": {
        "cache-13": 3.965321128253024, 
        "cache-14": 4.0967940770802045
    }, 
    "35": {
        "cache-13": 3.965321128253024, 
        "cache-14": 3.9055347346880285
    }, 
    "36": {
        "cache-13": 4.012891522887545, 
        "cache-14": 3.9055347346880285
    }, 
    "37": {
        "cache-13": 4.036676720204804, 
        "cache-14": 3.9055347346880285
    }, 
    "38": {
        "cache-13": 4.048569318863434, 
        "cache-14": 3.9055347346880285
    }, 
    "39": {
        "cache-13": 4.054515618192749, 
        "cache-14": 3.9055347346880285
    }, 
    "40": {
        "cache-13": 3.8843955052443007, 
        "cache-14": 3.9055347346880285
    }, 
    "41": {
        "cache-13": 3.8843955052443007, 
        "cache-14": 3.6725132116094894
    }, 
    "42": {
        "cache-13": 4.08644232876228, 
        "cache-14": 3.6725132116094894
    }, 
    "43": {
        "cache-13": 4.0734521231421725, 
        "cache-14": 3.6725132116094894
    }, 
    "44": {
        "cache-13": 3.8938637577190125, 
        "cache-14": 3.6725132116094894
    }, 
    "45": {
        "cache-13": 3.666677723124981, 
        "cache-14": 3.6725132116094894
    }, 
    "46": {
        "cache-13": 3.666677723124981, 
        "cache-14": 3.866487564565777
    }, 
    "47": {
        "cache-13": 3.666677723124981, 
        "cache-14": 3.790381478430815
    }, 
    "48": {
        "cache-13": 3.666677723124981, 
        "cache-14": 3.7523284353633337
    }, 
    "49": {
        "cache-13": 3.666677723124981, 
        "cache-14": 4.123887365772215
    }, 
    "50": {
        "cache-13": 3.666677723124981, 
        "cache-14": 4.09217464164714
    }, 
    "51": {
        "cache-13": 3.666677723124981, 
        "cache-14": 4.076318279584602
    }, 
    "52": {
        "cache-13": 3.666677723124981, 
        "cache-14": 3.8952968359402274
    }, 
    "53": {
        "cache-13": 3.666677723124981, 
        "cache-14": 3.977879376731146
    }, 
    "54": {
        "cache-13": 3.666677723124981, 
        "cache-14": 4.0191706471266055
    }, 
    "55": {
        "cache-13": 3.666677723124981, 
        "cache-14": 3.866723019711229
    }, 
    "56": {
        "cache-13": 3.666677723124981, 
        "cache-14": 3.790499206003541
    }, 
    "57": {
        "cache-13": 3.666677723124981, 
        "cache-14": 3.7523872991496967
    }, 
    "58": {
        "cache-13": 3.666677723124981, 
        "cache-14": 3.5959394938403233
    }, 
    "59": {
        "cache-13": 3.5530847058279655, 
        "cache-14": 3.5959394938403233
    }, 
    "60": {
        "cache-13": 3.5530847058279655, 
        "cache-14": 3.942214323060292
    }, 
    "61": {
        "cache-13": 3.5530847058279655, 
        "cache-14": 4.001338120291178
    }, 
    "62": {
        "cache-13": 3.5530847058279655, 
        "cache-14": 4.030900018906621
    }, 
    "63": {
        "cache-13": 3.5530847058279655, 
        "cache-14": 3.8725877056012368
    }, 
    "64": {
        "cache-13": 3.5530847058279655, 
        "cache-14": 3.9665248115616505
    }, 
    "65": {
        "cache-13": 3.5530847058279655, 
        "cache-14": 4.013493364541858
    }, 
    "66": {
        "cache-13": 3.5530847058279655, 
        "cache-14": 4.036977641031961
    }, 
    "67": {
        "cache-13": 3.5530847058279655, 
        "cache-14": 3.875626516663907
    }, 
    "68": {
        "cache-13": 3.5530847058279655, 
        "cache-14": 3.6575591025974283
    }, 
    "69": {
        "cache-13": 3.5530847058279655, 
        "cache-14": 3.548525395564189
    }, 
    "70": {
        "cache-13": 4.179038085690204, 
        "cache-14": 3.548525395564189
    }, 
    "71": {
        "cache-13": 4.233763618985233, 
        "cache-14": 3.548525395564189
    }, 
    "72": {
        "cache-13": 4.519377542268837, 
        "cache-14": 3.548525395564189
    }, 
    "73": {
        "cache-13": 4.5074119192249675, 
        "cache-14": 3.548525395564189
    }, 
    "74": {
        "cache-13": 4.501429107703032, 
        "cache-14": 3.548525395564189
    }, 
    "75": {
        "cache-13": 4.394959129991646, 
        "cache-14": 3.548525395564189
    }, 
    "76": {
        "cache-13": 4.227710523756855, 
        "cache-14": 3.548525395564189
    }, 
    "77": {
        "cache-13": 4.258099838018557, 
        "cache-14": 3.548525395564189
    }, 
    "78": {
        "cache-13": 3.8487957632747536, 
        "cache-14": 3.548525395564189
    }, 
    "79": {
        "cache-13": 3.6441437259028517, 
        "cache-14": 3.548525395564189
    }, 
    "80": {
        "cache-13": 3.541817707216901, 
        "cache-14": 3.548525395564189
    }, 
    "81": {
        "cache-13": 3.541817707216901, 
        "cache-14": 3.918507273922225
    }, 
    "82": {
        "cache-13": 3.541817707216901, 
        "cache-14": 4.1034982131012425
    }, 
    "83": {
        "cache-13": 3.541817707216901, 
        "cache-14": 4.29947225464117
    }, 
    "84": {
        "cache-13": 3.541817707216901, 
        "cache-14": 4.179967086081618
    }, 
    "85": {
        "cache-13": 3.541817707216901, 
        "cache-14": 4.120214501801842
    },