{
    "0": {
        "cache-14": 3.75, 
        "cache-15": 4
    }, 
    "1": {
        "cache-14": 4.01924457614013, 
        "cache-15": 4
    }, 
    "2": {
        "cache-14": 4.509599091096572, 
        "cache-15": 4
    }, 
    "3": {
        "cache-14": 4.754776348574794, 
        "cache-15": 4
    }, 
    "4": {
        "cache-14": 4.8773649773139045, 
        "cache-15": 4
    }, 
    "5": {
        "cache-14": 4.938659291683459, 
        "cache-15": 4
    }, 
    "6": {
        "cache-14": 4.969306448868236, 
        "cache-15": 4
    }, 
    "7": {
        "cache-14": 4.984630027460625, 
        "cache-15": 4
    }, 
    "8": {
        "cache-14": 4.740038161820861, 
        "cache-15": 4
    }, 
    "9": {
        "cache-14": 4.400250039671462, 
        "cache-15": 4
    }, 
    "10": {
        "cache-14": 4.057262715983658, 
        "cache-15": 4
    }, 
    "11": {
        "cache-14": 3.885769054139755, 
        "cache-15": 4
    }, 
    "12": {
        "cache-14": 3.885769054139755, 
        "cache-15": 4.247723148090548
    }, 
    "13": {
        "cache-14": 3.885769054139755, 
        "cache-15": 4.623838377071781
    }, 
    "14": {
        "cache-14": 3.885769054139755, 
        "cache-15": 4.811895991562398
    }, 
    "15": {
        "cache-14": 3.885769054139755, 
        "cache-15": 4.905924798807707
    }, 
    "16": {
        "cache-14": 3.885769054139755, 
        "cache-15": 4.952939202430361
    }, 
    "17": {
        "cache-14": 3.885769054139755, 
        "cache-15": 4.976446404241688
    }, 
    "18": {
        "cache-14": 3.885769054139755, 
        "cache-15": 4.632467778260974
    }, 
    "19": {
        "cache-14": 3.885769054139755, 
        "cache-15": 4.34646484789152
    }, 
    "20": {
        "cache-14": 3.885769054139755, 
        "cache-15": 4.317477000085891
    }, 
    "21": {
        "cache-14": 3.885769054139755, 
        "cache-15": 4.561234232819166
    }, 
    "22": {
        "cache-14": 3.885769054139755, 
        "cache-15": 4.683112849185804
    }, 
    "23": {
        "cache-14": 3.885769054139755, 
        "cache-15": 4.84153322761941
    }, 
    "24": {
        "cache-14": 3.885769054139755, 
        "cache-15": 4.920743416836212
    }, 
    "25": {
        "cache-14": 3.885769054139755, 
        "cache-15": 4.960348511444613
    }, 
    "26": {
        "cache-14": 3.885769054139755, 
        "cache-15": 4.980151058748813
    }, 
    "27": {
        "cache-14": 3.885769054139755, 
        "cache-15": 4.892571262150628
    }, 
    "28": {
        "cache-14": 3.885769054139755, 
        "cache-15": 4.590530207215444
    }, 
    "29": {
        "cache-14": 3.885769054139755, 
        "cache-15": 4.79524190663423
    }, 
    "30": {
        "cache-14": 3.885769054139755, 
        "cache-15": 4.800116686093336
    }, 
    "31": {
        "cache-14": 3.885769054139755, 
        "cache-15": 4.647781491137216
    }, 
    "32": {
        "cache-14": 3.885769054139755, 
        "cache-15": 4.468135321708738
    }, 
    "33": {
        "cache-14": 3.885769054139755, 
        "cache-15": 4.63656339363059
    }, 
    "34": {
        "cache-14": 3.885769054139755, 
        "cache-15": 4.818258499841802
    }, 
    "35": {
        "cache-14": 3.885769054139755, 
        "cache-15": 4.811624982697122
    }, 
    "36": {
        "cache-14": 3.885769054139755, 
        "cache-15": 4.808308224124782
    }, 
    "37": {
        "cache-14": 3.885769054139755, 
        "cache-15": 4.904130915088898
    }, 
    "38": {
        "cache-14": 3.885769054139755, 
        "cache-15": 4.952042260570956
    }, 
    "39": {
        "cache-14": 3.885769054139755, 
        "cache-15": 4.9759979333119855
    }, 
    "40": {
        "cache-14": 3.885769054139755, 
        "cache-15": 4.735722114746541
    }, 
    "41": {
        "cache-14": 3.885769054139755, 
        "cache-15": 4.6155842054638185
    }, 
    "42": {
        "cache-14": 3.885769054139755, 
        "cache-15": 4.555515250822458
    }, 
    "43": {
        "cache-14": 3.885769054139755, 
        "cache-15": 4.525480773501777
    }, 
    "44": {
        "cache-14": 3.885769054139755, 
        "cache-15": 4.406984962891019
    }, 
    "45": {
        "cache-14": 3.885769054139755, 
        "cache-15": 4.451215629536058
    }, 
    "46": {
        "cache-14": 3.885769054139755, 
        "cache-15": 4.725584617794537
    }, 
    "47": {
        "cache-14": 3.885769054139755, 
        "cache-15": 4.862769111923775
    }, 
    "48": {
        "cache-14": 3.885769054139755, 
        "cache-15": 4.833880288738109
    }, 
    "49": {
        "cache-14": 3.885769054139755, 
        "cache-15": 4.916916947395562
    }, 
    "50": {
        "cache-14": 3.885769054139755, 
        "cache-15": 4.958435276724288
    }, 
    "51": {
        "cache-14": 3.885769054139755, 
        "cache-15": 4.9791944413886515
    }, 
    "52": {
        "cache-14": 3.885769054139755, 
        "cache-15": 4.892092953470547
    }, 
    "53": {
        "cache-14": 3.885769054139755, 
        "cache-15": 4.693769624825822
    }, 
    "54": {
        "cache-14": 3.885769054139755, 
        "cache-15": 4.7493805451891316
    }, 
    "55": {
        "cache-14": 3.885769054139755, 
        "cache-15": 4.777186005370787
    }, 
    "56": {
        "cache-14": 3.885769054139755, 
        "cache-15": 4.7910887354616145
    }, 
    "57": {
        "cache-14": 3.885769054139755, 
        "cache-15": 4.798040100507029
    }, 
    "58": {
        "cache-14": 3.885769054139755, 
        "cache-15": 4.8015157830297355
    }, 
    "59": {
        "cache-14": 3.885769054139755, 
        "cache-15": 4.803253624291089
    }, 
    "60": {
        "cache-14": 3.885769054139755, 
        "cache-15": 4.901603615172052
    }, 
    "61": {
        "cache-14": 3.885769054139755, 
        "cache-15": 4.950778610612533
    }, 
    "62": {
        "cache-14": 3.885769054139755, 
        "cache-15": 4.975366108332773
    }, 
    "63": {
        "cache-14": 3.885769054139755, 
        "cache-15": 4.987659857192893
    }, 
    "64": {
        "cache-14": 3.885769054139755, 
        "cache-15": 4.9938067316229535
    }, 
    "65": {
        "cache-14": 3.885769054139755, 
        "cache-15": 4.899399098587698
    }, 
    "66": {
        "cache-14": 3.885769054139755, 
        "cache-15": 4.697422697384397
    }, 
    "67": {
        "cache-14": 3.885769054139755, 
        "cache-15": 4.492955924832328
    }, 
    "68": {
        "cache-14": 3.885769054139755, 
        "cache-15": 4.390722538556295
    }, 
    "69": {
        "cache-14": 3.885769054139755, 
        "cache-15": 4.5978570020543685
    }, 
    "70": {
        "cache-14": 3.885769054139755, 
        "cache-15": 4.798905304053692
    }, 
    "71": {
        "cache-14": 3.885769054139755, 
        "cache-15": 4.899429455053353
    }, 
    "72": {
        "cache-14": 3.885769054139755, 
        "cache-15": 4.949691530553183
    }, 
    "73": {
        "cache-14": 3.885769054139755, 
        "cache-15": 4.974822568303098
    }, 
    "74": {
        "cache-14": 3.885769054139755, 
        "cache-15": 4.987388087178056
    }, 
    "75": {
        "cache-14": 3.885769054139755, 
        "cache-15": 4.993670846615535
    }, 
    "76": {
        "cache-14": 3.885769054139755, 
        "cache-15": 4.996812226334274
    }, 
    "77": {
        "cache-14": 3.885769054139755, 
        "cache-15": 4.7461292612576855
    }, 
    "78": {
        "cache-14": 3.885769054139755, 
        "cache-15": 4.620787778719391
    }, 
    "79": {
        "cache-14": 3.885769054139755, 
        "cache-15": 4.810370692386202
    }, 
    "80": {
        "cache-14": 3.885769054139755, 
        "cache-15": 4.807681078969322
    }, 
    "81": {
        "cache-14": 3.885769054139755, 
        "cache-15": 4.6515636875752095
    }, 
    "82": {
        "cache-14": 3.885769054139755, 
        "cache-15": 4.573504991878153
    }, 
    "83": {
        "cache-14": 3.885769054139755,