{
    "0": {
        "cache-07": 3.98425546050625, 
        "cache-10": 4.533192890337135
    }, 
    "1": {
        "cache-07": 3.98425546050625, 
        "cache-10": 4.533192890337135
    }, 
    "2": {
        "cache-07": 3.98425546050625, 
        "cache-10": 4.533192890337135
    }, 
    "3": {
        "cache-07": 3.98425546050625, 
        "cache-10": 4.533192890337135
    }, 
    "4": {
        "cache-07": 3.98425546050625, 
        "cache-10": 4.533192890337135
    }, 
    "5": {
        "cache-07": 3.98425546050625, 
        "cache-10": 4.533192890337135
    }, 
    "6": {
        "cache-07": 3.98425546050625, 
        "cache-10": 4.533192890337135
    }, 
    "7": {
        "cache-07": 3.98425546050625, 
        "cache-10": 4.533192890337135
    }, 
    "8": {
        "cache-07": 3.98425546050625, 
        "cache-10": 4.533192890337135
    }, 
    "9": {
        "cache-07": 3.98425546050625, 
        "cache-10": 4.533192890337135
    }, 
    "10": {
        "cache-07": 3.98425546050625, 
        "cache-10": 4.533192890337135
    }, 
    "11": {
        "cache-07": 3.8831200723810353, 
        "cache-10": 4.168542032479671
    }, 
    "12": {
        "cache-07": 3.8831200723810353, 
        "cache-10": 4.168542032479671
    }, 
    "13": {
        "cache-07": 3.8831200723810353, 
        "cache-10": 4.168542032479671
    }, 
    "14": {
        "cache-07": 3.8831200723810353, 
        "cache-10": 4.168542032479671
    }, 
    "15": {
        "cache-07": 3.8831200723810353, 
        "cache-10": 4.168542032479671
    }, 
    "16": {
        "cache-07": 3.8831200723810353, 
        "cache-10": 4.168542032479671
    }, 
    "17": {
        "cache-07": 3.8831200723810353, 
        "cache-10": 4.168542032479671
    }, 
    "18": {
        "cache-07": 3.8831200723810353, 
        "cache-10": 4.168542032479671
    }, 
    "19": {
        "cache-07": 3.8831200723810353, 
        "cache-10": 4.168542032479671
    }, 
    "20": {
        "cache-07": 3.8831200723810353, 
        "cache-10": 4.168542032479671
    }, 
    "21": {
        "cache-07": 3.9504004872095475, 
        "cache-10": 4.446954748631904
    }, 
    "22": {
        "cache-07": 3.9504004872095475, 
        "cache-10": 4.446954748631904
    }, 
    "23": {
        "cache-07": 3.9504004872095475, 
        "cache-10": 4.446954748631904
    }, 
    "24": {
        "cache-07": 3.9504004872095475, 
        "cache-10": 4.446954748631904
    }, 
    "25": {
        "cache-07": 3.9504004872095475, 
        "cache-10": 4.446954748631904
    }, 
    "26": {
        "cache-07": 3.9504004872095475, 
        "cache-10": 4.446954748631904
    }, 
    "27": {
        "cache-07": 3.9504004872095475, 
        "cache-10": 4.446954748631904
    }, 
    "28": {
        "cache-07": 3.9504004872095475, 
        "cache-10": 4.446954748631904
    }, 
    "29": {
        "cache-07": 3.9504004872095475, 
        "cache-10": 4.446954748631904
    }, 
    "30": {
        "cache-07": 3.9504004872095475, 
        "cache-10": 4.446954748631904
    }, 
    "31": {
        "cache-07": 3.9763527997874997, 
        "cache-10": 4.378847406986777
    }, 
    "32": {
        "cache-07": 3.9763527997874997, 
        "cache-10": 4.378847406986777
    }, 
    "33": {
        "cache-07": 3.9763527997874997, 
        "cache-10": 4.378847406986777
    }, 
    "34": {
        "cache-07": 3.9763527997874997, 
        "cache-10": 4.378847406986777
    }, 
    "35": {
        "cache-07": 3.9763527997874997, 
        "cache-10": 4.378847406986777
    }, 
    "36": {
        "cache-07": 3.9763527997874997, 
        "cache-10": 4.378847406986777
    }, 
    "37": {
        "cache-07": 3.9763527997874997, 
        "cache-10": 4.378847406986777
    }, 
    "38": {
        "cache-07": 3.9763527997874997, 
        "cache-10": 4.378847406986777
    }, 
    "39": {
        "cache-07": 3.9763527997874997, 
        "cache-10": 4.378847406986777
    }, 
    "40": {
        "cache-07": 3.9763527997874997, 
        "cache-10": 4.378847406986777
    }, 
    "41": {
        "cache-07": 4.020125169319444, 
        "cache-10": 4.380530683656591
    }, 
    "42": {
        "cache-07": 4.020125169319444, 
        "cache-10": 4.380530683656591
    }, 
    "43": {
        "cache-07": 4.020125169319444, 
        "cache-10": 4.380530683656591
    }, 
    "44": {
        "cache-07": 4.020125169319444, 
        "cache-10": 4.380530683656591
    }, 
    "45": {
        "cache-07": 4.020125169319444, 
        "cache-10": 4.380530683656591
    }, 
    "46": {
        "cache-07": 4.020125169319444, 
        "cache-10": 4.380530683656591
    }, 
    "47": {
        "cache-07": 4.020125169319444, 
        "cache-10": 4.380530683656591
    }, 
    "48": {
        "cache-07": 4.020125169319444, 
        "cache-10": 4.380530683656591
    }, 
    "49": {
        "cache-07": 4.020125169319444, 
        "cache-10": 4.380530683656591
    }, 
    "50": {
        "cache-07": 4.020125169319444, 
        "cache-10": 4.380530683656591
    }, 
    "51": {
        "cache-07": 3.70824474107957, 
        "cache-10": 4.523530272539656
    }, 
    "52": {
        "cache-07": 3.70824474107957, 
        "cache-10": 4.523530272539656
    }, 
    "53": {
        "cache-07": 3.70824474107957, 
        "cache-10": 4.523530272539656
    }, 
    "54": {
        "cache-07": 3.70824474107957, 
        "cache-10": 4.523530272539656
    }, 
    "55": {
        "cache-07": 3.70824474107957, 
        "cache-10": 4.523530272539656
    }, 
    "56": {
        "cache-07": 3.70824474107957, 
        "cache-10": 4.523530272539656
    }, 
    "57": {
        "cache-07": 3.70824474107957, 
        "cache-10": 4.523530272539656
    }, 
    "58": {
        "cache-07": 3.70824474107957, 
        "cache-10": 4.523530272539656
    }, 
    "59": {
        "cache-07": 3.70824474107957, 
        "cache-10": 4.523530272539656
    }, 
    "60": {
        "cache-07": 3.70824474107957, 
        "cache-10": 4.523530272539656
    }, 
    "61": {
        "cache-07": 3.6729400835724593, 
        "cache-10": 4.34303750192727
    }, 
    "62": {
        "cache-07": 3.6729400835724593, 
        "cache-10": 4.34303750192727
    }, 
    "63": {
        "cache-07": 3.6729400835724593, 
        "cache-10": 4.34303750192727
    }, 
    "64": {
        "cache-07": 3.6729400835724593, 
        "cache-10": 4.34303750192727
    }, 
    "65": {
        "cache-07": 3.6729400835724593, 
        "cache-10": 4.34303750192727
    }, 
    "66": {
        "cache-07": 3.6729400835724593, 
        "cache-10": 4.34303750192727
    }, 
    "67": {
        "cache-07": 3.6729400835724593, 
        "cache-10": 4.34303750192727
    }, 
    "68": {
        "cache-07": 3.6729400835724593, 
        "cache-10": 4.34303750192727
    }, 
    "69": {
        "cache-07": 3.6729400835724593, 
        "cache-10": 4.34303750192727
    }, 
    "70": {
        "cache-07": 3.6729400835724593, 
        "cache-10": 4.34303750192727
    }, 
    "71": {
        "cache-07": 3.624015873043186, 
        "cache-10": 4.632066529033444
    }, 
    "72": {
        "cache-07": 3.624015873043186, 
        "cache-10": 4.632066529033444
    }, 
    "73": {
        "cache-07": 3.624015873043186, 
        "cache-10": 4.632066529033444
    }, 
    "74": {
        "cache-07": 3.624015873043186, 
        "cache-10": 4.632066529033444
    }, 
    "75": {
        "cache-07": 3.624015873043186, 
        "cache-10": 4.632066529033444
    }, 
    "76": {
        "cache-07": 3.624015873043186, 
        "cache-10": 4.632066529033444
    }, 
    "77": {
        "cache-07": 3.624015873043186, 
        "cache-10": 4.632066529033444
    }, 
    "78": {
        "cache-07": 3.624015873043186, 
        "cache-10": 4.632066529033444
    }, 
    "79": {
        "cache-07": 3.624015873043186, 
        "cache-10": 4.632066529033444
    }, 
    "80": {
        "cache-07": 3.624015873043186, 
        "cache-10": 4.632066529033444
    }, 
    "81": {
        "cache-07": 3.68385705582888,