{
    "0": {
        "cache-14": 3.75, 
        "cache-15": 4
    }, 
    "1": {
        "cache-14": 4.122723148090548, 
        "cache-15": 4
    }, 
    "2": {
        "cache-14": 4.561338377071781, 
        "cache-15": 4
    }, 
    "3": {
        "cache-14": 4.780645991562398, 
        "cache-15": 4
    }, 
    "4": {
        "cache-14": 4.890299798807707, 
        "cache-15": 4
    }, 
    "5": {
        "cache-14": 4.945126702430361, 
        "cache-15": 4
    }, 
    "6": {
        "cache-14": 4.972540154241688, 
        "cache-15": 4
    }, 
    "7": {
        "cache-14": 4.986246880147352, 
        "cache-15": 4
    }, 
    "8": {
        "cache-14": 4.993100243100184, 
        "cache-15": 4
    }, 
    "9": {
        "cache-14": 4.9965269245765995, 
        "cache-15": 4
    }, 
    "10": {
        "cache-14": 4.9982402653148075, 
        "cache-15": 4
    }, 
    "11": {
        "cache-14": 4.999096935683911, 
        "cache-15": 4
    }, 
    "12": {
        "cache-14": 4.999525270868462, 
        "cache-15": 4
    }, 
    "13": {
        "cache-14": 4.999739438460738, 
        "cache-15": 4
    }, 
    "14": {
        "cache-14": 4.219615563495844, 
        "cache-15": 4
    }, 
    "15": {
        "cache-14": 4.254052357888052, 
        "cache-15": 4
    }, 
    "16": {
        "cache-14": 4.627002981970533, 
        "cache-15": 4
    }, 
    "17": {
        "cache-14": 4.813478294011774, 
        "cache-15": 4
    }, 
    "18": {
        "cache-14": 4.906715950032394, 
        "cache-15": 4
    }, 
    "19": {
        "cache-14": 4.953334778042704, 
        "cache-15": 4
    }, 
    "20": {
        "cache-14": 4.976644192047859, 
        "cache-15": 4
    }, 
    "21": {
        "cache-14": 4.988298899050436, 
        "cache-15": 4
    }, 
    "22": {
        "cache-14": 4.896645182301439, 
        "cache-15": 4
    }, 
    "23": {
        "cache-14": 4.850818323926941, 
        "cache-15": 4
    }, 
    "24": {
        "cache-14": 4.827904894739691, 
        "cache-15": 4
    }, 
    "25": {
        "cache-14": 4.913929250396353, 
        "cache-15": 4
    }, 
    "26": {
        "cache-14": 4.956941428224684, 
        "cache-15": 4
    }, 
    "27": {
        "cache-14": 4.726193862202891, 
        "cache-15": 4
    }, 
    "28": {
        "cache-14": 4.7655926638776664, 
        "cache-15": 4
    }, 
    "29": {
        "cache-14": 4.8827731349653405, 
        "cache-15": 4
    }, 
    "30": {
        "cache-14": 4.941363370509178, 
        "cache-15": 4
    }, 
    "31": {
        "cache-14": 4.970658488281096, 
        "cache-15": 4
    }, 
    "32": {
        "cache-14": 4.515560202901581, 
        "cache-15": 4
    }, 
    "33": {
        "cache-14": 4.402024677590921, 
        "cache-15": 4
    }, 
    "34": {
        "cache-14": 4.700989141821967, 
        "cache-15": 4
    }, 
    "35": {
        "cache-14": 4.752990303687205, 
        "cache-15": 4
    }, 
    "36": {
        "cache-14": 4.778990884619823, 
        "cache-15": 4
    }, 
    "37": {
        "cache-14": 4.791991175086133, 
        "cache-15": 4
    }, 
    "38": {
        "cache-14": 4.895972390569574, 
        "cache-15": 4
    }, 
    "39": {
        "cache-14": 4.947962998311294, 
        "cache-15": 4
    }, 
    "40": {
        "cache-14": 4.876477231931868, 
        "cache-15": 4
    }, 
    "41": {
        "cache-14": 4.29537631211386, 
        "cache-15": 4
    }, 
    "42": {
        "cache-14": 4.395411304147478, 
        "cache-15": 4
    }, 
    "43": {
        "cache-14": 4.34195022821387, 
        "cache-15": 4
    }, 
    "44": {
        "cache-14": 4.315219690247066, 
        "cache-15": 4
    }, 
    "45": {
        "cache-14": 4.405332993214081, 
        "cache-15": 4
    }, 
    "46": {
        "cache-14": 4.702643299633548, 
        "cache-15": 4
    }, 
    "47": {
        "cache-14": 4.851298452843281, 
        "cache-15": 4
    }, 
    "48": {
        "cache-14": 4.828144959197862, 
        "cache-15": 4
    }, 
    "49": {
        "cache-14": 4.271210175746857, 
        "cache-15": 4
    }, 
    "50": {
        "cache-14": 3.9927427840213547, 
        "cache-15": 4
    }, 
    "51": {
        "cache-14": 3.9927427840213547, 
        "cache-15": 4.14424457614013
    }, 
    "52": {
        "cache-14": 3.9927427840213547, 
        "cache-15": 4.319845436160613
    }, 
    "53": {
        "cache-14": 3.9927427840213547, 
        "cache-15": 4.562418450856528
    }, 
    "54": {
        "cache-14": 3.9927427840213547, 
        "cache-15": 3.7660821475610016
    }, 
    "55": {
        "cache-14": 4.140615968150808, 
        "cache-15": 3.7660821475610016
    }, 
    "56": {
        "cache-14": 4.570284787101912, 
        "cache-15": 3.7660821475610016
    }, 
    "57": {
        "cache-14": 4.7851191965774635, 
        "cache-15": 3.7660821475610016
    }, 
    "58": {
        "cache-14": 4.64028274637928, 
        "cache-15": 3.7660821475610016
    }, 
    "59": {
        "cache-14": 4.46438594932977, 
        "cache-15": 3.7660821475610016
    }, 
    "60": {
        "cache-14": 4.262423933425918, 
        "cache-15": 3.7660821475610016
    }, 
    "61": {
        "cache-14": 4.378935114803507, 
        "cache-15": 3.7660821475610016
    }, 
    "62": {
        "cache-14": 4.591963290177975, 
        "cache-15": 3.7660821475610016
    }, 
    "63": {
        "cache-14": 4.698477377865208, 
        "cache-15": 3.7660821475610016
    }, 
    "64": {
        "cache-14": 4.849215491959111, 
        "cache-15": 3.7660821475610016
    }, 
    "65": {
        "cache-14": 4.8271034787557765, 
        "cache-15": 3.7660821475610016
    }, 
    "66": {
        "cache-14": 4.9135285424043955, 
        "cache-15": 3.7660821475610016
    }, 
    "67": {
        "cache-14": 4.704487419292747, 
        "cache-15": 3.7660821475610016
    }, 
    "68": {
        "cache-14": 4.852220512672881, 
        "cache-15": 3.7660821475610016
    }, 
    "69": {
        "cache-14": 4.926087059362947, 
        "cache-15": 3.7660821475610016
    }, 
    "70": {
        "cache-14": 4.9630203327079805, 
        "cache-15": 3.7660821475610016
    }, 
    "71": {
        "cache-14": 4.981486969380498, 
        "cache-15": 3.7660821475610016
    }, 
    "72": {
        "cache-14": 4.347881180838176, 
        "cache-15": 3.7660821475610016
    }, 
    "73": {
        "cache-14": 4.6739173934455955, 
        "cache-15": 3.7660821475610016
    }, 
    "74": {
        "cache-14": 4.8369354997493055, 
        "cache-15": 3.7660821475610016
    }, 
    "75": {
        "cache-14": 4.9184445529011604, 
        "cache-15": 3.7660821475610016
    }, 
    "76": {
        "cache-14": 4.959199079477088, 
        "cache-15": 3.7660821475610016
    }, 
    "77": {
        "cache-14": 4.727322687829092, 
        "cache-15": 3.7660821475610016
    }, 
    "78": {
        "cache-14": 4.393892302675578, 
        "cache-15": 3.7660821475610016
    }, 
    "79": {
        "cache-14": 4.227177110098822, 
        "cache-15": 3.7660821475610016
    }, 
    "80": {
        "cache-14": 4.143819513810444, 
        "cache-15": 3.7660821475610016
    }, 
    "81": {
        "cache-14": 4.571886559931729, 
        "cache-15": 3.7660821475610016
    }, 
    "82": {
        "cache-14": 4.688439012742085, 
        "cache-15": 3.7660821475610016
    }, 
    "83": {
        "cache-14": 4.746715239147264, 
        "cache-15": 3.7660821475610016
    }, 
    "84": {
        "cache-14": 4.87333442260014, 
        "cache-15": 3.7660821475610016
    }, 
    "85": {
        "cache-14": 4.191962132825537, 
        "cache-15": 3.7660821475610016
    }, 
    "86": {
        "cache-14": 3.8157269106782437, 
        "cache-15": 3.7660821475610016
    }, 
    "87": {
        "cache-14": 4.15558660342967, 
        "cache-15": 3.7660821475610016
    }, 
    "88": {
        "cache-14": 4.3255164498053835, 
        "cache-15": 3.7660821475610016
    }, 
    "89": {
        "cache-14": 4.662735027929199,