{
    "0": {
        "cache-02": 4.0, 
        "cache-06": 4.490680601177001
    }, 
    "1": {
        "cache-02": 4.0, 
        "cache-06": 4.490680601177001
    }, 
    "2": {
        "cache-02": 4.0, 
        "cache-06": 4.490680601177001
    }, 
    "3": {
        "cache-02": 4.0, 
        "cache-06": 4.490680601177001
    }, 
    "4": {
        "cache-02": 4.0, 
        "cache-06": 4.490680601177001
    }, 
    "5": {
        "cache-02": 4.0, 
        "cache-06": 4.490680601177001
    }, 
    "6": {
        "cache-02": 4.0, 
        "cache-06": 4.490680601177001
    }, 
    "7": {
        "cache-02": 4.0, 
        "cache-06": 4.490680601177001
    }, 
    "8": {
        "cache-02": 4.0, 
        "cache-06": 4.490680601177001
    }, 
    "9": {
        "cache-02": 4.0, 
        "cache-06": 4.490680601177001
    }, 
    "10": {
        "cache-02": 4.0, 
        "cache-06": 4.490680601177001
    }, 
    "11": {
        "cache-02": 4.0, 
        "cache-06": 4.418079981580376
    }, 
    "12": {
        "cache-02": 4.0, 
        "cache-06": 4.418079981580376
    }, 
    "13": {
        "cache-02": 4.0, 
        "cache-06": 4.418079981580376
    }, 
    "14": {
        "cache-02": 4.0, 
        "cache-06": 4.418079981580376
    }, 
    "15": {
        "cache-02": 4.0, 
        "cache-06": 4.418079981580376
    }, 
    "16": {
        "cache-02": 4.0, 
        "cache-06": 4.418079981580376
    }, 
    "17": {
        "cache-02": 4.0, 
        "cache-06": 4.418079981580376
    }, 
    "18": {
        "cache-02": 4.0, 
        "cache-06": 4.418079981580376
    }, 
    "19": {
        "cache-02": 4.0, 
        "cache-06": 4.418079981580376
    }, 
    "20": {
        "cache-02": 4.0, 
        "cache-06": 4.418079981580376
    }, 
    "21": {
        "cache-02": 4.0, 
        "cache-06": 4.495611701866829
    }, 
    "22": {
        "cache-02": 4.0, 
        "cache-06": 4.495611701866829
    }, 
    "23": {
        "cache-02": 4.0, 
        "cache-06": 4.495611701866829
    }, 
    "24": {
        "cache-02": 4.0, 
        "cache-06": 4.495611701866829
    }, 
    "25": {
        "cache-02": 4.0, 
        "cache-06": 4.495611701866829
    }, 
    "26": {
        "cache-02": 4.0, 
        "cache-06": 4.495611701866829
    }, 
    "27": {
        "cache-02": 4.0, 
        "cache-06": 4.495611701866829
    }, 
    "28": {
        "cache-02": 4.0, 
        "cache-06": 4.495611701866829
    }, 
    "29": {
        "cache-02": 4.0, 
        "cache-06": 4.495611701866829
    }, 
    "30": {
        "cache-02": 4.0, 
        "cache-06": 4.495611701866829
    }, 
    "31": {
        "cache-02": 4.0, 
        "cache-06": 4.495597637273642
    }, 
    "32": {
        "cache-02": 4.0, 
        "cache-06": 4.495597637273642
    }, 
    "33": {
        "cache-02": 4.0, 
        "cache-06": 4.495597637273642
    }, 
    "34": {
        "cache-02": 4.0, 
        "cache-06": 4.495597637273642
    }, 
    "35": {
        "cache-02": 4.0, 
        "cache-06": 4.495597637273642
    }, 
    "36": {
        "cache-02": 4.0, 
        "cache-06": 4.495597637273642
    }, 
    "37": {
        "cache-02": 4.0, 
        "cache-06": 4.495597637273642
    }, 
    "38": {
        "cache-02": 4.0, 
        "cache-06": 4.495597637273642
    }, 
    "39": {
        "cache-02": 4.0, 
        "cache-06": 4.495597637273642
    }, 
    "40": {
        "cache-02": 4.0, 
        "cache-06": 4.495597637273642
    }, 
    "41": {
        "cache-02": 4.0, 
        "cache-06": 4.495616111107464
    }, 
    "42": {
        "cache-02": 4.0, 
        "cache-06": 4.495616111107464
    }, 
    "43": {
        "cache-02": 4.0, 
        "cache-06": 4.495616111107464
    }, 
    "44": {
        "cache-02": 4.0, 
        "cache-06": 4.495616111107464
    }, 
    "45": {
        "cache-02": 4.0, 
        "cache-06": 4.495616111107464
    }, 
    "46": {
        "cache-02": 4.0, 
        "cache-06": 4.495616111107464
    }, 
    "47": {
        "cache-02": 4.0, 
        "cache-06": 4.495616111107464
    }, 
    "48": {
        "cache-02": 4.0, 
        "cache-06": 4.495616111107464
    }, 
    "49": {
        "cache-02": 4.0, 
        "cache-06": 4.495616111107464
    }, 
    "50": {
        "cache-02": 4.0, 
        "cache-06": 4.495616111107464
    }, 
    "51": {
        "cache-02": 4.0, 
        "cache-06": 4.495610797840941
    }, 
    "52": {
        "cache-02": 4.0, 
        "cache-06": 4.495610797840941
    }, 
    "53": {
        "cache-02": 4.0, 
        "cache-06": 4.495610797840941
    }, 
    "54": {
        "cache-02": 4.0, 
        "cache-06": 4.495610797840941
    }, 
    "55": {
        "cache-02": 4.0, 
        "cache-06": 4.495610797840941
    }, 
    "56": {
        "cache-02": 4.0, 
        "cache-06": 4.495610797840941
    }, 
    "57": {
        "cache-02": 4.0, 
        "cache-06": 4.495610797840941
    }, 
    "58": {
        "cache-02": 4.0, 
        "cache-06": 4.495610797840941
    }, 
    "59": {
        "cache-02": 4.0, 
        "cache-06": 4.495610797840941
    }, 
    "60": {
        "cache-02": 4.0, 
        "cache-06": 4.495610797840941
    }, 
    "61": {
        "cache-02": 4.0, 
        "cache-06": 4.495615525600323
    }, 
    "62": {
        "cache-02": 4.0, 
        "cache-06": 4.495615525600323
    }, 
    "63": {
        "cache-02": 4.0, 
        "cache-06": 4.495615525600323
    }, 
    "64": {
        "cache-02": 4.0, 
        "cache-06": 4.495615525600323
    }, 
    "65": {
        "cache-02": 4.0, 
        "cache-06": 4.495615525600323
    }, 
    "66": {
        "cache-02": 4.0, 
        "cache-06": 4.495615525600323
    }, 
    "67": {
        "cache-02": 4.0, 
        "cache-06": 4.495615525600323
    }, 
    "68": {
        "cache-02": 4.0, 
        "cache-06": 4.495615525600323
    }, 
    "69": {
        "cache-02": 4.0, 
        "cache-06": 4.495615525600323
    }, 
    "70": {
        "cache-02": 4.0, 
        "cache-06": 4.495615525600323
    }, 
    "71": {
        "cache-02": 4.0, 
        "cache-06": 4.314532724019241
    }, 
    "72": {
        "cache-02": 4.0, 
        "cache-06": 4.314532724019241
    }, 
    "73": {
        "cache-02": 4.0, 
        "cache-06": 4.314532724019241
    }, 
    "74": {
        "cache-02": 4.0, 
        "cache-06": 4.314532724019241
    }, 
    "75": {
        "cache-02": 4.0, 
        "cache-06": 4.314532724019241
    }, 
    "76": {
        "cache-02": 4.0, 
        "cache-06": 4.314532724019241
    }, 
    "77": {
        "cache-02": 4.0, 
        "cache-06": 4.314532724019241
    }, 
    "78": {
        "cache-02": 4.0, 
        "cache-06": 4.314532724019241
    }, 
    "79": {
        "cache-02": 4.0, 
        "cache-06": 4.314532724019241
    }, 
    "80": {
        "cache-02": 4.0, 
        "cache-06": 4.314532724019241
    }, 
    "81": {
        "cache-02": 4.0, 
        "cache-06": 4.391841242283659
    }, 
    "82": {
        "cache-02": 4.0, 
        "cache-06": 4.391841242283659
    }, 
    "83": {
        "cache-02": 4.0, 
        "cache-06": 4.391841242283659
    }, 
    "84": {
        "cache-02": 4.0, 
        "cache-06": 4.391841242283659
    }, 
    "85": {
        "cache-02": 4.0, 
        "cache-06": 4.391841242283659
    }, 
    "86": {
        "cache-02": 4.0, 
        "cache-06": 4.391841242283659
    }, 
    "87": {
        "cache-02": 4.0, 
        "cache-06": 4.391841242283659
    }, 
    "88": {
        "cache-02": 4.0, 
        "cache-06": 4.391841242283659
    }, 
    "89": {
        "cache-02": 4.0, 
        "cache-06": 4.391841242283659
    }, 
    "90": {
        "cache-02": 4.0, 
        "cache-06": 4.391841242283659
    }, 
    "91": {
        "cache-02": 4.0, 
        "cache-06": 4.301553354441731
    }, 
    "92": {
        "cache-02": 4.0, 
        "cache-06": 4.301553354441731
    }, 
    "93": {
        "cache-02": 4.0, 
        "cache-06": 4.301553354441731
    }, 
    "94": {
        "cache-02": 4.0, 
        "cache-06": 4.301553354441731
    },