{
    "0": {
        "cache-07": 3.75, 
        "cache-08": 4
    }, 
    "1": {
        "cache-07": 4.374976803026508, 
        "cache-08": 4
    }, 
    "2": {
        "cache-07": 4.687465204539761, 
        "cache-08": 4
    }, 
    "3": {
        "cache-07": 4.843709405296387, 
        "cache-08": 4
    }, 
    "4": {
        "cache-07": 4.921831505674701, 
        "cache-08": 4
    }, 
    "5": {
        "cache-07": 4.863411485613572, 
        "cache-08": 4
    }, 
    "6": {
        "cache-07": 4.834201475583007, 
        "cache-08": 4
    }, 
    "7": {
        "cache-07": 4.819596470567724, 
        "cache-08": 4
    }, 
    "8": {
        "cache-07": 4.90977503831037, 
        "cache-08": 4
    }, 
    "9": {
        "cache-07": 4.954864322181692, 
        "cache-08": 4
    }, 
    "10": {
        "cache-07": 4.879927893867067, 
        "cache-08": 4
    }, 
    "11": {
        "cache-07": 4.842459679709755, 
        "cache-08": 4
    }, 
    "12": {
        "cache-07": 4.823725572631099, 
        "cache-08": 4
    }, 
    "13": {
        "cache-07": 4.814358519091771, 
        "cache-08": 4
    }, 
    "14": {
        "cache-07": 4.907156062572392, 
        "cache-08": 4
    }, 
    "15": {
        "cache-07": 4.856073764062417, 
        "cache-08": 4
    }, 
    "16": {
        "cache-07": 4.675760030121757, 
        "cache-08": 4
    }, 
    "17": {
        "cache-07": 4.585603163151427, 
        "cache-08": 4
    }, 
    "18": {
        "cache-07": 4.7927783846022205, 
        "cache-08": 4
    }, 
    "19": {
        "cache-07": 4.896365995327617, 
        "cache-08": 4
    }, 
    "20": {
        "cache-07": 4.695906145754357, 
        "cache-08": 4
    }, 
    "21": {
        "cache-07": 4.595676220967727, 
        "cache-08": 4
    }, 
    "22": {
        "cache-07": 4.7003338432600845, 
        "cache-08": 4
    }, 
    "23": {
        "cache-07": 4.752662654406263, 
        "cache-08": 4
    }, 
    "24": {
        "cache-07": 4.778827059979353, 
        "cache-08": 4
    }, 
    "25": {
        "cache-07": 4.7919092627658975, 
        "cache-08": 4
    }, 
    "26": {
        "cache-07": 4.895931434409456, 
        "cache-08": 4
    }, 
    "27": {
        "cache-07": 4.8504614499809495, 
        "cache-08": 4
    }, 
    "28": {
        "cache-07": 4.672953873081023, 
        "cache-08": 4
    }, 
    "29": {
        "cache-07": 4.58420008463106, 
        "cache-08": 4
    }, 
    "30": {
        "cache-07": 4.539823190406079, 
        "cache-08": 4
    }, 
    "31": {
        "cache-07": 4.769888398229547, 
        "cache-08": 4
    }, 
    "32": {
        "cache-07": 4.787439931890995, 
        "cache-08": 4
    }, 
    "33": {
        "cache-07": 4.796215698721719, 
        "cache-08": 4
    }, 
    "34": {
        "cache-07": 4.8006035821370805, 
        "cache-08": 4
    }, 
    "35": {
        "cache-07": 4.900278594095047, 
        "cache-08": 4
    }, 
    "36": {
        "cache-07": 4.852635029823745, 
        "cache-08": 4
    }, 
    "37": {
        "cache-07": 4.674040663002421, 
        "cache-08": 4
    }, 
    "38": {
        "cache-07": 4.739516064277431, 
        "cache-08": 4
    }, 
    "39": {
        "cache-07": 4.869734835165223, 
        "cache-08": 4
    }, 
    "40": {
        "cache-07": 4.837363150358833, 
        "cache-08": 4
    }, 
    "41": {
        "cache-07": 4.666404723269965, 
        "cache-08": 4
    }, 
    "42": {
        "cache-07": 4.580925509725531, 
        "cache-08": 4
    }, 
    "43": {
        "cache-07": 4.790439557889273, 
        "cache-08": 4
    }, 
    "44": {
        "cache-07": 4.642942927035184, 
        "cache-08": 4
    }, 
    "45": {
        "cache-07": 4.5691946116081406, 
        "cache-08": 4
    }, 
    "46": {
        "cache-07": 4.532320453894618, 
        "cache-08": 4
    }, 
    "47": {
        "cache-07": 4.5138833750378575, 
        "cache-08": 4
    }, 
    "48": {
        "cache-07": 4.756918490545436, 
        "cache-08": 4
    }, 
    "49": {
        "cache-07": 4.780954978048939, 
        "cache-08": 4
    }, 
    "50": {
        "cache-07": 4.890454292050977, 
        "cache-08": 4
    }, 
    "51": {
        "cache-07": 4.9452039490519955, 
        "cache-08": 4
    }, 
    "52": {
        "cache-07": 4.9725787775525045, 
        "cache-08": 4
    }, 
    "53": {
        "cache-07": 4.734012536866801, 
        "cache-08": 4
    }, 
    "54": {
        "cache-07": 4.769502001209622, 
        "cache-08": 4
    }, 
    "55": {
        "cache-07": 4.884727803631318, 
        "cache-08": 4
    }, 
    "56": {
        "cache-07": 4.942340704842167, 
        "cache-08": 4
    }, 
    "57": {
        "cache-07": 4.873666085197304, 
        "cache-08": 4
    }, 
    "58": {
        "cache-07": 4.6845561906892, 
        "cache-08": 4
    }, 
    "59": {
        "cache-07": 4.5900012434351485, 
        "cache-08": 4
    }, 
    "60": {
        "cache-07": 4.794977424744081, 
        "cache-08": 4
    }, 
    "61": {
        "cache-07": 4.645211860462589, 
        "cache-08": 4
    }, 
    "62": {
        "cache-07": 4.822582733257802, 
        "cache-08": 4
    }, 
    "63": {
        "cache-07": 4.911268169655408, 
        "cache-08": 4
    }, 
    "64": {
        "cache-07": 4.858129817603925, 
        "cache-08": 4
    }, 
    "65": {
        "cache-07": 4.831560641578184, 
        "cache-08": 4
    }, 
    "66": {
        "cache-07": 4.818276053565313, 
        "cache-08": 4
    }, 
    "67": {
        "cache-07": 4.811633759558878, 
        "cache-08": 4
    }, 
    "68": {
        "cache-07": 4.80831261255566, 
        "cache-08": 4
    }, 
    "69": {
        "cache-07": 4.806652039054051, 
        "cache-08": 4
    }, 
    "70": {
        "cache-07": 4.805821752303247, 
        "cache-08": 4
    }, 
    "71": {
        "cache-07": 4.90288767917813, 
        "cache-08": 4
    }, 
    "72": {
        "cache-07": 4.951420642615572, 
        "cache-08": 4
    }, 
    "73": {
        "cache-07": 4.975687124334293, 
        "cache-08": 4
    }, 
    "74": {
        "cache-07": 4.987820365193654, 
        "cache-08": 4
    }, 
    "75": {
        "cache-07": 4.896405915373048, 
        "cache-08": 4
    }, 
    "76": {
        "cache-07": 4.850698690462745, 
        "cache-08": 4
    }, 
    "77": {
        "cache-07": 4.827845078007593, 
        "cache-08": 4
    }, 
    "78": {
        "cache-07": 4.661645687094345, 
        "cache-08": 4
    }, 
    "79": {
        "cache-07": 4.578545991637721, 
        "cache-08": 4
    }, 
    "80": {
        "cache-07": 4.691768728595082, 
        "cache-08": 4
    }, 
    "81": {
        "cache-07": 4.845861167324048, 
        "cache-08": 4
    }, 
    "82": {
        "cache-07": 4.825426316438245, 
        "cache-08": 4
    }, 
    "83": {
        "cache-07": 4.660436306309671, 
        "cache-08": 4
    }, 
    "84": {
        "cache-07": 4.577941301245383, 
        "cache-08": 4
    }, 
    "85": {
        "cache-07": 4.7889474536491985, 
        "cache-08": 4
    }, 
    "86": {
        "cache-07": 4.79696945960082, 
        "cache-08": 4
    }, 
    "87": {
        "cache-07": 4.800980462576631, 
        "cache-08": 4
    }, 
    "88": {
        "cache-07": 4.802985964064536, 
        "cache-08": 4
    }, 
    "89": {
        "cache-07": 4.901469785058776, 
        "cache-08": 4
    }, 
    "90": {
        "cache-07": 4.950711695555896, 
        "cache-08": 4
    }, 
    "91": {
        "cache-07": 4.723078995868496, 
        "cache-08": 4
    }, 
    "92": {
        "cache-07": 4.764035230710469, 
        "cache-08": 4
    }, 
    "93": {
        "cache-07": 4.784513348131456, 
        "cache-08": 4
    }, 
    "94": {
        "cache-07": 4.892233477092235, 
        "cache-08": 4
    }, 
    "95": {
        "cache-07": 4.848612471322339, 
        "cache-08": 4
    }, 
    "96": {
        "cache-07": 4.82680196843739, 
        "cache-08": 4
    }, 
    "97": {
        "cache-07": 4.815896716994916,