{
    "0": {
        "cache-08": 4, 
        "cache-09": 3.75
    }, 
    "1": {
        "cache-08": 4, 
        "cache-09": 4.374976803026508
    }, 
    "2": {
        "cache-08": 4, 
        "cache-09": 4.687465204539761
    }, 
    "3": {
        "cache-08": 4, 
        "cache-09": 4.843709405296387
    }, 
    "4": {
        "cache-08": 4, 
        "cache-09": 4.921831505674701
    }, 
    "5": {
        "cache-08": 4, 
        "cache-09": 4.9608925558638575
    }, 
    "6": {
        "cache-08": 4, 
        "cache-09": 4.980423080958436
    }, 
    "7": {
        "cache-08": 4, 
        "cache-09": 4.990188343505725
    }, 
    "8": {
        "cache-08": 4, 
        "cache-09": 4.99507097477937
    }, 
    "9": {
        "cache-08": 4, 
        "cache-09": 4.997512290416193
    }, 
    "10": {
        "cache-08": 4, 
        "cache-09": 4.9012518779843175
    }, 
    "11": {
        "cache-08": 4, 
        "cache-09": 4.853121671768379
    }, 
    "12": {
        "cache-08": 4, 
        "cache-09": 4.829056568660411
    }, 
    "13": {
        "cache-08": 4, 
        "cache-09": 4.8170240171064265
    }, 
    "14": {
        "cache-08": 4, 
        "cache-09": 4.908488811579721
    }, 
    "15": {
        "cache-08": 4, 
        "cache-09": 4.954221208816367
    }, 
    "16": {
        "cache-08": 4, 
        "cache-09": 4.879606337184405
    }, 
    "17": {
        "cache-08": 4, 
        "cache-09": 4.93977997161871
    }, 
    "18": {
        "cache-08": 4, 
        "cache-09": 4.969866788835862
    }, 
    "19": {
        "cache-08": 4, 
        "cache-09": 4.984910197444439
    }, 
    "20": {
        "cache-08": 4, 
        "cache-09": 4.8949508314984405
    }, 
    "21": {
        "cache-08": 4, 
        "cache-09": 4.849971148525441
    }, 
    "22": {
        "cache-08": 4, 
        "cache-09": 4.924962377289228
    }, 
    "23": {
        "cache-08": 4, 
        "cache-09": 4.864976921420835
    }, 
    "24": {
        "cache-08": 4, 
        "cache-09": 4.834984193486639
    }, 
    "25": {
        "cache-08": 4, 
        "cache-09": 4.81998782951954
    }, 
    "26": {
        "cache-08": 4, 
        "cache-09": 4.909970717786278
    }, 
    "27": {
        "cache-08": 4, 
        "cache-09": 4.954962161919646
    }, 
    "28": {
        "cache-08": 4, 
        "cache-09": 4.879976813736044
    }, 
    "29": {
        "cache-08": 4, 
        "cache-09": 4.8424841396442435
    }, 
    "30": {
        "cache-08": 4, 
        "cache-09": 4.823737802598343
    }, 
    "31": {
        "cache-08": 4, 
        "cache-09": 4.8143646340753925
    }, 
    "32": {
        "cache-08": 4, 
        "cache-09": 4.654905465128245
    }, 
    "33": {
        "cache-08": 4, 
        "cache-09": 4.575175880654671
    }, 
    "34": {
        "cache-08": 4, 
        "cache-09": 4.535311088417884
    }, 
    "35": {
        "cache-08": 4, 
        "cache-09": 4.767632347235449
    }, 
    "36": {
        "cache-08": 4, 
        "cache-09": 4.786311906393946
    }, 
    "37": {
        "cache-08": 4, 
        "cache-09": 4.795651685973194
    }, 
    "38": {
        "cache-08": 4, 
        "cache-09": 4.897802646013105
    }, 
    "39": {
        "cache-08": 4, 
        "cache-09": 4.94887812603306
    }, 
    "40": {
        "cache-08": 4, 
        "cache-09": 4.7221622111070785
    }, 
    "41": {
        "cache-08": 4, 
        "cache-09": 4.5053256816936695
    }, 
    "42": {
        "cache-08": 4, 
        "cache-09": 4.500385988937383
    }, 
    "43": {
        "cache-08": 4, 
        "cache-09": 4.750169797495198
    }, 
    "44": {
        "cache-08": 4, 
        "cache-09": 4.77758063152382
    }, 
    "45": {
        "cache-08": 4, 
        "cache-09": 4.6365134638524585
    }, 
    "46": {
        "cache-08": 4, 
        "cache-09": 4.72075246470245
    }, 
    "47": {
        "cache-08": 4, 
        "cache-09": 4.860353035377733
    }, 
    "48": {
        "cache-08": 4, 
        "cache-09": 4.832672250465087
    }, 
    "49": {
        "cache-08": 4, 
        "cache-09": 4.27347382138047
    }, 
    "50": {
        "cache-08": 4, 
        "cache-09": 4.384460058780784
    }, 
    "51": {
        "cache-08": 4, 
        "cache-09": 4.594725762166613
    }, 
    "52": {
        "cache-08": 4, 
        "cache-09": 4.6998586138595275
    }, 
    "53": {
        "cache-08": 4, 
        "cache-09": 4.597652455020312
    }, 
    "54": {
        "cache-08": 4, 
        "cache-09": 4.701321960286377
    }, 
    "55": {
        "cache-08": 4, 
        "cache-09": 4.850637783169695
    }, 
    "56": {
        "cache-08": 4, 
        "cache-09": 4.925295694611355
    }, 
    "57": {
        "cache-08": 4, 
        "cache-09": 4.710370995396226
    }, 
    "58": {
        "cache-08": 4, 
        "cache-09": 4.7576812304743346
    }, 
    "59": {
        "cache-08": 4, 
        "cache-09": 4.781336348013388
    }, 
    "60": {
        "cache-08": 4, 
        "cache-09": 4.890644977033201
    }, 
    "61": {
        "cache-08": 4, 
        "cache-09": 4.693045636607149
    }, 
    "62": {
        "cache-08": 4, 
        "cache-09": 4.846499621330082
    }, 
    "63": {
        "cache-08": 4, 
        "cache-09": 4.923226613691549
    }, 
    "64": {
        "cache-08": 4, 
        "cache-09": 4.961590109872281
    }, 
    "65": {
        "cache-08": 4, 
        "cache-09": 4.883290787712362
    }, 
    "66": {
        "cache-08": 4, 
        "cache-09": 4.844141126632402
    }, 
    "67": {
        "cache-08": 4, 
        "cache-09": 4.922047366342708
    }, 
    "68": {
        "cache-08": 4, 
        "cache-09": 4.961000486197861
    }, 
    "69": {
        "cache-08": 4, 
        "cache-09": 4.980477046125438
    }, 
    "70": {
        "cache-08": 4, 
        "cache-09": 4.89273425583894
    }, 
    "71": {
        "cache-08": 4, 
        "cache-09": 4.848862860695691
    }, 
    "72": {
        "cache-08": 4, 
        "cache-09": 4.924408233374352
    }, 
    "73": {
        "cache-08": 4, 
        "cache-09": 4.864699849463397
    }, 
    "74": {
        "cache-08": 4, 
        "cache-09": 4.83484565750792
    }, 
    "75": {
        "cache-08": 4, 
        "cache-09": 4.819918561530181
    }, 
    "76": {
        "cache-08": 4, 
        "cache-09": 4.812455013541312
    }, 
    "77": {
        "cache-08": 4, 
        "cache-09": 4.906204309797163
    }, 
    "78": {
        "cache-08": 4, 
        "cache-09": 4.70082530298913
    }, 
    "79": {
        "cache-08": 4, 
        "cache-09": 4.850389454521072
    }, 
    "80": {
        "cache-08": 4, 
        "cache-09": 4.925171530287043
    }, 
    "81": {
        "cache-08": 4, 
        "cache-09": 4.9625625681700285
    }, 
    "82": {
        "cache-08": 4, 
        "cache-09": 4.981258087111522
    }, 
    "83": {
        "cache-08": 4, 
        "cache-09": 4.893124776331982
    }, 
    "84": {
        "cache-08": 4, 
        "cache-09": 4.849058120942212
    }, 
    "85": {
        "cache-08": 4, 
        "cache-09": 4.924505863497613
    }, 
    "86": {
        "cache-08": 4, 
        "cache-09": 4.962229734775313
    }, 
    "87": {
        "cache-08": 4, 
        "cache-09": 4.883610600163878
    }, 
    "88": {
        "cache-08": 4, 
        "cache-09": 4.84430103285816
    }, 
    "89": {
        "cache-08": 4, 
        "cache-09": 4.922127319455587
    }, 
    "90": {
        "cache-08": 4, 
        "cache-09": 4.708786807818342
    }, 
    "91": {
        "cache-08": 4, 
        "cache-09": 4.756889136685392
    }, 
    "92": {
        "cache-08": 4, 
        "cache-09": 4.878421371369203
    }, 
    "93": {
        "cache-08": 4, 
        "cache-09": 4.939187488711109
    }, 
    "94": {
        "cache-08": 4, 
        "cache-09": 4.872089477131776
    }, 
    "95": {
        "cache-08": 4, 
        "cache-09": 4.8385404713421085
    }, 
    "96": {
        "cache-08": 4, 
        "cache-09": 4.821765968447275
    }, 
    "97": {
        "cache-08": 4,