{
    "0": {
        "cache-07": 3.75, 
        "cache-08": 4
    }, 
    "1": {
        "cache-07": 4.122723148090548, 
        "cache-08": 4
    }, 
    "2": {
        "cache-07": 4.463857306821495, 
        "cache-08": 4
    }, 
    "3": {
        "cache-07": 4.634424386186969, 
        "cache-08": 4
    }, 
    "4": {
        "cache-07": 4.817188996119992, 
        "cache-08": 4
    }, 
    "5": {
        "cache-07": 4.9085713010865035, 
        "cache-08": 4
    }, 
    "6": {
        "cache-07": 4.9542624535697595, 
        "cache-08": 4
    }, 
    "7": {
        "cache-07": 4.977108029811387, 
        "cache-08": 4
    }, 
    "8": {
        "cache-07": 4.988530817932201, 
        "cache-08": 4
    }, 
    "9": {
        "cache-07": 4.994242211992608, 
        "cache-08": 4
    }, 
    "10": {
        "cache-07": 4.527352064757336, 
        "cache-08": 4
    }, 
    "11": {
        "cache-07": 4.2939069911397, 
        "cache-08": 4
    }, 
    "12": {
        "cache-07": 4.394676643660398, 
        "cache-08": 4
    }, 
    "13": {
        "cache-07": 4.59983405460642, 
        "cache-08": 4
    }, 
    "14": {
        "cache-07": 4.330147986064242, 
        "cache-08": 4
    }, 
    "15": {
        "cache-07": 4.195304951793153, 
        "cache-08": 4
    }, 
    "16": {
        "cache-07": 4.127883434657608, 
        "cache-08": 4
    }, 
    "17": {
        "cache-07": 4.311664865419353, 
        "cache-08": 4
    }, 
    "18": {
        "cache-07": 4.186063391470709, 
        "cache-08": 4
    }, 
    "19": {
        "cache-07": 4.123262654496386, 
        "cache-08": 4
    }, 
    "20": {
        "cache-07": 3.9187690233961194, 
        "cache-08": 4
    }, 
    "21": {
        "cache-07": 3.9187690233961194, 
        "cache-08": 4.030230958761033
    }, 
    "22": {
        "cache-07": 3.9187690233961194, 
        "cache-08": 4.045346438141548
    }, 
    "23": {
        "cache-07": 3.9187690233961194, 
        "cache-08": 4.425168951846995
    }, 
    "24": {
        "cache-07": 3.9187690233961194, 
        "cache-08": 4.24281543468453
    }, 
    "25": {
        "cache-07": 3.9187690233961194, 
        "cache-08": 4.523903450118486
    }, 
    "26": {
        "cache-07": 3.9187690233961194, 
        "cache-08": 4.406196301199373
    }, 
    "27": {
        "cache-07": 3.9187690233961194, 
        "cache-08": 4.060235846747613
    }, 
    "28": {
        "cache-07": 3.9187690233961194, 
        "cache-08": 4.060348882134839
    }, 
    "29": {
        "cache-07": 3.9187690233961194, 
        "cache-08": 4.060405399828452
    }, 
    "30": {
        "cache-07": 3.9187690233961194, 
        "cache-08": 4.060433658675258
    }, 
    "31": {
        "cache-07": 3.9187690233961194, 
        "cache-08": 4.174461405477759
    }, 
    "32": {
        "cache-07": 3.9187690233961194, 
        "cache-08": 4.587207505765386
    }, 
    "33": {
        "cache-07": 3.9187690233961194, 
        "cache-08": 4.323834711643725
    }, 
    "34": {
        "cache-07": 3.9187690233961194, 
        "cache-08": 4.192148314582894
    }, 
    "35": {
        "cache-07": 3.9187690233961194, 
        "cache-08": 4.498569890067668
    }, 
    "36": {
        "cache-07": 3.9187690233961194, 
        "cache-08": 4.497008093124382
    }, 
    "37": {
        "cache-07": 3.9187690233961194, 
        "cache-08": 4.278735005323224
    }, 
    "38": {
        "cache-07": 3.9187690233961194, 
        "cache-08": 4.169598461422645
    }, 
    "39": {
        "cache-07": 3.9187690233961194, 
        "cache-08": 4.229043806851452
    }, 
    "40": {
        "cache-07": 3.9187690233961194, 
        "cache-08": 4.517017636201947
    }, 
    "41": {
        "cache-07": 3.9187690233961194, 
        "cache-08": 4.506231966191522
    }, 
    "42": {
        "cache-07": 3.9187690233961194, 
        "cache-08": 4.283346941856793
    }, 
    "43": {
        "cache-07": 3.9187690233961194, 
        "cache-08": 4.285918047068527
    }, 
    "44": {
        "cache-07": 3.9187690233961194, 
        "cache-08": 4.642935826560771
    }, 
    "45": {
        "cache-07": 3.9187690233961194, 
        "cache-08": 4.351698872041418
    }, 
    "46": {
        "cache-07": 3.9187690233961194, 
        "cache-08": 4.206080394781742
    }, 
    "47": {
        "cache-07": 3.9187690233961194, 
        "cache-08": 4.133271156151903
    }, 
    "48": {
        "cache-07": 3.9187690233961194, 
        "cache-08": 4.469131310852172
    }, 
    "49": {
        "cache-07": 3.9187690233961194, 
        "cache-08": 4.3788102315662165
    }, 
    "50": {
        "cache-07": 3.9187690233961194, 
        "cache-08": 4.219636074544141
    }, 
    "51": {
        "cache-07": 3.9187690233961194, 
        "cache-08": 4.357541185362619
    }, 
    "52": {
        "cache-07": 3.9187690233961194, 
        "cache-08": 4.5812663254575305
    }, 
    "53": {
        "cache-07": 3.9187690233961194, 
        "cache-08": 4.538356310819314
    }, 
    "54": {
        "cache-07": 3.9187690233961194, 
        "cache-08": 4.29940911417069
    }, 
    "55": {
        "cache-07": 3.9187690233961194, 
        "cache-08": 4.179935515846378
    }, 
    "56": {
        "cache-07": 3.9187690233961194, 
        "cache-08": 4.234212334063319
    }, 
    "57": {
        "cache-07": 3.9187690233961194, 
        "cache-08": 4.51960189980788
    }, 
    "58": {
        "cache-07": 3.9187690233961194, 
        "cache-08": 4.2900319086649725
    }, 
    "59": {
        "cache-07": 3.9187690233961194, 
        "cache-08": 4.175246913093519
    }, 
    "60": {
        "cache-07": 3.9187690233961194, 
        "cache-08": 4.117854415307791
    }, 
    "61": {
        "cache-07": 3.9187690233961194, 
        "cache-08": 4.203171783794026
    }, 
    "62": {
        "cache-07": 3.9187690233961194, 
        "cache-08": 4.131816850658046
    }, 
    "63": {
        "cache-07": 3.9187690233961194, 
        "cache-08": 4.096139384090055
    }, 
    "64": {
        "cache-07": 3.9187690233961194, 
        "cache-08": 4.07830065080606
    }, 
    "65": {
        "cache-07": 3.9187690233961194, 
        "cache-08": 4.441646058179251
    }, 
    "66": {
        "cache-07": 3.9187690233961194, 
        "cache-08": 4.468546177180174
    }, 
    "67": {
        "cache-07": 3.9187690233961194, 
        "cache-08": 4.264504047351119
    }, 
    "68": {
        "cache-07": 3.9187690233961194, 
        "cache-08": 4.162482982436591
    }, 
    "69": {
        "cache-07": 3.9187690233961194, 
        "cache-08": 4.111472449979328
    }, 
    "70": {
        "cache-07": 3.9187690233961194, 
        "cache-08": 4.199980801129794
    }, 
    "71": {
        "cache-07": 3.9187690233961194, 
        "cache-08": 4.244234976705027
    }, 
    "72": {
        "cache-07": 3.9187690233961194, 
        "cache-08": 4.152348447113546
    }, 
    "73": {
        "cache-07": 3.9187690233961194, 
        "cache-08": 4.3238973716473215
    }, 
    "74": {
        "cache-07": 3.9187690233961194, 
        "cache-08": 4.409671833914209
    }, 
    "75": {
        "cache-07": 3.9187690233961194, 
        "cache-08": 4.349080493097235
    }, 
    "76": {
        "cache-07": 3.9187690233961194, 
        "cache-08": 4.204771205309649
    }, 
    "77": {
        "cache-07": 3.9187690233961194, 
        "cache-08": 4.1326165614158565
    }, 
    "78": {
        "cache-07": 3.9187690233961194, 
        "cache-08": 3.9234459768558545
    }, 
    "79": {
        "cache-07": 3.9187690233961194, 
        "cache-08": 3.99195394718896
    }, 
    "80": {
        "cache-07": 3.9187690233961194, 
        "cache-08": 4.026207932355512
    }, 
    "81": {
        "cache-07": 3.9187690233961194, 
        "cache-08": 3.8702416623256823
    }, 
    "82": {
        "cache-07": 3.989615470459092, 
        "cache-08": 3.8702416623256823
    }, 
    "83": {
        "cache-07": 4.025038693990578, 
        "cache-08": 3.8702416623256823
    }, 
    "84": {
        "cache-07": 3.8696570431432153,