{
    "0": {
        "cache-14": 4.74112406662563, 
        "cache-16": 4.0
    }, 
    "1": {
        "cache-14": 4.74112406662563, 
        "cache-16": 4.0
    }, 
    "2": {
        "cache-14": 4.74112406662563, 
        "cache-16": 4.0
    }, 
    "3": {
        "cache-14": 4.74112406662563, 
        "cache-16": 4.0
    }, 
    "4": {
        "cache-14": 4.74112406662563, 
        "cache-16": 4.0
    }, 
    "5": {
        "cache-14": 4.74112406662563, 
        "cache-16": 4.0
    }, 
    "6": {
        "cache-14": 4.74112406662563, 
        "cache-16": 4.0
    }, 
    "7": {
        "cache-14": 4.74112406662563, 
        "cache-16": 4.0
    }, 
    "8": {
        "cache-14": 4.74112406662563, 
        "cache-16": 4.0
    }, 
    "9": {
        "cache-14": 4.74112406662563, 
        "cache-16": 4.0
    }, 
    "10": {
        "cache-14": 4.74112406662563, 
        "cache-16": 4.0
    }, 
    "11": {
        "cache-14": 4.4882853837589565, 
        "cache-16": 4.1071798963907815
    }, 
    "12": {
        "cache-14": 4.4882853837589565, 
        "cache-16": 4.1071798963907815
    }, 
    "13": {
        "cache-14": 4.4882853837589565, 
        "cache-16": 4.1071798963907815
    }, 
    "14": {
        "cache-14": 4.4882853837589565, 
        "cache-16": 4.1071798963907815
    }, 
    "15": {
        "cache-14": 4.4882853837589565, 
        "cache-16": 4.1071798963907815
    }, 
    "16": {
        "cache-14": 4.4882853837589565, 
        "cache-16": 4.1071798963907815
    }, 
    "17": {
        "cache-14": 4.4882853837589565, 
        "cache-16": 4.1071798963907815
    }, 
    "18": {
        "cache-14": 4.4882853837589565, 
        "cache-16": 4.1071798963907815
    }, 
    "19": {
        "cache-14": 4.4882853837589565, 
        "cache-16": 4.1071798963907815
    }, 
    "20": {
        "cache-14": 4.4882853837589565, 
        "cache-16": 4.1071798963907815
    }, 
    "21": {
        "cache-14": 4.919032727543982, 
        "cache-16": 4.103372835758323
    }, 
    "22": {
        "cache-14": 4.919032727543982, 
        "cache-16": 4.103372835758323
    }, 
    "23": {
        "cache-14": 4.919032727543982, 
        "cache-16": 4.103372835758323
    }, 
    "24": {
        "cache-14": 4.919032727543982, 
        "cache-16": 4.103372835758323
    }, 
    "25": {
        "cache-14": 4.919032727543982, 
        "cache-16": 4.103372835758323
    }, 
    "26": {
        "cache-14": 4.919032727543982, 
        "cache-16": 4.103372835758323
    }, 
    "27": {
        "cache-14": 4.919032727543982, 
        "cache-16": 4.103372835758323
    }, 
    "28": {
        "cache-14": 4.919032727543982, 
        "cache-16": 4.103372835758323
    }, 
    "29": {
        "cache-14": 4.919032727543982, 
        "cache-16": 4.103372835758323
    }, 
    "30": {
        "cache-14": 4.919032727543982, 
        "cache-16": 4.103372835758323
    }, 
    "31": {
        "cache-14": 4.857598817414868, 
        "cache-16": 4.079011242253737
    }, 
    "32": {
        "cache-14": 4.857598817414868, 
        "cache-16": 4.079011242253737
    }, 
    "33": {
        "cache-14": 4.857598817414868, 
        "cache-16": 4.079011242253737
    }, 
    "34": {
        "cache-14": 4.857598817414868, 
        "cache-16": 4.079011242253737
    }, 
    "35": {
        "cache-14": 4.857598817414868, 
        "cache-16": 4.079011242253737
    }, 
    "36": {
        "cache-14": 4.857598817414868, 
        "cache-16": 4.079011242253737
    }, 
    "37": {
        "cache-14": 4.857598817414868, 
        "cache-16": 4.079011242253737
    }, 
    "38": {
        "cache-14": 4.857598817414868, 
        "cache-16": 4.079011242253737
    }, 
    "39": {
        "cache-14": 4.857598817414868, 
        "cache-16": 4.079011242253737
    }, 
    "40": {
        "cache-14": 4.857598817414868, 
        "cache-16": 4.079011242253737
    }, 
    "41": {
        "cache-14": 4.819273908200421, 
        "cache-16": 3.9826191798811865
    }, 
    "42": {
        "cache-14": 4.819273908200421, 
        "cache-16": 3.9826191798811865
    }, 
    "43": {
        "cache-14": 4.819273908200421, 
        "cache-16": 3.9826191798811865
    }, 
    "44": {
        "cache-14": 4.819273908200421, 
        "cache-16": 3.9826191798811865
    }, 
    "45": {
        "cache-14": 4.819273908200421, 
        "cache-16": 3.9826191798811865
    }, 
    "46": {
        "cache-14": 4.819273908200421, 
        "cache-16": 3.9826191798811865
    }, 
    "47": {
        "cache-14": 4.819273908200421, 
        "cache-16": 3.9826191798811865
    }, 
    "48": {
        "cache-14": 4.819273908200421, 
        "cache-16": 3.9826191798811865
    }, 
    "49": {
        "cache-14": 4.819273908200421, 
        "cache-16": 3.9826191798811865
    }, 
    "50": {
        "cache-14": 4.819273908200421, 
        "cache-16": 3.9826191798811865
    }, 
    "51": {
        "cache-14": 4.88783204797522, 
        "cache-16": 3.8967837941497874
    }, 
    "52": {
        "cache-14": 4.88783204797522, 
        "cache-16": 3.8967837941497874
    }, 
    "53": {
        "cache-14": 4.88783204797522, 
        "cache-16": 3.8967837941497874
    }, 
    "54": {
        "cache-14": 4.88783204797522, 
        "cache-16": 3.8967837941497874
    }, 
    "55": {
        "cache-14": 4.88783204797522, 
        "cache-16": 3.8967837941497874
    }, 
    "56": {
        "cache-14": 4.88783204797522, 
        "cache-16": 3.8967837941497874
    }, 
    "57": {
        "cache-14": 4.88783204797522, 
        "cache-16": 3.8967837941497874
    }, 
    "58": {
        "cache-14": 4.88783204797522, 
        "cache-16": 3.8967837941497874
    }, 
    "59": {
        "cache-14": 4.88783204797522, 
        "cache-16": 3.8967837941497874
    }, 
    "60": {
        "cache-14": 4.88783204797522, 
        "cache-16": 3.8967837941497874
    }, 
    "61": {
        "cache-14": 4.864235250521071, 
        "cache-16": 3.8089838852278515
    }, 
    "62": {
        "cache-14": 4.864235250521071, 
        "cache-16": 3.8089838852278515
    }, 
    "63": {
        "cache-14": 4.864235250521071, 
        "cache-16": 3.8089838852278515
    }, 
    "64": {
        "cache-14": 4.864235250521071, 
        "cache-16": 3.8089838852278515
    }, 
    "65": {
        "cache-14": 4.864235250521071, 
        "cache-16": 3.8089838852278515
    }, 
    "66": {
        "cache-14": 4.864235250521071, 
        "cache-16": 3.8089838852278515
    }, 
    "67": {
        "cache-14": 4.864235250521071, 
        "cache-16": 3.8089838852278515
    }, 
    "68": {
        "cache-14": 4.864235250521071, 
        "cache-16": 3.8089838852278515
    }, 
    "69": {
        "cache-14": 4.864235250521071, 
        "cache-16": 3.8089838852278515
    }, 
    "70": {
        "cache-14": 4.864235250521071, 
        "cache-16": 3.8089838852278515
    }, 
    "71": {
        "cache-14": 4.834345499487814, 
        "cache-16": 3.8080024859995927
    }, 
    "72": {
        "cache-14": 4.834345499487814, 
        "cache-16": 3.8080024859995927
    }, 
    "73": {
        "cache-14": 4.834345499487814, 
        "cache-16": 3.8080024859995927
    }, 
    "74": {
        "cache-14": 4.834345499487814, 
        "cache-16": 3.8080024859995927
    }, 
    "75": {
        "cache-14": 4.834345499487814, 
        "cache-16": 3.8080024859995927
    }, 
    "76": {
        "cache-14": 4.834345499487814, 
        "cache-16": 3.8080024859995927
    }, 
    "77": {
        "cache-14": 4.834345499487814, 
        "cache-16": 3.8080024859995927
    }, 
    "78": {
        "cache-14": 4.834345499487814, 
        "cache-16": 3.8080024859995927
    }, 
    "79": {
        "cache-14": 4.834345499487814, 
        "cache-16": 3.8080024859995927
    }, 
    "80": {
        "cache-14": 4.834345499487814, 
        "cache-16": 3.8080024859995927
    }, 
    "81": {
        "cache-14": 4.997792497885047, 
        "cache-16": 3.772088454041481
    }, 
    "82": {
        "cache-14": 4.997792497885047,