{
    "0": {
        "cache-07": 3.748087368103943, 
        "cache-10": 3.9523586041073986
    }, 
    "1": {
        "cache-07": 3.748087368103943, 
        "cache-10": 3.9523586041073986
    }, 
    "2": {
        "cache-07": 3.748087368103943, 
        "cache-10": 3.9523586041073986
    }, 
    "3": {
        "cache-07": 3.748087368103943, 
        "cache-10": 3.9523586041073986
    }, 
    "4": {
        "cache-07": 3.748087368103943, 
        "cache-10": 3.9523586041073986
    }, 
    "5": {
        "cache-07": 3.748087368103943, 
        "cache-10": 3.9523586041073986
    }, 
    "6": {
        "cache-07": 3.748087368103943, 
        "cache-10": 3.9523586041073986
    }, 
    "7": {
        "cache-07": 3.748087368103943, 
        "cache-10": 3.9523586041073986
    }, 
    "8": {
        "cache-07": 3.748087368103943, 
        "cache-10": 3.9523586041073986
    }, 
    "9": {
        "cache-07": 3.748087368103943, 
        "cache-10": 3.9523586041073986
    }, 
    "10": {
        "cache-07": 3.748087368103943, 
        "cache-10": 3.9523586041073986
    }, 
    "11": {
        "cache-07": 3.0783838431452377, 
        "cache-10": 3.289779592838948
    }, 
    "12": {
        "cache-07": 3.0783838431452377, 
        "cache-10": 3.289779592838948
    }, 
    "13": {
        "cache-07": 3.0783838431452377, 
        "cache-10": 3.289779592838948
    }, 
    "14": {
        "cache-07": 3.0783838431452377, 
        "cache-10": 3.289779592838948
    }, 
    "15": {
        "cache-07": 3.0783838431452377, 
        "cache-10": 3.289779592838948
    }, 
    "16": {
        "cache-07": 3.0783838431452377, 
        "cache-10": 3.289779592838948
    }, 
    "17": {
        "cache-07": 3.0783838431452377, 
        "cache-10": 3.289779592838948
    }, 
    "18": {
        "cache-07": 3.0783838431452377, 
        "cache-10": 3.289779592838948
    }, 
    "19": {
        "cache-07": 3.0783838431452377, 
        "cache-10": 3.289779592838948
    }, 
    "20": {
        "cache-07": 3.0783838431452377, 
        "cache-10": 3.289779592838948
    }, 
    "21": {
        "cache-07": 3.342866230833006, 
        "cache-10": 2.875855108285572
    }, 
    "22": {
        "cache-07": 3.342866230833006, 
        "cache-10": 2.875855108285572
    }, 
    "23": {
        "cache-07": 3.342866230833006, 
        "cache-10": 2.875855108285572
    }, 
    "24": {
        "cache-07": 3.342866230833006, 
        "cache-10": 2.875855108285572
    }, 
    "25": {
        "cache-07": 3.342866230833006, 
        "cache-10": 2.875855108285572
    }, 
    "26": {
        "cache-07": 3.342866230833006, 
        "cache-10": 2.875855108285572
    }, 
    "27": {
        "cache-07": 3.342866230833006, 
        "cache-10": 2.875855108285572
    }, 
    "28": {
        "cache-07": 3.342866230833006, 
        "cache-10": 2.875855108285572
    }, 
    "29": {
        "cache-07": 3.342866230833006, 
        "cache-10": 2.875855108285572
    }, 
    "30": {
        "cache-07": 3.342866230833006, 
        "cache-10": 2.875855108285572
    }, 
    "31": {
        "cache-07": 2.981569423609516, 
        "cache-10": 3.3838407231174172
    }, 
    "32": {
        "cache-07": 2.981569423609516, 
        "cache-10": 3.3838407231174172
    }, 
    "33": {
        "cache-07": 2.981569423609516, 
        "cache-10": 3.3838407231174172
    }, 
    "34": {
        "cache-07": 2.981569423609516, 
        "cache-10": 3.3838407231174172
    }, 
    "35": {
        "cache-07": 2.981569423609516, 
        "cache-10": 3.3838407231174172
    }, 
    "36": {
        "cache-07": 2.981569423609516, 
        "cache-10": 3.3838407231174172
    }, 
    "37": {
        "cache-07": 2.981569423609516, 
        "cache-10": 3.3838407231174172
    }, 
    "38": {
        "cache-07": 2.981569423609516, 
        "cache-10": 3.3838407231174172
    }, 
    "39": {
        "cache-07": 2.981569423609516, 
        "cache-10": 3.3838407231174172
    }, 
    "40": {
        "cache-07": 2.981569423609516, 
        "cache-10": 3.3838407231174172
    }, 
    "41": {
        "cache-07": 2.984657217569491, 
        "cache-10": 2.958565518647125
    }, 
    "42": {
        "cache-07": 2.984657217569491, 
        "cache-10": 2.958565518647125
    }, 
    "43": {
        "cache-07": 2.984657217569491, 
        "cache-10": 2.958565518647125
    }, 
    "44": {
        "cache-07": 2.984657217569491, 
        "cache-10": 2.958565518647125
    }, 
    "45": {
        "cache-07": 2.984657217569491, 
        "cache-10": 2.958565518647125
    }, 
    "46": {
        "cache-07": 2.984657217569491, 
        "cache-10": 2.958565518647125
    }, 
    "47": {
        "cache-07": 2.984657217569491, 
        "cache-10": 2.958565518647125
    }, 
    "48": {
        "cache-07": 2.984657217569491, 
        "cache-10": 2.958565518647125
    }, 
    "49": {
        "cache-07": 2.984657217569491, 
        "cache-10": 2.958565518647125
    }, 
    "50": {
        "cache-07": 2.984657217569491, 
        "cache-10": 2.958565518647125
    }, 
    "51": {
        "cache-07": 2.8293061106044894, 
        "cache-10": 3.205837552612316
    }, 
    "52": {
        "cache-07": 2.8293061106044894, 
        "cache-10": 3.205837552612316
    }, 
    "53": {
        "cache-07": 2.8293061106044894, 
        "cache-10": 3.205837552612316
    }, 
    "54": {
        "cache-07": 2.8293061106044894, 
        "cache-10": 3.205837552612316
    }, 
    "55": {
        "cache-07": 2.8293061106044894, 
        "cache-10": 3.205837552612316
    }, 
    "56": {
        "cache-07": 2.8293061106044894, 
        "cache-10": 3.205837552612316
    }, 
    "57": {
        "cache-07": 2.8293061106044894, 
        "cache-10": 3.205837552612316
    }, 
    "58": {
        "cache-07": 2.8293061106044894, 
        "cache-10": 3.205837552612316
    }, 
    "59": {
        "cache-07": 2.8293061106044894, 
        "cache-10": 3.205837552612316
    }, 
    "60": {
        "cache-07": 2.8293061106044894, 
        "cache-10": 3.205837552612316
    }, 
    "61": {
        "cache-07": 3.3746500180424777, 
        "cache-10": 3.236908897674198
    }, 
    "62": {
        "cache-07": 3.3746500180424777, 
        "cache-10": 3.236908897674198
    }, 
    "63": {
        "cache-07": 3.3746500180424777, 
        "cache-10": 3.236908897674198
    }, 
    "64": {
        "cache-07": 3.3746500180424777, 
        "cache-10": 3.236908897674198
    }, 
    "65": {
        "cache-07": 3.3746500180424777, 
        "cache-10": 3.236908897674198
    }, 
    "66": {
        "cache-07": 3.3746500180424777, 
        "cache-10": 3.236908897674198
    }, 
    "67": {
        "cache-07": 3.3746500180424777, 
        "cache-10": 3.236908897674198
    }, 
    "68": {
        "cache-07": 3.3746500180424777, 
        "cache-10": 3.236908897674198
    }, 
    "69": {
        "cache-07": 3.3746500180424777, 
        "cache-10": 3.236908897674198
    }, 
    "70": {
        "cache-07": 3.3746500180424777, 
        "cache-10": 3.236908897674198
    }, 
    "71": {
        "cache-07": 3.391744493491646, 
        "cache-10": 3.01995421151823
    }, 
    "72": {
        "cache-07": 3.391744493491646, 
        "cache-10": 3.01995421151823
    }, 
    "73": {
        "cache-07": 3.391744493491646, 
        "cache-10": 3.01995421151823
    }, 
    "74": {
        "cache-07": 3.391744493491646, 
        "cache-10": 3.01995421151823
    }, 
    "75": {
        "cache-07": 3.391744493491646, 
        "cache-10": 3.01995421151823
    }, 
    "76": {
        "cache-07": 3.391744493491646, 
        "cache-10": 3.01995421151823
    }, 
    "77": {
        "cache-07": 3.391744493491646, 
        "cache-10": 3.01995421151823
    }, 
    "78": {
        "cache-07": 3.391744493491646, 
        "cache-10": 3.01995421151823
    }, 
    "79": {
        "cache-07": 3.391744493491646, 
        "cache-10": 3.01995421151823
    }, 
    "80": {
        "cache-07": 3.391744493491646, 
        "cache-10": 3.01995421151823
    },