{
    "cache-01": 194.2, 
    "cache-02": 193.6, 
    "cache-03": 195.6, 
    "cache-04": 85.82000000000001, 
    "cache-05": 85.72, 
    "cache-06": 38.28, 
    "cache-07": 39.260000000000005, 
    "cache-08": 38.02
}