{
    "cache-01": 205.6, 
    "cache-02": 204.0, 
    "cache-03": 204.0, 
    "cache-04": 95.53999999999999, 
    "cache-05": 90.66, 
    "cache-06": 39.940000000000005, 
    "cache-07": 37.36, 
    "cache-08": 39.96
}