{
    "cache-01": 258.2, 
    "cache-02": 261.0, 
    "cache-03": 260.2, 
    "cache-04": 12.220000000000002, 
    "cache-05": 12.499999999999998, 
    "cache-06": 110.0, 
    "cache-07": 106.0, 
    "cache-08": 110.2
}