{
    "cache-01": 162.0, 
    "cache-02": 163.0, 
    "cache-03": 165.0, 
    "cache-04": 131.0, 
    "cache-05": 125.4, 
    "cache-06": 32.480000000000004, 
    "cache-07": 33.540000000000006, 
    "cache-08": 31.78
}