{
    "cache-01": 202.4, 
    "cache-02": 205.2, 
    "cache-03": 203.8, 
    "cache-04": 95.32000000000001, 
    "cache-05": 88.5, 
    "cache-06": 41.739999999999995, 
    "cache-07": 41.14, 
    "cache-08": 37.78000000000001
}