{
    "cache-01": 197.8, 
    "cache-02": 191.6, 
    "cache-03": 192.8, 
    "cache-04": 83.0, 
    "cache-05": 87.66, 
    "cache-06": 40.260000000000005, 
    "cache-07": 37.78, 
    "cache-08": 39.440000000000005
}