{
    "cache-01": 124.8, 
    "cache-02": 126.4, 
    "cache-03": 123.8, 
    "cache-04": 133.0, 
    "cache-05": 133.0, 
    "cache-06": 38.660000000000004, 
    "cache-07": 38.7, 
    "cache-08": 38.879999999999995
}