{
    "cache-01": 292.8, 
    "cache-02": 293.2, 
    "cache-03": 292.8, 
    "cache-04": 32.720000000000006, 
    "cache-05": 32.94000000000001, 
    "cache-06": 136.8, 
    "cache-07": 136.0, 
    "cache-08": 138.0
}