{
    "cache-01": 186.0, 
    "cache-02": 185.0, 
    "cache-03": 185.0, 
    "cache-04": 98.43999999999998, 
    "cache-05": 97.68, 
    "cache-06": 28.52, 
    "cache-07": 28.5, 
    "cache-08": 28.859999999999996
}