{
    "cache-01": 286.4, 
    "cache-02": 284.2, 
    "cache-03": 284.0, 
    "cache-04": 28.880000000000003, 
    "cache-05": 29.119999999999997, 
    "cache-06": 133.8, 
    "cache-07": 133.0, 
    "cache-08": 133.0
}