{
    "cache-01": 198.8, 
    "cache-02": 199.0, 
    "cache-03": 200.0, 
    "cache-04": 91.32000000000001, 
    "cache-05": 91.16, 
    "cache-06": 41.98, 
    "cache-07": 43.019999999999996, 
    "cache-08": 42.160000000000004
}