{
    "cache-01": 186.2, 
    "cache-02": 184.6, 
    "cache-03": 183.8, 
    "cache-04": 96.75999999999999, 
    "cache-05": 98.28, 
    "cache-06": 35.12, 
    "cache-07": 31.880000000000003, 
    "cache-08": 33.779999999999994
}