{
    "0": {
        "Buffer": 0.730849027633667, 
        "Freezing": 0, 
        "QoE": 2.5, 
        "Representation": "1", 
        "TS": 1422286507
    }, 
    "1": {
        "Buffer": 0.22604894638061523, 
        "Freezing": 0, 
        "QoE": 2.5, 
        "Representation": "1", 
        "TS": 1422286513
    }, 
    "2": {
        "Buffer": 0, 
        "Freezing": 0.831179141998291, 
        "QoE": 1.7664497948111189, 
        "Representation": "1", 
        "TS": 1422286519
    }, 
    "3": {
        "Buffer": 2.8434510231018066, 
        "Freezing": 0, 
        "QoE": 2.5, 
        "Representation": "1", 
        "TS": 1422286521
    }, 
    "4": {
        "Buffer": 3.538673162460327, 
        "Freezing": 0, 
        "QoE": 2.5, 
        "Representation": "1", 
        "TS": 1422286525
    }, 
    "5": {
        "Buffer": 3.032952070236206, 
        "Freezing": 0, 
        "QoE": 2.5, 
        "Representation": "1", 
        "TS": 1422286531
    }, 
    "6": {
        "Buffer": 2.551513195037842, 
        "Freezing": 0, 
        "QoE": 2.5, 
        "Representation": "1", 
        "TS": 1422286536
    }, 
    "7": {
        "Buffer": 4.043454170227051, 
        "Freezing": 0, 
        "QoE": 2.5, 
        "Representation": "1", 
        "TS": 1422286540
    }, 
    "8": {
        "Buffer": 5.270215034484863, 
        "Freezing": 0, 
        "QoE": 2.5, 
        "Representation": "1", 
        "TS": 1422286543
    }, 
    "9": {
        "Buffer": 5.026185989379883, 
        "Freezing": 0, 
        "QoE": 2.5, 
        "Representation": "1", 
        "TS": 1422286549
    }, 
    "10": {
        "Buffer": 6.032893180847168, 
        "Freezing": 0, 
        "QoE": 2.5, 
        "Representation": "1", 
        "TS": 1422286553
    }, 
    "11": {
        "Buffer": 7.507047176361084, 
        "Freezing": 0, 
        "QoE": 2.5, 
        "Representation": "1", 
        "TS": 1422286556
    }, 
    "12": {
        "Buffer": 9.058921098709106, 
        "Freezing": 0, 
        "QoE": 2.5, 
        "Representation": "1", 
        "TS": 1422286560
    }, 
    "13": {
        "Buffer": 7.997686147689819, 
        "Freezing": 0, 
        "QoE": 2.5, 
        "Representation": "1", 
        "TS": 1422286566
    }, 
    "14": {
        "Buffer": 9.044496059417725, 
        "Freezing": 0, 
        "QoE": 2.5, 
        "Representation": "1", 
        "TS": 1422286570
    }, 
    "15": {
        "Buffer": 7.041153192520142, 
        "Freezing": 0, 
        "QoE": 2.5, 
        "Representation": "1", 
        "TS": 1422286577
    }, 
    "16": {
        "Buffer": 9.047340154647827, 
        "Freezing": 0, 
        "QoE": 2.5, 
        "Representation": "1", 
        "TS": 1422286580
    }, 
    "17": {
        "Buffer": 11.036248207092285, 
        "Freezing": 0, 
        "QoE": 2.5, 
        "Representation": "1", 
        "TS": 1422286583
    }, 
    "18": {
        "Buffer": 12.294676065444946, 
        "Freezing": 0, 
        "QoE": 2.5, 
        "Representation": "1", 
        "TS": 1422286586
    }, 
    "19": {
        "Buffer": 13.28443717956543, 
        "Freezing": 0, 
        "QoE": 2.5, 
        "Representation": "1", 
        "TS": 1422286590
    }, 
    "20": {
        "Buffer": 12.284210205078125, 
        "Freezing": 0, 
        "QoE": 2.5, 
        "Representation": "1", 
        "TS": 1422286596
    }, 
    "21": {
        "Buffer": 11.542417049407959, 
        "Freezing": 0, 
        "QoE": 2.5, 
        "Representation": "1", 
        "TS": 1422286602
    }, 
    "22": {
        "Buffer": 10.241986989974976, 
        "Freezing": 0, 
        "QoE": 2.5, 
        "Representation": "1", 
        "TS": 1422286608
    }, 
    "23": {
        "Buffer": 8.291712999343872, 
        "Freezing": 0, 
        "QoE": 2.5, 
        "Representation": "1", 
        "TS": 1422286615
    }, 
    "24": {
        "Buffer": 6.040380001068115, 
        "Freezing": 0, 
        "QoE": 2.5, 
        "Representation": "1", 
        "TS": 1422286623
    }, 
    "25": {
        "Buffer": 6.663120985031128, 
        "Freezing": 0, 
        "QoE": 2.5, 
        "Representation": "1", 
        "TS": 1422286627
    }, 
    "26": {
        "Buffer": 4.297067165374756, 
        "Freezing": 0, 
        "QoE": 2.5, 
        "Representation": "1", 
        "TS": 1422286634
    }, 
    "27": {
        "Buffer": 4.040766000747681, 
        "Freezing": 0, 
        "QoE": 2.5, 
        "Representation": "1", 
        "TS": 1422286640
    }, 
    "28": {
        "Buffer": 3.5388360023498535, 
        "Freezing": 0, 
        "QoE": 2.5, 
        "Representation": "1", 
        "TS": 1422286645
    }, 
    "29": {
        "Buffer": 3.8026649951934814, 
        "Freezing": 0, 
        "QoE": 2.5, 
        "Representation": "1", 
        "TS": 1422286650
    }, 
    "30": {
        "Buffer": 2.771552085876465, 
        "Freezing": 0, 
        "QoE": 2.5, 
        "Representation": "1", 
        "TS": 1422286656
    }, 
    "31": {
        "Buffer": 3.0305330753326416, 
        "Freezing": 0, 
        "QoE": 2.5, 
        "Representation": "1", 
        "TS": 1422286661
    }, 
    "32": {
        "Buffer": 0.8047950267791748, 
        "Freezing": 0, 
        "QoE": 2.5, 
        "Representation": "1", 
        "TS": 1422286668
    }, 
    "33": {
        "Buffer": 0, 
        "Freezing": 0.9552178382873535, 
        "QoE": 1.7083394149288758, 
        "Representation": "1", 
        "TS": 1422286675
    }, 
    "34": {
        "Buffer": 1.235982894897461, 
        "Freezing": 0, 
        "QoE": 2.5, 
        "Representation": "1", 
        "TS": 1422286678
    }, 
    "35": {
        "Buffer": 0, 
        "Freezing": 2.4929211139678955, 
        "QoE": 1.2336428962269241, 
        "Representation": "1", 
        "TS": 1422286687
    }, 
    "36": {
        "Buffer": 0, 
        "Freezing": 0.2550179958343506, 
        "QoE": 2.1393821294500324, 
        "Representation": "1", 
        "TS": 1422286692
    }, 
    "37": {
        "Buffer": 0, 
        "Freezing": 8.504649877548218, 
        "QoE": 0.5426175553319834, 
        "Representation": "1", 
        "TS": 1422286706
    }, 
    "38": {
        "Buffer": 0, 
        "Freezing": 0.4138660430908203, 
        "QoE": 2.0118135795896763, 
        "Representation": "1", 
        "TS": 1422286711
    }, 
    "39": {
        "Buffer": 0.9188599586486816, 
        "Freezing": 0, 
        "QoE": 2.5, 
        "Representation": "1", 
        "TS": 1422286715
    }, 
    "40": {
        "Buffer": 1.924682855606079, 
        "Freezing": 0, 
        "QoE": 2.5, 
        "Representation": "1", 
        "TS": 1422286719
    }, 
    "41": {
        "Buffer": 0.37271904945373535, 
        "Freezing": 0, 
        "QoE": 2.5, 
        "Representation": "1", 
        "TS": 1422286726
    }, 
    "42": {
        "Buffer": 0, 
        "Freezing": 1.8378369808197021, 
        "QoE": 1.3967454832425066, 
        "Representation": "1", 
        "TS": 1422286733
    }, 
    "43": {
        "Buffer": 1.0021958351135254, 
        "Freezing": 0, 
        "QoE": 2.5, 
        "Representation": "1", 
        "TS": 1422286737
    }, 
    "44": {
        "Buffer": 2.9960739612579346, 
        "Freezing": 0, 
        "QoE": 2.5, 
        "Representation": "1", 
        "TS": 1422286740
    }, 
    "45": {
        "Buffer": 1.5028729438781738, 
        "Freezing": 0, 
        "QoE": 2.5, 
        "Representation": "1", 
        "TS": 1422286747
    }, 
    "46": {
        "Buffer": 3.002707004547119, 
        "Freezing": 0, 
        "QoE": 2.5, 
        "Representation": "1", 
        "TS": 1422286750
    }, 
    "47": {
        "Buffer": 5.05922794342041, 
        "Freezing": 0, 
        "QoE": 2.5, 
        "Representation": "1", 
        "TS": 1422286753
    }, 
    "48": {
        "Buffer": 1.483659029006958, 
        "Freezing": 0, 
        "QoE": 2.5, 
        "Representation": "1", 
        "TS": 1422286762
    }, 
    "49": {
        "Buffer": 0,