{
    "0": {
        "cache-02": 4, 
        "cache-05": 3.25
    }, 
    "1": {
        "cache-02": 4, 
        "cache-05": 2.875
    }, 
    "2": {
        "cache-02": 4, 
        "cache-05": 2.6875
    }, 
    "3": {
        "cache-02": 4, 
        "cache-05": 2.59375
    }, 
    "4": {
        "cache-02": 4, 
        "cache-05": 2.546875
    }, 
    "5": {
        "cache-02": 4, 
        "cache-05": 2.7583104221327375
    }, 
    "6": {
        "cache-02": 3.719745844265475, 
        "cache-05": 2.7583104221327375
    }, 
    "7": {
        "cache-02": 4.004117498272867, 
        "cache-05": 2.7583104221327375
    }, 
    "8": {
        "cache-02": 4.249781897226982, 
        "cache-05": 2.7583104221327375
    }, 
    "9": {
        "cache-02": 4.527386681389713, 
        "cache-05": 2.7583104221327375
    }, 
    "10": {
        "cache-02": 4.763670143721363, 
        "cache-05": 2.7583104221327375
    }, 
    "11": {
        "cache-02": 4.881811874887189, 
        "cache-05": 2.7583104221327375
    }, 
    "12": {
        "cache-02": 4.843401670219816, 
        "cache-05": 2.7583104221327375
    }, 
    "13": {
        "cache-02": 4.921677638136416, 
        "cache-05": 2.7583104221327375
    }, 
    "14": {
        "cache-02": 4.9608156220947155, 
        "cache-05": 2.7583104221327375
    }, 
    "15": {
        "cache-02": 4.882903543823579, 
        "cache-05": 2.7583104221327375
    }, 
    "16": {
        "cache-02": 4.941428574938296, 
        "cache-05": 2.7583104221327375
    }, 
    "17": {
        "cache-02": 4.970691090495656, 
        "cache-05": 2.7583104221327375
    }, 
    "18": {
        "cache-02": 4.887841278024049, 
        "cache-05": 2.7583104221327375
    }, 
    "19": {
        "cache-02": 4.943897442038532, 
        "cache-05": 2.7583104221327375
    }, 
    "20": {
        "cache-02": 4.971925524045773, 
        "cache-05": 2.7583104221327375
    }, 
    "21": {
        "cache-02": 4.985939565049394, 
        "cache-05": 2.7583104221327375
    }, 
    "22": {
        "cache-02": 4.895465515300918, 
        "cache-05": 2.7583104221327375
    }, 
    "23": {
        "cache-02": 4.947709560676966, 
        "cache-05": 2.7583104221327375
    }, 
    "24": {
        "cache-02": 4.973831583364991, 
        "cache-05": 2.7583104221327375
    }, 
    "25": {
        "cache-02": 4.986892594709003, 
        "cache-05": 2.7583104221327375
    }, 
    "26": {
        "cache-02": 4.2131921416199765, 
        "cache-05": 2.7583104221327375
    }, 
    "27": {
        "cache-02": 3.3565960708099882, 
        "cache-05": 2.7583104221327375
    }, 
    "28": {
        "cache-02": 3.163170957537732, 
        "cache-05": 2.7583104221327375
    }, 
    "29": {
        "cache-02": 3.0664584009016034, 
        "cache-05": 2.7583104221327375
    }, 
    "30": {
        "cache-02": 3.018102122583539, 
        "cache-05": 2.7583104221327375
    }, 
    "31": {
        "cache-02": 2.993923983424507, 
        "cache-05": 2.7583104221327375
    }, 
    "32": {
        "cache-02": 3.2167078359777284, 
        "cache-05": 2.7583104221327375
    }, 
    "33": {
        "cache-02": 3.328099762254339, 
        "cache-05": 2.7583104221327375
    }, 
    "34": {
        "cache-02": 3.3837957253926447, 
        "cache-05": 2.7583104221327375
    }, 
    "35": {
        "cache-02": 3.4116437069617973, 
        "cache-05": 2.7583104221327375
    }, 
    "36": {
        "cache-02": 3.4255676977463736, 
        "cache-05": 2.7583104221327375
    }, 
    "37": {
        "cache-02": 3.4325296931386617, 
        "cache-05": 2.7583104221327375
    }, 
    "38": {
        "cache-02": 3.436010690834806, 
        "cache-05": 2.7583104221327375
    }, 
    "39": {
        "cache-02": 3.437751189682878, 
        "cache-05": 2.7583104221327375
    }, 
    "40": {
        "cache-02": 3.438621439106914, 
        "cache-05": 2.7583104221327375
    }, 
    "41": {
        "cache-02": 3.439056563818932, 
        "cache-05": 2.7583104221327375
    }, 
    "42": {
        "cache-02": 3.576665978057392, 
        "cache-05": 2.7583104221327375
    }, 
    "43": {
        "cache-02": 3.508078833294171, 
        "cache-05": 2.7583104221327375
    }, 
    "44": {
        "cache-02": 3.238912338779823, 
        "cache-05": 2.7583104221327375
    }, 
    "45": {
        "cache-02": 3.3392020136553864, 
        "cache-05": 2.7583104221327375
    }, 
    "46": {
        "cache-02": 3.389346851093168, 
        "cache-05": 2.7583104221327375
    }, 
    "47": {
        "cache-02": 3.5518111216945103, 
        "cache-05": 2.7583104221327375
    }, 
    "48": {
        "cache-02": 3.49565140511273, 
        "cache-05": 2.7583104221327375
    }, 
    "49": {
        "cache-02": 3.4675715468218398, 
        "cache-05": 2.7583104221327375
    }, 
    "50": {
        "cache-02": 3.590923469558846, 
        "cache-05": 2.7583104221327375
    }, 
    "51": {
        "cache-02": 3.8256926935404554, 
        "cache-05": 2.7583104221327375
    }, 
    "52": {
        "cache-02": 4.057090922910358, 
        "cache-05": 2.7583104221327375
    }, 
    "53": {
        "cache-02": 4.172790037595309, 
        "cache-05": 2.7583104221327375
    }, 
    "54": {
        "cache-02": 4.230639594937784, 
        "cache-05": 2.7583104221327375
    }, 
    "55": {
        "cache-02": 4.259564373609022, 
        "cache-05": 2.7583104221327375
    }, 
    "56": {
        "cache-02": 4.377505334895059, 
        "cache-05": 2.7583104221327375
    }, 
    "57": {
        "cache-02": 4.33299724358766, 
        "cache-05": 2.7583104221327375
    }, 
    "58": {
        "cache-02": 4.31074319793396, 
        "cache-05": 2.7583104221327375
    }, 
    "59": {
        "cache-02": 4.403094747057528, 
        "cache-05": 2.7583104221327375
    }, 
    "60": {
        "cache-02": 4.604043106304985, 
        "cache-05": 2.7583104221327375
    }, 
    "61": {
        "cache-02": 4.801998356179, 
        "cache-05": 2.7583104221327375
    }, 
    "62": {
        "cache-02": 4.6487223261800485, 
        "cache-05": 2.7583104221327375
    }, 
    "63": {
        "cache-02": 4.572084311180573, 
        "cache-05": 2.7583104221327375
    }, 
    "64": {
        "cache-02": 4.533765303680835, 
        "cache-05": 2.7583104221327375
    }, 
    "65": {
        "cache-02": 4.5146057999309654, 
        "cache-05": 2.7583104221327375
    }, 
    "66": {
        "cache-02": 4.659798632741704, 
        "cache-05": 2.7583104221327375
    }, 
    "67": {
        "cache-02": 4.7323950491470725, 
        "cache-05": 2.7583104221327375
    }, 
    "68": {
        "cache-02": 4.613920672664085, 
        "cache-05": 2.7583104221327375
    }, 
    "69": {
        "cache-02": 4.709456069108263, 
        "cache-05": 2.7583104221327375
    }, 
    "70": {
        "cache-02": 4.854704837580639, 
        "cache-05": 2.7583104221327375
    }, 
    "71": {
        "cache-02": 4.829848151566541, 
        "cache-05": 2.7583104221327375
    }, 
    "72": {
        "cache-02": 4.8174198085594915, 
        "cache-05": 2.7583104221327375
    }, 
    "73": {
        "cache-02": 4.438940863040778, 
        "cache-05": 2.7583104221327375
    }, 
    "74": {
        "cache-02": 3.7043433536531265, 
        "cache-05": 2.7583104221327375
    }, 
    "75": {
        "cache-02": 3.3370445989593005, 
        "cache-05": 2.7583104221327375
    }, 
    "76": {
        "cache-02": 3.388268143745125, 
        "cache-05": 2.7583104221327375
    }, 
    "77": {
        "cache-02": 3.4138799161380375, 
        "cache-05": 2.7583104221327375
    }, 
    "78": {
        "cache-02": 3.1918128802017565, 
        "cache-05": 2.7583104221327375
    }, 
    "79": {
        "cache-02": 3.4530441362488045, 
        "cache-05": 2.7583104221327375
    }, 
    "80": {
        "cache-02": 3.5836597642723285, 
        "cache-05": 2.7583104221327375
    }, 
    "81": {
        "cache-02": 3.511575726401639, 
        "cache-05": 2.7583104221327375
    },