{
    "cache-02": 143.3233261, 
    "cache-05": 147.4314213
}