{
    "0": {
        "cache-06": 4.062175599947111, 
        "cache-07": 3.8666139319740678
    }, 
    "1": {
        "cache-06": 4.062175599947111, 
        "cache-07": 3.8666139319740678
    }, 
    "2": {
        "cache-06": 4.062175599947111, 
        "cache-07": 3.8666139319740678
    }, 
    "3": {
        "cache-06": 4.062175599947111, 
        "cache-07": 3.8666139319740678
    }, 
    "4": {
        "cache-06": 4.062175599947111, 
        "cache-07": 3.8666139319740678
    }, 
    "5": {
        "cache-06": 4.062175599947111, 
        "cache-07": 3.8666139319740678
    }, 
    "6": {
        "cache-06": 4.062175599947111, 
        "cache-07": 3.8666139319740678
    }, 
    "7": {
        "cache-06": 4.062175599947111, 
        "cache-07": 3.8666139319740678
    }, 
    "8": {
        "cache-06": 4.062175599947111, 
        "cache-07": 3.8666139319740678
    }, 
    "9": {
        "cache-06": 4.062175599947111, 
        "cache-07": 3.8666139319740678
    }, 
    "10": {
        "cache-06": 4.062175599947111, 
        "cache-07": 3.8666139319740678
    }, 
    "11": {
        "cache-06": 3.7500289085002114, 
        "cache-07": 4.126357587247384
    }, 
    "12": {
        "cache-06": 3.7500289085002114, 
        "cache-07": 4.126357587247384
    }, 
    "13": {
        "cache-06": 3.7500289085002114, 
        "cache-07": 4.126357587247384
    }, 
    "14": {
        "cache-06": 3.7500289085002114, 
        "cache-07": 4.126357587247384
    }, 
    "15": {
        "cache-06": 3.7500289085002114, 
        "cache-07": 4.126357587247384
    }, 
    "16": {
        "cache-06": 3.7500289085002114, 
        "cache-07": 4.126357587247384
    }, 
    "17": {
        "cache-06": 3.7500289085002114, 
        "cache-07": 4.126357587247384
    }, 
    "18": {
        "cache-06": 3.7500289085002114, 
        "cache-07": 4.126357587247384
    }, 
    "19": {
        "cache-06": 3.7500289085002114, 
        "cache-07": 4.126357587247384
    }, 
    "20": {
        "cache-06": 3.7500289085002114, 
        "cache-07": 4.126357587247384
    }, 
    "21": {
        "cache-06": 3.9559723560009323, 
        "cache-07": 4.060496134935914
    }, 
    "22": {
        "cache-06": 3.9559723560009323, 
        "cache-07": 4.060496134935914
    }, 
    "23": {
        "cache-06": 3.9559723560009323, 
        "cache-07": 4.060496134935914
    }, 
    "24": {
        "cache-06": 3.9559723560009323, 
        "cache-07": 4.060496134935914
    }, 
    "25": {
        "cache-06": 3.9559723560009323, 
        "cache-07": 4.060496134935914
    }, 
    "26": {
        "cache-06": 3.9559723560009323, 
        "cache-07": 4.060496134935914
    }, 
    "27": {
        "cache-06": 3.9559723560009323, 
        "cache-07": 4.060496134935914
    }, 
    "28": {
        "cache-06": 3.9559723560009323, 
        "cache-07": 4.060496134935914
    }, 
    "29": {
        "cache-06": 3.9559723560009323, 
        "cache-07": 4.060496134935914
    }, 
    "30": {
        "cache-06": 3.9559723560009323, 
        "cache-07": 4.060496134935914
    }, 
    "31": {
        "cache-06": 4.057127472075839, 
        "cache-07": 3.887427925449343
    }, 
    "32": {
        "cache-06": 4.057127472075839, 
        "cache-07": 3.887427925449343
    }, 
    "33": {
        "cache-06": 4.057127472075839, 
        "cache-07": 3.887427925449343
    }, 
    "34": {
        "cache-06": 4.057127472075839, 
        "cache-07": 3.887427925449343
    }, 
    "35": {
        "cache-06": 4.057127472075839, 
        "cache-07": 3.887427925449343
    }, 
    "36": {
        "cache-06": 4.057127472075839, 
        "cache-07": 3.887427925449343
    }, 
    "37": {
        "cache-06": 4.057127472075839, 
        "cache-07": 3.887427925449343
    }, 
    "38": {
        "cache-06": 4.057127472075839, 
        "cache-07": 3.887427925449343
    }, 
    "39": {
        "cache-06": 4.057127472075839, 
        "cache-07": 3.887427925449343
    }, 
    "40": {
        "cache-06": 4.057127472075839, 
        "cache-07": 3.887427925449343
    }, 
    "41": {
        "cache-06": 3.9316208838082747, 
        "cache-07": 3.6807722395529128
    }, 
    "42": {
        "cache-06": 3.9316208838082747, 
        "cache-07": 3.6807722395529128
    }, 
    "43": {
        "cache-06": 3.9316208838082747, 
        "cache-07": 3.6807722395529128
    }, 
    "44": {
        "cache-06": 3.9316208838082747, 
        "cache-07": 3.6807722395529128
    }, 
    "45": {
        "cache-06": 3.9316208838082747, 
        "cache-07": 3.6807722395529128
    }, 
    "46": {
        "cache-06": 3.9316208838082747, 
        "cache-07": 3.6807722395529128
    }, 
    "47": {
        "cache-06": 3.9316208838082747, 
        "cache-07": 3.6807722395529128
    }, 
    "48": {
        "cache-06": 3.9316208838082747, 
        "cache-07": 3.6807722395529128
    }, 
    "49": {
        "cache-06": 3.9316208838082747, 
        "cache-07": 3.6807722395529128
    }, 
    "50": {
        "cache-06": 3.9316208838082747, 
        "cache-07": 3.6807722395529128
    }, 
    "51": {
        "cache-06": 4.010005846775751, 
        "cache-07": 3.733264235453804
    }, 
    "52": {
        "cache-06": 4.010005846775751, 
        "cache-07": 3.733264235453804
    }, 
    "53": {
        "cache-06": 4.010005846775751, 
        "cache-07": 3.733264235453804
    }, 
    "54": {
        "cache-06": 4.010005846775751, 
        "cache-07": 3.733264235453804
    }, 
    "55": {
        "cache-06": 4.010005846775751, 
        "cache-07": 3.733264235453804
    }, 
    "56": {
        "cache-06": 4.010005846775751, 
        "cache-07": 3.733264235453804
    }, 
    "57": {
        "cache-06": 4.010005846775751, 
        "cache-07": 3.733264235453804
    }, 
    "58": {
        "cache-06": 4.010005846775751, 
        "cache-07": 3.733264235453804
    }, 
    "59": {
        "cache-06": 4.010005846775751, 
        "cache-07": 3.733264235453804
    }, 
    "60": {
        "cache-06": 4.010005846775751, 
        "cache-07": 3.733264235453804
    }, 
    "61": {
        "cache-06": 3.8422018079758233, 
        "cache-07": 3.8448994944896637
    }, 
    "62": {
        "cache-06": 3.8422018079758233, 
        "cache-07": 3.8448994944896637
    }, 
    "63": {
        "cache-06": 3.8422018079758233, 
        "cache-07": 3.8448994944896637
    }, 
    "64": {
        "cache-06": 3.8422018079758233, 
        "cache-07": 3.8448994944896637
    }, 
    "65": {
        "cache-06": 3.8422018079758233, 
        "cache-07": 3.8448994944896637
    }, 
    "66": {
        "cache-06": 3.8422018079758233, 
        "cache-07": 3.8448994944896637
    }, 
    "67": {
        "cache-06": 3.8422018079758233, 
        "cache-07": 3.8448994944896637
    }, 
    "68": {
        "cache-06": 3.8422018079758233, 
        "cache-07": 3.8448994944896637
    }, 
    "69": {
        "cache-06": 3.8422018079758233, 
        "cache-07": 3.8448994944896637
    }, 
    "70": {
        "cache-06": 3.8422018079758233, 
        "cache-07": 3.8448994944896637
    }, 
    "71": {
        "cache-06": 3.853153637796046, 
        "cache-07": 4.058090457127552
    }, 
    "72": {
        "cache-06": 3.853153637796046, 
        "cache-07": 4.058090457127552
    }, 
    "73": {
        "cache-06": 3.853153637796046, 
        "cache-07": 4.058090457127552
    }, 
    "74": {
        "cache-06": 3.853153637796046, 
        "cache-07": 4.058090457127552
    }, 
    "75": {
        "cache-06": 3.853153637796046, 
        "cache-07": 4.058090457127552
    }, 
    "76": {
        "cache-06": 3.853153637796046, 
        "cache-07": 4.058090457127552
    }, 
    "77": {
        "cache-06": 3.853153637796046,