{
    "cache-01": 162.6, 
    "cache-02": 166.6, 
    "cache-03": 165.6, 
    "cache-04": 125.0, 
    "cache-05": 125.6, 
    "cache-06": 34.019999999999996, 
    "cache-07": 34.660000000000004, 
    "cache-08": 34.779999999999994
}