{
    "0": {
        "cache-02": 3.25, 
        "cache-08": 4
    }, 
    "1": {
        "cache-02": 3.344745844265475, 
        "cache-08": 4
    }, 
    "2": {
        "cache-02": 3.5295106182806637, 
        "cache-08": 4
    }, 
    "3": {
        "cache-02": 3.794986267901364, 
        "cache-08": 4
    }, 
    "4": {
        "cache-02": 3.9277240927117143, 
        "cache-08": 4
    }, 
    "5": {
        "cache-02": 4.211585194446405, 
        "cache-08": 4
    }, 
    "6": {
        "cache-02": 4.605769400249709, 
        "cache-08": 4
    }, 
    "7": {
        "cache-02": 4.705380432901076, 
        "cache-08": 4
    }, 
    "8": {
        "cache-02": 4.496934792590668, 
        "cache-08": 4
    }, 
    "9": {
        "cache-02": 4.392711972435464, 
        "cache-08": 4
    }, 
    "10": {
        "cache-02": 4.44407913430828, 
        "cache-08": 4
    }, 
    "11": {
        "cache-02": 4.469762715244689, 
        "cache-08": 4
    }, 
    "12": {
        "cache-02": 4.482604505712892, 
        "cache-08": 4
    }, 
    "13": {
        "cache-02": 4.385546828996576, 
        "cache-08": 4
    }, 
    "14": {
        "cache-02": 4.595269147274509, 
        "cache-08": 4
    }, 
    "15": {
        "cache-02": 4.700130306413476, 
        "cache-08": 4
    }, 
    "16": {
        "cache-02": 4.850041956233245, 
        "cache-08": 4
    }, 
    "17": {
        "cache-02": 4.827516710892843, 
        "cache-08": 4
    }, 
    "18": {
        "cache-02": 4.6614815035369705, 
        "cache-08": 4
    }, 
    "19": {
        "cache-02": 4.733236484544706, 
        "cache-08": 4
    }, 
    "20": {
        "cache-02": 4.614341390362902, 
        "cache-08": 4
    }, 
    "21": {
        "cache-02": 4.709666427957671, 
        "cache-08": 4
    }, 
    "22": {
        "cache-02": 4.757328946755057, 
        "cache-08": 4
    }, 
    "23": {
        "cache-02": 4.78116020615375, 
        "cache-08": 4
    }, 
    "24": {
        "cache-02": 4.890556906103383, 
        "cache-08": 4
    }, 
    "25": {
        "cache-02": 4.945255256078198, 
        "cache-08": 4
    }, 
    "26": {
        "cache-02": 4.87512336081532, 
        "cache-08": 4
    }, 
    "27": {
        "cache-02": 4.840057413183882, 
        "cache-08": 4
    }, 
    "28": {
        "cache-02": 4.822524439368162, 
        "cache-08": 4
    }, 
    "29": {
        "cache-02": 4.813757952460302, 
        "cache-08": 4
    }, 
    "30": {
        "cache-02": 4.809374709006372, 
        "cache-08": 4
    }, 
    "31": {
        "cache-02": 4.807183087279407, 
        "cache-08": 4
    }, 
    "32": {
        "cache-02": 4.806087276415925, 
        "cache-08": 4
    }, 
    "33": {
        "cache-02": 4.805539370984183, 
        "cache-08": 4
    }, 
    "34": {
        "cache-02": 4.805265418268313, 
        "cache-08": 4
    }, 
    "35": {
        "cache-02": 4.650355857224705, 
        "cache-08": 4
    }, 
    "36": {
        "cache-02": 4.7276736613885735, 
        "cache-08": 4
    }, 
    "37": {
        "cache-02": 4.863813633720794, 
        "cache-08": 4
    }, 
    "38": {
        "cache-02": 4.834402549636618, 
        "cache-08": 4
    }, 
    "39": {
        "cache-02": 4.81969700759453, 
        "cache-08": 4
    }, 
    "40": {
        "cache-02": 4.812344236573486, 
        "cache-08": 4
    }, 
    "41": {
        "cache-02": 4.808667851062964, 
        "cache-08": 4
    }, 
    "42": {
        "cache-02": 4.806829658307703, 
        "cache-08": 4
    }, 
    "43": {
        "cache-02": 4.805910561930073, 
        "cache-08": 4
    }, 
    "44": {
        "cache-02": 4.805451013741258, 
        "cache-08": 4
    }, 
    "45": {
        "cache-02": 4.805221239646849, 
        "cache-08": 4
    }, 
    "46": {
        "cache-02": 4.805106352599646, 
        "cache-08": 4
    }, 
    "47": {
        "cache-02": 4.805048909076044, 
        "cache-08": 4
    }, 
    "48": {
        "cache-02": 4.805020187314243, 
        "cache-08": 4
    }, 
    "49": {
        "cache-02": 4.902486896683628, 
        "cache-08": 4
    }, 
    "50": {
        "cache-02": 4.951220251368321, 
        "cache-08": 4
    }, 
    "51": {
        "cache-02": 4.878105858460382, 
        "cache-08": 4
    }, 
    "52": {
        "cache-02": 4.841548662006412, 
        "cache-08": 4
    }, 
    "53": {
        "cache-02": 4.823270063779427, 
        "cache-08": 4
    }, 
    "54": {
        "cache-02": 4.814130764665935, 
        "cache-08": 4
    }, 
    "55": {
        "cache-02": 4.809561115109188, 
        "cache-08": 4
    }, 
    "56": {
        "cache-02": 4.807276290330815, 
        "cache-08": 4
    }, 
    "57": {
        "cache-02": 4.806133877941629, 
        "cache-08": 4
    }, 
    "58": {
        "cache-02": 4.650790087061363, 
        "cache-08": 4
    }, 
    "59": {
        "cache-02": 4.57311819162123, 
        "cache-08": 4
    }, 
    "60": {
        "cache-02": 4.534282243901163, 
        "cache-08": 4
    }, 
    "61": {
        "cache-02": 4.767117924977089, 
        "cache-08": 4
    }, 
    "62": {
        "cache-02": 4.786054695264766, 
        "cache-08": 4
    }, 
    "63": {
        "cache-02": 4.7955230804086035, 
        "cache-08": 4
    }, 
    "64": {
        "cache-02": 4.800257272980523, 
        "cache-08": 4
    }, 
    "65": {
        "cache-02": 4.802624369266482, 
        "cache-08": 4
    }, 
    "66": {
        "cache-02": 4.803807917409462, 
        "cache-08": 4
    }, 
    "67": {
        "cache-02": 4.649627106795279, 
        "cache-08": 4
    }, 
    "68": {
        "cache-02": 4.572536701488188, 
        "cache-08": 4
    }, 
    "69": {
        "cache-02": 4.688764083520315, 
        "cache-08": 4
    }, 
    "70": {
        "cache-02": 4.746877774536379, 
        "cache-08": 4
    }, 
    "71": {
        "cache-02": 4.77593462004441, 
        "cache-08": 4
    }, 
    "72": {
        "cache-02": 4.790463042798426, 
        "cache-08": 4
    }, 
    "73": {
        "cache-02": 4.7977272541754346, 
        "cache-08": 4
    }, 
    "74": {
        "cache-02": 4.898840430114225, 
        "cache-08": 4
    }, 
    "75": {
        "cache-02": 4.851915947833334, 
        "cache-08": 4
    }, 
    "76": {
        "cache-02": 4.828453706692888, 
        "cache-08": 4
    }, 
    "77": {
        "cache-02": 4.661950001436992, 
        "cache-08": 4
    }, 
    "78": {
        "cache-02": 4.475219576858626, 
        "cache-08": 4
    }, 
    "79": {
        "cache-02": 4.485332936519861, 
        "cache-08": 4
    }, 
    "80": {
        "cache-02": 4.490389616350479, 
        "cache-08": 4
    }, 
    "81": {
        "cache-02": 4.492917956265788, 
        "cache-08": 4
    }, 
    "82": {
        "cache-02": 4.494182126223443, 
        "cache-08": 4
    }, 
    "83": {
        "cache-02": 4.649586795887942, 
        "cache-08": 4
    }, 
    "84": {
        "cache-02": 4.727289130720193, 
        "cache-08": 4
    }, 
    "85": {
        "cache-02": 4.863621368386603, 
        "cache-08": 4
    }, 
    "86": {
        "cache-02": 4.834306416969523, 
        "cache-08": 4
    }, 
    "87": {
        "cache-02": 4.917130011511269, 
        "cache-08": 4
    }, 
    "88": {
        "cache-02": 4.861060738531855, 
        "cache-08": 4
    }, 
    "89": {
        "cache-02": 4.833026102042149, 
        "cache-08": 4
    }, 
    "90": {
        "cache-02": 4.664236199111623, 
        "cache-08": 4
    }, 
    "91": {
        "cache-02": 4.57984124764636, 
        "cache-08": 4
    }, 
    "92": {
        "cache-02": 4.537643771913729, 
        "cache-08": 4
    },