{
    "0": {
        "cache-04": 3.75, 
        "cache-08": 4
    }, 
    "1": {
        "cache-04": 4.01924457614013, 
        "cache-08": 4
    }, 
    "2": {
        "cache-04": 4.412118020846286, 
        "cache-08": 4
    }, 
    "3": {
        "cache-04": 4.608554743199364, 
        "cache-08": 4
    }, 
    "4": {
        "cache-04": 4.804254174626189, 
        "cache-08": 4
    }, 
    "5": {
        "cache-04": 4.9021038903396015, 
        "cache-08": 4
    }, 
    "6": {
        "cache-04": 4.951028748196308, 
        "cache-08": 4
    }, 
    "7": {
        "cache-04": 4.9754911771246615, 
        "cache-08": 4
    }, 
    "8": {
        "cache-04": 4.987722391588838, 
        "cache-08": 4
    }, 
    "9": {
        "cache-04": 4.993837998820926, 
        "cache-08": 4
    }, 
    "10": {
        "cache-04": 4.9968958024369705, 
        "cache-08": 4
    }, 
    "11": {
        "cache-04": 4.998424704244993, 
        "cache-08": 4
    }, 
    "12": {
        "cache-04": 4.999189155149004, 
        "cache-08": 4
    }, 
    "13": {
        "cache-04": 4.99957138060101, 
        "cache-08": 4
    }, 
    "14": {
        "cache-04": 4.999762493327012, 
        "cache-08": 4
    }, 
    "15": {
        "cache-04": 4.999858049690014, 
        "cache-08": 4
    }, 
    "16": {
        "cache-04": 4.999905827871514, 
        "cache-08": 4
    }, 
    "17": {
        "cache-04": 4.999929716962264, 
        "cache-08": 4
    }, 
    "18": {
        "cache-04": 4.9999416615076395, 
        "cache-08": 4
    }, 
    "19": {
        "cache-04": 4.999947633780327, 
        "cache-08": 4
    }, 
    "20": {
        "cache-04": 4.999950619916671, 
        "cache-08": 4
    }, 
    "21": {
        "cache-04": 4.999952112984843, 
        "cache-08": 4
    }, 
    "22": {
        "cache-04": 4.999952859518929, 
        "cache-08": 4
    }, 
    "23": {
        "cache-04": 4.9999532327859715, 
        "cache-08": 4
    }, 
    "24": {
        "cache-04": 4.999953419419493, 
        "cache-08": 4
    }, 
    "25": {
        "cache-04": 4.999953512736253, 
        "cache-08": 4
    }, 
    "26": {
        "cache-04": 4.902472489144348, 
        "cache-08": 4
    }, 
    "27": {
        "cache-04": 4.853731977348395, 
        "cache-08": 4
    }, 
    "28": {
        "cache-04": 4.829361721450418, 
        "cache-08": 4
    }, 
    "29": {
        "cache-04": 4.81717659350143, 
        "cache-08": 4
    }, 
    "30": {
        "cache-04": 4.908565099777222, 
        "cache-08": 4
    }, 
    "31": {
        "cache-04": 4.856778282664832, 
        "cache-08": 4
    }, 
    "32": {
        "cache-04": 4.6761122894229645, 
        "cache-08": 4
    }, 
    "33": {
        "cache-04": 4.740551877487704, 
        "cache-08": 4
    }, 
    "34": {
        "cache-04": 4.87025274177036, 
        "cache-08": 4
    }, 
    "35": {
        "cache-04": 4.837622103661401, 
        "cache-08": 4
    }, 
    "36": {
        "cache-04": 4.563055627970831, 
        "cache-08": 4
    }, 
    "37": {
        "cache-04": 4.684023546761637, 
        "cache-08": 4
    }, 
    "38": {
        "cache-04": 4.744507506157039, 
        "cache-08": 4
    }, 
    "39": {
        "cache-04": 4.774749485854741, 
        "cache-08": 4
    }, 
    "40": {
        "cache-04": 4.5316193190675005, 
        "cache-08": 4
    }, 
    "41": {
        "cache-04": 4.513532807624299, 
        "cache-08": 4
    }, 
    "42": {
        "cache-04": 4.659262136588371, 
        "cache-08": 4
    }, 
    "43": {
        "cache-04": 4.829607871320693, 
        "cache-08": 4
    }, 
    "44": {
        "cache-04": 4.817299668436568, 
        "cache-08": 4
    }, 
    "45": {
        "cache-04": 4.8111455669945045, 
        "cache-08": 4
    }, 
    "46": {
        "cache-04": 4.90554958652376, 
        "cache-08": 4
    }, 
    "47": {
        "cache-04": 4.952751596288387, 
        "cache-08": 4
    }, 
    "48": {
        "cache-04": 4.724098946234742, 
        "cache-08": 4
    }, 
    "49": {
        "cache-04": 4.609772621207919, 
        "cache-08": 4
    }, 
    "50": {
        "cache-04": 4.804863113630467, 
        "cache-08": 4
    }, 
    "51": {
        "cache-04": 4.902408359841741, 
        "cache-08": 4
    }, 
    "52": {
        "cache-04": 4.951180982947378, 
        "cache-08": 4
    }, 
    "53": {
        "cache-04": 4.87808622424991, 
        "cache-08": 4
    }, 
    "54": {
        "cache-04": 4.686766260215503, 
        "cache-08": 4
    }, 
    "55": {
        "cache-04": 4.7458788628839725, 
        "cache-08": 4
    }, 
    "56": {
        "cache-04": 4.620662579532535, 
        "cache-08": 4
    }, 
    "57": {
        "cache-04": 4.810308092792775, 
        "cache-08": 4
    }, 
    "58": {
        "cache-04": 4.807649779172609, 
        "cache-08": 4
    }, 
    "59": {
        "cache-04": 4.806320622362525, 
        "cache-08": 4
    }, 
    "60": {
        "cache-04": 4.650883459271811, 
        "cache-08": 4
    }, 
    "61": {
        "cache-04": 4.727937462412127, 
        "cache-08": 4
    }, 
    "62": {
        "cache-04": 4.611691879296612, 
        "cache-08": 4
    }, 
    "63": {
        "cache-04": 4.553569087738854, 
        "cache-08": 4
    }, 
    "64": {
        "cache-04": 4.679280276645648, 
        "cache-08": 4
    }, 
    "65": {
        "cache-04": 4.587363286413373, 
        "cache-08": 4
    }, 
    "66": {
        "cache-04": 4.6961773759829075, 
        "cache-08": 4
    }, 
    "67": {
        "cache-04": 4.595811836082002, 
        "cache-08": 4
    }, 
    "68": {
        "cache-04": 4.54562906613155, 
        "cache-08": 4
    }, 
    "69": {
        "cache-04": 4.675310265841996, 
        "cache-08": 4
    }, 
    "70": {
        "cache-04": 4.740150865697219, 
        "cache-08": 4
    }, 
    "71": {
        "cache-04": 4.617798580939158, 
        "cache-08": 4
    }, 
    "72": {
        "cache-04": 4.556622438560128, 
        "cache-08": 4
    }, 
    "73": {
        "cache-04": 4.680806952056285, 
        "cache-08": 4
    }, 
    "74": {
        "cache-04": 4.588126624118691, 
        "cache-08": 4
    }, 
    "75": {
        "cache-04": 4.541786460149893, 
        "cache-08": 4
    }, 
    "76": {
        "cache-04": 4.673388962851168, 
        "cache-08": 4
    }, 
    "77": {
        "cache-04": 4.739190214201805, 
        "cache-08": 4
    }, 
    "78": {
        "cache-04": 4.772090839877124, 
        "cache-08": 4
    }, 
    "79": {
        "cache-04": 4.788541152714783, 
        "cache-08": 4
    }, 
    "80": {
        "cache-04": 4.8942473793838985, 
        "cache-08": 4
    }, 
    "81": {
        "cache-04": 4.947100492718457, 
        "cache-08": 4
    }, 
    "82": {
        "cache-04": 4.973527049385735, 
        "cache-08": 4
    }, 
    "83": {
        "cache-04": 4.889259257469089, 
        "cache-08": 4
    }, 
    "84": {
        "cache-04": 4.8471253615107655, 
        "cache-08": 4
    }, 
    "85": {
        "cache-04": 4.826058413531603, 
        "cache-08": 4
    }, 
    "86": {
        "cache-04": 4.815524939542023, 
        "cache-08": 4
    }, 
    "87": {
        "cache-04": 4.8102582025472325, 
        "cache-08": 4
    }, 
    "88": {
        "cache-04": 4.807624834049838, 
        "cache-08": 4
    }, 
    "89": {
        "cache-04": 4.651535565115467, 
        "cache-08": 4
    }, 
    "90": {
        "cache-04": 4.573490930648282, 
        "cache-08": 4
    }, 
    "91": {
        "cache-04": 4.689241198100362, 
        "cache-08": 4
    }, 
    "92": {
        "cache-04": 4.747116331826402, 
        "cache-08": 4
    },