{
    "0": {
        "cache-04": 3.75, 
        "cache-05": 4
    }, 
    "1": {
        "cache-04": 4.01924457614013, 
        "cache-05": 4
    }, 
    "2": {
        "cache-04": 4.509599091096572, 
        "cache-05": 4
    }, 
    "3": {
        "cache-04": 4.754776348574794, 
        "cache-05": 4
    }, 
    "4": {
        "cache-04": 4.8773649773139045, 
        "cache-05": 4
    }, 
    "5": {
        "cache-04": 4.938659291683459, 
        "cache-05": 4
    }, 
    "6": {
        "cache-04": 4.969306448868236, 
        "cache-05": 4
    }, 
    "7": {
        "cache-04": 4.984630027460625, 
        "cache-05": 4
    }, 
    "8": {
        "cache-04": 4.99229181675682, 
        "cache-05": 4
    }, 
    "9": {
        "cache-04": 4.996122711404917, 
        "cache-05": 4
    }, 
    "10": {
        "cache-04": 4.998038158728965, 
        "cache-05": 4
    }, 
    "11": {
        "cache-04": 4.9989958823909895, 
        "cache-05": 4
    }, 
    "12": {
        "cache-04": 4.999474744222002, 
        "cache-05": 4
    }, 
    "13": {
        "cache-04": 4.999714175137509, 
        "cache-05": 4
    }, 
    "14": {
        "cache-04": 4.999833890595262, 
        "cache-05": 4
    }, 
    "15": {
        "cache-04": 4.902412678073852, 
        "cache-05": 4
    }, 
    "16": {
        "cache-04": 4.853702071813148, 
        "cache-05": 4
    }, 
    "17": {
        "cache-04": 4.829346768682795, 
        "cache-05": 4
    }, 
    "18": {
        "cache-04": 4.8171691171176185, 
        "cache-05": 4
    }, 
    "19": {
        "cache-04": 4.908561361585317, 
        "cache-05": 4
    }, 
    "20": {
        "cache-04": 4.85677641356888, 
        "cache-05": 4
    }, 
    "21": {
        "cache-04": 4.83088393956066, 
        "cache-05": 4
    }, 
    "22": {
        "cache-04": 4.817937702556551, 
        "cache-05": 4
    }, 
    "23": {
        "cache-04": 4.908945654304783, 
        "cache-05": 4
    }, 
    "24": {
        "cache-04": 4.856968559928612, 
        "cache-05": 4
    }, 
    "25": {
        "cache-04": 4.6762074280548545, 
        "cache-05": 4
    }, 
    "26": {
        "cache-04": 4.8380805170539345, 
        "cache-05": 4
    }, 
    "27": {
        "cache-04": 4.821535991303188, 
        "cache-05": 4
    }, 
    "28": {
        "cache-04": 4.658491143742142, 
        "cache-05": 4
    }, 
    "29": {
        "cache-04": 4.731741304647292, 
        "cache-05": 4
    }, 
    "30": {
        "cache-04": 4.768366385099867, 
        "cache-05": 4
    }, 
    "31": {
        "cache-04": 4.884159995576441, 
        "cache-05": 4
    }, 
    "32": {
        "cache-04": 4.942056800814727, 
        "cache-05": 4
    }, 
    "33": {
        "cache-04": 4.9710052034338705, 
        "cache-05": 4
    }, 
    "34": {
        "cache-04": 4.887998334493156, 
        "cache-05": 4
    }, 
    "35": {
        "cache-04": 4.846494900022799, 
        "cache-05": 4
    }, 
    "36": {
        "cache-04": 4.825743182787621, 
        "cache-05": 4
    }, 
    "37": {
        "cache-04": 4.660594739484359, 
        "cache-05": 4
    }, 
    "38": {
        "cache-04": 4.578020517832728, 
        "cache-05": 4
    }, 
    "39": {
        "cache-04": 4.788987061942871, 
        "cache-05": 4
    }, 
    "40": {
        "cache-04": 4.894470333997942, 
        "cache-05": 4
    }, 
    "41": {
        "cache-04": 4.947211970025478, 
        "cache-05": 4
    }, 
    "42": {
        "cache-04": 4.87610171778896, 
        "cache-05": 4
    }, 
    "43": {
        "cache-04": 4.840546591670702, 
        "cache-05": 4
    }, 
    "44": {
        "cache-04": 4.822769028611572, 
        "cache-05": 4
    }, 
    "45": {
        "cache-04": 4.911361317332293, 
        "cache-05": 4
    }, 
    "46": {
        "cache-04": 4.955657461692654, 
        "cache-05": 4
    }, 
    "47": {
        "cache-04": 4.977805533872834, 
        "cache-05": 4
    }, 
    "48": {
        "cache-04": 4.988879569962924, 
        "cache-05": 4
    }, 
    "49": {
        "cache-04": 4.896935517757683, 
        "cache-05": 4
    }, 
    "50": {
        "cache-04": 4.850963491655063, 
        "cache-05": 4
    }, 
    "51": {
        "cache-04": 4.827977478603753, 
        "cache-05": 4
    }, 
    "52": {
        "cache-04": 4.8164844720780975, 
        "cache-05": 4
    }, 
    "53": {
        "cache-04": 4.810737968815269, 
        "cache-05": 4
    }, 
    "54": {
        "cache-04": 4.807864717183856, 
        "cache-05": 4
    }, 
    "55": {
        "cache-04": 4.806428091368149, 
        "cache-05": 4
    }, 
    "56": {
        "cache-04": 4.805709778460296, 
        "cache-05": 4
    }, 
    "57": {
        "cache-04": 4.902831692256655, 
        "cache-05": 4
    }, 
    "58": {
        "cache-04": 4.853911578904548, 
        "cache-05": 4
    }, 
    "59": {
        "cache-04": 4.9269325924787815, 
        "cache-05": 4
    }, 
    "60": {
        "cache-04": 4.865962029015612, 
        "cache-05": 4
    }, 
    "61": {
        "cache-04": 4.680704162598355, 
        "cache-05": 4
    }, 
    "62": {
        "cache-04": 4.588075229389726, 
        "cache-05": 4
    }, 
    "63": {
        "cache-04": 4.6965333474710835, 
        "cache-05": 4
    }, 
    "64": {
        "cache-04": 4.750762406511763, 
        "cache-05": 4
    }, 
    "65": {
        "cache-04": 4.7778769360321025, 
        "cache-05": 4
    }, 
    "66": {
        "cache-04": 4.888915271042558, 
        "cache-05": 4
    }, 
    "67": {
        "cache-04": 4.8469533682975, 
        "cache-05": 4
    }, 
    "68": {
        "cache-04": 4.825972416924971, 
        "cache-05": 4
    }, 
    "69": {
        "cache-04": 4.912963011488992, 
        "cache-05": 4
    }, 
    "70": {
        "cache-04": 4.956458308771003, 
        "cache-05": 4
    }, 
    "71": {
        "cache-04": 4.880724887161723, 
        "cache-05": 4
    }, 
    "72": {
        "cache-04": 4.842858176357082, 
        "cache-05": 4
    }, 
    "73": {
        "cache-04": 4.9214058912050485, 
        "cache-05": 4
    }, 
    "74": {
        "cache-04": 4.863198678378746, 
        "cache-05": 4
    }, 
    "75": {
        "cache-04": 4.834095071965594, 
        "cache-05": 4
    }, 
    "76": {
        "cache-04": 4.917024339009304, 
        "cache-05": 4
    }, 
    "77": {
        "cache-04": 4.958488972531159, 
        "cache-05": 4
    }, 
    "78": {
        "cache-04": 4.8817402190418, 
        "cache-05": 4
    }, 
    "79": {
        "cache-04": 4.843365842297121, 
        "cache-05": 4
    }, 
    "80": {
        "cache-04": 4.921659724175068, 
        "cache-05": 4
    }, 
    "81": {
        "cache-04": 4.960806665114042, 
        "cache-05": 4
    }, 
    "82": {
        "cache-04": 4.882899065333242, 
        "cache-05": 4
    }, 
    "83": {
        "cache-04": 4.8439452654428425, 
        "cache-05": 4
    }, 
    "84": {
        "cache-04": 4.921949435747928, 
        "cache-05": 4
    }, 
    "85": {
        "cache-04": 4.863470450650185, 
        "cache-05": 4
    }, 
    "86": {
        "cache-04": 4.834230958101314, 
        "cache-05": 4
    }, 
    "87": {
        "cache-04": 4.819611211826878, 
        "cache-05": 4
    }, 
    "88": {
        "cache-04": 4.909782408939947, 
        "cache-05": 4
    }, 
    "89": {
        "cache-04": 4.954868007496481, 
        "cache-05": 4
    }, 
    "90": {
        "cache-04": 4.879929736524462, 
        "cache-05": 4
    }, 
    "91": {
        "cache-04": 4.842460601038452, 
        "cache-05": 4
    }, 
    "92": {
        "cache-04": 4.823726033295447, 
        "cache-05": 4
    }, 
    "93": {
        "cache-04": 4.911839819674231, 
        "cache-05": 4
    }, 
    "94": {
        "cache-04": 4.955896712863623, 
        "cache-05": 4
    }, 
    "95": {
        "cache-04": 4.977925159458319, 
        "cache-05": 4
    }, 
    "96": {
        "cache-04": 4.988939382755667, 
        "cache-05": 4
    }, 
    "97": {
        "cache-04": 4.994446494404341,