{
    "0": {
        "cache-02": 4, 
        "cache-04": 3.75
    }, 
    "1": {
        "cache-02": 4, 
        "cache-04": 4.122723148090548
    }, 
    "2": {
        "cache-02": 4, 
        "cache-04": 4.561338377071781
    }, 
    "3": {
        "cache-02": 4, 
        "cache-04": 4.780645991562398
    }, 
    "4": {
        "cache-02": 4, 
        "cache-04": 4.890299798807707
    }, 
    "5": {
        "cache-02": 4, 
        "cache-04": 4.945126702430361
    }, 
    "6": {
        "cache-02": 4, 
        "cache-04": 4.972540154241688
    }, 
    "7": {
        "cache-02": 4, 
        "cache-04": 4.986246880147352
    }, 
    "8": {
        "cache-02": 4, 
        "cache-04": 4.993100243100184
    }, 
    "9": {
        "cache-02": 4, 
        "cache-04": 4.9965269245765995
    }, 
    "10": {
        "cache-02": 4, 
        "cache-04": 4.9982402653148075
    }, 
    "11": {
        "cache-02": 4, 
        "cache-04": 4.999096935683911
    }, 
    "12": {
        "cache-02": 4, 
        "cache-04": 4.999525270868462
    }, 
    "13": {
        "cache-02": 4, 
        "cache-04": 4.999739438460738
    }, 
    "14": {
        "cache-02": 4, 
        "cache-04": 4.999846522256876
    }, 
    "15": {
        "cache-02": 4, 
        "cache-04": 4.902418993904659
    }, 
    "16": {
        "cache-02": 4, 
        "cache-04": 4.853705229728551
    }, 
    "17": {
        "cache-02": 4, 
        "cache-04": 4.829348347640496
    }, 
    "18": {
        "cache-02": 4, 
        "cache-04": 4.817169906596469
    }, 
    "19": {
        "cache-02": 4, 
        "cache-04": 4.8110806860744555
    }, 
    "20": {
        "cache-02": 4, 
        "cache-04": 4.905517146063735
    }, 
    "21": {
        "cache-02": 4, 
        "cache-04": 4.855254305808089
    }, 
    "22": {
        "cache-02": 4, 
        "cache-04": 4.830122885680265
    }, 
    "23": {
        "cache-02": 4, 
        "cache-04": 4.817557175616354
    }, 
    "24": {
        "cache-02": 4, 
        "cache-04": 4.908755390834685
    }, 
    "25": {
        "cache-02": 4, 
        "cache-04": 4.8568734281935635
    }, 
    "26": {
        "cache-02": 4, 
        "cache-04": 4.67615986218733
    }, 
    "27": {
        "cache-02": 4, 
        "cache-04": 4.740575663869886
    }, 
    "28": {
        "cache-02": 4, 
        "cache-04": 4.772783564711164
    }, 
    "29": {
        "cache-02": 4, 
        "cache-04": 4.63411493044613
    }, 
    "30": {
        "cache-02": 4, 
        "cache-04": 4.719553197999286
    }, 
    "31": {
        "cache-02": 4, 
        "cache-04": 4.762272331775864
    }, 
    "32": {
        "cache-02": 4, 
        "cache-04": 4.881112968914439
    }, 
    "33": {
        "cache-02": 4, 
        "cache-04": 4.940533287483727
    }, 
    "34": {
        "cache-02": 4, 
        "cache-04": 4.970243446768371
    }, 
    "35": {
        "cache-02": 4, 
        "cache-04": 4.985098526410693
    }, 
    "36": {
        "cache-02": 4, 
        "cache-04": 4.992526066231854
    }, 
    "37": {
        "cache-02": 4, 
        "cache-04": 4.9962398361424345
    }, 
    "38": {
        "cache-02": 4, 
        "cache-04": 4.745843066161766
    }, 
    "39": {
        "cache-02": 4, 
        "cache-04": 4.620644681171431
    }, 
    "40": {
        "cache-02": 4, 
        "cache-04": 4.810299143612223
    }, 
    "41": {
        "cache-02": 4, 
        "cache-04": 4.905126374832619
    }, 
    "42": {
        "cache-02": 4, 
        "cache-04": 4.952539990442817
    }, 
    "43": {
        "cache-02": 4, 
        "cache-04": 4.87876572799763
    }, 
    "44": {
        "cache-02": 4, 
        "cache-04": 4.841878596775036
    }, 
    "45": {
        "cache-02": 4, 
        "cache-04": 4.823435031163739
    }, 
    "46": {
        "cache-02": 4, 
        "cache-04": 4.81421324835809
    }, 
    "47": {
        "cache-02": 4, 
        "cache-04": 4.907083427205553
    }, 
    "48": {
        "cache-02": 4, 
        "cache-04": 4.953518516629284
    }, 
    "49": {
        "cache-02": 4, 
        "cache-04": 4.879254991090863
    }, 
    "50": {
        "cache-02": 4, 
        "cache-04": 4.842123228321652
    }, 
    "51": {
        "cache-02": 4, 
        "cache-04": 4.6687847622513745
    }, 
    "52": {
        "cache-02": 4, 
        "cache-04": 4.736888113901909
    }, 
    "53": {
        "cache-02": 4, 
        "cache-04": 4.7709397897271755
    }, 
    "54": {
        "cache-02": 4, 
        "cache-04": 4.787965627639808
    }, 
    "55": {
        "cache-02": 4, 
        "cache-04": 4.796478546596125
    }, 
    "56": {
        "cache-02": 4, 
        "cache-04": 4.800735006074284
    }, 
    "57": {
        "cache-02": 4, 
        "cache-04": 4.802863235813363
    }, 
    "58": {
        "cache-02": 4, 
        "cache-04": 4.803927350682903
    }, 
    "59": {
        "cache-02": 4, 
        "cache-04": 4.901940478367958
    }, 
    "60": {
        "cache-02": 4, 
        "cache-04": 4.950947042210487
    }, 
    "61": {
        "cache-02": 4, 
        "cache-04": 4.723196669195792
    }, 
    "62": {
        "cache-02": 4, 
        "cache-04": 4.764094067374117
    }, 
    "63": {
        "cache-02": 4, 
        "cache-04": 4.412277992448091
    }, 
    "64": {
        "cache-02": 4, 
        "cache-04": 4.608634729000267
    }, 
    "65": {
        "cache-02": 4, 
        "cache-04": 4.80429416752664
    }, 
    "66": {
        "cache-02": 4, 
        "cache-04": 4.804642816539541
    }, 
    "67": {
        "cache-02": 4, 
        "cache-04": 4.804817141045992
    }, 
    "68": {
        "cache-02": 4, 
        "cache-04": 4.902385373549503
    }, 
    "69": {
        "cache-02": 4, 
        "cache-04": 4.853688419550973
    }, 
    "70": {
        "cache-02": 4, 
        "cache-04": 4.926821012801994
    }, 
    "71": {
        "cache-02": 4, 
        "cache-04": 4.963387309427504
    }, 
    "72": {
        "cache-02": 4, 
        "cache-04": 4.981670457740259
    }, 
    "73": {
        "cache-02": 4, 
        "cache-04": 4.9908120318966365
    }, 
    "74": {
        "cache-02": 4, 
        "cache-04": 4.995382818974825
    }, 
    "75": {
        "cache-02": 4, 
        "cache-04": 4.900187142263634
    }, 
    "76": {
        "cache-02": 4, 
        "cache-04": 4.950070374158324
    }, 
    "77": {
        "cache-02": 4, 
        "cache-04": 4.877530919855383
    }, 
    "78": {
        "cache-02": 4, 
        "cache-04": 4.68648860801824
    }, 
    "79": {
        "cache-02": 4, 
        "cache-04": 4.590967452099669
    }, 
    "80": {
        "cache-02": 4, 
        "cache-04": 4.795460529076342
    }, 
    "81": {
        "cache-02": 4, 
        "cache-04": 4.897707067564678
    }, 
    "82": {
        "cache-02": 4, 
        "cache-04": 4.948830336808847
    }, 
    "83": {
        "cache-02": 4, 
        "cache-04": 4.974391971430931
    }, 
    "84": {
        "cache-02": 4, 
        "cache-04": 4.889691718491687
    }, 
    "85": {
        "cache-02": 4, 
        "cache-04": 4.944822662272351
    }, 
    "86": {
        "cache-02": 4, 
        "cache-04": 4.874907063912397
    }, 
    "87": {
        "cache-02": 4, 
        "cache-04": 4.83994926473242
    }, 
    "88": {
        "cache-02": 4, 
        "cache-04": 4.822470365142431
    }, 
    "89": {
        "cache-02": 4, 
        "cache-04": 4.911211985597722
    }, 
    "90": {
        "cache-02": 4, 
        "cache-04": 4.955582795825368
    }, 
    "91": {
        "cache-02": 4, 
        "cache-04": 4.880287130688905
    }, 
    "92": {
        "cache-02": 4, 
        "cache-04": 4.842639298120673
    }, 
    "93": {
        "cache-02": 4, 
        "cache-04": 4.823815381836558
    }, 
    "94": {
        "cache-02": 4, 
        "cache-04": 4.911884493944786
    }, 
    "95": {
        "cache-02": 4, 
        "cache-04": 4.858437979748614
    }, 
    "96": {
        "cache-02": 4, 
        "cache-04": 4.831714722650528
    }, 
    "97": {
        "cache-02": 4,