{
    "0": {
        "cache-06": 3.25, 
        "cache-08": 4
    }, 
    "1": {
        "cache-06": 3.4821376961479262, 
        "cache-08": 4
    }, 
    "2": {
        "cache-06": 3.885313424214093, 
        "cache-08": 4
    }, 
    "3": {
        "cache-06": 4.190379860197595, 
        "cache-08": 4
    }, 
    "4": {
        "cache-06": 4.12542088885983, 
        "cache-08": 4
    }, 
    "5": {
        "cache-06": 4.206955020570046, 
        "cache-08": 4
    }, 
    "6": {
        "cache-06": 4.351200658375571, 
        "cache-08": 4
    }, 
    "7": {
        "cache-06": 4.578096061964007, 
        "cache-08": 4
    }, 
    "8": {
        "cache-06": 4.433292607122134, 
        "cache-08": 4
    }, 
    "9": {
        "cache-06": 4.464369451651615, 
        "cache-08": 4
    }, 
    "10": {
        "cache-06": 4.2624156845868395, 
        "cache-08": 4
    }, 
    "11": {
        "cache-06": 4.161438801054452, 
        "cache-08": 4
    }, 
    "12": {
        "cache-06": 3.937857096675152, 
        "cache-08": 4
    }, 
    "13": {
        "cache-06": 3.937857096675152, 
        "cache-08": 4.14424457614013
    }, 
    "14": {
        "cache-06": 3.937857096675152, 
        "cache-08": 4.102353246831097
    }, 
    "15": {
        "cache-06": 3.937857096675152, 
        "cache-08": 4.081407582176581
    }, 
    "16": {
        "cache-06": 3.937857096675152, 
        "cache-08": 4.1849483672284205
    }, 
    "17": {
        "cache-06": 3.937857096675152, 
        "cache-08": 4.122705142375242
    }, 
    "18": {
        "cache-06": 3.937857096675152, 
        "cache-08": 3.781098415453096
    }, 
    "19": {
        "cache-06": 4.113173124477706, 
        "cache-08": 3.781098415453096
    }, 
    "20": {
        "cache-06": 4.3043097103294015, 
        "cache-08": 3.781098415453096
    }, 
    "21": {
        "cache-06": 4.296399431304831, 
        "cache-08": 3.781098415453096
    }, 
    "22": {
        "cache-06": 4.292444291792545, 
        "cache-08": 3.781098415453096
    }, 
    "23": {
        "cache-06": 4.290466722036403, 
        "cache-08": 3.781098415453096
    }, 
    "24": {
        "cache-06": 4.39295650910875, 
        "cache-08": 3.781098415453096
    }, 
    "25": {
        "cache-06": 4.340722830694505, 
        "cache-08": 3.781098415453096
    }, 
    "26": {
        "cache-06": 4.418084563437801, 
        "cache-08": 3.781098415453096
    }, 
    "27": {
        "cache-06": 4.353286857859031, 
        "cache-08": 3.781098415453096
    }, 
    "28": {
        "cache-06": 4.320888005069646, 
        "cache-08": 3.781098415453096
    }, 
    "29": {
        "cache-06": 4.304688578674954, 
        "cache-08": 3.781098415453096
    }, 
    "30": {
        "cache-06": 4.400067437428025, 
        "cache-08": 3.781098415453096
    }, 
    "31": {
        "cache-06": 4.602529451490234, 
        "cache-08": 3.781098415453096
    }, 
    "32": {
        "cache-06": 4.33149568450615, 
        "cache-08": 3.781098415453096
    }, 
    "33": {
        "cache-06": 4.309992418393206, 
        "cache-08": 3.781098415453096
    }, 
    "34": {
        "cache-06": 4.402719357287151, 
        "cache-08": 3.781098415453096
    }, 
    "35": {
        "cache-06": 4.449082826734124, 
        "cache-08": 3.781098415453096
    }, 
    "36": {
        "cache-06": 4.47226456145761, 
        "cache-08": 3.781098415453096
    }, 
    "37": {
        "cache-06": 4.638628013505026, 
        "cache-08": 3.781098415453096
    }, 
    "38": {
        "cache-06": 4.0390598510179885, 
        "cache-08": 3.781098415453096
    }, 
    "39": {
        "cache-06": 4.163774501649124, 
        "cache-08": 3.781098415453096
    }, 
    "40": {
        "cache-06": 4.226131826964693, 
        "cache-08": 3.781098415453096
    }, 
    "41": {
        "cache-06": 4.257310489622476, 
        "cache-08": 3.781098415453096
    }, 
    "42": {
        "cache-06": 4.158886203572271, 
        "cache-08": 3.781098415453096
    }, 
    "43": {
        "cache-06": 4.327166249876684, 
        "cache-08": 3.781098415453096
    }, 
    "44": {
        "cache-06": 4.41130627302889, 
        "cache-08": 3.781098415453096
    }, 
    "45": {
        "cache-06": 4.349897712654576, 
        "cache-08": 3.781098415453096
    }, 
    "46": {
        "cache-06": 4.577444589103509, 
        "cache-08": 3.781098415453096
    }, 
    "47": {
        "cache-06": 4.6912180273279755, 
        "cache-08": 3.781098415453096
    }, 
    "48": {
        "cache-06": 4.37583997242502, 
        "cache-08": 3.781098415453096
    }, 
    "49": {
        "cache-06": 4.435643134303058, 
        "cache-08": 3.781098415453096
    }, 
    "50": {
        "cache-06": 4.248052525912561, 
        "cache-08": 3.781098415453096
    }, 
    "51": {
        "cache-06": 4.371749411046829, 
        "cache-08": 3.781098415453096
    }, 
    "52": {
        "cache-06": 4.043012401671341, 
        "cache-08": 3.781098415453096
    }, 
    "53": {
        "cache-06": 4.269229348926219, 
        "cache-08": 3.781098415453096
    }, 
    "54": {
        "cache-06": 4.382337822553658, 
        "cache-08": 3.781098415453096
    }, 
    "55": {
        "cache-06": 4.5936646440530495, 
        "cache-08": 3.781098415453096
    }, 
    "56": {
        "cache-06": 4.441076898166655, 
        "cache-08": 3.781098415453096
    }, 
    "57": {
        "cache-06": 4.468261597173876, 
        "cache-08": 3.781098415453096
    }, 
    "58": {
        "cache-06": 4.481853946677486, 
        "cache-08": 3.781098415453096
    }, 
    "59": {
        "cache-06": 4.271157932099776, 
        "cache-08": 3.781098415453096
    }, 
    "60": {
        "cache-06": 3.992716662197814, 
        "cache-08": 3.781098415453096
    }, 
    "61": {
        "cache-06": 4.140602907239037, 
        "cache-08": 3.781098415453096
    }, 
    "62": {
        "cache-06": 4.214546029759649, 
        "cache-08": 3.781098415453096
    }, 
    "63": {
        "cache-06": 4.354996162970373, 
        "cache-08": 3.781098415453096
    }, 
    "64": {
        "cache-06": 4.207729040246219, 
        "cache-08": 3.781098415453096
    }, 
    "65": {
        "cache-06": 4.1340954788841415, 
        "cache-08": 3.781098415453096
    }, 
    "66": {
        "cache-06": 4.314770887532619, 
        "cache-08": 3.781098415453096
    }, 
    "67": {
        "cache-06": 4.405108591856858, 
        "cache-08": 3.781098415453096
    }, 
    "68": {
        "cache-06": 4.60505002870465, 
        "cache-08": 3.781098415453096
    }, 
    "69": {
        "cache-06": 4.1596627105002515, 
        "cache-08": 3.781098415453096
    }, 
    "70": {
        "cache-06": 4.327554503340674, 
        "cache-08": 3.781098415453096
    }, 
    "71": {
        "cache-06": 4.020914947818263, 
        "cache-08": 3.781098415453096
    }, 
    "72": {
        "cache-06": 4.154702050049262, 
        "cache-08": 3.781098415453096
    }, 
    "73": {
        "cache-06": 4.32507417311518, 
        "cache-08": 3.781098415453096
    }, 
    "74": {
        "cache-06": 4.565032819333811, 
        "cache-08": 3.781098415453096
    }, 
    "75": {
        "cache-06": 4.312747368427938, 
        "cache-08": 3.781098415453096
    }, 
    "76": {
        "cache-06": 4.300618260354099, 
        "cache-08": 3.781098415453096
    }, 
    "77": {
        "cache-06": 4.2945537063171795, 
        "cache-08": 3.781098415453096
    }, 
    "78": {
        "cache-06": 4.2915214292987205, 
        "cache-08": 3.781098415453096
    }, 
    "79": {
        "cache-06": 4.393483862739909, 
        "cache-08": 3.781098415453096
    }, 
    "80": {
        "cache-06": 4.444465079460503, 
        "cache-08": 3.781098415453096
    }, 
    "81": {
        "cache-06": 4.4699556878208, 
        "cache-08": 3.781098415453096
    }, 
    "82": {
        "cache-06": 4.092115540058327, 
        "cache-08": 3.781098415453096
    }, 
    "83": {
        "cache-06": 4.190302346169293,