{
    "cache-01": 185.8, 
    "cache-02": 185.0, 
    "cache-03": 185.4, 
    "cache-04": 98.62, 
    "cache-05": 97.69999999999999, 
    "cache-06": 43.720000000000006, 
    "cache-07": 28.939999999999998, 
    "cache-08": 28.78
}