{
    "cache-01": 382.2, 
    "cache-02": 340.4, 
    "cache-03": 339.8, 
    "cache-04": 97.24000000000001, 
    "cache-05": 101.13999999999999, 
    "cache-06": 261.0, 
    "cache-07": 193.0, 
    "cache-08": 196.4
}