{
    "cache-01": 188.2, 
    "cache-02": 187.2, 
    "cache-03": 190.0, 
    "cache-04": 91.32000000000001, 
    "cache-05": 91.86, 
    "cache-06": 38.50000000000001, 
    "cache-07": 37.68, 
    "cache-08": 39.54
}