{
    "0": {
        "cache-01": 4, 
        "cache-02": 3.25
    }, 
    "1": {
        "cache-01": 4, 
        "cache-02": 3.1098729221327375
    }, 
    "2": {
        "cache-01": 4, 
        "cache-02": 3.2746823053318437
    }, 
    "3": {
        "cache-01": 4, 
        "cache-02": 3.357086996931397
    }, 
    "4": {
        "cache-01": 4, 
        "cache-02": 3.3982893427311733
    }, 
    "5": {
        "cache-01": 4, 
        "cache-02": 3.556282367513513
    }, 
    "6": {
        "cache-01": 4.030230958761033, 
        "cache-02": 3.556282367513513
    }, 
    "7": {
        "cache-01": 4.045346438141548, 
        "cache-02": 3.556282367513513
    }, 
    "8": {
        "cache-01": 3.8798109152187004, 
        "cache-02": 3.556282367513513
    }, 
    "9": {
        "cache-01": 3.7970431537572766, 
        "cache-02": 3.556282367513513
    }, 
    "10": {
        "cache-01": 3.9287525356396706, 
        "cache-02": 3.556282367513513
    }, 
    "11": {
        "cache-01": 3.9946072265808676, 
        "cache-02": 3.556282367513513
    }, 
    "12": {
        "cache-01": 4.027534572051466, 
        "cache-02": 3.556282367513513
    }, 
    "13": {
        "cache-01": 4.043998244786765, 
        "cache-02": 3.556282367513513
    }, 
    "14": {
        "cache-01": 4.0522300811544145, 
        "cache-02": 3.556282367513513
    }, 
    "15": {
        "cache-01": 4.056345999338239, 
        "cache-02": 3.556282367513513
    }, 
    "16": {
        "cache-01": 4.0584039584301514, 
        "cache-02": 3.556282367513513
    }, 
    "17": {
        "cache-01": 4.0594329379761085, 
        "cache-02": 3.556282367513513
    }, 
    "18": {
        "cache-01": 3.8868541651359805, 
        "cache-02": 3.556282367513513
    }, 
    "19": {
        "cache-01": 3.8005647787159162, 
        "cache-02": 3.556282367513513
    }, 
    "20": {
        "cache-01": 3.7574200855058844, 
        "cache-02": 3.556282367513513
    }, 
    "21": {
        "cache-01": 3.9089410015139743, 
        "cache-02": 3.556282367513513
    }, 
    "22": {
        "cache-01": 3.9847014595180195, 
        "cache-02": 3.556282367513513
    }, 
    "23": {
        "cache-01": 4.022581688520042, 
        "cache-02": 3.556282367513513
    }, 
    "24": {
        "cache-01": 4.041521803021054, 
        "cache-02": 3.556282367513513
    }, 
    "25": {
        "cache-01": 4.050991860271559, 
        "cache-02": 3.556282367513513
    }, 
    "26": {
        "cache-01": 3.8826336262837056, 
        "cache-02": 3.556282367513513
    }, 
    "27": {
        "cache-01": 3.798454509289779, 
        "cache-02": 3.556282367513513
    }, 
    "28": {
        "cache-01": 3.9294582134059217, 
        "cache-02": 3.556282367513513
    }, 
    "29": {
        "cache-01": 3.994960065463993, 
        "cache-02": 3.556282367513513
    }, 
    "30": {
        "cache-01": 4.027710991493029, 
        "cache-02": 3.556282367513513
    }, 
    "31": {
        "cache-01": 4.044086454507546, 
        "cache-02": 3.556282367513513
    }, 
    "32": {
        "cache-01": 4.052274186014806, 
        "cache-02": 3.556282367513513
    }, 
    "33": {
        "cache-01": 4.056368051768436, 
        "cache-02": 3.556282367513513
    }, 
    "34": {
        "cache-01": 4.05841498464525, 
        "cache-02": 3.556282367513513
    }, 
    "35": {
        "cache-01": 3.7489533365881, 
        "cache-02": 3.556282367513513
    }, 
    "36": {
        "cache-01": 3.731614364441976, 
        "cache-02": 3.556282367513513
    }, 
    "37": {
        "cache-01": 3.8960381409820206, 
        "cache-02": 3.556282367513513
    }, 
    "38": {
        "cache-01": 3.9782500292520426, 
        "cache-02": 3.556282367513513
    }, 
    "39": {
        "cache-01": 3.8462627107739475, 
        "cache-02": 3.556282367513513
    }, 
    "40": {
        "cache-01": 3.7802690515349, 
        "cache-02": 3.556282367513513
    }, 
    "41": {
        "cache-01": 3.7472722219153765, 
        "cache-02": 3.556282367513513
    }, 
    "42": {
        "cache-01": 3.7307738071056145, 
        "cache-02": 3.556282367513513
    }, 
    "43": {
        "cache-01": 3.8956178623138396, 
        "cache-02": 3.556282367513513
    }, 
    "44": {
        "cache-01": 3.978039889917952, 
        "cache-02": 3.556282367513513
    }, 
    "45": {
        "cache-01": 4.019250903720009, 
        "cache-02": 3.556282367513513
    }, 
    "46": {
        "cache-01": 4.039856410621036, 
        "cache-02": 3.556282367513513
    }, 
    "47": {
        "cache-01": 4.05015916407155, 
        "cache-02": 3.556282367513513
    }, 
    "48": {
        "cache-01": 4.055310540796807, 
        "cache-02": 3.556282367513513
    }, 
    "49": {
        "cache-01": 4.057886229159436, 
        "cache-02": 3.556282367513513
    }, 
    "50": {
        "cache-01": 4.059174073340751, 
        "cache-02": 3.556282367513513
    }, 
    "51": {
        "cache-01": 4.059817995431407, 
        "cache-02": 3.556282367513513
    }, 
    "52": {
        "cache-01": 4.0601399564767355, 
        "cache-02": 3.556282367513513
    }, 
    "53": {
        "cache-01": 4.0603009369994005, 
        "cache-02": 3.556282367513513
    }, 
    "54": {
        "cache-01": 4.060381427260733, 
        "cache-02": 3.556282367513513
    }, 
    "55": {
        "cache-01": 4.174435289770496, 
        "cache-02": 3.556282367513513
    }, 
    "56": {
        "cache-01": 4.231462221025378, 
        "cache-02": 3.556282367513513
    }, 
    "57": {
        "cache-01": 4.259975686652819, 
        "cache-02": 3.556282367513513
    }, 
    "58": {
        "cache-01": 4.160218802087442, 
        "cache-02": 3.556282367513513
    }, 
    "59": {
        "cache-01": 4.110340359804754, 
        "cache-02": 3.556282367513513
    }, 
    "60": {
        "cache-01": 4.085401138663409, 
        "cache-02": 3.556282367513513
    }, 
    "61": {
        "cache-01": 4.072931528092736, 
        "cache-02": 3.556282367513513
    }, 
    "62": {
        "cache-01": 3.8936034601942944, 
        "cache-02": 3.556282367513513
    }, 
    "63": {
        "cache-01": 3.9770326888581797, 
        "cache-02": 3.556282367513513
    }, 
    "64": {
        "cache-01": 4.018747303190122, 
        "cache-02": 3.556282367513513
    }, 
    "65": {
        "cache-01": 3.8665113477429873, 
        "cache-02": 3.556282367513513
    }, 
    "66": {
        "cache-01": 3.963486632632526, 
        "cache-02": 3.556282367513513
    }, 
    "67": {
        "cache-01": 4.0119742750772955, 
        "cache-02": 3.556282367513513
    }, 
    "68": {
        "cache-01": 4.03621809629968, 
        "cache-02": 3.556282367513513
    }, 
    "69": {
        "cache-01": 4.048340006910872, 
        "cache-02": 3.556282367513513
    }, 
    "70": {
        "cache-01": 4.1684145795955665, 
        "cache-02": 3.556282367513513
    }, 
    "71": {
        "cache-01": 4.228451865937913, 
        "cache-02": 3.556282367513513
    }, 
    "72": {
        "cache-01": 4.258470509109086, 
        "cache-02": 3.556282367513513
    }, 
    "73": {
        "cache-01": 4.273479830694674, 
        "cache-02": 3.556282367513513
    }, 
    "74": {
        "cache-01": 4.280984491487468, 
        "cache-02": 3.556282367513513
    }, 
    "75": {
        "cache-01": 4.170723204504766, 
        "cache-02": 3.556282367513513
    }, 
    "76": {
        "cache-01": 4.115592561013415, 
        "cache-02": 3.556282367513513
    }, 
    "77": {
        "cache-01": 3.9149339766546336, 
        "cache-02": 3.556282367513513
    }, 
    "78": {
        "cache-01": 3.677212832592792, 
        "cache-02": 3.556282367513513
    }, 
    "79": {
        "cache-01": 3.695744112444322, 
        "cache-02": 3.556282367513513
    }, 
    "80": {
        "cache-01": 3.7050097523700876, 
        "cache-02": 3.556282367513513
    }, 
    "81": {
        "cache-01": 3.70964257233297, 
        "cache-02": 3.556282367513513
    }, 
    "82": {
        "cache-01": 3.57456713043196,