{
    "cache-01": 204.4, 
    "cache-02": 205.6, 
    "cache-03": 205.6, 
    "cache-04": 117.0, 
    "cache-05": 115.0, 
    "cache-06": 50.919999999999995, 
    "cache-07": 51.02, 
    "cache-08": 51.760000000000005
}