{
    "0": {
        "cache-05": 4, 
        "cache-07": 3.25
    }, 
    "1": {
        "cache-05": 4, 
        "cache-07": 3.344745844265475
    }, 
    "2": {
        "cache-05": 4, 
        "cache-07": 3.5295106182806637
    }, 
    "3": {
        "cache-05": 4, 
        "cache-07": 3.621893005288258
    }, 
    "4": {
        "cache-05": 4, 
        "cache-07": 3.668084198792055
    }, 
    "5": {
        "cache-05": 4, 
        "cache-07": 3.86427305815706
    }, 
    "6": {
        "cache-05": 4.402495732776221, 
        "cache-07": 3.86427305815706
    }, 
    "7": {
        "cache-05": 4.701224669414618, 
        "cache-07": 3.86427305815706
    }, 
    "8": {
        "cache-05": 4.850589137733817, 
        "cache-07": 3.86427305815706
    }, 
    "9": {
        "cache-05": 4.925271371893416, 
        "cache-07": 3.86427305815706
    }, 
    "10": {
        "cache-05": 4.962612488973216, 
        "cache-07": 3.86427305815706
    }, 
    "11": {
        "cache-05": 4.981283047513115, 
        "cache-07": 3.86427305815706
    }, 
    "12": {
        "cache-05": 4.990618326783064, 
        "cache-07": 3.86427305815706
    }, 
    "13": {
        "cache-05": 4.99528596641804, 
        "cache-07": 3.86427305815706
    }, 
    "14": {
        "cache-05": 4.997619786235527, 
        "cache-07": 3.86427305815706
    }, 
    "15": {
        "cache-05": 4.901305625893984, 
        "cache-07": 3.86427305815706
    }, 
    "16": {
        "cache-05": 4.853148545723213, 
        "cache-07": 3.86427305815706
    }, 
    "17": {
        "cache-05": 4.9265510758881135, 
        "cache-07": 3.86427305815706
    }, 
    "18": {
        "cache-05": 4.865771270720278, 
        "cache-07": 3.86427305815706
    }, 
    "19": {
        "cache-05": 4.932862438386646, 
        "cache-07": 3.86427305815706
    }, 
    "20": {
        "cache-05": 4.868926951969544, 
        "cache-07": 3.86427305815706
    }, 
    "21": {
        "cache-05": 4.934440279011279, 
        "cache-07": 3.86427305815706
    }, 
    "22": {
        "cache-05": 4.967196942532147, 
        "cache-07": 3.86427305815706
    }, 
    "23": {
        "cache-05": 4.886094204042294, 
        "cache-07": 3.86427305815706
    }, 
    "24": {
        "cache-05": 4.845542834797368, 
        "cache-07": 3.86427305815706
    }, 
    "25": {
        "cache-05": 4.825267150174906, 
        "cache-07": 3.86427305815706
    }, 
    "26": {
        "cache-05": 4.9126103781139605, 
        "cache-07": 3.86427305815706
    }, 
    "27": {
        "cache-05": 4.956281992083488, 
        "cache-07": 3.86427305815706
    }, 
    "28": {
        "cache-05": 4.880636728817965, 
        "cache-07": 3.86427305815706
    }, 
    "29": {
        "cache-05": 4.842814097185204, 
        "cache-07": 3.86427305815706
    }, 
    "30": {
        "cache-05": 4.921383851619109, 
        "cache-07": 3.86427305815706
    }, 
    "31": {
        "cache-05": 4.863187658585776, 
        "cache-07": 3.86427305815706
    }, 
    "32": {
        "cache-05": 4.834089562069109, 
        "cache-07": 3.86427305815706
    }, 
    "33": {
        "cache-05": 4.819540513810775, 
        "cache-07": 3.86427305815706
    }, 
    "34": {
        "cache-05": 4.812265989681609, 
        "cache-07": 3.86427305815706
    }, 
    "35": {
        "cache-05": 4.906109797867312, 
        "cache-07": 3.86427305815706
    }, 
    "36": {
        "cache-05": 4.700778047024205, 
        "cache-07": 3.86427305815706
    }, 
    "37": {
        "cache-05": 4.752884756288323, 
        "cache-07": 3.86427305815706
    }, 
    "38": {
        "cache-05": 4.876419181170669, 
        "cache-07": 3.86427305815706
    }, 
    "39": {
        "cache-05": 4.938186393611842, 
        "cache-07": 3.86427305815706
    }, 
    "40": {
        "cache-05": 4.871588929582142, 
        "cache-07": 3.86427305815706
    }, 
    "41": {
        "cache-05": 4.838290197567292, 
        "cache-07": 3.86427305815706
    }, 
    "42": {
        "cache-05": 4.821640831559867, 
        "cache-07": 3.86427305815706
    }, 
    "43": {
        "cache-05": 4.91079721880644, 
        "cache-07": 3.86427305815706
    }, 
    "44": {
        "cache-05": 4.955375412429728, 
        "cache-07": 3.86427305815706
    }, 
    "45": {
        "cache-05": 4.977664509241372, 
        "cache-07": 3.86427305815706
    }, 
    "46": {
        "cache-05": 4.891327987396907, 
        "cache-07": 3.86427305815706
    }, 
    "47": {
        "cache-05": 4.945640796724961, 
        "cache-07": 3.86427305815706
    }, 
    "48": {
        "cache-05": 4.972797201388987, 
        "cache-07": 3.86427305815706
    }, 
    "49": {
        "cache-05": 4.888894333470715, 
        "cache-07": 3.86427305815706
    }, 
    "50": {
        "cache-05": 4.846942899511578, 
        "cache-07": 3.86427305815706
    }, 
    "51": {
        "cache-05": 4.923448252782297, 
        "cache-07": 3.86427305815706
    }, 
    "52": {
        "cache-05": 4.961700929417656, 
        "cache-07": 3.86427305815706
    }, 
    "53": {
        "cache-05": 4.883346197485049, 
        "cache-07": 3.86427305815706
    }, 
    "54": {
        "cache-05": 4.941649901769032, 
        "cache-07": 3.86427305815706
    }, 
    "55": {
        "cache-05": 4.873320683660737, 
        "cache-07": 3.86427305815706
    }, 
    "56": {
        "cache-05": 4.936637144856876, 
        "cache-07": 3.86427305815706
    }, 
    "57": {
        "cache-05": 4.968295375454945, 
        "cache-07": 3.86427305815706
    }, 
    "58": {
        "cache-05": 4.984124490753979, 
        "cache-07": 3.86427305815706
    }, 
    "59": {
        "cache-05": 4.992039048403496, 
        "cache-07": 3.86427305815706
    }, 
    "60": {
        "cache-05": 4.898515256977969, 
        "cache-07": 3.86427305815706
    }, 
    "61": {
        "cache-05": 4.851753361265206, 
        "cache-07": 3.86427305815706
    }, 
    "62": {
        "cache-05": 4.92585348365911, 
        "cache-07": 3.86427305815706
    }, 
    "63": {
        "cache-05": 4.962903544856062, 
        "cache-07": 3.86427305815706
    }, 
    "64": {
        "cache-05": 4.883947505204253, 
        "cache-07": 3.86427305815706
    }, 
    "65": {
        "cache-05": 4.941950555628633, 
        "cache-07": 3.86427305815706
    }, 
    "66": {
        "cache-05": 4.873471010590538, 
        "cache-07": 3.86427305815706
    }, 
    "67": {
        "cache-05": 4.936712308321776, 
        "cache-07": 3.86427305815706
    }, 
    "68": {
        "cache-05": 4.870851886937109, 
        "cache-07": 3.86427305815706
    }, 
    "69": {
        "cache-05": 4.935402746495061, 
        "cache-07": 3.86427305815706
    }, 
    "70": {
        "cache-05": 4.967678176274038, 
        "cache-07": 3.86427305815706
    }, 
    "71": {
        "cache-05": 4.88633482091324, 
        "cache-07": 3.86427305815706
    }, 
    "72": {
        "cache-05": 4.845663143232841, 
        "cache-07": 3.86427305815706
    }, 
    "73": {
        "cache-05": 4.922808374642928, 
        "cache-07": 3.86427305815706
    }, 
    "74": {
        "cache-05": 4.863899920097685, 
        "cache-07": 3.86427305815706
    }, 
    "75": {
        "cache-05": 4.931926763075349, 
        "cache-07": 3.86427305815706
    }, 
    "76": {
        "cache-05": 4.868459114313896, 
        "cache-07": 3.86427305815706
    }, 
    "77": {
        "cache-05": 4.8367252899331685, 
        "cache-07": 3.86427305815706
    }, 
    "78": {
        "cache-05": 4.918339447993091, 
        "cache-07": 3.86427305815706
    }, 
    "79": {
        "cache-05": 4.861665456772767, 
        "cache-07": 3.86427305815706
    }, 
    "80": {
        "cache-05": 4.833328461162605, 
        "cache-07": 3.86427305815706
    }, 
    "81": {
        "cache-05": 4.8191599633575235, 
        "cache-07": 3.86427305815706
    }, 
    "82": {
        "cache-05": 4.909556784705269, 
        "cache-07": 3.86427305815706
    }, 
    "83": {
        "cache-05": 4.702501540443183,