{
    "0": {
        "cache-04": 3.666525415857893, 
        "cache-06": 4.593942401365749
    }, 
    "1": {
        "cache-04": 3.666525415857893, 
        "cache-06": 4.593942401365749
    }, 
    "2": {
        "cache-04": 3.666525415857893, 
        "cache-06": 4.593942401365749
    }, 
    "3": {
        "cache-04": 3.666525415857893, 
        "cache-06": 4.593942401365749
    }, 
    "4": {
        "cache-04": 3.666525415857893, 
        "cache-06": 4.593942401365749
    }, 
    "5": {
        "cache-04": 3.666525415857893, 
        "cache-06": 4.593942401365749
    }, 
    "6": {
        "cache-04": 3.666525415857893, 
        "cache-06": 4.593942401365749
    }, 
    "7": {
        "cache-04": 3.666525415857893, 
        "cache-06": 4.593942401365749
    }, 
    "8": {
        "cache-04": 3.666525415857893, 
        "cache-06": 4.593942401365749
    }, 
    "9": {
        "cache-04": 3.666525415857893, 
        "cache-06": 4.593942401365749
    }, 
    "10": {
        "cache-04": 3.666525415857893, 
        "cache-06": 4.593942401365749
    }, 
    "11": {
        "cache-04": 3.6665254158597365, 
        "cache-06": 4.432825417646799
    }, 
    "12": {
        "cache-04": 3.6665254158597365, 
        "cache-06": 4.432825417646799
    }, 
    "13": {
        "cache-04": 3.6665254158597365, 
        "cache-06": 4.432825417646799
    }, 
    "14": {
        "cache-04": 3.6665254158597365, 
        "cache-06": 4.432825417646799
    }, 
    "15": {
        "cache-04": 3.6665254158597365, 
        "cache-06": 4.432825417646799
    }, 
    "16": {
        "cache-04": 3.6665254158597365, 
        "cache-06": 4.432825417646799
    }, 
    "17": {
        "cache-04": 3.6665254158597365, 
        "cache-06": 4.432825417646799
    }, 
    "18": {
        "cache-04": 3.6665254158597365, 
        "cache-06": 4.432825417646799
    }, 
    "19": {
        "cache-04": 3.6665254158597365, 
        "cache-06": 4.432825417646799
    }, 
    "20": {
        "cache-04": 3.6665254158597365, 
        "cache-06": 4.432825417646799
    }, 
    "21": {
        "cache-04": 3.6665254158599834, 
        "cache-06": 4.2215071924810985
    }, 
    "22": {
        "cache-04": 3.6665254158599834, 
        "cache-06": 4.2215071924810985
    }, 
    "23": {
        "cache-04": 3.6665254158599834, 
        "cache-06": 4.2215071924810985
    }, 
    "24": {
        "cache-04": 3.6665254158599834, 
        "cache-06": 4.2215071924810985
    }, 
    "25": {
        "cache-04": 3.6665254158599834, 
        "cache-06": 4.2215071924810985
    }, 
    "26": {
        "cache-04": 3.6665254158599834, 
        "cache-06": 4.2215071924810985
    }, 
    "27": {
        "cache-04": 3.6665254158599834, 
        "cache-06": 4.2215071924810985
    }, 
    "28": {
        "cache-04": 3.6665254158599834, 
        "cache-06": 4.2215071924810985
    }, 
    "29": {
        "cache-04": 3.6665254158599834, 
        "cache-06": 4.2215071924810985
    }, 
    "30": {
        "cache-04": 3.6665254158599834, 
        "cache-06": 4.2215071924810985
    }, 
    "31": {
        "cache-04": 3.666525415859999, 
        "cache-06": 4.1983955933135775
    }, 
    "32": {
        "cache-04": 3.666525415859999, 
        "cache-06": 4.1983955933135775
    }, 
    "33": {
        "cache-04": 3.666525415859999, 
        "cache-06": 4.1983955933135775
    }, 
    "34": {
        "cache-04": 3.666525415859999, 
        "cache-06": 4.1983955933135775
    }, 
    "35": {
        "cache-04": 3.666525415859999, 
        "cache-06": 4.1983955933135775
    }, 
    "36": {
        "cache-04": 3.666525415859999, 
        "cache-06": 4.1983955933135775
    }, 
    "37": {
        "cache-04": 3.666525415859999, 
        "cache-06": 4.1983955933135775
    }, 
    "38": {
        "cache-04": 3.666525415859999, 
        "cache-06": 4.1983955933135775
    }, 
    "39": {
        "cache-04": 3.666525415859999, 
        "cache-06": 4.1983955933135775
    }, 
    "40": {
        "cache-04": 3.666525415859999, 
        "cache-06": 4.1983955933135775
    }, 
    "41": {
        "cache-04": 3.66652541586, 
        "cache-06": 4.4623413565766015
    }, 
    "42": {
        "cache-04": 3.66652541586, 
        "cache-06": 4.4623413565766015
    }, 
    "43": {
        "cache-04": 3.66652541586, 
        "cache-06": 4.4623413565766015
    }, 
    "44": {
        "cache-04": 3.66652541586, 
        "cache-06": 4.4623413565766015
    }, 
    "45": {
        "cache-04": 3.66652541586, 
        "cache-06": 4.4623413565766015
    }, 
    "46": {
        "cache-04": 3.66652541586, 
        "cache-06": 4.4623413565766015
    }, 
    "47": {
        "cache-04": 3.66652541586, 
        "cache-06": 4.4623413565766015
    }, 
    "48": {
        "cache-04": 3.66652541586, 
        "cache-06": 4.4623413565766015
    }, 
    "49": {
        "cache-04": 3.66652541586, 
        "cache-06": 4.4623413565766015
    }, 
    "50": {
        "cache-04": 3.66652541586, 
        "cache-06": 4.4623413565766015
    }, 
    "51": {
        "cache-04": 3.66652541586, 
        "cache-06": 4.070198858673927
    }, 
    "52": {
        "cache-04": 3.66652541586, 
        "cache-06": 4.070198858673927
    }, 
    "53": {
        "cache-04": 3.66652541586, 
        "cache-06": 4.070198858673927
    }, 
    "54": {
        "cache-04": 3.66652541586, 
        "cache-06": 4.070198858673927
    }, 
    "55": {
        "cache-04": 3.66652541586, 
        "cache-06": 4.070198858673927
    }, 
    "56": {
        "cache-04": 3.66652541586, 
        "cache-06": 4.070198858673927
    }, 
    "57": {
        "cache-04": 3.66652541586, 
        "cache-06": 4.070198858673927
    }, 
    "58": {
        "cache-04": 3.66652541586, 
        "cache-06": 4.070198858673927
    }, 
    "59": {
        "cache-04": 3.66652541586, 
        "cache-06": 4.070198858673927
    }, 
    "60": {
        "cache-04": 3.66652541586, 
        "cache-06": 4.070198858673927
    }, 
    "61": {
        "cache-04": 3.66652541586, 
        "cache-06": 4.675994842897707
    }, 
    "62": {
        "cache-04": 3.66652541586, 
        "cache-06": 4.675994842897707
    }, 
    "63": {
        "cache-04": 3.66652541586, 
        "cache-06": 4.675994842897707
    }, 
    "64": {
        "cache-04": 3.66652541586, 
        "cache-06": 4.675994842897707
    }, 
    "65": {
        "cache-04": 3.66652541586, 
        "cache-06": 4.675994842897707
    }, 
    "66": {
        "cache-04": 3.66652541586, 
        "cache-06": 4.675994842897707
    }, 
    "67": {
        "cache-04": 3.66652541586, 
        "cache-06": 4.675994842897707
    }, 
    "68": {
        "cache-04": 3.66652541586, 
        "cache-06": 4.675994842897707
    }, 
    "69": {
        "cache-04": 3.66652541586, 
        "cache-06": 4.675994842897707
    }, 
    "70": {
        "cache-04": 3.66652541586, 
        "cache-06": 4.675994842897707
    }, 
    "71": {
        "cache-04": 3.66652541586, 
        "cache-06": 4.308948917833829
    }, 
    "72": {
        "cache-04": 3.66652541586, 
        "cache-06": 4.308948917833829
    }, 
    "73": {
        "cache-04": 3.66652541586, 
        "cache-06": 4.308948917833829
    }, 
    "74": {
        "cache-04": 3.66652541586, 
        "cache-06": 4.308948917833829
    }, 
    "75": {
        "cache-04": 3.66652541586, 
        "cache-06": 4.308948917833829
    }, 
    "76": {
        "cache-04": 3.66652541586, 
        "cache-06": 4.308948917833829
    }, 
    "77": {
        "cache-04": 3.66652541586, 
        "cache-06": 4.308948917833829
    }, 
    "78": {
        "cache-04": 3.66652541586, 
        "cache-06": 4.308948917833829
    }, 
    "79": {
        "cache-04": 3.66652541586, 
        "cache-06": 4.308948917833829
    }, 
    "80": {
        "cache-04": 3.66652541586, 
        "cache-06": 4.308948917833829
    }, 
    "81": {
        "cache-04": 3.66652541586, 
        "cache-06": 4.323634624899311
    }, 
    "82": {
        "cache-04": 3.66652541586,