{
    "0": {
        "cache-03": 4, 
        "cache-07": 3.25
    }, 
    "1": {
        "cache-03": 4, 
        "cache-07": 3.344745844265475
    }, 
    "2": {
        "cache-03": 4, 
        "cache-07": 3.5295106182806637
    }, 
    "3": {
        "cache-03": 4, 
        "cache-07": 3.621893005288258
    }, 
    "4": {
        "cache-03": 4, 
        "cache-07": 3.8411774614051613
    }, 
    "5": {
        "cache-03": 4, 
        "cache-07": 4.064833306842711
    }, 
    "6": {
        "cache-03": 4, 
        "cache-07": 4.1766612295614856
    }, 
    "7": {
        "cache-03": 4, 
        "cache-07": 4.232575190920873
    }, 
    "8": {
        "cache-03": 4, 
        "cache-07": 4.260532171600566
    }, 
    "9": {
        "cache-03": 4, 
        "cache-07": 4.274510661940413
    }, 
    "10": {
        "cache-03": 4, 
        "cache-07": 4.281499907110337
    }, 
    "11": {
        "cache-03": 4, 
        "cache-07": 4.2849945296952985
    }, 
    "12": {
        "cache-03": 4, 
        "cache-07": 4.28674184098778
    }, 
    "13": {
        "cache-03": 4, 
        "cache-07": 4.28761549663402
    }, 
    "14": {
        "cache-03": 4, 
        "cache-07": 4.288052324457141
    }, 
    "15": {
        "cache-03": 4, 
        "cache-07": 4.2882707383687
    }, 
    "16": {
        "cache-03": 4, 
        "cache-07": 4.288379945324481
    }, 
    "17": {
        "cache-03": 4, 
        "cache-07": 4.288434548802371
    }, 
    "18": {
        "cache-03": 4, 
        "cache-07": 4.2884618505413155
    }, 
    "19": {
        "cache-03": 4, 
        "cache-07": 4.2884755014107885
    }, 
    "20": {
        "cache-03": 4, 
        "cache-07": 4.288482326845525
    }, 
    "21": {
        "cache-03": 4, 
        "cache-07": 4.288485739562892
    }, 
    "22": {
        "cache-03": 4, 
        "cache-07": 4.288487445921577
    }, 
    "23": {
        "cache-03": 4, 
        "cache-07": 4.288488299100919
    }, 
    "24": {
        "cache-03": 4, 
        "cache-07": 4.2884887256905895
    }, 
    "25": {
        "cache-03": 4, 
        "cache-07": 4.2884889389854255
    }, 
    "26": {
        "cache-03": 4, 
        "cache-07": 4.2884890456328435
    }, 
    "27": {
        "cache-03": 4, 
        "cache-07": 4.288489098956552
    }, 
    "28": {
        "cache-03": 4, 
        "cache-07": 4.288489125618407
    }, 
    "29": {
        "cache-03": 4, 
        "cache-07": 4.288489138949334
    }, 
    "30": {
        "cache-03": 4, 
        "cache-07": 4.288489145614797
    }, 
    "31": {
        "cache-03": 4, 
        "cache-07": 4.288489148947528
    }, 
    "32": {
        "cache-03": 4, 
        "cache-07": 4.288489150613895
    }, 
    "33": {
        "cache-03": 4, 
        "cache-07": 4.288489151447077
    }, 
    "34": {
        "cache-03": 4, 
        "cache-07": 4.2884891518636685
    }, 
    "35": {
        "cache-03": 4, 
        "cache-07": 4.174475534692867
    }, 
    "36": {
        "cache-03": 4, 
        "cache-07": 4.231482343486563
    }, 
    "37": {
        "cache-03": 4, 
        "cache-07": 4.259985747883412
    }, 
    "38": {
        "cache-03": 4, 
        "cache-07": 4.274237450081836
    }, 
    "39": {
        "cache-03": 4, 
        "cache-07": 4.281363301181049
    }, 
    "40": {
        "cache-03": 4, 
        "cache-07": 4.284926226730654
    }, 
    "41": {
        "cache-03": 4, 
        "cache-07": 4.286707689505457
    }, 
    "42": {
        "cache-03": 4, 
        "cache-07": 4.287598420892859
    }, 
    "43": {
        "cache-03": 4, 
        "cache-07": 4.2880437865865595
    }, 
    "44": {
        "cache-03": 4, 
        "cache-07": 4.28826646943341
    }, 
    "45": {
        "cache-03": 4, 
        "cache-07": 4.288377810856835
    }, 
    "46": {
        "cache-03": 4, 
        "cache-07": 4.288433481568548
    }, 
    "47": {
        "cache-03": 4, 
        "cache-07": 4.288461316924405
    }, 
    "48": {
        "cache-03": 4, 
        "cache-07": 4.288475234602332
    }, 
    "49": {
        "cache-03": 4, 
        "cache-07": 4.288482193441297
    }, 
    "50": {
        "cache-03": 4, 
        "cache-07": 4.288485672860778
    }, 
    "51": {
        "cache-03": 4, 
        "cache-07": 4.28848741257052
    }, 
    "52": {
        "cache-03": 4, 
        "cache-07": 4.288488282425391
    }, 
    "53": {
        "cache-03": 4, 
        "cache-07": 4.288488717352825
    }, 
    "54": {
        "cache-03": 4, 
        "cache-07": 4.288488934816543
    }, 
    "55": {
        "cache-03": 4, 
        "cache-07": 4.288489043548402
    }, 
    "56": {
        "cache-03": 4, 
        "cache-07": 4.288489097914331
    }, 
    "57": {
        "cache-03": 4, 
        "cache-07": 4.288489125097296
    }, 
    "58": {
        "cache-03": 4, 
        "cache-07": 4.174475521309681
    }, 
    "59": {
        "cache-03": 4, 
        "cache-07": 4.23148233679497
    }, 
    "60": {
        "cache-03": 4, 
        "cache-07": 4.259985744537616
    }, 
    "61": {
        "cache-03": 4, 
        "cache-07": 4.274237448408938
    }, 
    "62": {
        "cache-03": 4, 
        "cache-07": 4.2813633003446
    }, 
    "63": {
        "cache-03": 4, 
        "cache-07": 4.284926226312431
    }, 
    "64": {
        "cache-03": 4, 
        "cache-07": 4.286707689296346
    }, 
    "65": {
        "cache-03": 4, 
        "cache-07": 4.173584803409206
    }, 
    "66": {
        "cache-03": 4, 
        "cache-07": 4.117023360465636
    }, 
    "67": {
        "cache-03": 4, 
        "cache-07": 4.202756256372949
    }, 
    "68": {
        "cache-03": 4, 
        "cache-07": 4.131609086947506
    }, 
    "69": {
        "cache-03": 4, 
        "cache-07": 4.210049119613883
    }, 
    "70": {
        "cache-03": 4, 
        "cache-07": 4.249269135947072
    }, 
    "71": {
        "cache-03": 4, 
        "cache-07": 4.268879144113667
    }, 
    "72": {
        "cache-03": 4, 
        "cache-07": 4.278684148196964
    }, 
    "73": {
        "cache-03": 4, 
        "cache-07": 4.283586650238613
    }, 
    "74": {
        "cache-03": 4, 
        "cache-07": 4.286037901259437
    }, 
    "75": {
        "cache-03": 4, 
        "cache-07": 4.2872635267698485
    }, 
    "76": {
        "cache-03": 4, 
        "cache-07": 4.287876339525054
    }, 
    "77": {
        "cache-03": 4, 
        "cache-07": 4.288182745902658
    }, 
    "78": {
        "cache-03": 4, 
        "cache-07": 4.174322331712361
    }, 
    "79": {
        "cache-03": 4, 
        "cache-07": 4.23140574199631
    }, 
    "80": {
        "cache-03": 4, 
        "cache-07": 4.259947447138286
    }, 
    "81": {
        "cache-03": 4, 
        "cache-07": 4.274218299709274
    }, 
    "82": {
        "cache-03": 4, 
        "cache-07": 4.281353725994768
    }, 
    "83": {
        "cache-03": 4, 
        "cache-07": 4.2849214391375146
    }, 
    "84": {
        "cache-03": 4, 
        "cache-07": 4.286705295708888
    }, 
    "85": {
        "cache-03": 4, 
        "cache-07": 4.287597223994574
    }, 
    "86": {
        "cache-03": 4, 
        "cache-07": 4.288043188137417
    }, 
    "87": {
        "cache-03": 4, 
        "cache-07": 4.288266170208839
    }, 
    "88": {
        "cache-03": 4, 
        "cache-07": 4.288377661244549
    }, 
    "89": {
        "cache-03": 4, 
        "cache-07": 4.288433406762405
    }, 
    "90": {
        "cache-03": 4, 
        "cache-07": 4.174447662142235
    }, 
    "91": {
        "cache-03": 4, 
        "cache-07": 4.11745478983215
    }, 
    "92": {
        "cache-03": 4, 
        "cache-07": 4.088958353677107
    }, 
    "93": {
        "cache-03": 4, 
        "cache-07": 4.188723752978683
    }, 
    "94": {
        "cache-03": 4, 
        "cache-07": 4.238606452629472
    }, 
    "95": {
        "cache-03": 4, 
        "cache-07": 4.263547802454866
    }, 
    "96": {
        "cache-03": 4, 
        "cache-07": 4.276018477367563
    }, 
    "97": {
        "cache-03": 4,