{
    "0": {
        "cache-01": 3.75, 
        "cache-03": 4
    }, 
    "1": {
        "cache-01": 3.3598729221327375, 
        "cache-03": 4
    }, 
    "2": {
        "cache-01": 3.3996823053318437, 
        "cache-03": 4
    }, 
    "3": {
        "cache-01": 3.556978848813848, 
        "cache-03": 4
    }, 
    "4": {
        "cache-01": 3.498235268672399, 
        "cache-03": 4
    }, 
    "5": {
        "cache-01": 3.779348593097232, 
        "cache-03": 4
    }, 
    "6": {
        "cache-01": 3.779348593097232, 
        "cache-03": 4.402495732776221
    }, 
    "7": {
        "cache-01": 3.779348593097232, 
        "cache-03": 4.603743599164332
    }, 
    "8": {
        "cache-01": 3.779348593097232, 
        "cache-03": 4.549594947672714
    }, 
    "9": {
        "cache-01": 3.779348593097232, 
        "cache-03": 4.419042049976488
    }, 
    "10": {
        "cache-01": 3.779348593097232, 
        "cache-03": 4.457244173078792
    }, 
    "11": {
        "cache-01": 3.779348593097232, 
        "cache-03": 4.631117819315618
    }, 
    "12": {
        "cache-01": 3.779348593097232, 
        "cache-03": 4.45980348579794
    }, 
    "13": {
        "cache-01": 3.779348593097232, 
        "cache-03": 4.374146319039101
    }, 
    "14": {
        "cache-01": 3.779348593097232, 
        "cache-03": 4.434796307610099
    }, 
    "15": {
        "cache-01": 3.779348593097232, 
        "cache-03": 4.61989388658127
    }, 
    "16": {
        "cache-01": 3.779348593097232, 
        "cache-03": 4.712442676066856
    }, 
    "17": {
        "cache-01": 3.779348593097232, 
        "cache-03": 4.758717070809649
    }, 
    "18": {
        "cache-01": 3.779348593097232, 
        "cache-03": 4.627081683495373
    }, 
    "19": {
        "cache-01": 3.779348593097232, 
        "cache-03": 4.561263989838235
    }, 
    "20": {
        "cache-01": 3.779348593097232, 
        "cache-03": 4.528355143009666
    }, 
    "21": {
        "cache-01": 3.779348593097232, 
        "cache-03": 4.666673304281054
    }, 
    "22": {
        "cache-01": 3.779348593097232, 
        "cache-03": 4.735832384916748
    }, 
    "23": {
        "cache-01": 3.779348593097232, 
        "cache-03": 4.770411925234595
    }, 
    "24": {
        "cache-01": 3.779348593097232, 
        "cache-03": 4.885182765643805
    }, 
    "25": {
        "cache-01": 3.779348593097232, 
        "cache-03": 4.94256818584841
    }, 
    "26": {
        "cache-01": 3.779348593097232, 
        "cache-03": 4.873779825700426
    }, 
    "27": {
        "cache-01": 3.779348593097232, 
        "cache-03": 4.839385645626434
    }, 
    "28": {
        "cache-01": 3.779348593097232, 
        "cache-03": 4.822188555589438
    }, 
    "29": {
        "cache-01": 3.779348593097232, 
        "cache-03": 4.81359001057094
    }, 
    "30": {
        "cache-01": 3.779348593097232, 
        "cache-03": 4.809290738061691
    }, 
    "31": {
        "cache-01": 3.779348593097232, 
        "cache-03": 4.807141101807066
    }, 
    "32": {
        "cache-01": 3.779348593097232, 
        "cache-03": 4.806066283679755
    }, 
    "33": {
        "cache-01": 3.779348593097232, 
        "cache-03": 4.8055288746160985
    }, 
    "34": {
        "cache-01": 3.779348593097232, 
        "cache-03": 4.805260170084271
    }, 
    "35": {
        "cache-01": 3.779348593097232, 
        "cache-03": 4.650353233132684
    }, 
    "36": {
        "cache-01": 3.779348593097232, 
        "cache-03": 4.727672349342563
    }, 
    "37": {
        "cache-01": 3.779348593097232, 
        "cache-03": 4.863812977697789
    }, 
    "38": {
        "cache-01": 3.779348593097232, 
        "cache-03": 4.931883291875401
    }, 
    "39": {
        "cache-01": 3.779348593097232, 
        "cache-03": 4.868437378713922
    }, 
    "40": {
        "cache-01": 3.779348593097232, 
        "cache-03": 4.836714422133182
    }, 
    "41": {
        "cache-01": 3.779348593097232, 
        "cache-03": 4.820852943842812
    }, 
    "42": {
        "cache-01": 3.779348593097232, 
        "cache-03": 4.812922204697627
    }, 
    "43": {
        "cache-01": 3.779348593097232, 
        "cache-03": 4.906437905375321
    }, 
    "44": {
        "cache-01": 3.779348593097232, 
        "cache-03": 4.855714685463882
    }, 
    "45": {
        "cache-01": 3.779348593097232, 
        "cache-03": 4.830353075508162
    }, 
    "46": {
        "cache-01": 3.779348593097232, 
        "cache-03": 4.915153340780588
    }, 
    "47": {
        "cache-01": 3.779348593097232, 
        "cache-03": 4.860072403166515
    }, 
    "48": {
        "cache-01": 3.779348593097232, 
        "cache-03": 4.832531934359478
    }, 
    "49": {
        "cache-01": 3.779348593097232, 
        "cache-03": 4.916242770206246
    }, 
    "50": {
        "cache-01": 3.779348593097232, 
        "cache-03": 4.860617117879344
    }, 
    "51": {
        "cache-01": 3.779348593097232, 
        "cache-03": 4.8328042917158935
    }, 
    "52": {
        "cache-01": 3.779348593097232, 
        "cache-03": 4.818897878634168
    }, 
    "53": {
        "cache-01": 3.779348593097232, 
        "cache-03": 4.811944672093305
    }, 
    "54": {
        "cache-01": 3.779348593097232, 
        "cache-03": 4.808468068822874
    }, 
    "55": {
        "cache-01": 3.779348593097232, 
        "cache-03": 4.806729767187658
    }, 
    "56": {
        "cache-01": 3.779348593097232, 
        "cache-03": 4.80586061637005
    }, 
    "57": {
        "cache-01": 3.779348593097232, 
        "cache-03": 4.805426040961246
    }, 
    "58": {
        "cache-01": 3.779348593097232, 
        "cache-03": 4.650436168571171
    }, 
    "59": {
        "cache-01": 3.779348593097232, 
        "cache-03": 4.5729412323761345
    }, 
    "60": {
        "cache-01": 3.779348593097232, 
        "cache-03": 4.534193764278616
    }, 
    "61": {
        "cache-01": 3.779348593097232, 
        "cache-03": 4.669592614915529
    }, 
    "62": {
        "cache-01": 3.779348593097232, 
        "cache-03": 4.582519455548313
    }, 
    "63": {
        "cache-01": 3.779348593097232, 
        "cache-03": 4.693755460550378
    }, 
    "64": {
        "cache-01": 3.779348593097232, 
        "cache-03": 4.74937346305141
    }, 
    "65": {
        "cache-01": 3.779348593097232, 
        "cache-03": 4.7771824643019265
    }, 
    "66": {
        "cache-01": 3.779348593097232, 
        "cache-03": 4.791086964927184
    }, 
    "67": {
        "cache-01": 3.779348593097232, 
        "cache-03": 4.643266630554141
    }, 
    "68": {
        "cache-01": 3.779348593097232, 
        "cache-03": 4.569356463367619
    }, 
    "69": {
        "cache-01": 3.779348593097232, 
        "cache-03": 4.6871739644600305
    }, 
    "70": {
        "cache-01": 3.779348593097232, 
        "cache-03": 4.746082715006237
    }, 
    "71": {
        "cache-01": 3.779348593097232, 
        "cache-03": 4.7755370902793395
    }, 
    "72": {
        "cache-01": 3.779348593097232, 
        "cache-03": 4.790264277915891
    }, 
    "73": {
        "cache-01": 3.779348593097232, 
        "cache-03": 4.797627871734166
    }, 
    "74": {
        "cache-01": 3.779348593097232, 
        "cache-03": 4.801309668643304
    }, 
    "75": {
        "cache-01": 3.779348593097232, 
        "cache-03": 4.803150567097873
    }, 
    "76": {
        "cache-01": 3.779348593097232, 
        "cache-03": 4.804071016325158
    }, 
    "77": {
        "cache-01": 3.779348593097232, 
        "cache-03": 4.649758656253127
    }, 
    "78": {
        "cache-01": 3.779348593097232, 
        "cache-03": 4.355110286887596
    }, 
    "79": {
        "cache-01": 3.779348593097232, 
        "cache-03": 4.321799719583929
    }, 
    "80": {
        "cache-01": 3.779348593097232, 
        "cache-03": 4.408623007882513
    }, 
    "81": {
        "cache-01": 3.779348593097232, 
        "cache-03": 4.452034652031805
    }, 
    "82": {
        "cache-01": 3.779348593097232,