{
    "0": {
        "cache-02": 3.2496849876701486, 
        "cache-06": 4.046328128011272
    }, 
    "1": {
        "cache-02": 3.2496849876701486, 
        "cache-06": 4.046328128011272
    }, 
    "2": {
        "cache-02": 3.2496849876701486, 
        "cache-06": 4.046328128011272
    }, 
    "3": {
        "cache-02": 3.2496849876701486, 
        "cache-06": 4.046328128011272
    }, 
    "4": {
        "cache-02": 3.2496849876701486, 
        "cache-06": 4.046328128011272
    }, 
    "5": {
        "cache-02": 3.2496849876701486, 
        "cache-06": 4.046328128011272
    }, 
    "6": {
        "cache-02": 3.2496849876701486, 
        "cache-06": 4.046328128011272
    }, 
    "7": {
        "cache-02": 3.2496849876701486, 
        "cache-06": 4.046328128011272
    }, 
    "8": {
        "cache-02": 3.2496849876701486, 
        "cache-06": 4.046328128011272
    }, 
    "9": {
        "cache-02": 3.2496849876701486, 
        "cache-06": 4.046328128011272
    }, 
    "10": {
        "cache-02": 3.2496849876701486, 
        "cache-06": 4.046328128011272
    }, 
    "11": {
        "cache-02": 3.249684987670074, 
        "cache-06": 4.017241889591816
    }, 
    "12": {
        "cache-02": 3.249684987670074, 
        "cache-06": 4.017241889591816
    }, 
    "13": {
        "cache-02": 3.249684987670074, 
        "cache-06": 4.017241889591816
    }, 
    "14": {
        "cache-02": 3.249684987670074, 
        "cache-06": 4.017241889591816
    }, 
    "15": {
        "cache-02": 3.249684987670074, 
        "cache-06": 4.017241889591816
    }, 
    "16": {
        "cache-02": 3.249684987670074, 
        "cache-06": 4.017241889591816
    }, 
    "17": {
        "cache-02": 3.249684987670074, 
        "cache-06": 4.017241889591816
    }, 
    "18": {
        "cache-02": 3.249684987670074, 
        "cache-06": 4.017241889591816
    }, 
    "19": {
        "cache-02": 3.249684987670074, 
        "cache-06": 4.017241889591816
    }, 
    "20": {
        "cache-02": 3.249684987670074, 
        "cache-06": 4.017241889591816
    }, 
    "21": {
        "cache-02": 3.2496849876700367, 
        "cache-06": 4.060467457854314
    }, 
    "22": {
        "cache-02": 3.2496849876700367, 
        "cache-06": 4.060467457854314
    }, 
    "23": {
        "cache-02": 3.2496849876700367, 
        "cache-06": 4.060467457854314
    }, 
    "24": {
        "cache-02": 3.2496849876700367, 
        "cache-06": 4.060467457854314
    }, 
    "25": {
        "cache-02": 3.2496849876700367, 
        "cache-06": 4.060467457854314
    }, 
    "26": {
        "cache-02": 3.2496849876700367, 
        "cache-06": 4.060467457854314
    }, 
    "27": {
        "cache-02": 3.2496849876700367, 
        "cache-06": 4.060467457854314
    }, 
    "28": {
        "cache-02": 3.2496849876700367, 
        "cache-06": 4.060467457854314
    }, 
    "29": {
        "cache-02": 3.2496849876700367, 
        "cache-06": 4.060467457854314
    }, 
    "30": {
        "cache-02": 3.2496849876700367, 
        "cache-06": 4.060467457854314
    }, 
    "31": {
        "cache-02": 3.249684987670018, 
        "cache-06": 3.8008247964737683
    }, 
    "32": {
        "cache-02": 3.249684987670018, 
        "cache-06": 3.8008247964737683
    }, 
    "33": {
        "cache-02": 3.249684987670018, 
        "cache-06": 3.8008247964737683
    }, 
    "34": {
        "cache-02": 3.249684987670018, 
        "cache-06": 3.8008247964737683
    }, 
    "35": {
        "cache-02": 3.249684987670018, 
        "cache-06": 3.8008247964737683
    }, 
    "36": {
        "cache-02": 3.249684987670018, 
        "cache-06": 3.8008247964737683
    }, 
    "37": {
        "cache-02": 3.249684987670018, 
        "cache-06": 3.8008247964737683
    }, 
    "38": {
        "cache-02": 3.249684987670018, 
        "cache-06": 3.8008247964737683
    }, 
    "39": {
        "cache-02": 3.249684987670018, 
        "cache-06": 3.8008247964737683
    }, 
    "40": {
        "cache-02": 3.249684987670018, 
        "cache-06": 3.8008247964737683
    }, 
    "41": {
        "cache-02": 3.249684987670009, 
        "cache-06": 4.037685651857471
    }, 
    "42": {
        "cache-02": 3.249684987670009, 
        "cache-06": 4.037685651857471
    }, 
    "43": {
        "cache-02": 3.249684987670009, 
        "cache-06": 4.037685651857471
    }, 
    "44": {
        "cache-02": 3.249684987670009, 
        "cache-06": 4.037685651857471
    }, 
    "45": {
        "cache-02": 3.249684987670009, 
        "cache-06": 4.037685651857471
    }, 
    "46": {
        "cache-02": 3.249684987670009, 
        "cache-06": 4.037685651857471
    }, 
    "47": {
        "cache-02": 3.249684987670009, 
        "cache-06": 4.037685651857471
    }, 
    "48": {
        "cache-02": 3.249684987670009, 
        "cache-06": 4.037685651857471
    }, 
    "49": {
        "cache-02": 3.249684987670009, 
        "cache-06": 4.037685651857471
    }, 
    "50": {
        "cache-02": 3.249684987670009, 
        "cache-06": 4.037685651857471
    }, 
    "51": {
        "cache-02": 3.2496849876700047, 
        "cache-06": 4.0603881015474315
    }, 
    "52": {
        "cache-02": 3.2496849876700047, 
        "cache-06": 4.0603881015474315
    }, 
    "53": {
        "cache-02": 3.2496849876700047, 
        "cache-06": 4.0603881015474315
    }, 
    "54": {
        "cache-02": 3.2496849876700047, 
        "cache-06": 4.0603881015474315
    }, 
    "55": {
        "cache-02": 3.2496849876700047, 
        "cache-06": 4.0603881015474315
    }, 
    "56": {
        "cache-02": 3.2496849876700047, 
        "cache-06": 4.0603881015474315
    }, 
    "57": {
        "cache-02": 3.2496849876700047, 
        "cache-06": 4.0603881015474315
    }, 
    "58": {
        "cache-02": 3.2496849876700047, 
        "cache-06": 4.0603881015474315
    }, 
    "59": {
        "cache-02": 3.2496849876700047, 
        "cache-06": 4.0603881015474315
    }, 
    "60": {
        "cache-02": 3.2496849876700047, 
        "cache-06": 4.0603881015474315
    }, 
    "61": {
        "cache-02": 3.2496849876700002, 
        "cache-06": 4.060497390035261
    }, 
    "62": {
        "cache-02": 3.2496849876700002, 
        "cache-06": 4.060497390035261
    }, 
    "63": {
        "cache-02": 3.2496849876700002, 
        "cache-06": 4.060497390035261
    }, 
    "64": {
        "cache-02": 3.2496849876700002, 
        "cache-06": 4.060497390035261
    }, 
    "65": {
        "cache-02": 3.2496849876700002, 
        "cache-06": 4.060497390035261
    }, 
    "66": {
        "cache-02": 3.2496849876700002, 
        "cache-06": 4.060497390035261
    }, 
    "67": {
        "cache-02": 3.2496849876700002, 
        "cache-06": 4.060497390035261
    }, 
    "68": {
        "cache-02": 3.2496849876700002, 
        "cache-06": 4.060497390035261
    }, 
    "69": {
        "cache-02": 3.2496849876700002, 
        "cache-06": 4.060497390035261
    }, 
    "70": {
        "cache-02": 3.2496849876700002, 
        "cache-06": 4.060497390035261
    }, 
    "71": {
        "cache-02": 3.2496849876700002, 
        "cache-06": 4.017257641017144
    }, 
    "72": {
        "cache-02": 3.2496849876700002, 
        "cache-06": 4.017257641017144
    }, 
    "73": {
        "cache-02": 3.2496849876700002, 
        "cache-06": 4.017257641017144
    }, 
    "74": {
        "cache-02": 3.2496849876700002, 
        "cache-06": 4.017257641017144
    }, 
    "75": {
        "cache-02": 3.2496849876700002, 
        "cache-06": 4.017257641017144
    }, 
    "76": {
        "cache-02": 3.2496849876700002, 
        "cache-06": 4.017257641017144
    }, 
    "77": {
        "cache-02": 3.2496849876700002,