{
    "0": {
        "cache-01": 3.344506353610887, 
        "cache-06": 3.8791109419234453
    }, 
    "1": {
        "cache-01": 3.344506353610887, 
        "cache-06": 3.8791109419234453
    }, 
    "2": {
        "cache-01": 3.344506353610887, 
        "cache-06": 3.8791109419234453
    }, 
    "3": {
        "cache-01": 3.344506353610887, 
        "cache-06": 3.8791109419234453
    }, 
    "4": {
        "cache-01": 3.344506353610887, 
        "cache-06": 3.8791109419234453
    }, 
    "5": {
        "cache-01": 3.344506353610887, 
        "cache-06": 3.8791109419234453
    }, 
    "6": {
        "cache-01": 3.344506353610887, 
        "cache-06": 3.8791109419234453
    }, 
    "7": {
        "cache-01": 3.344506353610887, 
        "cache-06": 3.8791109419234453
    }, 
    "8": {
        "cache-01": 3.344506353610887, 
        "cache-06": 3.8791109419234453
    }, 
    "9": {
        "cache-01": 3.344506353610887, 
        "cache-06": 3.8791109419234453
    }, 
    "10": {
        "cache-01": 3.344506353610887, 
        "cache-06": 3.8791109419234453
    }, 
    "11": {
        "cache-01": 3.345225236760007, 
        "cache-06": 4.060407886815186
    }, 
    "12": {
        "cache-01": 3.345225236760007, 
        "cache-06": 4.060407886815186
    }, 
    "13": {
        "cache-01": 3.345225236760007, 
        "cache-06": 4.060407886815186
    }, 
    "14": {
        "cache-01": 3.345225236760007, 
        "cache-06": 4.060407886815186
    }, 
    "15": {
        "cache-01": 3.345225236760007, 
        "cache-06": 4.060407886815186
    }, 
    "16": {
        "cache-01": 3.345225236760007, 
        "cache-06": 4.060407886815186
    }, 
    "17": {
        "cache-01": 3.345225236760007, 
        "cache-06": 4.060407886815186
    }, 
    "18": {
        "cache-01": 3.345225236760007, 
        "cache-06": 4.060407886815186
    }, 
    "19": {
        "cache-01": 3.345225236760007, 
        "cache-06": 4.060407886815186
    }, 
    "20": {
        "cache-01": 3.345225236760007, 
        "cache-06": 4.060407886815186
    }, 
    "21": {
        "cache-01": 3.3480630962890627, 
        "cache-06": 3.767410729184581
    }, 
    "22": {
        "cache-01": 3.3480630962890627, 
        "cache-06": 3.767410729184581
    }, 
    "23": {
        "cache-01": 3.3480630962890627, 
        "cache-06": 3.767410729184581
    }, 
    "24": {
        "cache-01": 3.3480630962890627, 
        "cache-06": 3.767410729184581
    }, 
    "25": {
        "cache-01": 3.3480630962890627, 
        "cache-06": 3.767410729184581
    }, 
    "26": {
        "cache-01": 3.3480630962890627, 
        "cache-06": 3.767410729184581
    }, 
    "27": {
        "cache-01": 3.3480630962890627, 
        "cache-06": 3.767410729184581
    }, 
    "28": {
        "cache-01": 3.3480630962890627, 
        "cache-06": 3.767410729184581
    }, 
    "29": {
        "cache-01": 3.3480630962890627, 
        "cache-06": 3.767410729184581
    }, 
    "30": {
        "cache-01": 3.3480630962890627, 
        "cache-06": 3.767410729184581
    }, 
    "31": {
        "cache-01": 3.349948097290193, 
        "cache-06": 3.608088911011766
    }, 
    "32": {
        "cache-01": 3.349948097290193, 
        "cache-06": 3.608088911011766
    }, 
    "33": {
        "cache-01": 3.349948097290193, 
        "cache-06": 3.608088911011766
    }, 
    "34": {
        "cache-01": 3.349948097290193, 
        "cache-06": 3.608088911011766
    }, 
    "35": {
        "cache-01": 3.349948097290193, 
        "cache-06": 3.608088911011766
    }, 
    "36": {
        "cache-01": 3.349948097290193, 
        "cache-06": 3.608088911011766
    }, 
    "37": {
        "cache-01": 3.349948097290193, 
        "cache-06": 3.608088911011766
    }, 
    "38": {
        "cache-01": 3.349948097290193, 
        "cache-06": 3.608088911011766
    }, 
    "39": {
        "cache-01": 3.349948097290193, 
        "cache-06": 3.608088911011766
    }, 
    "40": {
        "cache-01": 3.349948097290193, 
        "cache-06": 3.608088911011766
    }, 
    "41": {
        "cache-01": 3.350475092800645, 
        "cache-06": 3.8347320060965018
    }, 
    "42": {
        "cache-01": 3.350475092800645, 
        "cache-06": 3.8347320060965018
    }, 
    "43": {
        "cache-01": 3.350475092800645, 
        "cache-06": 3.8347320060965018
    }, 
    "44": {
        "cache-01": 3.350475092800645, 
        "cache-06": 3.8347320060965018
    }, 
    "45": {
        "cache-01": 3.350475092800645, 
        "cache-06": 3.8347320060965018
    }, 
    "46": {
        "cache-01": 3.350475092800645, 
        "cache-06": 3.8347320060965018
    }, 
    "47": {
        "cache-01": 3.350475092800645, 
        "cache-06": 3.8347320060965018
    }, 
    "48": {
        "cache-01": 3.350475092800645, 
        "cache-06": 3.8347320060965018
    }, 
    "49": {
        "cache-01": 3.350475092800645, 
        "cache-06": 3.8347320060965018
    }, 
    "50": {
        "cache-01": 3.350475092800645, 
        "cache-06": 3.8347320060965018
    }, 
    "51": {
        "cache-01": 3.3500766837627163, 
        "cache-06": 3.6175334075107335
    }, 
    "52": {
        "cache-01": 3.3500766837627163, 
        "cache-06": 3.6175334075107335
    }, 
    "53": {
        "cache-01": 3.3500766837627163, 
        "cache-06": 3.6175334075107335
    }, 
    "54": {
        "cache-01": 3.3500766837627163, 
        "cache-06": 3.6175334075107335
    }, 
    "55": {
        "cache-01": 3.3500766837627163, 
        "cache-06": 3.6175334075107335
    }, 
    "56": {
        "cache-01": 3.3500766837627163, 
        "cache-06": 3.6175334075107335
    }, 
    "57": {
        "cache-01": 3.3500766837627163, 
        "cache-06": 3.6175334075107335
    }, 
    "58": {
        "cache-01": 3.3500766837627163, 
        "cache-06": 3.6175334075107335
    }, 
    "59": {
        "cache-01": 3.3500766837627163, 
        "cache-06": 3.6175334075107335
    }, 
    "60": {
        "cache-01": 3.3500766837627163, 
        "cache-06": 3.6175334075107335
    }, 
    "61": {
        "cache-01": 3.3455225846550247, 
        "cache-06": 3.970489518230322
    }, 
    "62": {
        "cache-01": 3.3455225846550247, 
        "cache-06": 3.970489518230322
    }, 
    "63": {
        "cache-01": 3.3455225846550247, 
        "cache-06": 3.970489518230322
    }, 
    "64": {
        "cache-01": 3.3455225846550247, 
        "cache-06": 3.970489518230322
    }, 
    "65": {
        "cache-01": 3.3455225846550247, 
        "cache-06": 3.970489518230322
    }, 
    "66": {
        "cache-01": 3.3455225846550247, 
        "cache-06": 3.970489518230322
    }, 
    "67": {
        "cache-01": 3.3455225846550247, 
        "cache-06": 3.970489518230322
    }, 
    "68": {
        "cache-01": 3.3455225846550247, 
        "cache-06": 3.970489518230322
    }, 
    "69": {
        "cache-01": 3.3455225846550247, 
        "cache-06": 3.970489518230322
    }, 
    "70": {
        "cache-01": 3.3455225846550247, 
        "cache-06": 3.970489518230322
    }, 
    "71": {
        "cache-01": 3.334225535058403, 
        "cache-06": 3.978975569759147
    }, 
    "72": {
        "cache-01": 3.334225535058403, 
        "cache-06": 3.978975569759147
    }, 
    "73": {
        "cache-01": 3.334225535058403, 
        "cache-06": 3.978975569759147
    }, 
    "74": {
        "cache-01": 3.334225535058403, 
        "cache-06": 3.978975569759147
    }, 
    "75": {
        "cache-01": 3.334225535058403, 
        "cache-06": 3.978975569759147
    }, 
    "76": {
        "cache-01": 3.334225535058403, 
        "cache-06": 3.978975569759147
    }, 
    "77": {
        "cache-01": 3.334225535058403,