{
    "cache-01": 297.0, 
    "cache-02": 294.0, 
    "cache-03": 292.4, 
    "cache-04": 33.67999999999999, 
    "cache-05": 33.739999999999995, 
    "cache-06": 138.0, 
    "cache-07": 139.0, 
    "cache-08": 142.2
}