{
    "0": {
        "cache-02": 4, 
        "cache-04": 3.25
    }, 
    "1": {
        "cache-02": 4, 
        "cache-04": 3.344745844265475
    }, 
    "2": {
        "cache-02": 4, 
        "cache-04": 3.5295106182806637
    }, 
    "3": {
        "cache-02": 4, 
        "cache-04": 3.794986267901364
    }, 
    "4": {
        "cache-02": 4, 
        "cache-04": 3.754630830098608
    }, 
    "5": {
        "cache-02": 4, 
        "cache-04": 4.021559991189434
    }, 
    "6": {
        "cache-02": 4, 
        "cache-04": 4.413275728370938
    }, 
    "7": {
        "cache-02": 4, 
        "cache-04": 4.706614667211976
    }, 
    "8": {
        "cache-02": 4, 
        "cache-04": 4.755803066382209
    }, 
    "9": {
        "cache-02": 4, 
        "cache-04": 4.408132491952137
    }, 
    "10": {
        "cache-02": 4, 
        "cache-04": 4.061203942123995
    }, 
    "11": {
        "cache-02": 4, 
        "cache-04": 3.8877396672099236
    }, 
    "12": {
        "cache-02": 3.719745844265475, 
        "cache-04": 3.8877396672099236
    }, 
    "13": {
        "cache-02": 3.719745844265475, 
        "cache-04": 4.088114409745092
    }, 
    "14": {
        "cache-02": 3.719745844265475, 
        "cache-04": 4.188301781012676
    }, 
    "15": {
        "cache-02": 3.719745844265475, 
        "cache-04": 4.124381849267371
    }, 
    "16": {
        "cache-02": 3.719745844265475, 
        "cache-04": 4.092421883394717
    }, 
    "17": {
        "cache-02": 3.719745844265475, 
        "cache-04": 4.076441900458391
    }, 
    "18": {
        "cache-02": 3.719745844265475, 
        "cache-04": 4.0684519089902285
    }, 
    "19": {
        "cache-02": 3.719745844265475, 
        "cache-04": 3.8913636506430405
    }, 
    "20": {
        "cache-02": 3.719745844265475, 
        "cache-04": 3.665427669586995
    }, 
    "21": {
        "cache-02": 3.5796187663982124, 
        "cache-04": 3.665427669586995
    }, 
    "22": {
        "cache-02": 3.5796187663982124, 
        "cache-04": 3.86294479355453
    }, 
    "23": {
        "cache-02": 3.5796187663982124, 
        "cache-04": 3.9617033555382974
    }, 
    "24": {
        "cache-02": 3.5796187663982124, 
        "cache-04": 4.0110826365301815
    }, 
    "25": {
        "cache-02": 3.5796187663982124, 
        "cache-04": 4.035772277026123
    }, 
    "26": {
        "cache-02": 3.5796187663982124, 
        "cache-04": 4.048117097274094
    }, 
    "27": {
        "cache-02": 3.5796187663982124, 
        "cache-04": 4.05428950739808
    }, 
    "28": {
        "cache-02": 3.5796187663982124, 
        "cache-04": 4.057375712460072
    }, 
    "29": {
        "cache-02": 3.5796187663982124, 
        "cache-04": 4.058918814991069
    }, 
    "30": {
        "cache-02": 3.5796187663982124, 
        "cache-04": 4.059690366256566
    }, 
    "31": {
        "cache-02": 3.5796187663982124, 
        "cache-04": 3.8869828792762093
    }, 
    "32": {
        "cache-02": 3.5796187663982124, 
        "cache-04": 3.6632372839035794
    }, 
    "33": {
        "cache-02": 3.5796187663982124, 
        "cache-04": 3.688756338099716
    }, 
    "34": {
        "cache-02": 3.5796187663982124, 
        "cache-04": 3.8746091278108903
    }, 
    "35": {
        "cache-02": 3.5796187663982124, 
        "cache-04": 3.9675355226664775
    }, 
    "36": {
        "cache-02": 3.5796187663982124, 
        "cache-04": 4.013998720094271
    }, 
    "37": {
        "cache-02": 3.5796187663982124, 
        "cache-04": 4.1512439361872655
    }, 
    "38": {
        "cache-02": 3.5796187663982124, 
        "cache-04": 4.105852926854665
    }, 
    "39": {
        "cache-02": 3.5796187663982124, 
        "cache-04": 3.9100641595752585
    }, 
    "40": {
        "cache-02": 3.5796187663982124, 
        "cache-04": 3.8121697759355557
    }, 
    "41": {
        "cache-02": 3.5796187663982124, 
        "cache-04": 3.763222584115704
    }, 
    "42": {
        "cache-02": 3.5796187663982124, 
        "cache-04": 3.7387489882057783
    }, 
    "43": {
        "cache-02": 3.5796187663982124, 
        "cache-04": 3.8996054528639217
    }, 
    "44": {
        "cache-02": 3.5796187663982124, 
        "cache-04": 3.806940422579887
    }, 
    "45": {
        "cache-02": 3.5796187663982124, 
        "cache-04": 3.76060790743787
    }, 
    "46": {
        "cache-02": 3.5796187663982124, 
        "cache-04": 3.60004979798441
    }, 
    "47": {
        "cache-02": 3.5796187663982124, 
        "cache-04": 3.5197707432576797
    }, 
    "48": {
        "cache-02": 3.509555227464581, 
        "cache-04": 3.5197707432576797
    }, 
    "49": {
        "cache-02": 3.509555227464581, 
        "cache-04": 4.1623811044050605
    }, 
    "50": {
        "cache-02": 3.509555227464581, 
        "cache-04": 4.111421510963563
    }, 
    "51": {
        "cache-02": 3.509555227464581, 
        "cache-04": 4.199955331621911
    }, 
    "52": {
        "cache-02": 3.509555227464581, 
        "cache-04": 4.2442222419510856
    }, 
    "53": {
        "cache-02": 3.509555227464581, 
        "cache-04": 4.1523420797365755
    }, 
    "54": {
        "cache-02": 3.509555227464581, 
        "cache-04": 4.10640199862932
    }, 
    "55": {
        "cache-02": 3.509555227464581, 
        "cache-04": 4.083431958075693
    }, 
    "56": {
        "cache-02": 3.509555227464581, 
        "cache-04": 3.8988536751857725
    }, 
    "57": {
        "cache-02": 3.509555227464581, 
        "cache-04": 3.8065645337408123
    }, 
    "58": {
        "cache-02": 3.509555227464581, 
        "cache-04": 3.623028111135881
    }, 
    "59": {
        "cache-02": 3.509555227464581, 
        "cache-04": 3.5312598998334153
    }, 
    "60": {
        "cache-02": 3.509555227464581, 
        "cache-04": 3.622767646064634
    }, 
    "61": {
        "cache-02": 3.509555227464581, 
        "cache-04": 3.841614781793349
    }, 
    "62": {
        "cache-02": 3.509555227464581, 
        "cache-04": 4.065051967036805
    }, 
    "63": {
        "cache-02": 3.509555227464581, 
        "cache-04": 4.176770559658532
    }, 
    "64": {
        "cache-02": 3.509555227464581, 
        "cache-04": 4.232629855969396
    }, 
    "65": {
        "cache-02": 3.509555227464581, 
        "cache-04": 4.260559504124828
    }, 
    "66": {
        "cache-02": 3.509555227464581, 
        "cache-04": 4.378002900152962
    }, 
    "67": {
        "cache-02": 3.509555227464581, 
        "cache-04": 4.333246026216612
    }, 
    "68": {
        "cache-02": 3.509555227464581, 
        "cache-04": 4.196853971869338
    }, 
    "69": {
        "cache-02": 3.509555227464581, 
        "cache-04": 3.955564682082595
    }, 
    "70": {
        "cache-02": 3.509555227464581, 
        "cache-04": 4.00801329980233
    }, 
    "71": {
        "cache-02": 3.509555227464581, 
        "cache-04": 4.034237608662197
    }, 
    "72": {
        "cache-02": 3.509555227464581, 
        "cache-04": 4.0473497630921305
    }, 
    "73": {
        "cache-02": 3.509555227464581, 
        "cache-04": 4.053905840307097
    }, 
    "74": {
        "cache-02": 3.509555227464581, 
        "cache-04": 4.171197496293679
    }, 
    "75": {
        "cache-02": 3.509555227464581, 
        "cache-04": 4.2298433242869695
    }, 
    "76": {
        "cache-02": 3.509555227464581, 
        "cache-04": 4.2591662382836155
    }, 
    "77": {
        "cache-02": 3.509555227464581, 
        "cache-04": 4.1598140779028405
    }, 
    "78": {
        "cache-02": 3.509555227464581, 
        "cache-04": 3.799652883216895
    }, 
    "79": {
        "cache-02": 3.509555227464581, 
        "cache-04": 3.756964137756374
    }, 
    "80": {
        "cache-02": 3.509555227464581, 
        "cache-04": 3.9087130276392195
    }, 
    "81": {
        "cache-02": 3.509555227464581, 
        "cache-04": 3.811494209967536
    }, 
    "82": {
        "cache-02": 3.509555227464581, 
        "cache-04": 3.762884801131694
    },