{
    "cache-01": 179.6, 
    "cache-02": 181.8, 
    "cache-03": 178.2, 
    "cache-04": 100.03999999999999, 
    "cache-05": 100.22, 
    "cache-06": 29.96, 
    "cache-07": 29.660000000000004, 
    "cache-08": 30.179999999999996
}