{
    "0": {
        "cache-07": 4.994954741911782, 
        "cache-11": 3.2626425116813786
    }, 
    "1": {
        "cache-07": 4.994954741911782, 
        "cache-11": 3.2626425116813786
    }, 
    "2": {
        "cache-07": 4.994954741911782, 
        "cache-11": 3.2626425116813786
    }, 
    "3": {
        "cache-07": 4.994954741911782, 
        "cache-11": 3.2626425116813786
    }, 
    "4": {
        "cache-07": 4.994954741911782, 
        "cache-11": 3.2626425116813786
    }, 
    "5": {
        "cache-07": 4.994954741911782, 
        "cache-11": 3.2626425116813786
    }, 
    "6": {
        "cache-07": 4.994954741911782, 
        "cache-11": 3.2626425116813786
    }, 
    "7": {
        "cache-07": 4.994954741911782, 
        "cache-11": 3.2626425116813786
    }, 
    "8": {
        "cache-07": 4.994954741911782, 
        "cache-11": 3.2626425116813786
    }, 
    "9": {
        "cache-07": 4.994954741911782, 
        "cache-11": 3.2626425116813786
    }, 
    "10": {
        "cache-07": 4.994954741911782, 
        "cache-11": 3.2626425116813786
    }, 
    "11": {
        "cache-07": 4.341411259703255, 
        "cache-11": 3.3210519178006472
    }, 
    "12": {
        "cache-07": 4.341411259703255, 
        "cache-11": 3.3210519178006472
    }, 
    "13": {
        "cache-07": 4.341411259703255, 
        "cache-11": 3.3210519178006472
    }, 
    "14": {
        "cache-07": 4.341411259703255, 
        "cache-11": 3.3210519178006472
    }, 
    "15": {
        "cache-07": 4.341411259703255, 
        "cache-11": 3.3210519178006472
    }, 
    "16": {
        "cache-07": 4.341411259703255, 
        "cache-11": 3.3210519178006472
    }, 
    "17": {
        "cache-07": 4.341411259703255, 
        "cache-11": 3.3210519178006472
    }, 
    "18": {
        "cache-07": 4.341411259703255, 
        "cache-11": 3.3210519178006472
    }, 
    "19": {
        "cache-07": 4.341411259703255, 
        "cache-11": 3.3210519178006472
    }, 
    "20": {
        "cache-07": 4.341411259703255, 
        "cache-11": 3.3210519178006472
    }, 
    "21": {
        "cache-07": 4.423392187997607, 
        "cache-11": 3.523135616917287
    }, 
    "22": {
        "cache-07": 4.423392187997607, 
        "cache-11": 3.523135616917287
    }, 
    "23": {
        "cache-07": 4.423392187997607, 
        "cache-11": 3.523135616917287
    }, 
    "24": {
        "cache-07": 4.423392187997607, 
        "cache-11": 3.523135616917287
    }, 
    "25": {
        "cache-07": 4.423392187997607, 
        "cache-11": 3.523135616917287
    }, 
    "26": {
        "cache-07": 4.423392187997607, 
        "cache-11": 3.523135616917287
    }, 
    "27": {
        "cache-07": 4.423392187997607, 
        "cache-11": 3.523135616917287
    }, 
    "28": {
        "cache-07": 4.423392187997607, 
        "cache-11": 3.523135616917287
    }, 
    "29": {
        "cache-07": 4.423392187997607, 
        "cache-11": 3.523135616917287
    }, 
    "30": {
        "cache-07": 4.423392187997607, 
        "cache-11": 3.523135616917287
    }, 
    "31": {
        "cache-07": 4.384326370431647, 
        "cache-11": 3.8296737518264425
    }, 
    "32": {
        "cache-07": 4.384326370431647, 
        "cache-11": 3.8296737518264425
    }, 
    "33": {
        "cache-07": 4.384326370431647, 
        "cache-11": 3.8296737518264425
    }, 
    "34": {
        "cache-07": 4.384326370431647, 
        "cache-11": 3.8296737518264425
    }, 
    "35": {
        "cache-07": 4.384326370431647, 
        "cache-11": 3.8296737518264425
    }, 
    "36": {
        "cache-07": 4.384326370431647, 
        "cache-11": 3.8296737518264425
    }, 
    "37": {
        "cache-07": 4.384326370431647, 
        "cache-11": 3.8296737518264425
    }, 
    "38": {
        "cache-07": 4.384326370431647, 
        "cache-11": 3.8296737518264425
    }, 
    "39": {
        "cache-07": 4.384326370431647, 
        "cache-11": 3.8296737518264425
    }, 
    "40": {
        "cache-07": 4.384326370431647, 
        "cache-11": 3.8296737518264425
    }, 
    "41": {
        "cache-07": 4.406624570880105, 
        "cache-11": 3.8031040372341893
    }, 
    "42": {
        "cache-07": 4.406624570880105, 
        "cache-11": 3.8031040372341893
    }, 
    "43": {
        "cache-07": 4.406624570880105, 
        "cache-11": 3.8031040372341893
    }, 
    "44": {
        "cache-07": 4.406624570880105, 
        "cache-11": 3.8031040372341893
    }, 
    "45": {
        "cache-07": 4.406624570880105, 
        "cache-11": 3.8031040372341893
    }, 
    "46": {
        "cache-07": 4.406624570880105, 
        "cache-11": 3.8031040372341893
    }, 
    "47": {
        "cache-07": 4.406624570880105, 
        "cache-11": 3.8031040372341893
    }, 
    "48": {
        "cache-07": 4.406624570880105, 
        "cache-11": 3.8031040372341893
    }, 
    "49": {
        "cache-07": 4.406624570880105, 
        "cache-11": 3.8031040372341893
    }, 
    "50": {
        "cache-07": 4.406624570880105, 
        "cache-11": 3.8031040372341893
    }, 
    "51": {
        "cache-07": 4.087988514186531, 
        "cache-11": 3.6571579522480917
    }, 
    "52": {
        "cache-07": 4.087988514186531, 
        "cache-11": 3.6571579522480917
    }, 
    "53": {
        "cache-07": 4.087988514186531, 
        "cache-11": 3.6571579522480917
    }, 
    "54": {
        "cache-07": 4.087988514186531, 
        "cache-11": 3.6571579522480917
    }, 
    "55": {
        "cache-07": 4.087988514186531, 
        "cache-11": 3.6571579522480917
    }, 
    "56": {
        "cache-07": 4.087988514186531, 
        "cache-11": 3.6571579522480917
    }, 
    "57": {
        "cache-07": 4.087988514186531, 
        "cache-11": 3.6571579522480917
    }, 
    "58": {
        "cache-07": 4.087988514186531, 
        "cache-11": 3.6571579522480917
    }, 
    "59": {
        "cache-07": 4.087988514186531, 
        "cache-11": 3.6571579522480917
    }, 
    "60": {
        "cache-07": 4.087988514186531, 
        "cache-11": 3.6571579522480917
    }, 
    "61": {
        "cache-07": 4.03710725457592, 
        "cache-11": 3.9094001844180895
    }, 
    "62": {
        "cache-07": 4.03710725457592, 
        "cache-11": 3.9094001844180895
    }, 
    "63": {
        "cache-07": 4.03710725457592, 
        "cache-11": 3.9094001844180895
    }, 
    "64": {
        "cache-07": 4.03710725457592, 
        "cache-11": 3.9094001844180895
    }, 
    "65": {
        "cache-07": 4.03710725457592, 
        "cache-11": 3.9094001844180895
    }, 
    "66": {
        "cache-07": 4.03710725457592, 
        "cache-11": 3.9094001844180895
    }, 
    "67": {
        "cache-07": 4.03710725457592, 
        "cache-11": 3.9094001844180895
    }, 
    "68": {
        "cache-07": 4.03710725457592, 
        "cache-11": 3.9094001844180895
    }, 
    "69": {
        "cache-07": 4.03710725457592, 
        "cache-11": 3.9094001844180895
    }, 
    "70": {
        "cache-07": 4.03710725457592, 
        "cache-11": 3.9094001844180895
    }, 
    "71": {
        "cache-07": 3.9921971688756233, 
        "cache-11": 4.804759790767947
    }, 
    "72": {
        "cache-07": 3.9921971688756233, 
        "cache-11": 4.804759790767947
    }, 
    "73": {
        "cache-07": 3.9921971688756233, 
        "cache-11": 4.804759790767947
    }, 
    "74": {
        "cache-07": 3.9921971688756233, 
        "cache-11": 4.804759790767947
    }, 
    "75": {
        "cache-07": 3.9921971688756233, 
        "cache-11": 4.804759790767947
    }, 
    "76": {
        "cache-07": 3.9921971688756233, 
        "cache-11": 4.804759790767947
    }, 
    "77": {
        "cache-07": 3.9921971688756233, 
        "cache-11": 4.804759790767947
    }, 
    "78": {
        "cache-07": 3.9921971688756233, 
        "cache-11": 4.804759790767947
    }, 
    "79": {
        "cache-07": 3.9921971688756233, 
        "cache-11": 4.804759790767947
    }, 
    "80": {
        "cache-07": 3.9921971688756233, 
        "cache-11": 4.804759790767947
    },