{
    "0": {
        "cache-03": 4.646699119481108, 
        "cache-11": 3.122933131136745
    }, 
    "1": {
        "cache-03": 4.646699119481108, 
        "cache-11": 3.122933131136745
    }, 
    "2": {
        "cache-03": 4.646699119481108, 
        "cache-11": 3.122933131136745
    }, 
    "3": {
        "cache-03": 4.646699119481108, 
        "cache-11": 3.122933131136745
    }, 
    "4": {
        "cache-03": 4.646699119481108, 
        "cache-11": 3.122933131136745
    }, 
    "5": {
        "cache-03": 4.646699119481108, 
        "cache-11": 3.122933131136745
    }, 
    "6": {
        "cache-03": 4.646699119481108, 
        "cache-11": 3.122933131136745
    }, 
    "7": {
        "cache-03": 4.646699119481108, 
        "cache-11": 3.122933131136745
    }, 
    "8": {
        "cache-03": 4.646699119481108, 
        "cache-11": 3.122933131136745
    }, 
    "9": {
        "cache-03": 4.646699119481108, 
        "cache-11": 3.122933131136745
    }, 
    "10": {
        "cache-03": 4.646699119481108, 
        "cache-11": 3.122933131136745
    }, 
    "11": {
        "cache-03": 4.539952048534845, 
        "cache-11": 3.143187656018256
    }, 
    "12": {
        "cache-03": 4.539952048534845, 
        "cache-11": 3.143187656018256
    }, 
    "13": {
        "cache-03": 4.539952048534845, 
        "cache-11": 3.143187656018256
    }, 
    "14": {
        "cache-03": 4.539952048534845, 
        "cache-11": 3.143187656018256
    }, 
    "15": {
        "cache-03": 4.539952048534845, 
        "cache-11": 3.143187656018256
    }, 
    "16": {
        "cache-03": 4.539952048534845, 
        "cache-11": 3.143187656018256
    }, 
    "17": {
        "cache-03": 4.539952048534845, 
        "cache-11": 3.143187656018256
    }, 
    "18": {
        "cache-03": 4.539952048534845, 
        "cache-11": 3.143187656018256
    }, 
    "19": {
        "cache-03": 4.539952048534845, 
        "cache-11": 3.143187656018256
    }, 
    "20": {
        "cache-03": 4.539952048534845, 
        "cache-11": 3.143187656018256
    }, 
    "21": {
        "cache-03": 4.80626460291972, 
        "cache-11": 3.2258126755503542
    }, 
    "22": {
        "cache-03": 4.80626460291972, 
        "cache-11": 3.2258126755503542
    }, 
    "23": {
        "cache-03": 4.80626460291972, 
        "cache-11": 3.2258126755503542
    }, 
    "24": {
        "cache-03": 4.80626460291972, 
        "cache-11": 3.2258126755503542
    }, 
    "25": {
        "cache-03": 4.80626460291972, 
        "cache-11": 3.2258126755503542
    }, 
    "26": {
        "cache-03": 4.80626460291972, 
        "cache-11": 3.2258126755503542
    }, 
    "27": {
        "cache-03": 4.80626460291972, 
        "cache-11": 3.2258126755503542
    }, 
    "28": {
        "cache-03": 4.80626460291972, 
        "cache-11": 3.2258126755503542
    }, 
    "29": {
        "cache-03": 4.80626460291972, 
        "cache-11": 3.2258126755503542
    }, 
    "30": {
        "cache-03": 4.80626460291972, 
        "cache-11": 3.2258126755503542
    }, 
    "31": {
        "cache-03": 4.799952638029028, 
        "cache-11": 3.265440034256587
    }, 
    "32": {
        "cache-03": 4.799952638029028, 
        "cache-11": 3.265440034256587
    }, 
    "33": {
        "cache-03": 4.799952638029028, 
        "cache-11": 3.265440034256587
    }, 
    "34": {
        "cache-03": 4.799952638029028, 
        "cache-11": 3.265440034256587
    }, 
    "35": {
        "cache-03": 4.799952638029028, 
        "cache-11": 3.265440034256587
    }, 
    "36": {
        "cache-03": 4.799952638029028, 
        "cache-11": 3.265440034256587
    }, 
    "37": {
        "cache-03": 4.799952638029028, 
        "cache-11": 3.265440034256587
    }, 
    "38": {
        "cache-03": 4.799952638029028, 
        "cache-11": 3.265440034256587
    }, 
    "39": {
        "cache-03": 4.799952638029028, 
        "cache-11": 3.265440034256587
    }, 
    "40": {
        "cache-03": 4.799952638029028, 
        "cache-11": 3.265440034256587
    }, 
    "41": {
        "cache-03": 4.9510006656352825, 
        "cache-11": 3.732580410493087
    }, 
    "42": {
        "cache-03": 4.9510006656352825, 
        "cache-11": 3.732580410493087
    }, 
    "43": {
        "cache-03": 4.9510006656352825, 
        "cache-11": 3.732580410493087
    }, 
    "44": {
        "cache-03": 4.9510006656352825, 
        "cache-11": 3.732580410493087
    }, 
    "45": {
        "cache-03": 4.9510006656352825, 
        "cache-11": 3.732580410493087
    }, 
    "46": {
        "cache-03": 4.9510006656352825, 
        "cache-11": 3.732580410493087
    }, 
    "47": {
        "cache-03": 4.9510006656352825, 
        "cache-11": 3.732580410493087
    }, 
    "48": {
        "cache-03": 4.9510006656352825, 
        "cache-11": 3.732580410493087
    }, 
    "49": {
        "cache-03": 4.9510006656352825, 
        "cache-11": 3.732580410493087
    }, 
    "50": {
        "cache-03": 4.9510006656352825, 
        "cache-11": 3.732580410493087
    }, 
    "51": {
        "cache-03": 4.769235846637059, 
        "cache-11": 3.8303136238240585
    }, 
    "52": {
        "cache-03": 4.769235846637059, 
        "cache-11": 3.8303136238240585
    }, 
    "53": {
        "cache-03": 4.769235846637059, 
        "cache-11": 3.8303136238240585
    }, 
    "54": {
        "cache-03": 4.769235846637059, 
        "cache-11": 3.8303136238240585
    }, 
    "55": {
        "cache-03": 4.769235846637059, 
        "cache-11": 3.8303136238240585
    }, 
    "56": {
        "cache-03": 4.769235846637059, 
        "cache-11": 3.8303136238240585
    }, 
    "57": {
        "cache-03": 4.769235846637059, 
        "cache-11": 3.8303136238240585
    }, 
    "58": {
        "cache-03": 4.769235846637059, 
        "cache-11": 3.8303136238240585
    }, 
    "59": {
        "cache-03": 4.769235846637059, 
        "cache-11": 3.8303136238240585
    }, 
    "60": {
        "cache-03": 4.769235846637059, 
        "cache-11": 3.8303136238240585
    }, 
    "61": {
        "cache-03": 4.761520287293822, 
        "cache-11": 4.0502477290289365
    }, 
    "62": {
        "cache-03": 4.761520287293822, 
        "cache-11": 4.0502477290289365
    }, 
    "63": {
        "cache-03": 4.761520287293822, 
        "cache-11": 4.0502477290289365
    }, 
    "64": {
        "cache-03": 4.761520287293822, 
        "cache-11": 4.0502477290289365
    }, 
    "65": {
        "cache-03": 4.761520287293822, 
        "cache-11": 4.0502477290289365
    }, 
    "66": {
        "cache-03": 4.761520287293822, 
        "cache-11": 4.0502477290289365
    }, 
    "67": {
        "cache-03": 4.761520287293822, 
        "cache-11": 4.0502477290289365
    }, 
    "68": {
        "cache-03": 4.761520287293822, 
        "cache-11": 4.0502477290289365
    }, 
    "69": {
        "cache-03": 4.761520287293822, 
        "cache-11": 4.0502477290289365
    }, 
    "70": {
        "cache-03": 4.761520287293822, 
        "cache-11": 4.0502477290289365
    }, 
    "71": {
        "cache-03": 4.437618678367111, 
        "cache-11": 4.305634999402358
    }, 
    "72": {
        "cache-03": 4.437618678367111, 
        "cache-11": 4.305634999402358
    }, 
    "73": {
        "cache-03": 4.437618678367111, 
        "cache-11": 4.305634999402358
    }, 
    "74": {
        "cache-03": 4.437618678367111, 
        "cache-11": 4.305634999402358
    }, 
    "75": {
        "cache-03": 4.437618678367111, 
        "cache-11": 4.305634999402358
    }, 
    "76": {
        "cache-03": 4.437618678367111, 
        "cache-11": 4.305634999402358
    }, 
    "77": {
        "cache-03": 4.437618678367111, 
        "cache-11": 4.305634999402358
    }, 
    "78": {
        "cache-03": 4.437618678367111, 
        "cache-11": 4.305634999402358
    }, 
    "79": {
        "cache-03": 4.437618678367111, 
        "cache-11": 4.305634999402358
    }, 
    "80": {
        "cache-03": 4.437618678367111, 
        "cache-11": 4.305634999402358
    },