{
    "0": {
        "cache-10": 4.998732545853455, 
        "cache-13": 3.9004028492762335
    }, 
    "1": {
        "cache-10": 4.998732545853455, 
        "cache-13": 3.9004028492762335
    }, 
    "2": {
        "cache-10": 4.998732545853455, 
        "cache-13": 3.9004028492762335
    }, 
    "3": {
        "cache-10": 4.998732545853455, 
        "cache-13": 3.9004028492762335
    }, 
    "4": {
        "cache-10": 4.998732545853455, 
        "cache-13": 3.9004028492762335
    }, 
    "5": {
        "cache-10": 4.998732545853455, 
        "cache-13": 3.9004028492762335
    }, 
    "6": {
        "cache-10": 4.998732545853455, 
        "cache-13": 3.9004028492762335
    }, 
    "7": {
        "cache-10": 4.998732545853455, 
        "cache-13": 3.9004028492762335
    }, 
    "8": {
        "cache-10": 4.998732545853455, 
        "cache-13": 3.9004028492762335
    }, 
    "9": {
        "cache-10": 4.998732545853455, 
        "cache-13": 3.9004028492762335
    }, 
    "10": {
        "cache-10": 4.998732545853455, 
        "cache-13": 3.9004028492762335
    }, 
    "11": {
        "cache-10": 4.999952819782871, 
        "cache-13": 3.900402849278117
    }, 
    "12": {
        "cache-10": 4.999952819782871, 
        "cache-13": 3.900402849278117
    }, 
    "13": {
        "cache-10": 4.999952819782871, 
        "cache-13": 3.900402849278117
    }, 
    "14": {
        "cache-10": 4.999952819782871, 
        "cache-13": 3.900402849278117
    }, 
    "15": {
        "cache-10": 4.999952819782871, 
        "cache-13": 3.900402849278117
    }, 
    "16": {
        "cache-10": 4.999952819782871, 
        "cache-13": 3.900402849278117
    }, 
    "17": {
        "cache-10": 4.999952819782871, 
        "cache-13": 3.900402849278117
    }, 
    "18": {
        "cache-10": 4.999952819782871, 
        "cache-13": 3.900402849278117
    }, 
    "19": {
        "cache-10": 4.999952819782871, 
        "cache-13": 3.900402849278117
    }, 
    "20": {
        "cache-10": 4.999952819782871, 
        "cache-13": 3.900402849278117
    }, 
    "21": {
        "cache-10": 4.999953409008757, 
        "cache-13": 3.9004028492790583
    }, 
    "22": {
        "cache-10": 4.999953409008757, 
        "cache-13": 3.9004028492790583
    }, 
    "23": {
        "cache-10": 4.999953409008757, 
        "cache-13": 3.9004028492790583
    }, 
    "24": {
        "cache-10": 4.999953409008757, 
        "cache-13": 3.9004028492790583
    }, 
    "25": {
        "cache-10": 4.999953409008757, 
        "cache-13": 3.9004028492790583
    }, 
    "26": {
        "cache-10": 4.999953409008757, 
        "cache-13": 3.9004028492790583
    }, 
    "27": {
        "cache-10": 4.999953409008757, 
        "cache-13": 3.9004028492790583
    }, 
    "28": {
        "cache-10": 4.999953409008757, 
        "cache-13": 3.9004028492790583
    }, 
    "29": {
        "cache-10": 4.999953409008757, 
        "cache-13": 3.9004028492790583
    }, 
    "30": {
        "cache-10": 4.999953409008757, 
        "cache-13": 3.9004028492790583
    }, 
    "31": {
        "cache-10": 4.999953556599712, 
        "cache-13": 3.900402849279529
    }, 
    "32": {
        "cache-10": 4.999953556599712, 
        "cache-13": 3.900402849279529
    }, 
    "33": {
        "cache-10": 4.999953556599712, 
        "cache-13": 3.900402849279529
    }, 
    "34": {
        "cache-10": 4.999953556599712, 
        "cache-13": 3.900402849279529
    }, 
    "35": {
        "cache-10": 4.999953556599712, 
        "cache-13": 3.900402849279529
    }, 
    "36": {
        "cache-10": 4.999953556599712, 
        "cache-13": 3.900402849279529
    }, 
    "37": {
        "cache-10": 4.999953556599712, 
        "cache-13": 3.900402849279529
    }, 
    "38": {
        "cache-10": 4.999953556599712, 
        "cache-13": 3.900402849279529
    }, 
    "39": {
        "cache-10": 4.999953556599712, 
        "cache-13": 3.900402849279529
    }, 
    "40": {
        "cache-10": 4.999953556599712, 
        "cache-13": 3.900402849279529
    }, 
    "41": {
        "cache-10": 4.999953581302217, 
        "cache-13": 3.9004028492797644
    }, 
    "42": {
        "cache-10": 4.999953581302217, 
        "cache-13": 3.9004028492797644
    }, 
    "43": {
        "cache-10": 4.999953581302217, 
        "cache-13": 3.9004028492797644
    }, 
    "44": {
        "cache-10": 4.999953581302217, 
        "cache-13": 3.9004028492797644
    }, 
    "45": {
        "cache-10": 4.999953581302217, 
        "cache-13": 3.9004028492797644
    }, 
    "46": {
        "cache-10": 4.999953581302217, 
        "cache-13": 3.9004028492797644
    }, 
    "47": {
        "cache-10": 4.999953581302217, 
        "cache-13": 3.9004028492797644
    }, 
    "48": {
        "cache-10": 4.999953581302217, 
        "cache-13": 3.9004028492797644
    }, 
    "49": {
        "cache-10": 4.999953581302217, 
        "cache-13": 3.9004028492797644
    }, 
    "50": {
        "cache-10": 4.999953581302217, 
        "cache-13": 3.9004028492797644
    }, 
    "51": {
        "cache-10": 4.999953593665529, 
        "cache-13": 3.900402849279882
    }, 
    "52": {
        "cache-10": 4.999953593665529, 
        "cache-13": 3.900402849279882
    }, 
    "53": {
        "cache-10": 4.999953593665529, 
        "cache-13": 3.900402849279882
    }, 
    "54": {
        "cache-10": 4.999953593665529, 
        "cache-13": 3.900402849279882
    }, 
    "55": {
        "cache-10": 4.999953593665529, 
        "cache-13": 3.900402849279882
    }, 
    "56": {
        "cache-10": 4.999953593665529, 
        "cache-13": 3.900402849279882
    }, 
    "57": {
        "cache-10": 4.999953593665529, 
        "cache-13": 3.900402849279882
    }, 
    "58": {
        "cache-10": 4.999953593665529, 
        "cache-13": 3.900402849279882
    }, 
    "59": {
        "cache-10": 4.999953593665529, 
        "cache-13": 3.900402849279882
    }, 
    "60": {
        "cache-10": 4.999953593665529, 
        "cache-13": 3.900402849279882
    }, 
    "61": {
        "cache-10": 4.9999535998532245, 
        "cache-13": 3.900402849279941
    }, 
    "62": {
        "cache-10": 4.9999535998532245, 
        "cache-13": 3.900402849279941
    }, 
    "63": {
        "cache-10": 4.9999535998532245, 
        "cache-13": 3.900402849279941
    }, 
    "64": {
        "cache-10": 4.9999535998532245, 
        "cache-13": 3.900402849279941
    }, 
    "65": {
        "cache-10": 4.9999535998532245, 
        "cache-13": 3.900402849279941
    }, 
    "66": {
        "cache-10": 4.9999535998532245, 
        "cache-13": 3.900402849279941
    }, 
    "67": {
        "cache-10": 4.9999535998532245, 
        "cache-13": 3.900402849279941
    }, 
    "68": {
        "cache-10": 4.9999535998532245, 
        "cache-13": 3.900402849279941
    }, 
    "69": {
        "cache-10": 4.9999535998532245, 
        "cache-13": 3.900402849279941
    }, 
    "70": {
        "cache-10": 4.9999535998532245, 
        "cache-13": 3.900402849279941
    }, 
    "71": {
        "cache-10": 4.999953602950091, 
        "cache-13": 3.9004028492799705
    }, 
    "72": {
        "cache-10": 4.999953602950091, 
        "cache-13": 3.9004028492799705
    }, 
    "73": {
        "cache-10": 4.999953602950091, 
        "cache-13": 3.9004028492799705
    }, 
    "74": {
        "cache-10": 4.999953602950091, 
        "cache-13": 3.9004028492799705
    }, 
    "75": {
        "cache-10": 4.999953602950091, 
        "cache-13": 3.9004028492799705
    }, 
    "76": {
        "cache-10": 4.999953602950091, 
        "cache-13": 3.9004028492799705
    }, 
    "77": {
        "cache-10": 4.999953602950091, 
        "cache-13": 3.9004028492799705
    }, 
    "78": {
        "cache-10": 4.999953602950091, 
        "cache-13": 3.9004028492799705
    }, 
    "79": {
        "cache-10": 4.999953602950091, 
        "cache-13": 3.9004028492799705
    }, 
    "80": {
        "cache-10": 4.999953602950091, 
        "cache-13": 3.9004028492799705
    },