{
    "0": {
        "cache-08": 3.75, 
        "cache-14": 4
    }, 
    "1": {
        "cache-08": 3.594745844265475, 
        "cache-14": 4
    }, 
    "2": {
        "cache-08": 3.6545106182806637, 
        "cache-14": 4
    }, 
    "3": {
        "cache-08": 3.857486267901364, 
        "cache-14": 4
    }, 
    "4": {
        "cache-08": 4.072987710090812, 
        "cache-14": 4
    }, 
    "5": {
        "cache-08": 4.536470658071913, 
        "cache-14": 4
    }, 
    "6": {
        "cache-08": 4.768212132062464, 
        "cache-14": 4
    }, 
    "7": {
        "cache-08": 4.786601798807453, 
        "cache-14": 4
    }, 
    "8": {
        "cache-08": 4.641024047494275, 
        "cache-14": 4
    }, 
    "9": {
        "cache-08": 4.568235171837686, 
        "cache-14": 4
    }, 
    "10": {
        "cache-08": 4.531840734009391, 
        "cache-14": 4
    }, 
    "11": {
        "cache-08": 4.765897170031202, 
        "cache-14": 4
    }, 
    "12": {
        "cache-08": 4.6306717331061495, 
        "cache-14": 4
    }, 
    "13": {
        "cache-08": 4.563059014643623, 
        "cache-14": 4
    }, 
    "14": {
        "cache-08": 4.52925265541236, 
        "cache-14": 4
    }, 
    "15": {
        "cache-08": 4.764603130732688, 
        "cache-14": 4
    }, 
    "16": {
        "cache-08": 4.630024713456892, 
        "cache-14": 4
    }, 
    "17": {
        "cache-08": 4.459256932868577, 
        "cache-14": 4
    }, 
    "18": {
        "cache-08": 4.373873042574418, 
        "cache-14": 4
    }, 
    "19": {
        "cache-08": 4.686913324313716, 
        "cache-14": 4
    }, 
    "20": {
        "cache-08": 4.745952394933079, 
        "cache-14": 4
    }, 
    "21": {
        "cache-08": 4.620699345557088, 
        "cache-14": 4
    }, 
    "22": {
        "cache-08": 4.558072820869093, 
        "cache-14": 4
    }, 
    "23": {
        "cache-08": 4.779013213461054, 
        "cache-14": 4
    }, 
    "24": {
        "cache-08": 4.889483409757034, 
        "cache-14": 4
    }, 
    "25": {
        "cache-08": 4.847237437654738, 
        "cache-14": 4
    }, 
    "26": {
        "cache-08": 4.8261144516035905, 
        "cache-14": 4
    }, 
    "27": {
        "cache-08": 4.815552958578016, 
        "cache-14": 4
    }, 
    "28": {
        "cache-08": 4.907753282315515, 
        "cache-14": 4
    }, 
    "29": {
        "cache-08": 4.701599789248306, 
        "cache-14": 4
    }, 
    "30": {
        "cache-08": 4.598523042714701, 
        "cache-14": 4
    }, 
    "31": {
        "cache-08": 4.546984669447899, 
        "cache-14": 4
    }, 
    "32": {
        "cache-08": 4.773469137750457, 
        "cache-14": 4
    }, 
    "33": {
        "cache-08": 4.7892303016514495, 
        "cache-14": 4
    }, 
    "34": {
        "cache-08": 4.797110883601945, 
        "cache-14": 4
    }, 
    "35": {
        "cache-08": 4.646278589891521, 
        "cache-14": 4
    }, 
    "36": {
        "cache-08": 4.823116097972267, 
        "cache-14": 4
    }, 
    "37": {
        "cache-08": 4.814053781762355, 
        "cache-14": 4
    }, 
    "38": {
        "cache-08": 4.809522623657399, 
        "cache-14": 4
    }, 
    "39": {
        "cache-08": 4.8072570446049205, 
        "cache-14": 4
    }, 
    "40": {
        "cache-08": 4.806124255078681, 
        "cache-14": 4
    }, 
    "41": {
        "cache-08": 4.805557860315561, 
        "cache-14": 4
    }, 
    "42": {
        "cache-08": 4.805274662934002, 
        "cache-14": 4
    }, 
    "43": {
        "cache-08": 4.805133064243222, 
        "cache-14": 4
    }, 
    "44": {
        "cache-08": 4.902543335148119, 
        "cache-14": 4
    }, 
    "45": {
        "cache-08": 4.85376740035028, 
        "cache-14": 4
    }, 
    "46": {
        "cache-08": 4.829379432951361, 
        "cache-14": 4
    }, 
    "47": {
        "cache-08": 4.662412864566229, 
        "cache-14": 4
    }, 
    "48": {
        "cache-08": 4.5789295803736625, 
        "cache-14": 4
    }, 
    "49": {
        "cache-08": 4.789441593213338, 
        "cache-14": 4
    }, 
    "50": {
        "cache-08": 4.642443944697217, 
        "cache-14": 4
    }, 
    "51": {
        "cache-08": 4.72371770512483, 
        "cache-14": 4
    }, 
    "52": {
        "cache-08": 4.764354585338636, 
        "cache-14": 4
    }, 
    "53": {
        "cache-08": 4.882154095695825, 
        "cache-14": 4
    }, 
    "54": {
        "cache-08": 4.843572780624134, 
        "cache-14": 4
    }, 
    "55": {
        "cache-08": 4.6695095384026155, 
        "cache-14": 4
    }, 
    "56": {
        "cache-08": 4.737250501977529, 
        "cache-14": 4
    }, 
    "57": {
        "cache-08": 4.8686020540152715, 
        "cache-14": 4
    }, 
    "58": {
        "cache-08": 4.682024175098184, 
        "cache-14": 4
    }, 
    "59": {
        "cache-08": 4.743507820325313, 
        "cache-14": 4
    }, 
    "60": {
        "cache-08": 4.774249642938877, 
        "cache-14": 4
    }, 
    "61": {
        "cache-08": 4.887101624495946, 
        "cache-14": 4
    }, 
    "62": {
        "cache-08": 4.846046545024194, 
        "cache-14": 4
    }, 
    "63": {
        "cache-08": 4.670746420602645, 
        "cache-14": 4
    }, 
    "64": {
        "cache-08": 4.583096358391871, 
        "cache-14": 4
    }, 
    "65": {
        "cache-08": 4.694043911972157, 
        "cache-14": 4
    }, 
    "66": {
        "cache-08": 4.846998759012585, 
        "cache-14": 4
    }, 
    "67": {
        "cache-08": 4.825995112282514, 
        "cache-14": 4
    }, 
    "68": {
        "cache-08": 4.660720704231805, 
        "cache-14": 4
    }, 
    "69": {
        "cache-08": 4.578083500206451, 
        "cache-14": 4
    }, 
    "70": {
        "cache-08": 4.789018553129733, 
        "cache-14": 4
    }, 
    "71": {
        "cache-08": 4.642232424655415, 
        "cache-14": 4
    }, 
    "72": {
        "cache-08": 4.568839360418256, 
        "cache-14": 4
    }, 
    "73": {
        "cache-08": 4.686915412985349, 
        "cache-14": 4
    }, 
    "74": {
        "cache-08": 4.843434509519182, 
        "cache-14": 4
    }, 
    "75": {
        "cache-08": 4.824212987535812, 
        "cache-14": 4
    }, 
    "76": {
        "cache-08": 4.814602226544127, 
        "cache-14": 4
    }, 
    "77": {
        "cache-08": 4.809796846048284, 
        "cache-14": 4
    }, 
    "78": {
        "cache-08": 4.6526215711146905, 
        "cache-14": 4
    }, 
    "79": {
        "cache-08": 4.8262875885838525, 
        "cache-14": 4
    }, 
    "80": {
        "cache-08": 4.913120597318434, 
        "cache-14": 4
    }, 
    "81": {
        "cache-08": 4.859056031435438, 
        "cache-14": 4
    }, 
    "82": {
        "cache-08": 4.929504818744226, 
        "cache-14": 4
    }, 
    "83": {
        "cache-08": 4.96472921239862, 
        "cache-14": 4
    }, 
    "84": {
        "cache-08": 4.982341409225818, 
        "cache-14": 4
    }, 
    "85": {
        "cache-08": 4.9911475076394165, 
        "cache-14": 4
    }, 
    "86": {
        "cache-08": 4.995550556846215, 
        "cache-14": 4
    }, 
    "87": {
        "cache-08": 4.997752081449615, 
        "cache-14": 4
    }, 
    "88": {
        "cache-08": 4.998852843751315, 
        "cache-14": 4
    }, 
    "89": {
        "cache-08": 4.999403224902165, 
        "cache-14": 4
    }, 
    "90": {
        "cache-08": 4.9996784154775895, 
        "cache-14": 4
    }, 
    "91": {
        "cache-08": 4.9998160107653025, 
        "cache-14": 4
    }, 
    "92": {
        "cache-08": 4.999884808409158, 
        "cache-14": 4
    }, 
    "93": {
        "cache-08": 4.999919207231086, 
        "cache-14": 4
    }, 
    "94": {
        "cache-08": 4.99993640664205, 
        "cache-14": 4
    }, 
    "95": {
        "cache-08": 4.999945006347533, 
        "cache-14": 4
    }, 
    "96": {
        "cache-08": 4.999949306200273, 
        "cache-14": 4
    }, 
    "97": {
        "cache-08": 4.999951456126643,