{
    "0": {
        "cache-08": 3.75, 
        "cache-15": 4
    }, 
    "1": {
        "cache-08": 3.594745844265475, 
        "cache-15": 4
    }, 
    "2": {
        "cache-08": 3.5171187663982124, 
        "cache-15": 4
    }, 
    "3": {
        "cache-08": 3.478305227464581, 
        "cache-15": 4
    }, 
    "4": {
        "cache-08": 3.596290309880217, 
        "cache-15": 4
    }, 
    "5": {
        "cache-08": 3.8283761137011405, 
        "cache-15": 4
    }, 
    "6": {
        "cache-08": 3.8283761137011405, 
        "cache-15": 4.030230958761033
    }, 
    "7": {
        "cache-08": 3.8283761137011405, 
        "cache-15": 4.159360055520647
    }, 
    "8": {
        "cache-08": 3.8283761137011405, 
        "cache-15": 4.109910986521356
    }, 
    "9": {
        "cache-08": 3.8283761137011405, 
        "cache-15": 4.085186452021711
    }, 
    "10": {
        "cache-08": 3.8283761137011405, 
        "cache-15": 4.186837802150986
    }, 
    "11": {
        "cache-08": 3.8283761137011405, 
        "cache-15": 4.237663477215623
    }, 
    "12": {
        "cache-08": 3.8283761137011405, 
        "cache-15": 4.149062697368844
    }, 
    "13": {
        "cache-08": 3.8283761137011405, 
        "cache-15": 4.104762307445455
    }, 
    "14": {
        "cache-08": 3.8283761137011405, 
        "cache-15": 4.196625729862857
    }, 
    "15": {
        "cache-08": 3.8283761137011405, 
        "cache-15": 4.242557441071559
    }, 
    "16": {
        "cache-08": 3.8283761137011405, 
        "cache-15": 4.2655232966759105
    }, 
    "17": {
        "cache-08": 3.8283761137011405, 
        "cache-15": 4.162992607098987
    }, 
    "18": {
        "cache-08": 3.8283761137011405, 
        "cache-15": 4.111727262310525
    }, 
    "19": {
        "cache-08": 3.8283761137011405, 
        "cache-15": 4.086094589916295
    }, 
    "20": {
        "cache-08": 3.8283761137011405, 
        "cache-15": 4.073278253719179
    }, 
    "21": {
        "cache-08": 3.8283761137011405, 
        "cache-15": 4.0668700856206215
    }, 
    "22": {
        "cache-08": 3.8283761137011405, 
        "cache-15": 4.0636660015713435
    }, 
    "23": {
        "cache-08": 3.8283761137011405, 
        "cache-15": 4.1760775769258025
    }, 
    "24": {
        "cache-08": 3.8283761137011405, 
        "cache-15": 4.232283364603031
    }, 
    "25": {
        "cache-08": 3.8283761137011405, 
        "cache-15": 4.260386258441645
    }, 
    "26": {
        "cache-08": 3.8283761137011405, 
        "cache-15": 4.274437705360953
    }, 
    "27": {
        "cache-08": 3.8283761137011405, 
        "cache-15": 4.281463428820606
    }, 
    "28": {
        "cache-08": 3.8283761137011405, 
        "cache-15": 4.284976290550434
    }, 
    "29": {
        "cache-08": 3.8283761137011405, 
        "cache-15": 4.286732721415348
    }, 
    "30": {
        "cache-08": 3.8283761137011405, 
        "cache-15": 4.287610936847804
    }, 
    "31": {
        "cache-08": 3.8283761137011405, 
        "cache-15": 4.288050044564033
    }, 
    "32": {
        "cache-08": 3.8283761137011405, 
        "cache-15": 4.174255981043048
    }, 
    "33": {
        "cache-08": 3.8283761137011405, 
        "cache-15": 4.231372566661655
    }, 
    "34": {
        "cache-08": 3.8283761137011405, 
        "cache-15": 4.14591724209186
    }, 
    "35": {
        "cache-08": 3.8283761137011405, 
        "cache-15": 4.103189579806962
    }, 
    "36": {
        "cache-08": 3.8283761137011405, 
        "cache-15": 4.081825748664514
    }, 
    "37": {
        "cache-08": 3.8283761137011405, 
        "cache-15": 4.185157450472387
    }, 
    "38": {
        "cache-08": 3.8283761137011405, 
        "cache-15": 4.236823301376324
    }, 
    "39": {
        "cache-08": 3.8283761137011405, 
        "cache-15": 4.148642609449194
    }, 
    "40": {
        "cache-08": 3.8283761137011405, 
        "cache-15": 3.931459000872523
    }, 
    "41": {
        "cache-08": 3.8283761137011405, 
        "cache-15": 3.8228671965841876
    }, 
    "42": {
        "cache-08": 3.9444190156116026, 
        "cache-15": 3.8228671965841876
    }, 
    "43": {
        "cache-08": 4.002440466566833, 
        "cache-15": 3.8228671965841876
    }, 
    "44": {
        "cache-08": 4.0314511920444485, 
        "cache-15": 3.8228671965841876
    }, 
    "45": {
        "cache-08": 3.8728632921701505, 
        "cache-15": 3.8228671965841876
    }, 
    "46": {
        "cache-08": 3.9666626048461078, 
        "cache-15": 3.8228671965841876
    }, 
    "47": {
        "cache-08": 4.013562261184086, 
        "cache-15": 3.8228671965841876
    }, 
    "48": {
        "cache-08": 4.037012089353075, 
        "cache-15": 3.8228671965841876
    }, 
    "49": {
        "cache-08": 4.048737003437569, 
        "cache-15": 3.8228671965841876
    }, 
    "50": {
        "cache-08": 4.426864234495006, 
        "cache-15": 3.8228671965841876
    }, 
    "51": {
        "cache-08": 4.6159278500237235, 
        "cache-15": 3.8228671965841876
    }, 
    "52": {
        "cache-08": 4.452208501151992, 
        "cache-15": 3.8228671965841876
    }, 
    "53": {
        "cache-08": 4.256335209337028, 
        "cache-15": 3.8228671965841876
    }, 
    "54": {
        "cache-08": 4.158398563429547, 
        "cache-15": 3.8228671965841876
    }, 
    "55": {
        "cache-08": 4.326922429805322, 
        "cache-15": 3.8228671965841876
    }, 
    "56": {
        "cache-08": 4.307705791042791, 
        "cache-15": 3.8228671965841876
    }, 
    "57": {
        "cache-08": 4.184083854282427, 
        "cache-15": 3.8228671965841876
    }, 
    "58": {
        "cache-08": 4.122272885902246, 
        "cache-15": 3.8228671965841876
    }, 
    "59": {
        "cache-08": 4.205381019091254, 
        "cache-15": 3.8228671965841876
    }, 
    "60": {
        "cache-08": 4.246935085685758, 
        "cache-15": 3.8228671965841876
    }, 
    "61": {
        "cache-08": 4.26771211898301, 
        "cache-15": 3.8228671965841876
    }, 
    "62": {
        "cache-08": 4.6338328625180125, 
        "cache-15": 3.8228671965841876
    }, 
    "63": {
        "cache-08": 4.461161007399136, 
        "cache-15": 3.8228671965841876
    }, 
    "64": {
        "cache-08": 4.374825079839699, 
        "cache-15": 3.8228671965841876
    }, 
    "65": {
        "cache-08": 4.331657116059979, 
        "cache-15": 3.8228671965841876
    }, 
    "66": {
        "cache-08": 4.196059516791022, 
        "cache-15": 3.8228671965841876
    }, 
    "67": {
        "cache-08": 4.500525491171732, 
        "cache-15": 3.8228671965841876
    }, 
    "68": {
        "cache-08": 4.652758478362087, 
        "cache-15": 3.8228671965841876
    }, 
    "69": {
        "cache-08": 4.470623815321174, 
        "cache-15": 3.8228671965841876
    }, 
    "70": {
        "cache-08": 4.379556483800718, 
        "cache-15": 3.8228671965841876
    }, 
    "71": {
        "cache-08": 4.689755044926866, 
        "cache-15": 3.8228671965841876
    }, 
    "72": {
        "cache-08": 4.489122098603563, 
        "cache-15": 3.8228671965841876
    }, 
    "73": {
        "cache-08": 4.274792008062814, 
        "cache-15": 3.8228671965841876
    }, 
    "74": {
        "cache-08": 4.281640580171537, 
        "cache-15": 3.8228671965841876
    }, 
    "75": {
        "cache-08": 4.5433160228619895, 
        "cache-15": 3.8228671965841876
    }, 
    "76": {
        "cache-08": 4.415902587571125, 
        "cache-15": 3.8228671965841876
    }, 
    "77": {
        "cache-08": 4.238182252546595, 
        "cache-15": 3.8228671965841876
    }, 
    "78": {
        "cache-08": 3.976228822421224, 
        "cache-15": 3.8228671965841876
    }, 
    "79": {
        "cache-08": 3.8452521073585384, 
        "cache-15": 3.8228671965841876
    }, 
    "80": {
        "cache-08": 4.422602856705776, 
        "cache-15": 3.8228671965841876
    }, 
    "81": {
        "cache-08": 4.241532387113921,