{
    "0": {
        "cache-07": 3.75, 
        "cache-13": 4
    }, 
    "1": {
        "cache-07": 3.9052309587610323, 
        "cache-13": 4
    }, 
    "2": {
        "cache-07": 3.9828464381415483, 
        "cache-13": 4
    }, 
    "3": {
        "cache-07": 4.021654177831806, 
        "cache-13": 4
    }, 
    "4": {
        "cache-07": 3.260827088915903, 
        "cache-13": 4
    }, 
    "5": {
        "cache-07": 3.3501593887234264, 
        "cache-13": 4
    }, 
    "6": {
        "cache-07": 3.3501593887234264, 
        "cache-13": 4.030230958761033
    }, 
    "7": {
        "cache-07": 3.3501593887234264, 
        "cache-13": 3.8722531755284426
    }, 
    "8": {
        "cache-07": 3.3501593887234264, 
        "cache-13": 3.7932642839121478
    }, 
    "9": {
        "cache-07": 3.3501593887234264, 
        "cache-13": 3.753769838104
    }, 
    "10": {
        "cache-07": 3.3501593887234264, 
        "cache-13": 3.734022615199926
    }, 
    "11": {
        "cache-07": 3.3501593887234264, 
        "cache-13": 3.586757151865438
    }, 
    "12": {
        "cache-07": 3.3501593887234264, 
        "cache-13": 3.650516272080645
    }, 
    "13": {
        "cache-07": 3.3501593887234264, 
        "cache-13": 3.6823958321882486
    }, 
    "14": {
        "cache-07": 3.3501593887234264, 
        "cache-13": 3.6983356122420505
    }, 
    "15": {
        "cache-07": 3.3501593887234264, 
        "cache-13": 3.5689136503865004
    }, 
    "16": {
        "cache-07": 3.3501593887234264, 
        "cache-13": 3.504202669458725
    }, 
    "17": {
        "cache-07": 3.3501593887234264, 
        "cache-13": 3.4718471789948375
    }, 
    "18": {
        "cache-07": 3.3501593887234264, 
        "cache-13": 3.4556694337628935
    }, 
    "19": {
        "cache-07": 3.3501593887234264, 
        "cache-13": 3.4475805611469217
    }, 
    "20": {
        "cache-07": 3.3501593887234264, 
        "cache-13": 3.4435361248389356
    }, 
    "21": {
        "cache-07": 3.3501593887234264, 
        "cache-13": 3.2066409845522053
    }, 
    "22": {
        "cache-07": 3.5322173905096395, 
        "cache-13": 3.2066409845522053
    }, 
    "23": {
        "cache-07": 3.485854539520295, 
        "cache-13": 3.2066409845522053
    }, 
    "24": {
        "cache-07": 3.4626731140256224, 
        "cache-13": 3.2066409845522053
    }, 
    "25": {
        "cache-07": 3.451082401278286, 
        "cache-13": 3.2066409845522053
    }, 
    "26": {
        "cache-07": 3.755772159400175, 
        "cache-13": 3.2066409845522053
    }, 
    "27": {
        "cache-07": 4.022130655840218, 
        "cache-13": 3.2066409845522053
    }, 
    "28": {
        "cache-07": 3.4959382500528466, 
        "cache-13": 3.2066409845522053
    }, 
    "29": {
        "cache-07": 3.8922137011665536, 
        "cache-13": 3.2066409845522053
    }, 
    "30": {
        "cache-07": 3.976337809344309, 
        "cache-13": 3.2066409845522053
    }, 
    "31": {
        "cache-07": 3.7079147489376294, 
        "cache-13": 3.2066409845522053
    }, 
    "32": {
        "cache-07": 3.5737032187342894, 
        "cache-13": 3.2066409845522053
    }, 
    "33": {
        "cache-07": 3.5065974536326197, 
        "cache-13": 3.2066409845522053
    }, 
    "34": {
        "cache-07": 3.4730445710817848, 
        "cache-13": 3.2066409845522053
    }, 
    "35": {
        "cache-07": 3.766753244301925, 
        "cache-13": 3.2066409845522053
    }, 
    "36": {
        "cache-07": 3.7405143182988887, 
        "cache-13": 3.2066409845522053
    }, 
    "37": {
        "cache-07": 3.5900030034149193, 
        "cache-13": 3.2066409845522053
    }, 
    "38": {
        "cache-07": 3.825232460468492, 
        "cache-13": 3.2066409845522053
    }, 
    "39": {
        "cache-07": 3.6323620744997207, 
        "cache-13": 3.2066409845522053
    }, 
    "40": {
        "cache-07": 3.5359268815153353, 
        "cache-13": 3.2066409845522053
    }, 
    "41": {
        "cache-07": 3.4877092850231426, 
        "cache-13": 3.2066409845522053
    }, 
    "42": {
        "cache-07": 3.4636004867770462, 
        "cache-13": 3.2066409845522053
    }, 
    "43": {
        "cache-07": 2.9818002433885233, 
        "cache-13": 3.2066409845522053
    }, 
    "44": {
        "cache-07": 2.9818002433885233, 
        "cache-13": 3.460458188424029
    }, 
    "45": {
        "cache-07": 2.9818002433885233, 
        "cache-13": 3.157523619701042
    }, 
    "46": {
        "cache-07": 2.9818002433885233, 
        "cache-13": 2.828761809850521
    }, 
    "47": {
        "cache-07": 2.975773043826999, 
        "cache-13": 2.828761809850521
    }, 
    "48": {
        "cache-07": 2.972759444046237, 
        "cache-13": 2.828761809850521
    }, 
    "49": {
        "cache-07": 2.971252644155856, 
        "cache-13": 2.828761809850521
    }, 
    "50": {
        "cache-07": 2.9704992442106652, 
        "cache-13": 2.828761809850521
    }, 
    "51": {
        "cache-07": 2.97012254423807, 
        "cache-13": 2.828761809850521
    }, 
    "52": {
        "cache-07": 3.2048071163845098, 
        "cache-13": 2.828761809850521
    }, 
    "53": {
        "cache-07": 3.32214940245773, 
        "cache-13": 2.828761809850521
    }, 
    "54": {
        "cache-07": 3.38082054549434, 
        "cache-13": 2.828761809850521
    }, 
    "55": {
        "cache-07": 3.8346548488873005, 
        "cache-13": 2.828761809850521
    }, 
    "56": {
        "cache-07": 3.7744651205915765, 
        "cache-13": 2.828761809850521
    }, 
    "57": {
        "cache-07": 3.7443702564437142, 
        "cache-13": 2.828761809850521
    }, 
    "58": {
        "cache-07": 3.591930972487332, 
        "cache-13": 2.828761809850521
    }, 
    "59": {
        "cache-07": 3.6531031823915923, 
        "cache-13": 2.828761809850521
    }, 
    "60": {
        "cache-07": 3.8567825499568285, 
        "cache-13": 2.828761809850521
    }, 
    "61": {
        "cache-07": 3.4132641971111517, 
        "cache-13": 2.828761809850521
    }, 
    "62": {
        "cache-07": 3.850876674695706, 
        "cache-13": 2.828761809850521
    }, 
    "63": {
        "cache-07": 3.4103112594805904, 
        "cache-13": 2.828761809850521
    }, 
    "64": {
        "cache-07": 3.1900285518730325, 
        "cache-13": 2.828761809850521
    }, 
    "65": {
        "cache-07": 3.314760120201991, 
        "cache-13": 2.828761809850521
    }, 
    "66": {
        "cache-07": 3.3771259043664705, 
        "cache-13": 2.828761809850521
    }, 
    "67": {
        "cache-07": 3.936286100273784, 
        "cache-13": 2.828761809850521
    }, 
    "68": {
        "cache-07": 3.687888894402367, 
        "cache-13": 2.828761809850521
    }, 
    "69": {
        "cache-07": 3.563690291466658, 
        "cache-13": 2.828761809850521
    }, 
    "70": {
        "cache-07": 3.501590989998804, 
        "cache-13": 2.828761809850521
    }, 
    "71": {
        "cache-07": 3.6079331911473282, 
        "cache-13": 2.828761809850521
    }, 
    "72": {
        "cache-07": 3.8341975543346964, 
        "cache-13": 2.828761809850521
    }, 
    "73": {
        "cache-07": 3.7742364733152742, 
        "cache-13": 2.828761809850521
    }, 
    "74": {
        "cache-07": 3.7442559328055633, 
        "cache-13": 2.828761809850521
    }, 
    "75": {
        "cache-07": 3.5918738106682566, 
        "cache-13": 2.828761809850521
    }, 
    "76": {
        "cache-07": 3.5156827495996033, 
        "cache-13": 2.828761809850521
    }, 
    "77": {
        "cache-07": 3.6149790709477276, 
        "cache-13": 2.828761809850521
    }, 
    "78": {
        "cache-07": 3.5272353797393388, 
        "cache-13": 2.828761809850521
    }, 
    "79": {
        "cache-07": 3.4833635341351443, 
        "cache-13": 2.828761809850521
    }, 
    "80": {
        "cache-07": 3.461427611333047, 
        "cache-13": 2.828761809850521
    }, 
    "81": {
        "cache-07": 3.7609447644275558,