{
    "0": {
        "cache-07": 2.7035100975299997, 
        "cache-13": 3.888701790825947
    }, 
    "1": {
        "cache-07": 2.7035100975299997, 
        "cache-13": 3.888701790825947
    }, 
    "2": {
        "cache-07": 2.7035100975299997, 
        "cache-13": 3.888701790825947
    }, 
    "3": {
        "cache-07": 2.7035100975299997, 
        "cache-13": 3.888701790825947
    }, 
    "4": {
        "cache-07": 2.7035100975299997, 
        "cache-13": 3.888701790825947
    }, 
    "5": {
        "cache-07": 2.7035100975299997, 
        "cache-13": 3.888701790825947
    }, 
    "6": {
        "cache-07": 2.7035100975299997, 
        "cache-13": 3.888701790825947
    }, 
    "7": {
        "cache-07": 2.7035100975299997, 
        "cache-13": 3.888701790825947
    }, 
    "8": {
        "cache-07": 2.7035100975299997, 
        "cache-13": 3.888701790825947
    }, 
    "9": {
        "cache-07": 2.7035100975299997, 
        "cache-13": 3.888701790825947
    }, 
    "10": {
        "cache-07": 2.7035100975299997, 
        "cache-13": 3.888701790825947
    }, 
    "11": {
        "cache-07": 2.7713950059962498, 
        "cache-13": 3.5097925302741313
    }, 
    "12": {
        "cache-07": 2.7713950059962498, 
        "cache-13": 3.5097925302741313
    }, 
    "13": {
        "cache-07": 2.7713950059962498, 
        "cache-13": 3.5097925302741313
    }, 
    "14": {
        "cache-07": 2.7713950059962498, 
        "cache-13": 3.5097925302741313
    }, 
    "15": {
        "cache-07": 2.7713950059962498, 
        "cache-13": 3.5097925302741313
    }, 
    "16": {
        "cache-07": 2.7713950059962498, 
        "cache-13": 3.5097925302741313
    }, 
    "17": {
        "cache-07": 2.7713950059962498, 
        "cache-13": 3.5097925302741313
    }, 
    "18": {
        "cache-07": 2.7713950059962498, 
        "cache-13": 3.5097925302741313
    }, 
    "19": {
        "cache-07": 2.7713950059962498, 
        "cache-13": 3.5097925302741313
    }, 
    "20": {
        "cache-07": 2.7713950059962498, 
        "cache-13": 3.5097925302741313
    }, 
    "21": {
        "cache-07": 2.747567711595753, 
        "cache-13": 3.417814917674657
    }, 
    "22": {
        "cache-07": 2.747567711595753, 
        "cache-13": 3.417814917674657
    }, 
    "23": {
        "cache-07": 2.747567711595753, 
        "cache-13": 3.417814917674657
    }, 
    "24": {
        "cache-07": 2.747567711595753, 
        "cache-13": 3.417814917674657
    }, 
    "25": {
        "cache-07": 2.747567711595753, 
        "cache-13": 3.417814917674657
    }, 
    "26": {
        "cache-07": 2.747567711595753, 
        "cache-13": 3.417814917674657
    }, 
    "27": {
        "cache-07": 2.747567711595753, 
        "cache-13": 3.417814917674657
    }, 
    "28": {
        "cache-07": 2.747567711595753, 
        "cache-13": 3.417814917674657
    }, 
    "29": {
        "cache-07": 2.747567711595753, 
        "cache-13": 3.417814917674657
    }, 
    "30": {
        "cache-07": 2.747567711595753, 
        "cache-13": 3.417814917674657
    }, 
    "31": {
        "cache-07": 2.846935577277233, 
        "cache-13": 3.4407999169772285
    }, 
    "32": {
        "cache-07": 2.846935577277233, 
        "cache-13": 3.4407999169772285
    }, 
    "33": {
        "cache-07": 2.846935577277233, 
        "cache-13": 3.4407999169772285
    }, 
    "34": {
        "cache-07": 2.846935577277233, 
        "cache-13": 3.4407999169772285
    }, 
    "35": {
        "cache-07": 2.846935577277233, 
        "cache-13": 3.4407999169772285
    }, 
    "36": {
        "cache-07": 2.846935577277233, 
        "cache-13": 3.4407999169772285
    }, 
    "37": {
        "cache-07": 2.846935577277233, 
        "cache-13": 3.4407999169772285
    }, 
    "38": {
        "cache-07": 2.846935577277233, 
        "cache-13": 3.4407999169772285
    }, 
    "39": {
        "cache-07": 2.846935577277233, 
        "cache-13": 3.4407999169772285
    }, 
    "40": {
        "cache-07": 2.846935577277233, 
        "cache-13": 3.4407999169772285
    }, 
    "41": {
        "cache-07": 2.971550693880016, 
        "cache-13": 3.440596945093862
    }, 
    "42": {
        "cache-07": 2.971550693880016, 
        "cache-13": 3.440596945093862
    }, 
    "43": {
        "cache-07": 2.971550693880016, 
        "cache-13": 3.440596945093862
    }, 
    "44": {
        "cache-07": 2.971550693880016, 
        "cache-13": 3.440596945093862
    }, 
    "45": {
        "cache-07": 2.971550693880016, 
        "cache-13": 3.440596945093862
    }, 
    "46": {
        "cache-07": 2.971550693880016, 
        "cache-13": 3.440596945093862
    }, 
    "47": {
        "cache-07": 2.971550693880016, 
        "cache-13": 3.440596945093862
    }, 
    "48": {
        "cache-07": 2.971550693880016, 
        "cache-13": 3.440596945093862
    }, 
    "49": {
        "cache-07": 2.971550693880016, 
        "cache-13": 3.440596945093862
    }, 
    "50": {
        "cache-07": 2.971550693880016, 
        "cache-13": 3.440596945093862
    }, 
    "51": {
        "cache-07": 3.418678961590552, 
        "cache-13": 3.087303906037289
    }, 
    "52": {
        "cache-07": 3.418678961590552, 
        "cache-13": 3.087303906037289
    }, 
    "53": {
        "cache-07": 3.418678961590552, 
        "cache-13": 3.087303906037289
    }, 
    "54": {
        "cache-07": 3.418678961590552, 
        "cache-13": 3.087303906037289
    }, 
    "55": {
        "cache-07": 3.418678961590552, 
        "cache-13": 3.087303906037289
    }, 
    "56": {
        "cache-07": 3.418678961590552, 
        "cache-13": 3.087303906037289
    }, 
    "57": {
        "cache-07": 3.418678961590552, 
        "cache-13": 3.087303906037289
    }, 
    "58": {
        "cache-07": 3.418678961590552, 
        "cache-13": 3.087303906037289
    }, 
    "59": {
        "cache-07": 3.418678961590552, 
        "cache-13": 3.087303906037289
    }, 
    "60": {
        "cache-07": 3.418678961590552, 
        "cache-13": 3.087303906037289
    }, 
    "61": {
        "cache-07": 3.5605373855785722, 
        "cache-13": 3.2940083248288925
    }, 
    "62": {
        "cache-07": 3.5605373855785722, 
        "cache-13": 3.2940083248288925
    }, 
    "63": {
        "cache-07": 3.5605373855785722, 
        "cache-13": 3.2940083248288925
    }, 
    "64": {
        "cache-07": 3.5605373855785722, 
        "cache-13": 3.2940083248288925
    }, 
    "65": {
        "cache-07": 3.5605373855785722, 
        "cache-13": 3.2940083248288925
    }, 
    "66": {
        "cache-07": 3.5605373855785722, 
        "cache-13": 3.2940083248288925
    }, 
    "67": {
        "cache-07": 3.5605373855785722, 
        "cache-13": 3.2940083248288925
    }, 
    "68": {
        "cache-07": 3.5605373855785722, 
        "cache-13": 3.2940083248288925
    }, 
    "69": {
        "cache-07": 3.5605373855785722, 
        "cache-13": 3.2940083248288925
    }, 
    "70": {
        "cache-07": 3.5605373855785722, 
        "cache-13": 3.2940083248288925
    }, 
    "71": {
        "cache-07": 3.428589709705638, 
        "cache-13": 3.2078479299274587
    }, 
    "72": {
        "cache-07": 3.428589709705638, 
        "cache-13": 3.2078479299274587
    }, 
    "73": {
        "cache-07": 3.428589709705638, 
        "cache-13": 3.2078479299274587
    }, 
    "74": {
        "cache-07": 3.428589709705638, 
        "cache-13": 3.2078479299274587
    }, 
    "75": {
        "cache-07": 3.428589709705638, 
        "cache-13": 3.2078479299274587
    }, 
    "76": {
        "cache-07": 3.428589709705638, 
        "cache-13": 3.2078479299274587
    }, 
    "77": {
        "cache-07": 3.428589709705638, 
        "cache-13": 3.2078479299274587
    }, 
    "78": {
        "cache-07": 3.428589709705638, 
        "cache-13": 3.2078479299274587
    }, 
    "79": {
        "cache-07": 3.428589709705638, 
        "cache-13": 3.2078479299274587
    }, 
    "80": {
        "cache-07": 3.428589709705638, 
        "cache-13": 3.2078479299274587
    },