{
    "0": {
        "cache-07": 2.7035100975299997, 
        "cache-16": 4.283796687242292
    }, 
    "1": {
        "cache-07": 2.7035100975299997, 
        "cache-16": 4.283796687242292
    }, 
    "2": {
        "cache-07": 2.7035100975299997, 
        "cache-16": 4.283796687242292
    }, 
    "3": {
        "cache-07": 2.7035100975299997, 
        "cache-16": 4.283796687242292
    }, 
    "4": {
        "cache-07": 2.7035100975299997, 
        "cache-16": 4.283796687242292
    }, 
    "5": {
        "cache-07": 2.7035100975299997, 
        "cache-16": 4.283796687242292
    }, 
    "6": {
        "cache-07": 2.7035100975299997, 
        "cache-16": 4.283796687242292
    }, 
    "7": {
        "cache-07": 2.7035100975299997, 
        "cache-16": 4.283796687242292
    }, 
    "8": {
        "cache-07": 2.7035100975299997, 
        "cache-16": 4.283796687242292
    }, 
    "9": {
        "cache-07": 2.7035100975299997, 
        "cache-16": 4.283796687242292
    }, 
    "10": {
        "cache-07": 2.7035100975299997, 
        "cache-16": 4.283796687242292
    }, 
    "11": {
        "cache-07": 2.7037752729536964, 
        "cache-16": 4.295049562734571
    }, 
    "12": {
        "cache-07": 2.7037752729536964, 
        "cache-16": 4.295049562734571
    }, 
    "13": {
        "cache-07": 2.7037752729536964, 
        "cache-16": 4.295049562734571
    }, 
    "14": {
        "cache-07": 2.7037752729536964, 
        "cache-16": 4.295049562734571
    }, 
    "15": {
        "cache-07": 2.7037752729536964, 
        "cache-16": 4.295049562734571
    }, 
    "16": {
        "cache-07": 2.7037752729536964, 
        "cache-16": 4.295049562734571
    }, 
    "17": {
        "cache-07": 2.7037752729536964, 
        "cache-16": 4.295049562734571
    }, 
    "18": {
        "cache-07": 2.7037752729536964, 
        "cache-16": 4.295049562734571
    }, 
    "19": {
        "cache-07": 2.7037752729536964, 
        "cache-16": 4.295049562734571
    }, 
    "20": {
        "cache-07": 2.7037752729536964, 
        "cache-16": 4.295049562734571
    }, 
    "21": {
        "cache-07": 2.8337118061243505, 
        "cache-16": 3.4944325351824546
    }, 
    "22": {
        "cache-07": 2.8337118061243505, 
        "cache-16": 3.4944325351824546
    }, 
    "23": {
        "cache-07": 2.8337118061243505, 
        "cache-16": 3.4944325351824546
    }, 
    "24": {
        "cache-07": 2.8337118061243505, 
        "cache-16": 3.4944325351824546
    }, 
    "25": {
        "cache-07": 2.8337118061243505, 
        "cache-16": 3.4944325351824546
    }, 
    "26": {
        "cache-07": 2.8337118061243505, 
        "cache-16": 3.4944325351824546
    }, 
    "27": {
        "cache-07": 2.8337118061243505, 
        "cache-16": 3.4944325351824546
    }, 
    "28": {
        "cache-07": 2.8337118061243505, 
        "cache-16": 3.4944325351824546
    }, 
    "29": {
        "cache-07": 2.8337118061243505, 
        "cache-16": 3.4944325351824546
    }, 
    "30": {
        "cache-07": 2.8337118061243505, 
        "cache-16": 3.4944325351824546
    }, 
    "31": {
        "cache-07": 2.852225483977769, 
        "cache-16": 3.5903778178235
    }, 
    "32": {
        "cache-07": 2.852225483977769, 
        "cache-16": 3.5903778178235
    }, 
    "33": {
        "cache-07": 2.852225483977769, 
        "cache-16": 3.5903778178235
    }, 
    "34": {
        "cache-07": 2.852225483977769, 
        "cache-16": 3.5903778178235
    }, 
    "35": {
        "cache-07": 2.852225483977769, 
        "cache-16": 3.5903778178235
    }, 
    "36": {
        "cache-07": 2.852225483977769, 
        "cache-16": 3.5903778178235
    }, 
    "37": {
        "cache-07": 2.852225483977769, 
        "cache-16": 3.5903778178235
    }, 
    "38": {
        "cache-07": 2.852225483977769, 
        "cache-16": 3.5903778178235
    }, 
    "39": {
        "cache-07": 2.852225483977769, 
        "cache-16": 3.5903778178235
    }, 
    "40": {
        "cache-07": 2.852225483977769, 
        "cache-16": 3.5903778178235
    }, 
    "41": {
        "cache-07": 2.923871073381875, 
        "cache-16": 3.9606784265580326
    }, 
    "42": {
        "cache-07": 2.923871073381875, 
        "cache-16": 3.9606784265580326
    }, 
    "43": {
        "cache-07": 2.923871073381875, 
        "cache-16": 3.9606784265580326
    }, 
    "44": {
        "cache-07": 2.923871073381875, 
        "cache-16": 3.9606784265580326
    }, 
    "45": {
        "cache-07": 2.923871073381875, 
        "cache-16": 3.9606784265580326
    }, 
    "46": {
        "cache-07": 2.923871073381875, 
        "cache-16": 3.9606784265580326
    }, 
    "47": {
        "cache-07": 2.923871073381875, 
        "cache-16": 3.9606784265580326
    }, 
    "48": {
        "cache-07": 2.923871073381875, 
        "cache-16": 3.9606784265580326
    }, 
    "49": {
        "cache-07": 2.923871073381875, 
        "cache-16": 3.9606784265580326
    }, 
    "50": {
        "cache-07": 2.923871073381875, 
        "cache-16": 3.9606784265580326
    }, 
    "51": {
        "cache-07": 3.1653980258219057, 
        "cache-16": 3.5683457368915494
    }, 
    "52": {
        "cache-07": 3.1653980258219057, 
        "cache-16": 3.5683457368915494
    }, 
    "53": {
        "cache-07": 3.1653980258219057, 
        "cache-16": 3.5683457368915494
    }, 
    "54": {
        "cache-07": 3.1653980258219057, 
        "cache-16": 3.5683457368915494
    }, 
    "55": {
        "cache-07": 3.1653980258219057, 
        "cache-16": 3.5683457368915494
    }, 
    "56": {
        "cache-07": 3.1653980258219057, 
        "cache-16": 3.5683457368915494
    }, 
    "57": {
        "cache-07": 3.1653980258219057, 
        "cache-16": 3.5683457368915494
    }, 
    "58": {
        "cache-07": 3.1653980258219057, 
        "cache-16": 3.5683457368915494
    }, 
    "59": {
        "cache-07": 3.1653980258219057, 
        "cache-16": 3.5683457368915494
    }, 
    "60": {
        "cache-07": 3.1653980258219057, 
        "cache-16": 3.5683457368915494
    }, 
    "61": {
        "cache-07": 3.168554367303747, 
        "cache-16": 3.797037042352885
    }, 
    "62": {
        "cache-07": 3.168554367303747, 
        "cache-16": 3.797037042352885
    }, 
    "63": {
        "cache-07": 3.168554367303747, 
        "cache-16": 3.797037042352885
    }, 
    "64": {
        "cache-07": 3.168554367303747, 
        "cache-16": 3.797037042352885
    }, 
    "65": {
        "cache-07": 3.168554367303747, 
        "cache-16": 3.797037042352885
    }, 
    "66": {
        "cache-07": 3.168554367303747, 
        "cache-16": 3.797037042352885
    }, 
    "67": {
        "cache-07": 3.168554367303747, 
        "cache-16": 3.797037042352885
    }, 
    "68": {
        "cache-07": 3.168554367303747, 
        "cache-16": 3.797037042352885
    }, 
    "69": {
        "cache-07": 3.168554367303747, 
        "cache-16": 3.797037042352885
    }, 
    "70": {
        "cache-07": 3.168554367303747, 
        "cache-16": 3.797037042352885
    }, 
    "71": {
        "cache-07": 3.3097080661713667, 
        "cache-16": 3.7517961401012867
    }, 
    "72": {
        "cache-07": 3.3097080661713667, 
        "cache-16": 3.7517961401012867
    }, 
    "73": {
        "cache-07": 3.3097080661713667, 
        "cache-16": 3.7517961401012867
    }, 
    "74": {
        "cache-07": 3.3097080661713667, 
        "cache-16": 3.7517961401012867
    }, 
    "75": {
        "cache-07": 3.3097080661713667, 
        "cache-16": 3.7517961401012867
    }, 
    "76": {
        "cache-07": 3.3097080661713667, 
        "cache-16": 3.7517961401012867
    }, 
    "77": {
        "cache-07": 3.3097080661713667, 
        "cache-16": 3.7517961401012867
    }, 
    "78": {
        "cache-07": 3.3097080661713667, 
        "cache-16": 3.7517961401012867
    }, 
    "79": {
        "cache-07": 3.3097080661713667, 
        "cache-16": 3.7517961401012867
    }, 
    "80": {
        "cache-07": 3.3097080661713667, 
        "cache-16": 3.7517961401012867
    },