{
    "0": {
        "cache-08": 4, 
        "cache-13": 3.75
    }, 
    "1": {
        "cache-08": 4, 
        "cache-13": 3.3598729221327375
    }, 
    "2": {
        "cache-08": 4, 
        "cache-13": 2.9299364610663687
    }, 
    "3": {
        "cache-08": 4, 
        "cache-13": 2.949841152665922
    }, 
    "4": {
        "cache-08": 4, 
        "cache-13": 2.9597934984656984
    }, 
    "5": {
        "cache-08": 4, 
        "cache-13": 2.9647696713655867
    }, 
    "6": {
        "cache-08": 3.719745844265475, 
        "cache-13": 2.9647696713655867
    }, 
    "7": {
        "cache-08": 3.5796187663982124, 
        "cache-13": 2.9647696713655867
    }, 
    "8": {
        "cache-08": 3.6469470793470324, 
        "cache-13": 2.9647696713655867
    }, 
    "9": {
        "cache-08": 3.6806112358214422, 
        "cache-13": 2.9647696713655867
    }, 
    "10": {
        "cache-08": 3.6974433140586473, 
        "cache-13": 2.9647696713655867
    }, 
    "11": {
        "cache-08": 3.70585935317725, 
        "cache-13": 2.9647696713655867
    }, 
    "12": {
        "cache-08": 3.5726755208540997, 
        "cache-13": 2.9647696713655867
    }, 
    "13": {
        "cache-08": 3.506083604692525, 
        "cache-13": 2.9647696713655867
    }, 
    "14": {
        "cache-08": 3.4727876466117373, 
        "cache-13": 2.9647696713655867
    }, 
    "15": {
        "cache-08": 3.221266745438606, 
        "cache-13": 2.9647696713655867
    }, 
    "16": {
        "cache-08": 3.330379216984778, 
        "cache-13": 2.9647696713655867
    }, 
    "17": {
        "cache-08": 3.3849354527578637, 
        "cache-13": 2.9647696713655867
    }, 
    "18": {
        "cache-08": 3.412213570644407, 
        "cache-13": 2.9647696713655867
    }, 
    "19": {
        "cache-08": 3.4258526295876783, 
        "cache-13": 2.9647696713655867
    }, 
    "20": {
        "cache-08": 3.4326721590593143, 
        "cache-13": 2.9647696713655867
    }, 
    "21": {
        "cache-08": 3.436081923795132, 
        "cache-13": 2.9647696713655867
    }, 
    "22": {
        "cache-08": 3.437786806163041, 
        "cache-13": 2.9647696713655867
    }, 
    "23": {
        "cache-08": 3.4386392473469956, 
        "cache-13": 2.9647696713655867
    }, 
    "24": {
        "cache-08": 3.2041925458062352, 
        "cache-13": 2.9647696713655867
    }, 
    "25": {
        "cache-08": 3.086969195035855, 
        "cache-13": 2.9647696713655867
    }, 
    "26": {
        "cache-08": 3.028357519650665, 
        "cache-13": 2.9647696713655867
    }, 
    "27": {
        "cache-08": 2.99905168195807, 
        "cache-13": 2.9647696713655867
    }, 
    "28": {
        "cache-08": 2.9843987631117725, 
        "cache-13": 2.9647696713655867
    }, 
    "29": {
        "cache-08": 3.211945225821361, 
        "cache-13": 2.9647696713655867
    }, 
    "30": {
        "cache-08": 3.0908455350434183, 
        "cache-13": 2.9647696713655867
    }, 
    "31": {
        "cache-08": 3.0302956896544466, 
        "cache-13": 2.9647696713655867
    }, 
    "32": {
        "cache-08": 3.0000207669599606, 
        "cache-13": 2.9647696713655867
    }, 
    "33": {
        "cache-08": 3.2197562277454552, 
        "cache-13": 2.9647696713655867
    }, 
    "34": {
        "cache-08": 3.094751036005465, 
        "cache-13": 2.9647696713655867
    }, 
    "35": {
        "cache-08": 3.03224844013547, 
        "cache-13": 2.9647696713655867
    }, 
    "36": {
        "cache-08": 3.0009971422004726, 
        "cache-13": 2.9647696713655867
    }, 
    "37": {
        "cache-08": 2.985371493232974, 
        "cache-13": 2.9647696713655867
    }, 
    "38": {
        "cache-08": 2.977558668749224, 
        "cache-13": 2.9647696713655867
    }, 
    "39": {
        "cache-08": 2.9736522565073495, 
        "cache-13": 2.9647696713655867
    }, 
    "40": {
        "cache-08": 2.9716990503864125, 
        "cache-13": 2.9647696713655867
    }, 
    "41": {
        "cache-08": 2.9707224473259437, 
        "cache-13": 2.9647696713655867
    }, 
    "42": {
        "cache-08": 2.9702341457957093, 
        "cache-13": 2.9647696713655867
    }, 
    "43": {
        "cache-08": 2.969989995030592, 
        "cache-13": 2.9647696713655867
    }, 
    "44": {
        "cache-08": 2.9698679196480335, 
        "cache-13": 2.9647696713655867
    }, 
    "45": {
        "cache-08": 2.969806881956754, 
        "cache-13": 2.9647696713655867
    }, 
    "46": {
        "cache-08": 2.9697763631111145, 
        "cache-13": 2.9647696713655867
    }, 
    "47": {
        "cache-08": 2.9697611036882945, 
        "cache-13": 2.9647696713655867
    }, 
    "48": {
        "cache-08": 2.9697534739768847, 
        "cache-13": 2.9647696713655867
    }, 
    "49": {
        "cache-08": 2.96974965912118, 
        "cache-13": 2.9647696713655867
    }, 
    "50": {
        "cache-08": 2.9697477516933275, 
        "cache-13": 2.9647696713655867
    }, 
    "51": {
        "cache-08": 3.204619720112139, 
        "cache-13": 2.9647696713655867
    }, 
    "52": {
        "cache-08": 3.087182782188807, 
        "cache-13": 2.9647696713655867
    }, 
    "53": {
        "cache-08": 3.0284643132271407, 
        "cache-13": 2.9647696713655867
    }, 
    "54": {
        "cache-08": 2.999105078746308, 
        "cache-13": 2.9647696713655867
    }, 
    "55": {
        "cache-08": 3.2192983836386286, 
        "cache-13": 2.9647696713655867
    }, 
    "56": {
        "cache-08": 3.094522113952052, 
        "cache-13": 2.9647696713655867
    }, 
    "57": {
        "cache-08": 3.0321339791087634, 
        "cache-13": 2.9647696713655867
    }, 
    "58": {
        "cache-08": 3.0009399116871194, 
        "cache-13": 2.9647696713655867
    }, 
    "59": {
        "cache-08": 2.985342877976297, 
        "cache-13": 2.9647696713655867
    }, 
    "60": {
        "cache-08": 3.2124172832536235, 
        "cache-13": 2.9647696713655867
    }, 
    "61": {
        "cache-08": 3.0910815637595492, 
        "cache-13": 2.9647696713655867
    }, 
    "62": {
        "cache-08": 3.2652866261452496, 
        "cache-13": 2.9647696713655867
    }, 
    "63": {
        "cache-08": 3.3523891573380995, 
        "cache-13": 2.9647696713655867
    }, 
    "64": {
        "cache-08": 3.3959404229345247, 
        "cache-13": 2.9647696713655867
    }, 
    "65": {
        "cache-08": 3.417716055732737, 
        "cache-13": 2.9647696713655867
    }, 
    "66": {
        "cache-08": 3.4286038721318435, 
        "cache-13": 2.9647696713655867
    }, 
    "67": {
        "cache-08": 3.199174858198659, 
        "cache-13": 2.9647696713655867
    }, 
    "68": {
        "cache-08": 3.3193332733648044, 
        "cache-13": 2.9647696713655867
    }, 
    "69": {
        "cache-08": 3.14453955881514, 
        "cache-13": 2.9647696713655867
    }, 
    "70": {
        "cache-08": 3.292015623673045, 
        "cache-13": 2.9647696713655867
    }, 
    "71": {
        "cache-08": 3.3657536561019974, 
        "cache-13": 2.9647696713655867
    }, 
    "72": {
        "cache-08": 3.4026226723164736, 
        "cache-13": 2.9647696713655867
    }, 
    "73": {
        "cache-08": 3.4210571804237118, 
        "cache-13": 2.9647696713655867
    }, 
    "74": {
        "cache-08": 3.430274434477331, 
        "cache-13": 2.9647696713655867
    }, 
    "75": {
        "cache-08": 3.4348830615041406, 
        "cache-13": 2.9647696713655867
    }, 
    "76": {
        "cache-08": 3.4371873750175452, 
        "cache-13": 2.9647696713655867
    }, 
    "77": {
        "cache-08": 3.438339531774248, 
        "cache-13": 2.9647696713655867
    }, 
    "78": {
        "cache-08": 3.438915610152599, 
        "cache-13": 2.9647696713655867
    }, 
    "79": {
        "cache-08": 3.2043307272090367, 
        "cache-13": 2.9647696713655867
    }, 
    "80": {
        "cache-08": 3.087038285737256, 
        "cache-13": 2.9647696713655867
    }, 
    "81": {
        "cache-08": 3.0283920650013654,