{
    "0": {
        "cache-05": 4, 
        "cache-07": 3.75
    }, 
    "1": {
        "cache-05": 4, 
        "cache-07": 4.01924457614013
    }, 
    "2": {
        "cache-05": 4, 
        "cache-07": 4.153866864210196
    }, 
    "3": {
        "cache-05": 4, 
        "cache-07": 4.221178008245229
    }, 
    "4": {
        "cache-05": 4, 
        "cache-07": 4.254833580262744
    }, 
    "5": {
        "cache-05": 4, 
        "cache-07": 4.3751399382219205
    }, 
    "6": {
        "cache-05": 4, 
        "cache-07": 4.217800927871993
    }, 
    "7": {
        "cache-05": 4, 
        "cache-07": 3.8286463082014714
    }, 
    "8": {
        "cache-05": 4.030230958761033, 
        "cache-07": 3.8286463082014714
    }, 
    "9": {
        "cache-05": 3.7348613236459913, 
        "cache-07": 3.8286463082014714
    }, 
    "10": {
        "cache-05": 3.7348613236459913, 
        "cache-07": 3.6340689983662107
    }, 
    "11": {
        "cache-05": 3.897661620584028, 
        "cache-07": 3.6340689983662107
    }, 
    "12": {
        "cache-05": 3.668576654557489, 
        "cache-07": 3.6340689983662107
    }, 
    "13": {
        "cache-05": 3.5540341715442194, 
        "cache-07": 3.6340689983662107
    }, 
    "14": {
        "cache-05": 3.5540341715442194, 
        "cache-07": 3.53678034344858
    }, 
    "15": {
        "cache-05": 3.4967629300375846, 
        "cache-07": 3.53678034344858
    }, 
    "16": {
        "cache-05": 3.4967629300375846, 
        "cache-07": 3.488136015989765
    }, 
    "17": {
        "cache-05": 3.8926260411589224, 
        "cache-07": 3.488136015989765
    }, 
    "18": {
        "cache-05": 3.666058864844936, 
        "cache-07": 3.488136015989765
    }, 
    "19": {
        "cache-05": 3.5527752766879432, 
        "cache-07": 3.488136015989765
    }, 
    "20": {
        "cache-05": 3.4961334826094466, 
        "cache-07": 3.488136015989765
    }, 
    "21": {
        "cache-05": 3.467812585570198, 
        "cache-07": 3.488136015989765
    }, 
    "22": {
        "cache-05": 3.467812585570198, 
        "cache-07": 3.4638138522603574
    }, 
    "23": {
        "cache-05": 3.8781508689252293, 
        "cache-07": 3.4638138522603574
    }, 
    "24": {
        "cache-05": 3.6588212787280896, 
        "cache-07": 3.4638138522603574
    }, 
    "25": {
        "cache-05": 3.314283561496782, 
        "cache-07": 3.4638138522603574
    }, 
    "26": {
        "cache-05": 3.314283561496782, 
        "cache-07": 3.589044622278105
    }, 
    "27": {
        "cache-05": 3.314283561496782, 
        "cache-07": 3.6516600072869787
    }, 
    "28": {
        "cache-05": 3.314283561496782, 
        "cache-07": 4.228325736419711
    }, 
    "29": {
        "cache-05": 3.314283561496782, 
        "cache-07": 4.361886016300404
    }, 
    "30": {
        "cache-05": 3.314283561496782, 
        "cache-07": 4.211173966911234
    }, 
    "31": {
        "cache-05": 3.314283561496782, 
        "cache-07": 3.9627246796035434
    }, 
    "32": {
        "cache-05": 3.314283561496782, 
        "cache-07": 3.838500035949698
    }, 
    "33": {
        "cache-05": 3.314283561496782, 
        "cache-07": 4.1669731660653975
    }, 
    "34": {
        "cache-05": 3.314283561496782, 
        "cache-07": 3.940624279180625
    }, 
    "35": {
        "cache-05": 3.314283561496782, 
        "cache-07": 3.8274498357382387
    }, 
    "36": {
        "cache-05": 3.314283561496782, 
        "cache-07": 3.9439558766301515
    }, 
    "37": {
        "cache-05": 3.314283561496782, 
        "cache-07": 4.219701086405625
    }, 
    "38": {
        "cache-05": 3.314283561496782, 
        "cache-07": 3.9669882393507385
    }, 
    "39": {
        "cache-05": 3.314283561496782, 
        "cache-07": 3.8406318158232953
    }, 
    "40": {
        "cache-05": 3.314283561496782, 
        "cache-07": 3.95054686667268
    }, 
    "41": {
        "cache-05": 3.314283561496782, 
        "cache-07": 4.0055043920973725
    }, 
    "42": {
        "cache-05": 3.314283561496782, 
        "cache-07": 4.405247928824908
    }, 
    "43": {
        "cache-05": 3.314283561496782, 
        "cache-07": 4.05976166056038
    }, 
    "44": {
        "cache-05": 3.314283561496782, 
        "cache-07": 3.749626674545665
    }, 
    "45": {
        "cache-05": 3.314283561496782, 
        "cache-07": 3.7319510334207586
    }, 
    "46": {
        "cache-05": 3.314283561496782, 
        "cache-07": 3.896206475471412
    }, 
    "47": {
        "cache-05": 3.314283561496782, 
        "cache-07": 3.805240933883632
    }, 
    "48": {
        "cache-05": 3.314283561496782, 
        "cache-07": 3.622366311207291
    }, 
    "49": {
        "cache-05": 3.314283561496782, 
        "cache-07": 3.5309289998691202
    }, 
    "50": {
        "cache-05": 3.314283561496782, 
        "cache-07": 4.167960232710781
    }, 
    "51": {
        "cache-05": 3.314283561496782, 
        "cache-07": 3.8037259606208655
    }, 
    "52": {
        "cache-05": 3.314283561496782, 
        "cache-07": 3.759000676458359
    }, 
    "53": {
        "cache-05": 3.314283561496782, 
        "cache-07": 4.2819960710054
    }, 
    "54": {
        "cache-05": 3.314283561496782, 
        "cache-07": 4.171228994263732
    }, 
    "55": {
        "cache-05": 3.314283561496782, 
        "cache-07": 3.805360341397341
    }, 
    "56": {
        "cache-05": 3.314283561496782, 
        "cache-07": 3.932911129459703
    }, 
    "57": {
        "cache-05": 3.314283561496782, 
        "cache-07": 4.110700140869982
    }, 
    "58": {
        "cache-05": 3.314283561496782, 
        "cache-07": 4.457845803211212
    }, 
    "59": {
        "cache-05": 3.314283561496782, 
        "cache-07": 4.086060597753532
    }, 
    "60": {
        "cache-05": 3.314283561496782, 
        "cache-07": 3.900167995024692
    }, 
    "61": {
        "cache-05": 3.314283561496782, 
        "cache-07": 3.9803149562733786
    }, 
    "62": {
        "cache-05": 3.314283561496782, 
        "cache-07": 4.237880626227238
    }, 
    "63": {
        "cache-05": 3.314283561496782, 
        "cache-07": 3.976078009261545
    }, 
    "64": {
        "cache-05": 3.314283561496782, 
        "cache-07": 3.8451767007786986
    }, 
    "65": {
        "cache-05": 3.314283561496782, 
        "cache-07": 3.9528193091503816
    }, 
    "66": {
        "cache-05": 3.314283561496782, 
        "cache-07": 4.006640613336224
    }, 
    "67": {
        "cache-05": 3.314283561496782, 
        "cache-07": 4.0335512654291446
    }, 
    "68": {
        "cache-05": 3.314283561496782, 
        "cache-07": 3.8739133288624985
    }, 
    "69": {
        "cache-05": 3.314283561496782, 
        "cache-07": 3.7940943605791757
    }, 
    "70": {
        "cache-05": 3.314283561496782, 
        "cache-07": 3.754184876437514
    }, 
    "71": {
        "cache-05": 3.314283561496782, 
        "cache-07": 3.9073233969797894
    }, 
    "72": {
        "cache-05": 3.314283561496782, 
        "cache-07": 3.810799394637821
    }, 
    "73": {
        "cache-05": 3.314283561496782, 
        "cache-07": 3.762537393466837
    }, 
    "74": {
        "cache-05": 3.314283561496782, 
        "cache-07": 3.7384063928813447
    }, 
    "75": {
        "cache-05": 3.314283561496782, 
        "cache-07": 4.271698929216893
    }, 
    "76": {
        "cache-05": 3.314283561496782, 
        "cache-07": 4.166080423369479
    }, 
    "77": {
        "cache-05": 3.314283561496782, 
        "cache-07": 3.9401779078326657
    }, 
    "78": {
        "cache-05": 3.314283561496782, 
        "cache-07": 3.827226650064259
    }, 
    "79": {
        "cache-05": 3.314283561496782, 
        "cache-07": 3.7707510211800557
    }, 
    "80": {
        "cache-05": 3.314283561496782, 
        "cache-07": 3.605121354855503
    }, 
    "81": {
        "cache-05": 3.314283561496782, 
        "cache-07": 3.5223065216932263
    }, 
    "82": {
        "cache-05": 3.314283561496782,