{
    "0": {
        "cache-05": 4.0, 
        "cache-16": 4.8991447958380006
    }, 
    "1": {
        "cache-05": 4.0, 
        "cache-16": 4.8991447958380006
    }, 
    "2": {
        "cache-05": 4.0, 
        "cache-16": 4.8991447958380006
    }, 
    "3": {
        "cache-05": 4.0, 
        "cache-16": 4.8991447958380006
    }, 
    "4": {
        "cache-05": 4.0, 
        "cache-16": 4.8991447958380006
    }, 
    "5": {
        "cache-05": 4.0, 
        "cache-16": 4.8991447958380006
    }, 
    "6": {
        "cache-05": 4.0, 
        "cache-16": 4.8991447958380006
    }, 
    "7": {
        "cache-05": 4.0, 
        "cache-16": 4.8991447958380006
    }, 
    "8": {
        "cache-05": 4.0, 
        "cache-16": 4.8991447958380006
    }, 
    "9": {
        "cache-05": 4.0, 
        "cache-16": 4.8991447958380006
    }, 
    "10": {
        "cache-05": 4.0, 
        "cache-16": 4.8991447958380006
    }, 
    "11": {
        "cache-05": 4.0, 
        "cache-16": 4.811962139590883
    }, 
    "12": {
        "cache-05": 4.0, 
        "cache-16": 4.811962139590883
    }, 
    "13": {
        "cache-05": 4.0, 
        "cache-16": 4.811962139590883
    }, 
    "14": {
        "cache-05": 4.0, 
        "cache-16": 4.811962139590883
    }, 
    "15": {
        "cache-05": 4.0, 
        "cache-16": 4.811962139590883
    }, 
    "16": {
        "cache-05": 4.0, 
        "cache-16": 4.811962139590883
    }, 
    "17": {
        "cache-05": 4.0, 
        "cache-16": 4.811962139590883
    }, 
    "18": {
        "cache-05": 4.0, 
        "cache-16": 4.811962139590883
    }, 
    "19": {
        "cache-05": 4.0, 
        "cache-16": 4.811962139590883
    }, 
    "20": {
        "cache-05": 4.0, 
        "cache-16": 4.811962139590883
    }, 
    "21": {
        "cache-05": 4.0, 
        "cache-16": 4.638588992171963
    }, 
    "22": {
        "cache-05": 4.0, 
        "cache-16": 4.638588992171963
    }, 
    "23": {
        "cache-05": 4.0, 
        "cache-16": 4.638588992171963
    }, 
    "24": {
        "cache-05": 4.0, 
        "cache-16": 4.638588992171963
    }, 
    "25": {
        "cache-05": 4.0, 
        "cache-16": 4.638588992171963
    }, 
    "26": {
        "cache-05": 4.0, 
        "cache-16": 4.638588992171963
    }, 
    "27": {
        "cache-05": 4.0, 
        "cache-16": 4.638588992171963
    }, 
    "28": {
        "cache-05": 4.0, 
        "cache-16": 4.638588992171963
    }, 
    "29": {
        "cache-05": 4.0, 
        "cache-16": 4.638588992171963
    }, 
    "30": {
        "cache-05": 4.0, 
        "cache-16": 4.638588992171963
    }, 
    "31": {
        "cache-05": 4.0, 
        "cache-16": 4.812960497222824
    }, 
    "32": {
        "cache-05": 4.0, 
        "cache-16": 4.812960497222824
    }, 
    "33": {
        "cache-05": 4.0, 
        "cache-16": 4.812960497222824
    }, 
    "34": {
        "cache-05": 4.0, 
        "cache-16": 4.812960497222824
    }, 
    "35": {
        "cache-05": 4.0, 
        "cache-16": 4.812960497222824
    }, 
    "36": {
        "cache-05": 4.0, 
        "cache-16": 4.812960497222824
    }, 
    "37": {
        "cache-05": 4.0, 
        "cache-16": 4.812960497222824
    }, 
    "38": {
        "cache-05": 4.0, 
        "cache-16": 4.812960497222824
    }, 
    "39": {
        "cache-05": 4.0, 
        "cache-16": 4.812960497222824
    }, 
    "40": {
        "cache-05": 4.0, 
        "cache-16": 4.812960497222824
    }, 
    "41": {
        "cache-05": 4.0, 
        "cache-16": 4.594851253489674
    }, 
    "42": {
        "cache-05": 4.0, 
        "cache-16": 4.594851253489674
    }, 
    "43": {
        "cache-05": 4.0, 
        "cache-16": 4.594851253489674
    }, 
    "44": {
        "cache-05": 4.0, 
        "cache-16": 4.594851253489674
    }, 
    "45": {
        "cache-05": 4.0, 
        "cache-16": 4.594851253489674
    }, 
    "46": {
        "cache-05": 4.0, 
        "cache-16": 4.594851253489674
    }, 
    "47": {
        "cache-05": 4.0, 
        "cache-16": 4.594851253489674
    }, 
    "48": {
        "cache-05": 4.0, 
        "cache-16": 4.594851253489674
    }, 
    "49": {
        "cache-05": 4.0, 
        "cache-16": 4.594851253489674
    }, 
    "50": {
        "cache-05": 4.0, 
        "cache-16": 4.594851253489674
    }, 
    "51": {
        "cache-05": 4.0, 
        "cache-16": 4.231383579176574
    }, 
    "52": {
        "cache-05": 4.0, 
        "cache-16": 4.231383579176574
    }, 
    "53": {
        "cache-05": 4.0, 
        "cache-16": 4.231383579176574
    }, 
    "54": {
        "cache-05": 4.0, 
        "cache-16": 4.231383579176574
    }, 
    "55": {
        "cache-05": 4.0, 
        "cache-16": 4.231383579176574
    }, 
    "56": {
        "cache-05": 4.0, 
        "cache-16": 4.231383579176574
    }, 
    "57": {
        "cache-05": 4.0, 
        "cache-16": 4.231383579176574
    }, 
    "58": {
        "cache-05": 4.0, 
        "cache-16": 4.231383579176574
    }, 
    "59": {
        "cache-05": 4.0, 
        "cache-16": 4.231383579176574
    }, 
    "60": {
        "cache-05": 4.0, 
        "cache-16": 4.231383579176574
    }, 
    "61": {
        "cache-05": 4.0, 
        "cache-16": 4.741400346478847
    }, 
    "62": {
        "cache-05": 4.0, 
        "cache-16": 4.741400346478847
    }, 
    "63": {
        "cache-05": 4.0, 
        "cache-16": 4.741400346478847
    }, 
    "64": {
        "cache-05": 4.0, 
        "cache-16": 4.741400346478847
    }, 
    "65": {
        "cache-05": 4.0, 
        "cache-16": 4.741400346478847
    }, 
    "66": {
        "cache-05": 4.0, 
        "cache-16": 4.741400346478847
    }, 
    "67": {
        "cache-05": 4.0, 
        "cache-16": 4.741400346478847
    }, 
    "68": {
        "cache-05": 4.0, 
        "cache-16": 4.741400346478847
    }, 
    "69": {
        "cache-05": 4.0, 
        "cache-16": 4.741400346478847
    }, 
    "70": {
        "cache-05": 4.0, 
        "cache-16": 4.741400346478847
    }, 
    "71": {
        "cache-05": 4.0, 
        "cache-16": 4.428013303441457
    }, 
    "72": {
        "cache-05": 4.0, 
        "cache-16": 4.428013303441457
    }, 
    "73": {
        "cache-05": 4.0, 
        "cache-16": 4.428013303441457
    }, 
    "74": {
        "cache-05": 4.0, 
        "cache-16": 4.428013303441457
    }, 
    "75": {
        "cache-05": 4.0, 
        "cache-16": 4.428013303441457
    }, 
    "76": {
        "cache-05": 4.0, 
        "cache-16": 4.428013303441457
    }, 
    "77": {
        "cache-05": 4.0, 
        "cache-16": 4.428013303441457
    }, 
    "78": {
        "cache-05": 4.0, 
        "cache-16": 4.428013303441457
    }, 
    "79": {
        "cache-05": 4.0, 
        "cache-16": 4.428013303441457
    }, 
    "80": {
        "cache-05": 4.0, 
        "cache-16": 4.428013303441457
    }, 
    "81": {
        "cache-05": 4.0, 
        "cache-16": 4.846116149672092
    }, 
    "82": {
        "cache-05": 4.0, 
        "cache-16": 4.846116149672092
    }, 
    "83": {
        "cache-05": 4.0, 
        "cache-16": 4.846116149672092
    }, 
    "84": {
        "cache-05": 4.0, 
        "cache-16": 4.846116149672092
    }, 
    "85": {
        "cache-05": 4.0, 
        "cache-16": 4.846116149672092
    }, 
    "86": {
        "cache-05": 4.0, 
        "cache-16": 4.846116149672092
    }, 
    "87": {
        "cache-05": 4.0, 
        "cache-16": 4.846116149672092
    }, 
    "88": {
        "cache-05": 4.0, 
        "cache-16": 4.846116149672092
    }, 
    "89": {
        "cache-05": 4.0, 
        "cache-16": 4.846116149672092
    }, 
    "90": {
        "cache-05": 4.0, 
        "cache-16": 4.846116149672092
    }, 
    "91": {
        "cache-05": 4.0, 
        "cache-16": 4.658111470821042
    }, 
    "92": {
        "cache-05": 4.0, 
        "cache-16": 4.658111470821042
    }, 
    "93": {
        "cache-05": 4.0, 
        "cache-16": 4.658111470821042
    }, 
    "94": {
        "cache-05": 4.0, 
        "cache-16": 4.658111470821042
    },