{
    "0": {
        "cache-04": 0.6409273968260019, 
        "cache-13": 4.0500771516249525
    }, 
    "1": {
        "cache-04": 0.6409273968260019, 
        "cache-13": 4.0500771516249525
    }, 
    "2": {
        "cache-04": 0.6409273968260019, 
        "cache-13": 4.0500771516249525
    }, 
    "3": {
        "cache-04": 0.6409273968260019, 
        "cache-13": 4.0500771516249525
    }, 
    "4": {
        "cache-04": 0.6409273968260019, 
        "cache-13": 4.0500771516249525
    }, 
    "5": {
        "cache-04": 0.6409273968260019, 
        "cache-13": 4.0500771516249525
    }, 
    "6": {
        "cache-04": 0.6409273968260019, 
        "cache-13": 4.0500771516249525
    }, 
    "7": {
        "cache-04": 0.6409273968260019, 
        "cache-13": 4.0500771516249525
    }, 
    "8": {
        "cache-04": 0.6409273968260019, 
        "cache-13": 4.0500771516249525
    }, 
    "9": {
        "cache-04": 0.6409273968260019, 
        "cache-13": 4.0500771516249525
    }, 
    "10": {
        "cache-04": 0.6409273968260019, 
        "cache-13": 4.0500771516249525
    }, 
    "11": {
        "cache-04": 0.6409273968260001, 
        "cache-13": 3.558552188104505
    }, 
    "12": {
        "cache-04": 0.6409273968260001, 
        "cache-13": 3.558552188104505
    }, 
    "13": {
        "cache-04": 0.6409273968260001, 
        "cache-13": 3.558552188104505
    }, 
    "14": {
        "cache-04": 0.6409273968260001, 
        "cache-13": 3.558552188104505
    }, 
    "15": {
        "cache-04": 0.6409273968260001, 
        "cache-13": 3.558552188104505
    }, 
    "16": {
        "cache-04": 0.6409273968260001, 
        "cache-13": 3.558552188104505
    }, 
    "17": {
        "cache-04": 0.6409273968260001, 
        "cache-13": 3.558552188104505
    }, 
    "18": {
        "cache-04": 0.6409273968260001, 
        "cache-13": 3.558552188104505
    }, 
    "19": {
        "cache-04": 0.6409273968260001, 
        "cache-13": 3.558552188104505
    }, 
    "20": {
        "cache-04": 0.6409273968260001, 
        "cache-13": 3.558552188104505
    }, 
    "21": {
        "cache-04": 0.6409273968260001, 
        "cache-13": 3.440104078567267
    }, 
    "22": {
        "cache-04": 0.6409273968260001, 
        "cache-13": 3.440104078567267
    }, 
    "23": {
        "cache-04": 0.6409273968260001, 
        "cache-13": 3.440104078567267
    }, 
    "24": {
        "cache-04": 0.6409273968260001, 
        "cache-13": 3.440104078567267
    }, 
    "25": {
        "cache-04": 0.6409273968260001, 
        "cache-13": 3.440104078567267
    }, 
    "26": {
        "cache-04": 0.6409273968260001, 
        "cache-13": 3.440104078567267
    }, 
    "27": {
        "cache-04": 0.6409273968260001, 
        "cache-13": 3.440104078567267
    }, 
    "28": {
        "cache-04": 0.6409273968260001, 
        "cache-13": 3.440104078567267
    }, 
    "29": {
        "cache-04": 0.6409273968260001, 
        "cache-13": 3.440104078567267
    }, 
    "30": {
        "cache-04": 0.6409273968260001, 
        "cache-13": 3.440104078567267
    }, 
    "31": {
        "cache-04": 0.6409273968260001, 
        "cache-13": 3.698347106959756
    }, 
    "32": {
        "cache-04": 0.6409273968260001, 
        "cache-13": 3.698347106959756
    }, 
    "33": {
        "cache-04": 0.6409273968260001, 
        "cache-13": 3.698347106959756
    }, 
    "34": {
        "cache-04": 0.6409273968260001, 
        "cache-13": 3.698347106959756
    }, 
    "35": {
        "cache-04": 0.6409273968260001, 
        "cache-13": 3.698347106959756
    }, 
    "36": {
        "cache-04": 0.6409273968260001, 
        "cache-13": 3.698347106959756
    }, 
    "37": {
        "cache-04": 0.6409273968260001, 
        "cache-13": 3.698347106959756
    }, 
    "38": {
        "cache-04": 0.6409273968260001, 
        "cache-13": 3.698347106959756
    }, 
    "39": {
        "cache-04": 0.6409273968260001, 
        "cache-13": 3.698347106959756
    }, 
    "40": {
        "cache-04": 0.6409273968260001, 
        "cache-13": 3.698347106959756
    }, 
    "41": {
        "cache-04": 0.6409273968260001, 
        "cache-13": 3.509014807539436
    }, 
    "42": {
        "cache-04": 0.6409273968260001, 
        "cache-13": 3.509014807539436
    }, 
    "43": {
        "cache-04": 0.6409273968260001, 
        "cache-13": 3.509014807539436
    }, 
    "44": {
        "cache-04": 0.6409273968260001, 
        "cache-13": 3.509014807539436
    }, 
    "45": {
        "cache-04": 0.6409273968260001, 
        "cache-13": 3.509014807539436
    }, 
    "46": {
        "cache-04": 0.6409273968260001, 
        "cache-13": 3.509014807539436
    }, 
    "47": {
        "cache-04": 0.6409273968260001, 
        "cache-13": 3.509014807539436
    }, 
    "48": {
        "cache-04": 0.6409273968260001, 
        "cache-13": 3.509014807539436
    }, 
    "49": {
        "cache-04": 0.6409273968260001, 
        "cache-13": 3.509014807539436
    }, 
    "50": {
        "cache-04": 0.6409273968260001, 
        "cache-13": 3.509014807539436
    }, 
    "51": {
        "cache-04": 0.6409273968260001, 
        "cache-13": 3.439631913066638
    }, 
    "52": {
        "cache-04": 0.6409273968260001, 
        "cache-13": 3.439631913066638
    }, 
    "53": {
        "cache-04": 0.6409273968260001, 
        "cache-13": 3.439631913066638
    }, 
    "54": {
        "cache-04": 0.6409273968260001, 
        "cache-13": 3.439631913066638
    }, 
    "55": {
        "cache-04": 0.6409273968260001, 
        "cache-13": 3.439631913066638
    }, 
    "56": {
        "cache-04": 0.6409273968260001, 
        "cache-13": 3.439631913066638
    }, 
    "57": {
        "cache-04": 0.6409273968260001, 
        "cache-13": 3.439631913066638
    }, 
    "58": {
        "cache-04": 0.6409273968260001, 
        "cache-13": 3.439631913066638
    }, 
    "59": {
        "cache-04": 0.6409273968260001, 
        "cache-13": 3.439631913066638
    }, 
    "60": {
        "cache-04": 0.6409273968260001, 
        "cache-13": 3.439631913066638
    }, 
    "61": {
        "cache-04": 0.6409273968260001, 
        "cache-13": 3.3811119821953306
    }, 
    "62": {
        "cache-04": 0.6409273968260001, 
        "cache-13": 3.3811119821953306
    }, 
    "63": {
        "cache-04": 0.6409273968260001, 
        "cache-13": 3.3811119821953306
    }, 
    "64": {
        "cache-04": 0.6409273968260001, 
        "cache-13": 3.3811119821953306
    }, 
    "65": {
        "cache-04": 0.6409273968260001, 
        "cache-13": 3.3811119821953306
    }, 
    "66": {
        "cache-04": 0.6409273968260001, 
        "cache-13": 3.3811119821953306
    }, 
    "67": {
        "cache-04": 0.6409273968260001, 
        "cache-13": 3.3811119821953306
    }, 
    "68": {
        "cache-04": 0.6409273968260001, 
        "cache-13": 3.3811119821953306
    }, 
    "69": {
        "cache-04": 0.6409273968260001, 
        "cache-13": 3.3811119821953306
    }, 
    "70": {
        "cache-04": 0.6409273968260001, 
        "cache-13": 3.3811119821953306
    }, 
    "71": {
        "cache-04": 0.6409273968260001, 
        "cache-13": 3.4478169204653417
    }, 
    "72": {
        "cache-04": 0.6409273968260001, 
        "cache-13": 3.4478169204653417
    }, 
    "73": {
        "cache-04": 0.6409273968260001, 
        "cache-13": 3.4478169204653417
    }, 
    "74": {
        "cache-04": 0.6409273968260001, 
        "cache-13": 3.4478169204653417
    }, 
    "75": {
        "cache-04": 0.6409273968260001, 
        "cache-13": 3.4478169204653417
    }, 
    "76": {
        "cache-04": 0.6409273968260001, 
        "cache-13": 3.4478169204653417
    }, 
    "77": {
        "cache-04": 0.6409273968260001, 
        "cache-13": 3.4478169204653417
    }, 
    "78": {
        "cache-04": 0.6409273968260001, 
        "cache-13": 3.4478169204653417
    }, 
    "79": {
        "cache-04": 0.6409273968260001, 
        "cache-13": 3.4478169204653417
    }, 
    "80": {
        "cache-04": 0.6409273968260001,