{
    "0": {
        "cache-10": 4, 
        "cache-12": 2.838000690515701
    }, 
    "1": {
        "cache-10": 4, 
        "cache-12": 2.6690003452578503
    }, 
    "2": {
        "cache-10": 4, 
        "cache-12": 2.584500172628925
    }, 
    "3": {
        "cache-10": 4, 
        "cache-12": 2.5422500863144624
    }, 
    "4": {
        "cache-10": 4, 
        "cache-12": 2.521125043157231
    }, 
    "5": {
        "cache-10": 4, 
        "cache-12": 2.5105625215786156
    }, 
    "6": {
        "cache-10": 3.4848729221327375, 
        "cache-12": 2.5105625215786156
    }, 
    "7": {
        "cache-10": 2.9924364610663687, 
        "cache-12": 2.5105625215786156
    }, 
    "8": {
        "cache-10": 2.7462182305331844, 
        "cache-12": 2.5105625215786156
    }, 
    "9": {
        "cache-10": 2.623109115266592, 
        "cache-12": 2.5105625215786156
    }, 
    "10": {
        "cache-10": 2.561554557633296, 
        "cache-12": 2.5105625215786156
    }, 
    "11": {
        "cache-10": 2.530777278816648, 
        "cache-12": 2.5105625215786156
    }, 
    "12": {
        "cache-10": 2.7502615615410617, 
        "cache-12": 2.5105625215786156
    }, 
    "13": {
        "cache-10": 2.8600037029032683, 
        "cache-12": 2.5105625215786156
    }, 
    "14": {
        "cache-10": 2.914874773584372, 
        "cache-12": 2.5105625215786156
    }, 
    "15": {
        "cache-10": 2.9423103089249234, 
        "cache-12": 2.5105625215786156
    }, 
    "16": {
        "cache-10": 2.721155154462462, 
        "cache-12": 2.5105625215786156
    }, 
    "17": {
        "cache-10": 2.610577577231231, 
        "cache-12": 2.5105625215786156
    }, 
    "18": {
        "cache-10": 2.5552887886156155, 
        "cache-12": 2.5105625215786156
    }, 
    "19": {
        "cache-10": 2.5276443943078077, 
        "cache-12": 2.5105625215786156
    }, 
    "20": {
        "cache-10": 2.513822197153904, 
        "cache-12": 2.5105625215786156
    }, 
    "21": {
        "cache-10": 2.7417840207096895, 
        "cache-12": 2.5105625215786156
    }, 
    "22": {
        "cache-10": 2.855764932487582, 
        "cache-12": 2.5105625215786156
    }, 
    "23": {
        "cache-10": 2.677882466243791, 
        "cache-12": 2.5105625215786156
    }, 
    "24": {
        "cache-10": 2.5889412331218953, 
        "cache-12": 2.5105625215786156
    }, 
    "25": {
        "cache-10": 2.5444706165609476, 
        "cache-12": 2.5105625215786156
    }, 
    "26": {
        "cache-10": 2.7571082304132113, 
        "cache-12": 2.5105625215786156
    }, 
    "27": {
        "cache-10": 2.863427037339343, 
        "cache-12": 2.5105625215786156
    }, 
    "28": {
        "cache-10": 2.6817135186696714, 
        "cache-12": 2.5105625215786156
    }, 
    "29": {
        "cache-10": 2.5908567593348355, 
        "cache-12": 2.5105625215786156
    }, 
    "30": {
        "cache-10": 2.5454283796674178, 
        "cache-12": 2.5105625215786156
    }, 
    "31": {
        "cache-10": 2.522714189833709, 
        "cache-12": 2.5105625215786156
    }, 
    "32": {
        "cache-10": 2.511357094916854, 
        "cache-12": 2.5105625215786156
    }, 
    "33": {
        "cache-10": 2.505678547458427, 
        "cache-12": 2.5105625215786156
    }, 
    "34": {
        "cache-10": 2.505678547458427, 
        "cache-12": 2.740154182922045
    }, 
    "35": {
        "cache-10": 2.505678547458427, 
        "cache-12": 2.6200770914610225
    }, 
    "36": {
        "cache-10": 2.505678547458427, 
        "cache-12": 2.560038545730511
    }, 
    "37": {
        "cache-10": 2.505678547458427, 
        "cache-12": 2.1901582559264856
    }, 
    "38": {
        "cache-10": 2.109654943560843, 
        "cache-12": 2.1901582559264856
    }, 
    "39": {
        "cache-10": 2.109654943560843, 
        "cache-12": 1.8696028405218441
    }, 
    "40": {
        "cache-10": 1.9417270138650293, 
        "cache-12": 1.8696028405218441
    }, 
    "41": {
        "cache-10": 2.2208635069325147, 
        "cache-12": 1.8696028405218441
    }, 
    "42": {
        "cache-10": 2.3604317534662576, 
        "cache-12": 1.8696028405218441
    }, 
    "43": {
        "cache-10": 2.4302158767331288, 
        "cache-12": 1.8696028405218441
    }, 
    "44": {
        "cache-10": 2.4651079383665646, 
        "cache-12": 1.8696028405218441
    }, 
    "45": {
        "cache-10": 2.4825539691832823, 
        "cache-12": 1.8696028405218441
    }, 
    "46": {
        "cache-10": 2.491276984591641, 
        "cache-12": 1.8696028405218441
    }, 
    "47": {
        "cache-10": 2.4956384922958206, 
        "cache-12": 1.8696028405218441
    }, 
    "48": {
        "cache-10": 2.4978192461479103, 
        "cache-12": 1.8696028405218441
    }, 
    "49": {
        "cache-10": 2.4989096230739554, 
        "cache-12": 1.8696028405218441
    }, 
    "50": {
        "cache-10": 2.4994548115369777, 
        "cache-12": 1.8696028405218441
    }, 
    "51": {
        "cache-10": 2.499727405768489, 
        "cache-12": 1.8696028405218441
    }, 
    "52": {
        "cache-10": 2.4998637028842445, 
        "cache-12": 1.8696028405218441
    }, 
    "53": {
        "cache-10": 2.4999318514421223, 
        "cache-12": 1.8696028405218441
    }, 
    "54": {
        "cache-10": 2.499965925721061, 
        "cache-12": 1.8696028405218441
    }, 
    "55": {
        "cache-10": 2.4999829628605306, 
        "cache-12": 1.8696028405218441
    }, 
    "56": {
        "cache-10": 2.499991481430265, 
        "cache-12": 1.8696028405218441
    }, 
    "57": {
        "cache-10": 2.4999957407151325, 
        "cache-12": 1.8696028405218441
    }, 
    "58": {
        "cache-10": 2.499997870357566, 
        "cache-12": 1.8696028405218441
    }, 
    "59": {
        "cache-10": 2.499998935178783, 
        "cache-12": 1.8696028405218441
    }, 
    "60": {
        "cache-10": 2.4999994675893915, 
        "cache-12": 1.8696028405218441
    }, 
    "61": {
        "cache-10": 2.499999733794696, 
        "cache-12": 1.8696028405218441
    }, 
    "62": {
        "cache-10": 2.499999866897348, 
        "cache-12": 1.8696028405218441
    }, 
    "63": {
        "cache-10": 2.4999999334486738, 
        "cache-12": 1.8696028405218441
    }, 
    "64": {
        "cache-10": 2.499999966724337, 
        "cache-12": 1.8696028405218441
    }, 
    "65": {
        "cache-10": 2.4999999833621684, 
        "cache-12": 1.8696028405218441
    }, 
    "66": {
        "cache-10": 2.499999991681084, 
        "cache-12": 1.8696028405218441
    }, 
    "67": {
        "cache-10": 2.4999999958405423, 
        "cache-12": 1.8696028405218441
    }, 
    "68": {
        "cache-10": 2.499999997920271, 
        "cache-12": 1.8696028405218441
    }, 
    "69": {
        "cache-10": 2.499999998960136, 
        "cache-12": 1.8696028405218441
    }, 
    "70": {
        "cache-10": 2.499999999480068, 
        "cache-12": 1.8696028405218441
    }, 
    "71": {
        "cache-10": 2.4999999997400337, 
        "cache-12": 1.8696028405218441
    }, 
    "72": {
        "cache-10": 2.499999999870017, 
        "cache-12": 1.8696028405218441
    }, 
    "73": {
        "cache-10": 2.4999999999350084, 
        "cache-12": 1.8696028405218441
    }, 
    "74": {
        "cache-10": 2.499999999967504, 
        "cache-12": 1.8696028405218441
    }, 
    "75": {
        "cache-10": 2.499999999983752, 
        "cache-12": 1.8696028405218441
    }, 
    "76": {
        "cache-10": 2.499999999991876, 
        "cache-12": 1.8696028405218441
    }, 
    "77": {
        "cache-10": 2.499999999995938, 
        "cache-12": 1.8696028405218441
    }, 
    "78": {
        "cache-10": 2.734872922130706, 
        "cache-12": 1.8696028405218441
    }, 
    "79": {
        "cache-10": 2.617436461065353, 
        "cache-12": 1.8696028405218441
    }, 
    "80": {
        "cache-10": 2.5587182305326763, 
        "cache-12": 1.8696028405218441
    }, 
    "81": {
        "cache-10": 2.7642320373990756,