{
    "0": {
        "cache-08": 4, 
        "cache-14": 3.75
    }, 
    "1": {
        "cache-08": 4, 
        "cache-14": 4.01924457614013
    }, 
    "2": {
        "cache-08": 4, 
        "cache-14": 4.509599091096572
    }, 
    "3": {
        "cache-08": 4, 
        "cache-14": 4.754776348574794
    }, 
    "4": {
        "cache-08": 4, 
        "cache-14": 4.8773649773139045
    }, 
    "5": {
        "cache-08": 4, 
        "cache-14": 4.938659291683459
    }, 
    "6": {
        "cache-08": 4, 
        "cache-14": 4.969306448868236
    }, 
    "7": {
        "cache-08": 4, 
        "cache-14": 4.984630027460625
    }, 
    "8": {
        "cache-08": 4, 
        "cache-14": 4.99229181675682
    }, 
    "9": {
        "cache-08": 4, 
        "cache-14": 4.996122711404917
    }, 
    "10": {
        "cache-08": 4, 
        "cache-14": 4.998038158728965
    }, 
    "11": {
        "cache-08": 4, 
        "cache-14": 4.9989958823909895
    }, 
    "12": {
        "cache-08": 4, 
        "cache-14": 4.999474744222002
    }, 
    "13": {
        "cache-08": 4, 
        "cache-14": 4.999714175137509
    }, 
    "14": {
        "cache-08": 4, 
        "cache-14": 4.999833890595262
    }, 
    "15": {
        "cache-08": 4, 
        "cache-14": 4.999893748324139
    }, 
    "16": {
        "cache-08": 4, 
        "cache-14": 4.9024426069382905
    }, 
    "17": {
        "cache-08": 4, 
        "cache-14": 4.698944451559694
    }, 
    "18": {
        "cache-08": 4, 
        "cache-14": 4.2066099219277735
    }, 
    "19": {
        "cache-08": 4, 
        "cache-14": 3.960442657111813
    }, 
    "20": {
        "cache-08": 4.14424457614013, 
        "cache-14": 3.960442657111813
    }, 
    "21": {
        "cache-08": 4.216366864210196, 
        "cache-14": 3.960442657111813
    }, 
    "22": {
        "cache-08": 4.252428008245229, 
        "cache-14": 3.960442657111813
    }, 
    "23": {
        "cache-08": 4.373937152213163, 
        "cache-14": 3.960442657111813
    }, 
    "24": {
        "cache-08": 4.589464308882802, 
        "cache-14": 3.960442657111813
    }, 
    "25": {
        "cache-08": 4.54245530253195, 
        "cache-14": 3.960442657111813
    }, 
    "26": {
        "cache-08": 4.518950799356523, 
        "cache-14": 3.960442657111813
    }, 
    "27": {
        "cache-08": 4.403719975818392, 
        "cache-14": 3.960442657111813
    }, 
    "28": {
        "cache-08": 4.232090946670228, 
        "cache-14": 3.960442657111813
    }, 
    "29": {
        "cache-08": 4.146276432096146, 
        "cache-14": 3.960442657111813
    }, 
    "30": {
        "cache-08": 4.103369174809105, 
        "cache-14": 3.960442657111813
    }, 
    "31": {
        "cache-08": 4.195929163544683, 
        "cache-14": 3.960442657111813
    }, 
    "32": {
        "cache-08": 4.128195540533374, 
        "cache-14": 3.960442657111813
    }, 
    "33": {
        "cache-08": 4.094328729027719, 
        "cache-14": 3.960442657111813
    }, 
    "34": {
        "cache-08": 4.077395323274892, 
        "cache-14": 3.960442657111813
    }, 
    "35": {
        "cache-08": 4.068928620398479, 
        "cache-14": 3.960442657111813
    }, 
    "36": {
        "cache-08": 4.064695268960271, 
        "cache-14": 3.960442657111813
    }, 
    "37": {
        "cache-08": 4.062578593241168, 
        "cache-14": 3.960442657111813
    }, 
    "38": {
        "cache-08": 4.061520255381616, 
        "cache-14": 3.960442657111813
    }, 
    "39": {
        "cache-08": 4.060991086451841, 
        "cache-14": 3.960442657111813
    }, 
    "40": {
        "cache-08": 4.060726501986952, 
        "cache-14": 3.960442657111813
    }, 
    "41": {
        "cache-08": 4.060594209754509, 
        "cache-14": 3.960442657111813
    }, 
    "42": {
        "cache-08": 4.060528063638287, 
        "cache-14": 3.960442657111813
    }, 
    "43": {
        "cache-08": 4.1745086079592735, 
        "cache-14": 3.960442657111813
    }, 
    "44": {
        "cache-08": 4.117485262740669, 
        "cache-14": 3.960442657111813
    }, 
    "45": {
        "cache-08": 4.088973590131367, 
        "cache-14": 3.960442657111813
    }, 
    "46": {
        "cache-08": 4.074717753826716, 
        "cache-14": 3.960442657111813
    }, 
    "47": {
        "cache-08": 4.06758983567439, 
        "cache-14": 3.960442657111813
    }, 
    "48": {
        "cache-08": 3.8909326139851212, 
        "cache-14": 3.960442657111813
    }, 
    "49": {
        "cache-08": 3.8909326139851212, 
        "cache-14": 4.010452287316939
    }, 
    "50": {
        "cache-08": 3.8909326139851212, 
        "cache-14": 4.252949291749018
    }, 
    "51": {
        "cache-08": 3.8909326139851212, 
        "cache-14": 4.156705604635541
    }, 
    "52": {
        "cache-08": 3.8909326139851212, 
        "cache-14": 3.935490498465697
    }, 
    "53": {
        "cache-08": 3.8909326139851212, 
        "cache-14": 3.8248829453807747
    }, 
    "54": {
        "cache-08": 4.089710883132691, 
        "cache-14": 3.8248829453807747
    }, 
    "55": {
        "cache-08": 4.189100017706476, 
        "cache-14": 3.8248829453807747
    }, 
    "56": {
        "cache-08": 4.124780967614271, 
        "cache-14": 3.8248829453807747
    }, 
    "57": {
        "cache-08": 4.092621442568168, 
        "cache-14": 3.8248829453807747
    }, 
    "58": {
        "cache-08": 3.9034484174320103, 
        "cache-14": 3.8248829453807747
    }, 
    "59": {
        "cache-08": 3.8088619048639316, 
        "cache-14": 3.8248829453807747
    }, 
    "60": {
        "cache-08": 3.8088619048639316, 
        "cache-14": 3.9426724314514194
    }, 
    "61": {
        "cache-08": 3.8088619048639316, 
        "cache-14": 4.001567174486742
    }, 
    "62": {
        "cache-08": 3.8088619048639316, 
        "cache-14": 4.145028163383501
    }, 
    "63": {
        "cache-08": 3.8088619048639316, 
        "cache-14": 4.572490884718258
    }, 
    "64": {
        "cache-08": 3.8088619048639316, 
        "cache-14": 4.533968590449677
    }, 
    "65": {
        "cache-08": 3.8088619048639316, 
        "cache-14": 4.297215253985871
    }, 
    "66": {
        "cache-08": 3.8088619048639316, 
        "cache-14": 4.292852203133066
    }, 
    "67": {
        "cache-08": 3.8088619048639316, 
        "cache-14": 4.646402904593041
    }, 
    "68": {
        "cache-08": 3.8088619048639316, 
        "cache-14": 4.353432411057552
    }, 
    "69": {
        "cache-08": 3.8088619048639316, 
        "cache-14": 4.206947164289808
    }, 
    "70": {
        "cache-08": 3.8088619048639316, 
        "cache-14": 4.247718158285034
    }, 
    "71": {
        "cache-08": 3.8088619048639316, 
        "cache-14": 4.623835882169024
    }, 
    "72": {
        "cache-08": 3.8088619048639316, 
        "cache-14": 4.55964108917506
    }, 
    "73": {
        "cache-08": 3.8088619048639316, 
        "cache-14": 4.527543692678078
    }, 
    "74": {
        "cache-08": 3.8088619048639316, 
        "cache-14": 4.763748649365546
    }, 
    "75": {
        "cache-08": 3.8088619048639316, 
        "cache-14": 4.881851127709281
    }, 
    "76": {
        "cache-08": 3.8088619048639316, 
        "cache-14": 4.471156522615672
    }, 
    "77": {
        "cache-08": 3.8088619048639316, 
        "cache-14": 4.265809220068869
    }, 
    "78": {
        "cache-08": 3.8088619048639316, 
        "cache-14": 3.9900423061823607
    }, 
    "79": {
        "cache-08": 3.8088619048639316, 
        "cache-14": 4.494997956117688
    }, 
    "80": {
        "cache-08": 3.8088619048639316, 
        "cache-14": 4.277729936819876
    }, 
    "81": {
        "cache-08": 3.8088619048639316, 
        "cache-14": 4.16909592717097
    }, 
    "82": {
        "cache-08": 3.8088619048639316, 
        "cache-14": 4.114778922346517
    }, 
    "83": {
        "cache-08": 3.8088619048639316, 
        "cache-14": 4.201634037313388
    }, 
    "84": {
        "cache-08": 3.8088619048639316,