{
    "0": {
        "cache-05": 4, 
        "cache-11": 3.75
    }, 
    "1": {
        "cache-05": 4, 
        "cache-11": 3.9052309587610323
    }, 
    "2": {
        "cache-05": 4, 
        "cache-11": 4.096860055520646
    }, 
    "3": {
        "cache-05": 4, 
        "cache-11": 3.9055677239082494
    }, 
    "4": {
        "cache-05": 4, 
        "cache-11": 3.983014820715157
    }, 
    "5": {
        "cache-05": 4, 
        "cache-11": 4.239230558448127
    }, 
    "6": {
        "cache-05": 4, 
        "cache-11": 4.522111012000284
    }, 
    "7": {
        "cache-05": 4, 
        "cache-11": 4.663551238776363
    }, 
    "8": {
        "cache-05": 4, 
        "cache-11": 4.362006578149214
    }, 
    "9": {
        "cache-05": 4, 
        "cache-11": 3.900749133340082
    }, 
    "10": {
        "cache-05": 4.14424457614013, 
        "cache-11": 3.900749133340082
    }, 
    "11": {
        "cache-05": 4.216366864210196, 
        "cache-11": 3.900749133340082
    }, 
    "12": {
        "cache-05": 4.13841439086613, 
        "cache-11": 3.900749133340082
    }, 
    "13": {
        "cache-05": 3.78895303969854, 
        "cache-11": 3.900749133340082
    }, 
    "14": {
        "cache-05": 3.78895303969854, 
        "cache-11": 4.0946191428101715
    }, 
    "15": {
        "cache-05": 3.78895303969854, 
        "cache-11": 3.904447267553012
    }, 
    "16": {
        "cache-05": 3.78895303969854, 
        "cache-11": 3.9824545925375383
    }, 
    "17": {
        "cache-05": 3.78895303969854, 
        "cache-11": 4.238950444359317
    }, 
    "18": {
        "cache-05": 3.78895303969854, 
        "cache-11": 4.149706180940691
    }, 
    "19": {
        "cache-05": 3.78895303969854, 
        "cache-11": 4.105084049231378
    }, 
    "20": {
        "cache-05": 3.78895303969854, 
        "cache-11": 3.909679720763615
    }, 
    "21": {
        "cache-05": 3.78895303969854, 
        "cache-11": 3.98507081914284
    }, 
    "22": {
        "cache-05": 3.78895303969854, 
        "cache-11": 4.13677998571155
    }, 
    "23": {
        "cache-05": 3.78895303969854, 
        "cache-11": 4.098620951616807
    }, 
    "24": {
        "cache-05": 3.78895303969854, 
        "cache-11": 4.079541434569435
    }, 
    "25": {
        "cache-05": 3.78895303969854, 
        "cache-11": 4.0700016760457505
    }, 
    "26": {
        "cache-05": 3.78895303969854, 
        "cache-11": 4.065231796783907
    }, 
    "27": {
        "cache-05": 3.78895303969854, 
        "cache-11": 3.88975359453988
    }, 
    "28": {
        "cache-05": 3.78895303969854, 
        "cache-11": 3.9751077560309724
    }, 
    "29": {
        "cache-05": 3.78895303969854, 
        "cache-11": 4.017784836776519
    }, 
    "30": {
        "cache-05": 3.78895303969854, 
        "cache-11": 4.15313699452839
    }, 
    "31": {
        "cache-05": 3.78895303969854, 
        "cache-11": 4.106799456025227
    }, 
    "32": {
        "cache-05": 3.78895303969854, 
        "cache-11": 3.9105374241605397
    }, 
    "33": {
        "cache-05": 3.78895303969854, 
        "cache-11": 3.8124064082281963
    }, 
    "34": {
        "cache-05": 3.78895303969854, 
        "cache-11": 3.9364341628751305
    }, 
    "35": {
        "cache-05": 3.78895303969854, 
        "cache-11": 3.9984480401985976
    }, 
    "36": {
        "cache-05": 3.78895303969854, 
        "cache-11": 4.029454978860331
    }, 
    "37": {
        "cache-05": 3.78895303969854, 
        "cache-11": 4.044958448191197
    }, 
    "38": {
        "cache-05": 3.78895303969854, 
        "cache-11": 4.5224560271221055
    }, 
    "39": {
        "cache-05": 3.78895303969854, 
        "cache-11": 4.4054725897011835
    }, 
    "40": {
        "cache-05": 3.78895303969854, 
        "cache-11": 4.2329672536116245
    }, 
    "41": {
        "cache-05": 3.78895303969854, 
        "cache-11": 4.260728202945943
    }, 
    "42": {
        "cache-05": 3.78895303969854, 
        "cache-11": 3.9875017976208977
    }, 
    "43": {
        "cache-05": 3.78895303969854, 
        "cache-11": 3.8508885949583753
    }, 
    "44": {
        "cache-05": 3.78895303969854, 
        "cache-11": 3.6451901417446626
    }, 
    "45": {
        "cache-05": 3.614222364114745, 
        "cache-11": 3.6451901417446626
    }, 
    "46": {
        "cache-05": 3.614222364114745, 
        "cache-11": 3.9668396470124616
    }, 
    "47": {
        "cache-05": 3.614222364114745, 
        "cache-11": 4.127664399646362
    }, 
    "48": {
        "cache-05": 3.614222364114745, 
        "cache-11": 3.920969895971107
    }, 
    "49": {
        "cache-05": 3.614222364114745, 
        "cache-11": 3.81762264413348
    }, 
    "50": {
        "cache-05": 3.614222364114745, 
        "cache-11": 3.9390422808277723
    }, 
    "51": {
        "cache-05": 3.614222364114745, 
        "cache-11": 4.113765716554017
    }, 
    "52": {
        "cache-05": 3.614222364114745, 
        "cache-11": 4.087113817038041
    }, 
    "53": {
        "cache-05": 3.614222364114745, 
        "cache-11": 3.900694604666947
    }, 
    "54": {
        "cache-05": 3.614222364114745, 
        "cache-11": 3.6700931465989486
    }, 
    "55": {
        "cache-05": 3.614222364114745, 
        "cache-11": 3.9792911494396046
    }, 
    "56": {
        "cache-05": 3.614222364114745, 
        "cache-11": 4.019876533480835
    }, 
    "57": {
        "cache-05": 3.614222364114745, 
        "cache-11": 3.7296841110058923
    }, 
    "58": {
        "cache-05": 3.614222364114745, 
        "cache-11": 3.584587899768421
    }, 
    "59": {
        "cache-05": 3.9513557581975025, 
        "cache-11": 3.584587899768421
    }, 
    "60": {
        "cache-05": 4.005908837859783, 
        "cache-11": 3.584587899768421
    }, 
    "61": {
        "cache-05": 4.0331853776909234, 
        "cache-11": 3.584587899768421
    }, 
    "62": {
        "cache-05": 4.160837264985592, 
        "cache-11": 3.584587899768421
    }, 
    "63": {
        "cache-05": 4.224663208632926, 
        "cache-11": 3.584587899768421
    }, 
    "64": {
        "cache-05": 4.256576180456593, 
        "cache-11": 3.584587899768421
    }, 
    "65": {
        "cache-05": 4.158519048989328, 
        "cache-11": 3.584587899768421
    }, 
    "66": {
        "cache-05": 4.109490483255696, 
        "cache-11": 3.584587899768421
    }, 
    "67": {
        "cache-05": 4.08497620038888, 
        "cache-11": 3.584587899768421
    }, 
    "68": {
        "cache-05": 4.072719058955473, 
        "cache-11": 3.584587899768421
    }, 
    "69": {
        "cache-05": 4.066590488238768, 
        "cache-11": 3.584587899768421
    }, 
    "70": {
        "cache-05": 3.8904329402673103, 
        "cache-11": 3.584587899768421
    }, 
    "71": {
        "cache-05": 3.8023541662815816, 
        "cache-11": 3.584587899768421
    }, 
    "72": {
        "cache-05": 3.758314779288717, 
        "cache-11": 3.584587899768421
    }, 
    "73": {
        "cache-05": 3.7362950857922845, 
        "cache-11": 3.584587899768421
    }, 
    "74": {
        "cache-05": 3.8983785016571746, 
        "cache-11": 3.584587899768421
    }, 
    "75": {
        "cache-05": 3.9794202095896196, 
        "cache-11": 3.584587899768421
    }, 
    "76": {
        "cache-05": 3.846847800942736, 
        "cache-11": 3.584587899768421
    }, 
    "77": {
        "cache-05": 3.780561596619294, 
        "cache-11": 3.584587899768421
    }, 
    "78": {
        "cache-05": 3.610026642575122, 
        "cache-11": 3.584587899768421
    }, 
    "79": {
        "cache-05": 3.6621510174354874, 
        "cache-11": 3.584587899768421
    }, 
    "80": {
        "cache-05": 3.68821320486567, 
        "cache-11": 3.584587899768421
    }, 
    "81": {
        "cache-05": 3.701244298580761, 
        "cache-11": 3.584587899768421
    }, 
    "82": {
        "cache-05": 3.7077598454383067, 
        "cache-11": 3.584587899768421
    }, 
    "83": {
        "cache-05": 3.7110176188670794,