{
    "0": {
        "cache-04": 0.6409273968261171, 
        "cache-07": 3.6442232615042753
    }, 
    "1": {
        "cache-04": 0.6409273968261171, 
        "cache-07": 3.6442232615042753
    }, 
    "2": {
        "cache-04": 0.6409273968261171, 
        "cache-07": 3.6442232615042753
    }, 
    "3": {
        "cache-04": 0.6409273968261171, 
        "cache-07": 3.6442232615042753
    }, 
    "4": {
        "cache-04": 0.6409273968261171, 
        "cache-07": 3.6442232615042753
    }, 
    "5": {
        "cache-04": 0.6409273968261171, 
        "cache-07": 3.6442232615042753
    }, 
    "6": {
        "cache-04": 0.6409273968261171, 
        "cache-07": 3.6442232615042753
    }, 
    "7": {
        "cache-04": 0.6409273968261171, 
        "cache-07": 3.6442232615042753
    }, 
    "8": {
        "cache-04": 0.6409273968261171, 
        "cache-07": 3.6442232615042753
    }, 
    "9": {
        "cache-04": 0.6409273968261171, 
        "cache-07": 3.6442232615042753
    }, 
    "10": {
        "cache-04": 0.6409273968261171, 
        "cache-07": 3.6442232615042753
    }, 
    "11": {
        "cache-04": 0.6409273968260036, 
        "cache-07": 3.6148692762976453
    }, 
    "12": {
        "cache-04": 0.6409273968260036, 
        "cache-07": 3.6148692762976453
    }, 
    "13": {
        "cache-04": 0.6409273968260036, 
        "cache-07": 3.6148692762976453
    }, 
    "14": {
        "cache-04": 0.6409273968260036, 
        "cache-07": 3.6148692762976453
    }, 
    "15": {
        "cache-04": 0.6409273968260036, 
        "cache-07": 3.6148692762976453
    }, 
    "16": {
        "cache-04": 0.6409273968260036, 
        "cache-07": 3.6148692762976453
    }, 
    "17": {
        "cache-04": 0.6409273968260036, 
        "cache-07": 3.6148692762976453
    }, 
    "18": {
        "cache-04": 0.6409273968260036, 
        "cache-07": 3.6148692762976453
    }, 
    "19": {
        "cache-04": 0.6409273968260036, 
        "cache-07": 3.6148692762976453
    }, 
    "20": {
        "cache-04": 0.6409273968260036, 
        "cache-07": 3.6148692762976453
    }, 
    "21": {
        "cache-04": 0.6409273968260001, 
        "cache-07": 3.732298569867618
    }, 
    "22": {
        "cache-04": 0.6409273968260001, 
        "cache-07": 3.732298569867618
    }, 
    "23": {
        "cache-04": 0.6409273968260001, 
        "cache-07": 3.732298569867618
    }, 
    "24": {
        "cache-04": 0.6409273968260001, 
        "cache-07": 3.732298569867618
    }, 
    "25": {
        "cache-04": 0.6409273968260001, 
        "cache-07": 3.732298569867618
    }, 
    "26": {
        "cache-04": 0.6409273968260001, 
        "cache-07": 3.732298569867618
    }, 
    "27": {
        "cache-04": 0.6409273968260001, 
        "cache-07": 3.732298569867618
    }, 
    "28": {
        "cache-04": 0.6409273968260001, 
        "cache-07": 3.732298569867618
    }, 
    "29": {
        "cache-04": 0.6409273968260001, 
        "cache-07": 3.732298569867618
    }, 
    "30": {
        "cache-04": 0.6409273968260001, 
        "cache-07": 3.732298569867618
    }, 
    "31": {
        "cache-04": 0.6409273968260001, 
        "cache-07": 3.7093871360062294
    }, 
    "32": {
        "cache-04": 0.6409273968260001, 
        "cache-07": 3.7093871360062294
    }, 
    "33": {
        "cache-04": 0.6409273968260001, 
        "cache-07": 3.7093871360062294
    }, 
    "34": {
        "cache-04": 0.6409273968260001, 
        "cache-07": 3.7093871360062294
    }, 
    "35": {
        "cache-04": 0.6409273968260001, 
        "cache-07": 3.7093871360062294
    }, 
    "36": {
        "cache-04": 0.6409273968260001, 
        "cache-07": 3.7093871360062294
    }, 
    "37": {
        "cache-04": 0.6409273968260001, 
        "cache-07": 3.7093871360062294
    }, 
    "38": {
        "cache-04": 0.6409273968260001, 
        "cache-07": 3.7093871360062294
    }, 
    "39": {
        "cache-04": 0.6409273968260001, 
        "cache-07": 3.7093871360062294
    }, 
    "40": {
        "cache-04": 0.6409273968260001, 
        "cache-07": 3.7093871360062294
    }, 
    "41": {
        "cache-04": 0.6409273968260001, 
        "cache-07": 3.6619252556748765
    }, 
    "42": {
        "cache-04": 0.6409273968260001, 
        "cache-07": 3.6619252556748765
    }, 
    "43": {
        "cache-04": 0.6409273968260001, 
        "cache-07": 3.6619252556748765
    }, 
    "44": {
        "cache-04": 0.6409273968260001, 
        "cache-07": 3.6619252556748765
    }, 
    "45": {
        "cache-04": 0.6409273968260001, 
        "cache-07": 3.6619252556748765
    }, 
    "46": {
        "cache-04": 0.6409273968260001, 
        "cache-07": 3.6619252556748765
    }, 
    "47": {
        "cache-04": 0.6409273968260001, 
        "cache-07": 3.6619252556748765
    }, 
    "48": {
        "cache-04": 0.6409273968260001, 
        "cache-07": 3.6619252556748765
    }, 
    "49": {
        "cache-04": 0.6409273968260001, 
        "cache-07": 3.6619252556748765
    }, 
    "50": {
        "cache-04": 0.6409273968260001, 
        "cache-07": 3.6619252556748765
    }, 
    "51": {
        "cache-04": 0.6409273968260001, 
        "cache-07": 3.4737412689700293
    }, 
    "52": {
        "cache-04": 0.6409273968260001, 
        "cache-07": 3.4737412689700293
    }, 
    "53": {
        "cache-04": 0.6409273968260001, 
        "cache-07": 3.4737412689700293
    }, 
    "54": {
        "cache-04": 0.6409273968260001, 
        "cache-07": 3.4737412689700293
    }, 
    "55": {
        "cache-04": 0.6409273968260001, 
        "cache-07": 3.4737412689700293
    }, 
    "56": {
        "cache-04": 0.6409273968260001, 
        "cache-07": 3.4737412689700293
    }, 
    "57": {
        "cache-04": 0.6409273968260001, 
        "cache-07": 3.4737412689700293
    }, 
    "58": {
        "cache-04": 0.6409273968260001, 
        "cache-07": 3.4737412689700293
    }, 
    "59": {
        "cache-04": 0.6409273968260001, 
        "cache-07": 3.4737412689700293
    }, 
    "60": {
        "cache-04": 0.6409273968260001, 
        "cache-07": 3.4737412689700293
    }, 
    "61": {
        "cache-04": 0.6409273968260001, 
        "cache-07": 3.5938466301164937
    }, 
    "62": {
        "cache-04": 0.6409273968260001, 
        "cache-07": 3.5938466301164937
    }, 
    "63": {
        "cache-04": 0.6409273968260001, 
        "cache-07": 3.5938466301164937
    }, 
    "64": {
        "cache-04": 0.6409273968260001, 
        "cache-07": 3.5938466301164937
    }, 
    "65": {
        "cache-04": 0.6409273968260001, 
        "cache-07": 3.5938466301164937
    }, 
    "66": {
        "cache-04": 0.6409273968260001, 
        "cache-07": 3.5938466301164937
    }, 
    "67": {
        "cache-04": 0.6409273968260001, 
        "cache-07": 3.5938466301164937
    }, 
    "68": {
        "cache-04": 0.6409273968260001, 
        "cache-07": 3.5938466301164937
    }, 
    "69": {
        "cache-04": 0.6409273968260001, 
        "cache-07": 3.5938466301164937
    }, 
    "70": {
        "cache-04": 0.6409273968260001, 
        "cache-07": 3.5938466301164937
    }, 
    "71": {
        "cache-04": 0.6409273968260001, 
        "cache-07": 3.3848740258331707
    }, 
    "72": {
        "cache-04": 0.6409273968260001, 
        "cache-07": 3.3848740258331707
    }, 
    "73": {
        "cache-04": 0.6409273968260001, 
        "cache-07": 3.3848740258331707
    }, 
    "74": {
        "cache-04": 0.6409273968260001, 
        "cache-07": 3.3848740258331707
    }, 
    "75": {
        "cache-04": 0.6409273968260001, 
        "cache-07": 3.3848740258331707
    }, 
    "76": {
        "cache-04": 0.6409273968260001, 
        "cache-07": 3.3848740258331707
    }, 
    "77": {
        "cache-04": 0.6409273968260001, 
        "cache-07": 3.3848740258331707
    }, 
    "78": {
        "cache-04": 0.6409273968260001, 
        "cache-07": 3.3848740258331707
    }, 
    "79": {
        "cache-04": 0.6409273968260001, 
        "cache-07": 3.3848740258331707
    },