{
    "0": {
        "cache-05": 4, 
        "cache-07": 3.75
    }, 
    "1": {
        "cache-05": 4, 
        "cache-07": 3.3598729221327375
    }, 
    "2": {
        "cache-05": 4, 
        "cache-07": 3.164809383199106
    }, 
    "3": {
        "cache-05": 4, 
        "cache-07": 3.0672776137322906
    }, 
    "4": {
        "cache-05": 4, 
        "cache-07": 3.0185117289988828
    }, 
    "5": {
        "cache-05": 4, 
        "cache-07": 3.2290017087649163
    }, 
    "6": {
        "cache-05": 4.402495732776221, 
        "cache-07": 3.2290017087649163
    }, 
    "7": {
        "cache-05": 3.9209937106535855, 
        "cache-07": 3.2290017087649163
    }, 
    "8": {
        "cache-05": 3.44536977745953, 
        "cache-07": 3.2290017087649163
    }, 
    "9": {
        "cache-05": 3.2075578108625025, 
        "cache-07": 3.2290017087649163
    }, 
    "10": {
        "cache-05": 3.2075578108625025, 
        "cache-07": 3.334246698647933
    }, 
    "11": {
        "cache-05": 3.2075578108625025, 
        "cache-07": 3.811367925464097
    }, 
    "12": {
        "cache-05": 3.2075578108625025, 
        "cache-07": 4.153407110822597
    }, 
    "13": {
        "cache-05": 3.2075578108625025, 
        "cache-07": 4.220948131551429
    }, 
    "14": {
        "cache-05": 3.2075578108625025, 
        "cache-07": 3.967611761923641
    }, 
    "15": {
        "cache-05": 3.2075578108625025, 
        "cache-07": 4.128050457101951
    }, 
    "16": {
        "cache-05": 3.2075578108625025, 
        "cache-07": 4.466520961327197
    }, 
    "17": {
        "cache-05": 3.2075578108625025, 
        "cache-07": 4.377505056803729
    }, 
    "18": {
        "cache-05": 3.2075578108625025, 
        "cache-07": 4.04589022454979
    }, 
    "19": {
        "cache-05": 3.2075578108625025, 
        "cache-07": 3.8800828084228214
    }, 
    "20": {
        "cache-05": 3.2075578108625025, 
        "cache-07": 3.970272362972443
    }, 
    "21": {
        "cache-05": 3.2075578108625025, 
        "cache-07": 4.015367140247253
    }, 
    "22": {
        "cache-05": 3.2075578108625025, 
        "cache-07": 3.864821266271553
    }, 
    "23": {
        "cache-05": 3.2075578108625025, 
        "cache-07": 3.6521564774012516
    }, 
    "24": {
        "cache-05": 3.2075578108625025, 
        "cache-07": 3.856309197461658
    }, 
    "25": {
        "cache-05": 3.2075578108625025, 
        "cache-07": 3.7852922948787553
    }, 
    "26": {
        "cache-05": 3.2075578108625025, 
        "cache-07": 3.749783843587304
    }, 
    "27": {
        "cache-05": 3.2075578108625025, 
        "cache-07": 3.594637766059127
    }, 
    "28": {
        "cache-05": 3.2075578108625025, 
        "cache-07": 3.6544565791774897
    }, 
    "29": {
        "cache-05": 3.2075578108625025, 
        "cache-07": 4.229724022364966
    }, 
    "30": {
        "cache-05": 3.2075578108625025, 
        "cache-07": 3.971999707330409
    }, 
    "31": {
        "cache-05": 3.2075578108625025, 
        "cache-07": 3.8431375498131306
    }, 
    "32": {
        "cache-05": 3.2075578108625025, 
        "cache-07": 4.169291922997114
    }, 
    "33": {
        "cache-05": 3.2075578108625025, 
        "cache-07": 4.4871416942747775
    }, 
    "34": {
        "cache-05": 3.2075578108625025, 
        "cache-07": 4.1007085432853145
    }, 
    "35": {
        "cache-05": 3.2075578108625025, 
        "cache-07": 3.770100115908132
    }, 
    "36": {
        "cache-05": 3.2075578108625025, 
        "cache-07": 3.9152810167150984
    }, 
    "37": {
        "cache-05": 3.2075578108625025, 
        "cache-07": 4.101885084497679
    }, 
    "38": {
        "cache-05": 3.2075578108625025, 
        "cache-07": 3.908080238396766
    }, 
    "39": {
        "cache-05": 3.2075578108625025, 
        "cache-07": 3.6737859634638577
    }, 
    "40": {
        "cache-05": 3.2075578108625025, 
        "cache-07": 3.5566388259974038
    }, 
    "41": {
        "cache-05": 3.2075578108625025, 
        "cache-07": 3.4980652572641766
    }, 
    "42": {
        "cache-05": 3.2075578108625025, 
        "cache-07": 3.6061703247800145
    }, 
    "43": {
        "cache-05": 3.2075578108625025, 
        "cache-07": 3.6602228585379333
    }, 
    "44": {
        "cache-05": 3.2075578108625025, 
        "cache-07": 3.5498572735344416
    }, 
    "45": {
        "cache-05": 3.2075578108625025, 
        "cache-07": 3.4946744810326957
    }, 
    "46": {
        "cache-05": 3.2075578108625025, 
        "cache-07": 3.77756819927738
    }, 
    "47": {
        "cache-05": 3.2075578108625025, 
        "cache-07": 3.608529943904165
    }, 
    "48": {
        "cache-05": 3.2075578108625025, 
        "cache-07": 3.524010816217557
    }, 
    "49": {
        "cache-05": 3.2075578108625025, 
        "cache-07": 3.619143104256705
    }, 
    "50": {
        "cache-05": 3.2075578108625025, 
        "cache-07": 4.212067284904574
    }, 
    "51": {
        "cache-05": 3.2075578108625025, 
        "cache-07": 3.963171338600213
    }, 
    "52": {
        "cache-05": 3.2075578108625025, 
        "cache-07": 4.011816628061139
    }, 
    "53": {
        "cache-05": 3.2075578108625025, 
        "cache-07": 4.1501528901707
    }, 
    "54": {
        "cache-05": 3.2075578108625025, 
        "cache-07": 4.105307403846382
    }, 
    "55": {
        "cache-05": 3.2075578108625025, 
        "cache-07": 3.909791398071117
    }, 
    "56": {
        "cache-05": 3.2075578108625025, 
        "cache-07": 3.8120333951834846
    }, 
    "57": {
        "cache-05": 3.2075578108625025, 
        "cache-07": 3.7631543937396685
    }, 
    "58": {
        "cache-05": 3.2075578108625025, 
        "cache-07": 4.284072929646055
    }, 
    "59": {
        "cache-05": 3.2075578108625025, 
        "cache-07": 3.999174160970954
    }, 
    "60": {
        "cache-05": 3.2075578108625025, 
        "cache-07": 3.719332924750952
    }, 
    "61": {
        "cache-05": 3.2075578108625025, 
        "cache-07": 4.107389610466024
    }, 
    "62": {
        "cache-05": 3.2075578108625025, 
        "cache-07": 4.197939381373143
    }, 
    "63": {
        "cache-05": 3.2075578108625025, 
        "cache-07": 4.129200649447604
    }, 
    "64": {
        "cache-05": 3.2075578108625025, 
        "cache-07": 3.9217380208717283
    }, 
    "65": {
        "cache-05": 3.2075578108625025, 
        "cache-07": 3.81800670658379
    }, 
    "66": {
        "cache-05": 3.2075578108625025, 
        "cache-07": 3.9392343120529274
    }, 
    "67": {
        "cache-05": 3.2075578108625025, 
        "cache-07": 3.82675485217439
    }, 
    "68": {
        "cache-05": 3.2075578108625025, 
        "cache-07": 3.63312327035267
    }, 
    "69": {
        "cache-05": 3.2075578108625025, 
        "cache-07": 3.6736993313242614
    }, 
    "70": {
        "cache-05": 3.2075578108625025, 
        "cache-07": 3.981094241802261
    }, 
    "71": {
        "cache-05": 3.2075578108625025, 
        "cache-07": 4.134791697041261
    }, 
    "72": {
        "cache-05": 3.2075578108625025, 
        "cache-07": 3.9245335446685568
    }, 
    "73": {
        "cache-05": 3.2075578108625025, 
        "cache-07": 3.8194044684822046
    }, 
    "74": {
        "cache-05": 3.2075578108625025, 
        "cache-07": 3.9399331930021346
    }, 
    "75": {
        "cache-05": 3.2075578108625025, 
        "cache-07": 4.372462329277289
    }, 
    "76": {
        "cache-05": 3.2075578108625025, 
        "cache-07": 4.04336886078657
    }, 
    "77": {
        "cache-05": 3.2075578108625025, 
        "cache-07": 3.74143027465876
    }, 
    "78": {
        "cache-05": 3.2075578108625025, 
        "cache-07": 3.590460981594855
    }, 
    "79": {
        "cache-05": 3.2075578108625025, 
        "cache-07": 3.8254614495584596
    }, 
    "80": {
        "cache-05": 3.2075578108625025, 
        "cache-07": 4.05697530091936
    }, 
    "81": {
        "cache-05": 3.2075578108625025,