{
    "0": {
        "cache-03": 4, 
        "cache-08": 3.75
    }, 
    "1": {
        "cache-03": 4, 
        "cache-08": 4.374976803026508
    }, 
    "2": {
        "cache-03": 4, 
        "cache-08": 4.687465204539761
    }, 
    "3": {
        "cache-03": 4, 
        "cache-08": 4.843709405296387
    }, 
    "4": {
        "cache-03": 4, 
        "cache-08": 4.921831505674701
    }, 
    "5": {
        "cache-03": 4, 
        "cache-08": 4.9608925558638575
    }, 
    "6": {
        "cache-03": 4, 
        "cache-08": 4.980423080958436
    }, 
    "7": {
        "cache-03": 4, 
        "cache-08": 4.990188343505725
    }, 
    "8": {
        "cache-03": 4, 
        "cache-08": 4.99507097477937
    }, 
    "9": {
        "cache-03": 4, 
        "cache-08": 4.997512290416193
    }, 
    "10": {
        "cache-03": 4, 
        "cache-08": 4.998732948234604
    }, 
    "11": {
        "cache-03": 4, 
        "cache-08": 4.99934327714381
    }, 
    "12": {
        "cache-03": 4, 
        "cache-08": 4.999648441598412
    }, 
    "13": {
        "cache-03": 4, 
        "cache-08": 4.999801023825713
    }, 
    "14": {
        "cache-03": 4, 
        "cache-08": 4.999877314939363
    }, 
    "15": {
        "cache-03": 4, 
        "cache-08": 4.999915460496188
    }, 
    "16": {
        "cache-03": 4, 
        "cache-08": 4.999934533274601
    }, 
    "17": {
        "cache-03": 4, 
        "cache-08": 4.902462999413522
    }, 
    "18": {
        "cache-03": 4, 
        "cache-08": 4.951208302733268
    }, 
    "19": {
        "cache-03": 4, 
        "cache-08": 4.975580954393141
    }, 
    "20": {
        "cache-03": 4, 
        "cache-08": 4.987767280223078
    }, 
    "21": {
        "cache-03": 4, 
        "cache-08": 4.993860443138047
    }, 
    "22": {
        "cache-03": 4, 
        "cache-08": 4.996907024595531
    }, 
    "23": {
        "cache-03": 4, 
        "cache-08": 4.900949245073987
    }, 
    "24": {
        "cache-03": 4, 
        "cache-08": 4.9504514255635
    }, 
    "25": {
        "cache-03": 4, 
        "cache-08": 4.975202515808258
    }, 
    "26": {
        "cache-03": 4, 
        "cache-08": 4.987578060930636
    }, 
    "27": {
        "cache-03": 4, 
        "cache-08": 4.896284763241539
    }, 
    "28": {
        "cache-03": 4, 
        "cache-08": 4.8506381143969906
    }, 
    "29": {
        "cache-03": 4, 
        "cache-08": 4.9252958602250025
    }, 
    "30": {
        "cache-03": 4, 
        "cache-08": 4.962624733139009
    }, 
    "31": {
        "cache-03": 4, 
        "cache-08": 4.981289169596012
    }, 
    "32": {
        "cache-03": 4, 
        "cache-08": 4.990621387824513
    }, 
    "33": {
        "cache-03": 4, 
        "cache-08": 4.8978064266884775
    }, 
    "34": {
        "cache-03": 4, 
        "cache-08": 4.948880016370746
    }, 
    "35": {
        "cache-03": 4, 
        "cache-08": 4.97441681121188
    }, 
    "36": {
        "cache-03": 4, 
        "cache-08": 4.889704138382161
    }, 
    "37": {
        "cache-03": 4, 
        "cache-08": 4.944828872217588
    }, 
    "38": {
        "cache-03": 4, 
        "cache-08": 4.972391239135302
    }, 
    "39": {
        "cache-03": 4, 
        "cache-08": 4.986172422594159
    }, 
    "40": {
        "cache-03": 4, 
        "cache-08": 4.993063014323587
    }, 
    "41": {
        "cache-03": 4, 
        "cache-08": 4.9965083101883
    }, 
    "42": {
        "cache-03": 4, 
        "cache-08": 4.900749887870371
    }, 
    "43": {
        "cache-03": 4, 
        "cache-08": 4.950351746961693
    }, 
    "44": {
        "cache-03": 4, 
        "cache-08": 4.975152676507354
    }, 
    "45": {
        "cache-03": 4, 
        "cache-08": 4.987553141280184
    }, 
    "46": {
        "cache-03": 4, 
        "cache-08": 4.896272303416313
    }, 
    "47": {
        "cache-03": 4, 
        "cache-08": 4.948112954734664
    }, 
    "48": {
        "cache-03": 4, 
        "cache-08": 4.974033280393839
    }, 
    "49": {
        "cache-03": 4, 
        "cache-08": 4.88951237297314
    }, 
    "50": {
        "cache-03": 4, 
        "cache-08": 4.847251919262791
    }, 
    "51": {
        "cache-03": 4, 
        "cache-08": 4.826121692407616
    }, 
    "52": {
        "cache-03": 4, 
        "cache-08": 4.913037649230315
    }, 
    "53": {
        "cache-03": 4, 
        "cache-08": 4.8590145573913786
    }, 
    "54": {
        "cache-03": 4, 
        "cache-08": 4.83200301147191
    }, 
    "55": {
        "cache-03": 4, 
        "cache-08": 4.915978308762462
    }, 
    "56": {
        "cache-03": 4, 
        "cache-08": 4.957965957407739
    }, 
    "57": {
        "cache-03": 4, 
        "cache-08": 4.88147871148009
    }, 
    "58": {
        "cache-03": 4, 
        "cache-08": 4.843235088516266
    }, 
    "59": {
        "cache-03": 4, 
        "cache-08": 4.824113277034354
    }, 
    "60": {
        "cache-03": 4, 
        "cache-08": 4.912033441543684
    }, 
    "61": {
        "cache-03": 4, 
        "cache-08": 4.703739868862391
    }, 
    "62": {
        "cache-03": 4, 
        "cache-08": 4.851846737457702
    }, 
    "63": {
        "cache-03": 4, 
        "cache-08": 4.925900171755359
    }, 
    "64": {
        "cache-03": 4, 
        "cache-08": 4.962926888904187
    }, 
    "65": {
        "cache-03": 4, 
        "cache-08": 4.883959177228315
    }, 
    "66": {
        "cache-03": 4, 
        "cache-08": 4.941956391640664
    }, 
    "67": {
        "cache-03": 4, 
        "cache-08": 4.873473928596553
    }, 
    "68": {
        "cache-03": 4, 
        "cache-08": 4.839232697074498
    }, 
    "69": {
        "cache-03": 4, 
        "cache-08": 4.919593151563756
    }, 
    "70": {
        "cache-03": 4, 
        "cache-08": 4.862292308558099
    }, 
    "71": {
        "cache-03": 4, 
        "cache-08": 4.83364188705527
    }, 
    "72": {
        "cache-03": 4, 
        "cache-08": 4.819316676303856
    }, 
    "73": {
        "cache-03": 4, 
        "cache-08": 4.909635141178436
    }, 
    "74": {
        "cache-03": 4, 
        "cache-08": 4.857313303365439
    }, 
    "75": {
        "cache-03": 4, 
        "cache-08": 4.831152384458941
    }, 
    "76": {
        "cache-03": 4, 
        "cache-08": 4.915552995255977
    }, 
    "77": {
        "cache-03": 4, 
        "cache-08": 4.957753300654495
    }, 
    "78": {
        "cache-03": 4, 
        "cache-08": 4.978853453353755
    }, 
    "79": {
        "cache-03": 4, 
        "cache-08": 4.891922459453099
    }, 
    "80": {
        "cache-03": 4, 
        "cache-08": 4.945938032753057
    }, 
    "81": {
        "cache-03": 4, 
        "cache-08": 4.972945819403035
    }, 
    "82": {
        "cache-03": 4, 
        "cache-08": 4.9864497127280245
    }, 
    "83": {
        "cache-03": 4, 
        "cache-08": 4.99320165939052
    }, 
    "84": {
        "cache-03": 4, 
        "cache-08": 4.899096562471481
    }, 
    "85": {
        "cache-03": 4, 
        "cache-08": 4.949525084262248
    }, 
    "86": {
        "cache-03": 4, 
        "cache-08": 4.974739345157632
    }, 
    "87": {
        "cache-03": 4, 
        "cache-08": 4.987346475605323
    }, 
    "88": {
        "cache-03": 4, 
        "cache-08": 4.8961689705788825
    }, 
    "89": {
        "cache-03": 4, 
        "cache-08": 4.948061288315948
    }, 
    "90": {
        "cache-03": 4, 
        "cache-08": 4.974007447184482
    }, 
    "91": {
        "cache-03": 4, 
        "cache-08": 4.889499456368462
    }, 
    "92": {
        "cache-03": 4, 
        "cache-08": 4.847245460960452
    }, 
    "93": {
        "cache-03": 4, 
        "cache-08": 4.8261184632564476
    }, 
    "94": {
        "cache-03": 4, 
        "cache-08": 4.913036034654731
    }, 
    "95": {
        "cache-03": 4, 
        "cache-08": 4.859013750103586
    }, 
    "96": {
        "cache-03": 4, 
        "cache-08": 4.832002607828015
    }, 
    "97": {
        "cache-03": 4,