{
    "0": {
        "cache-10": 4.9982392867618906, 
        "cache-13": 4.0
    }, 
    "1": {
        "cache-10": 4.9982392867618906, 
        "cache-13": 4.0
    }, 
    "2": {
        "cache-10": 4.9982392867618906, 
        "cache-13": 4.0
    }, 
    "3": {
        "cache-10": 4.9982392867618906, 
        "cache-13": 4.0
    }, 
    "4": {
        "cache-10": 4.9982392867618906, 
        "cache-13": 4.0
    }, 
    "5": {
        "cache-10": 4.9982392867618906, 
        "cache-13": 4.0
    }, 
    "6": {
        "cache-10": 4.9982392867618906, 
        "cache-13": 4.0
    }, 
    "7": {
        "cache-10": 4.9982392867618906, 
        "cache-13": 4.0
    }, 
    "8": {
        "cache-10": 4.9982392867618906, 
        "cache-13": 4.0
    }, 
    "9": {
        "cache-10": 4.9982392867618906, 
        "cache-13": 4.0
    }, 
    "10": {
        "cache-10": 4.9982392867618906, 
        "cache-13": 4.0
    }, 
    "11": {
        "cache-10": 4.804800893176733, 
        "cache-13": 4.0
    }, 
    "12": {
        "cache-10": 4.804800893176733, 
        "cache-13": 4.0
    }, 
    "13": {
        "cache-10": 4.804800893176733, 
        "cache-13": 4.0
    }, 
    "14": {
        "cache-10": 4.804800893176733, 
        "cache-13": 4.0
    }, 
    "15": {
        "cache-10": 4.804800893176733, 
        "cache-13": 4.0
    }, 
    "16": {
        "cache-10": 4.804800893176733, 
        "cache-13": 4.0
    }, 
    "17": {
        "cache-10": 4.804800893176733, 
        "cache-13": 4.0
    }, 
    "18": {
        "cache-10": 4.804800893176733, 
        "cache-13": 4.0
    }, 
    "19": {
        "cache-10": 4.804800893176733, 
        "cache-13": 4.0
    }, 
    "20": {
        "cache-10": 4.804800893176733, 
        "cache-13": 4.0
    }, 
    "21": {
        "cache-10": 4.478975139502642, 
        "cache-13": 4.0
    }, 
    "22": {
        "cache-10": 4.478975139502642, 
        "cache-13": 4.0
    }, 
    "23": {
        "cache-10": 4.478975139502642, 
        "cache-13": 4.0
    }, 
    "24": {
        "cache-10": 4.478975139502642, 
        "cache-13": 4.0
    }, 
    "25": {
        "cache-10": 4.478975139502642, 
        "cache-13": 4.0
    }, 
    "26": {
        "cache-10": 4.478975139502642, 
        "cache-13": 4.0
    }, 
    "27": {
        "cache-10": 4.478975139502642, 
        "cache-13": 4.0
    }, 
    "28": {
        "cache-10": 4.478975139502642, 
        "cache-13": 4.0
    }, 
    "29": {
        "cache-10": 4.478975139502642, 
        "cache-13": 4.0
    }, 
    "30": {
        "cache-10": 4.478975139502642, 
        "cache-13": 4.0
    }, 
    "31": {
        "cache-10": 4.762130406879917, 
        "cache-13": 4.0
    }, 
    "32": {
        "cache-10": 4.762130406879917, 
        "cache-13": 4.0
    }, 
    "33": {
        "cache-10": 4.762130406879917, 
        "cache-13": 4.0
    }, 
    "34": {
        "cache-10": 4.762130406879917, 
        "cache-13": 4.0
    }, 
    "35": {
        "cache-10": 4.762130406879917, 
        "cache-13": 4.0
    }, 
    "36": {
        "cache-10": 4.762130406879917, 
        "cache-13": 4.0
    }, 
    "37": {
        "cache-10": 4.762130406879917, 
        "cache-13": 4.0
    }, 
    "38": {
        "cache-10": 4.762130406879917, 
        "cache-13": 4.0
    }, 
    "39": {
        "cache-10": 4.762130406879917, 
        "cache-13": 4.0
    }, 
    "40": {
        "cache-10": 4.762130406879917, 
        "cache-13": 4.0
    }, 
    "41": {
        "cache-10": 4.431484184237203, 
        "cache-13": 4.0
    }, 
    "42": {
        "cache-10": 4.431484184237203, 
        "cache-13": 4.0
    }, 
    "43": {
        "cache-10": 4.431484184237203, 
        "cache-13": 4.0
    }, 
    "44": {
        "cache-10": 4.431484184237203, 
        "cache-13": 4.0
    }, 
    "45": {
        "cache-10": 4.431484184237203, 
        "cache-13": 4.0
    }, 
    "46": {
        "cache-10": 4.431484184237203, 
        "cache-13": 4.0
    }, 
    "47": {
        "cache-10": 4.431484184237203, 
        "cache-13": 4.0
    }, 
    "48": {
        "cache-10": 4.431484184237203, 
        "cache-13": 4.0
    }, 
    "49": {
        "cache-10": 4.431484184237203, 
        "cache-13": 4.0
    }, 
    "50": {
        "cache-10": 4.431484184237203, 
        "cache-13": 4.0
    }, 
    "51": {
        "cache-10": 4.346179715964569, 
        "cache-13": 3.9003432591475002
    }, 
    "52": {
        "cache-10": 4.346179715964569, 
        "cache-13": 3.9003432591475002
    }, 
    "53": {
        "cache-10": 4.346179715964569, 
        "cache-13": 3.9003432591475002
    }, 
    "54": {
        "cache-10": 4.346179715964569, 
        "cache-13": 3.9003432591475002
    }, 
    "55": {
        "cache-10": 4.346179715964569, 
        "cache-13": 3.9003432591475002
    }, 
    "56": {
        "cache-10": 4.346179715964569, 
        "cache-13": 3.9003432591475002
    }, 
    "57": {
        "cache-10": 4.346179715964569, 
        "cache-13": 3.9003432591475002
    }, 
    "58": {
        "cache-10": 4.346179715964569, 
        "cache-13": 3.9003432591475002
    }, 
    "59": {
        "cache-10": 4.346179715964569, 
        "cache-13": 3.9003432591475002
    }, 
    "60": {
        "cache-10": 4.346179715964569, 
        "cache-13": 3.9003432591475002
    }, 
    "61": {
        "cache-10": 4.815787154834856, 
        "cache-13": 3.8878861665434377
    }, 
    "62": {
        "cache-10": 4.815787154834856, 
        "cache-13": 3.8878861665434377
    }, 
    "63": {
        "cache-10": 4.815787154834856, 
        "cache-13": 3.8878861665434377
    }, 
    "64": {
        "cache-10": 4.815787154834856, 
        "cache-13": 3.8878861665434377
    }, 
    "65": {
        "cache-10": 4.815787154834856, 
        "cache-13": 3.8878861665434377
    }, 
    "66": {
        "cache-10": 4.815787154834856, 
        "cache-13": 3.8878861665434377
    }, 
    "67": {
        "cache-10": 4.815787154834856, 
        "cache-13": 3.8878861665434377
    }, 
    "68": {
        "cache-10": 4.815787154834856, 
        "cache-13": 3.8878861665434377
    }, 
    "69": {
        "cache-10": 4.815787154834856, 
        "cache-13": 3.8878861665434377
    }, 
    "70": {
        "cache-10": 4.815787154834856, 
        "cache-13": 3.8878861665434377
    }, 
    "71": {
        "cache-10": 4.676729210329827, 
        "cache-13": 3.89255757626918
    }, 
    "72": {
        "cache-10": 4.676729210329827, 
        "cache-13": 3.89255757626918
    }, 
    "73": {
        "cache-10": 4.676729210329827, 
        "cache-13": 3.89255757626918
    }, 
    "74": {
        "cache-10": 4.676729210329827, 
        "cache-13": 3.89255757626918
    }, 
    "75": {
        "cache-10": 4.676729210329827, 
        "cache-13": 3.89255757626918
    }, 
    "76": {
        "cache-10": 4.676729210329827, 
        "cache-13": 3.89255757626918
    }, 
    "77": {
        "cache-10": 4.676729210329827, 
        "cache-13": 3.89255757626918
    }, 
    "78": {
        "cache-10": 4.676729210329827, 
        "cache-13": 3.89255757626918
    }, 
    "79": {
        "cache-10": 4.676729210329827, 
        "cache-13": 3.89255757626918
    }, 
    "80": {
        "cache-10": 4.676729210329827, 
        "cache-13": 3.89255757626918
    }, 
    "81": {
        "cache-10": 4.833332538868358, 
        "cache-13": 3.8970343439261477
    }, 
    "82": {
        "cache-10": 4.833332538868358, 
        "cache-13": 3.8970343439261477
    }, 
    "83": {
        "cache-10": 4.833332538868358, 
        "cache-13": 3.8970343439261477
    }, 
    "84": {
        "cache-10": 4.833332538868358, 
        "cache-13": 3.8970343439261477
    }, 
    "85": {
        "cache-10": 4.833332538868358, 
        "cache-13": 3.8970343439261477
    }, 
    "86": {
        "cache-10": 4.833332538868358, 
        "cache-13": 3.8970343439261477
    }, 
    "87": {
        "cache-10": 4.833332538868358, 
        "cache-13": 3.8970343439261477
    }, 
    "88": {
        "cache-10": 4.833332538868358,