{
    "0": {
        "cache-04": 4, 
        "cache-08": 3.75
    }, 
    "1": {
        "cache-04": 4, 
        "cache-08": 3.9052309587610323
    }, 
    "2": {
        "cache-04": 4, 
        "cache-08": 4.200338627471065
    }, 
    "3": {
        "cache-04": 4, 
        "cache-08": 4.347892461826081
    }, 
    "4": {
        "cache-04": 4, 
        "cache-08": 4.576441963689262
    }, 
    "5": {
        "cache-04": 4, 
        "cache-08": 4.788197784871138
    }, 
    "6": {
        "cache-04": 4, 
        "cache-08": 4.796594625211791
    }, 
    "7": {
        "cache-04": 4, 
        "cache-08": 4.800793045382116
    }, 
    "8": {
        "cache-04": 4, 
        "cache-08": 4.802892255467279
    }, 
    "9": {
        "cache-04": 4, 
        "cache-08": 4.803941860509861
    }, 
    "10": {
        "cache-04": 4, 
        "cache-08": 4.901947733281437
    }, 
    "11": {
        "cache-04": 4, 
        "cache-08": 4.950950669667225
    }, 
    "12": {
        "cache-04": 4, 
        "cache-08": 4.877971067609834
    }, 
    "13": {
        "cache-04": 4, 
        "cache-08": 4.8414812665811375
    }, 
    "14": {
        "cache-04": 4, 
        "cache-08": 4.4509715920516015
    }, 
    "15": {
        "cache-04": 4, 
        "cache-08": 4.2557167547868335
    }, 
    "16": {
        "cache-04": 4, 
        "cache-08": 4.375581525483965
    }, 
    "17": {
        "cache-04": 4, 
        "cache-08": 4.332035338882113
    }, 
    "18": {
        "cache-04": 4, 
        "cache-08": 4.196248628202088
    }, 
    "19": {
        "cache-04": 4, 
        "cache-08": 4.128355272862077
    }, 
    "20": {
        "cache-04": 4, 
        "cache-08": 4.094408595192071
    }, 
    "21": {
        "cache-04": 4, 
        "cache-08": 4.449700030372257
    }, 
    "22": {
        "cache-04": 4, 
        "cache-08": 4.369094591326259
    }, 
    "23": {
        "cache-04": 4, 
        "cache-08": 4.214778254424162
    }, 
    "24": {
        "cache-04": 4, 
        "cache-08": 4.137620085973113
    }, 
    "25": {
        "cache-04": 4, 
        "cache-08": 4.213054619126687
    }, 
    "26": {
        "cache-04": 4, 
        "cache-08": 4.509023042339565
    }, 
    "27": {
        "cache-04": 4, 
        "cache-08": 4.284742479930815
    }, 
    "28": {
        "cache-04": 4, 
        "cache-08": 4.172602198726439
    }, 
    "29": {
        "cache-04": 4, 
        "cache-08": 4.334024247453768
    }, 
    "30": {
        "cache-04": 4, 
        "cache-08": 4.414735271817433
    }, 
    "31": {
        "cache-04": 4, 
        "cache-08": 4.351612212048847
    }, 
    "32": {
        "cache-04": 4, 
        "cache-08": 4.032943802172349
    }, 
    "33": {
        "cache-04": 4, 
        "cache-08": 3.873609597234101
    }, 
    "34": {
        "cache-04": 4.030230958761033, 
        "cache-08": 3.873609597234101
    }, 
    "35": {
        "cache-04": 3.7348613236459913, 
        "cache-08": 3.873609597234101
    }, 
    "36": {
        "cache-04": 3.7348613236459913, 
        "cache-08": 3.656550642882525
    }, 
    "37": {
        "cache-04": 3.897661620584028, 
        "cache-08": 3.656550642882525
    }, 
    "38": {
        "cache-04": 3.8059685064399402, 
        "cache-08": 3.656550642882525
    }, 
    "39": {
        "cache-04": 3.6227300974854453, 
        "cache-08": 3.656550642882525
    }, 
    "40": {
        "cache-04": 3.6227300974854453, 
        "cache-08": 3.5480211657067375
    }, 
    "41": {
        "cache-04": 3.5311108930081976, 
        "cache-08": 3.5480211657067375
    }, 
    "42": {
        "cache-04": 3.5311108930081976, 
        "cache-08": 3.4937564271188437
    }, 
    "43": {
        "cache-04": 4.16805117928032, 
        "cache-08": 3.4937564271188437
    }, 
    "44": {
        "cache-04": 3.8037714339056348, 
        "cache-08": 3.4937564271188437
    }, 
    "45": {
        "cache-04": 3.3867586390855546, 
        "cache-08": 3.4937564271188437
    }, 
    "46": {
        "cache-04": 3.3867586390855546, 
        "cache-08": 3.466624057824897
    }, 
    "47": {
        "cache-04": 3.3867586390855546, 
        "cache-08": 3.453057873177923
    }, 
    "48": {
        "cache-04": 3.3867586390855546, 
        "cache-08": 3.4462747808544365
    }, 
    "49": {
        "cache-04": 3.3867586390855546, 
        "cache-08": 3.5802750865751447
    }, 
    "50": {
        "cache-04": 3.3867586390855546, 
        "cache-08": 3.6472752394354986
    }, 
    "51": {
        "cache-04": 3.3867586390855546, 
        "cache-08": 3.8538685784787816
    }, 
    "52": {
        "cache-04": 3.3867586390855546, 
        "cache-08": 3.784071985387317
    }, 
    "53": {
        "cache-04": 3.3867586390855546, 
        "cache-08": 3.7491736888415845
    }, 
    "54": {
        "cache-04": 3.3867586390855546, 
        "cache-08": 3.594332688686267
    }, 
    "55": {
        "cache-04": 3.3867586390855546, 
        "cache-08": 4.044889492433682
    }, 
    "56": {
        "cache-04": 3.3867586390855546, 
        "cache-08": 4.052675704977873
    }, 
    "57": {
        "cache-04": 3.3867586390855546, 
        "cache-08": 3.883475548636863
    }, 
    "58": {
        "cache-04": 3.3867586390855546, 
        "cache-08": 3.6614836185839064
    }, 
    "59": {
        "cache-04": 3.3867586390855546, 
        "cache-08": 4.078464957382502
    }, 
    "60": {
        "cache-04": 3.3867586390855546, 
        "cache-08": 4.069463437452283
    }, 
    "61": {
        "cache-04": 3.3867586390855546, 
        "cache-08": 3.7544775629916165
    }, 
    "62": {
        "cache-04": 3.3867586390855546, 
        "cache-08": 4.279734514272029
    }, 
    "63": {
        "cache-04": 3.3867586390855546, 
        "cache-08": 3.9970049532839407
    }, 
    "64": {
        "cache-04": 3.3867586390855546, 
        "cache-08": 3.8556401727898963
    }, 
    "65": {
        "cache-04": 3.3867586390855546, 
        "cache-08": 3.7849577825428744
    }, 
    "66": {
        "cache-04": 3.3867586390855546, 
        "cache-08": 3.7496165874193634
    }, 
    "67": {
        "cache-04": 3.3867586390855546, 
        "cache-08": 4.122531441800231
    }, 
    "68": {
        "cache-04": 3.3867586390855546, 
        "cache-08": 4.205510297040245
    }, 
    "69": {
        "cache-04": 3.3867586390855546, 
        "cache-08": 3.959892844668049
    }, 
    "70": {
        "cache-04": 3.3867586390855546, 
        "cache-08": 3.8370841184819504
    }, 
    "71": {
        "cache-04": 3.3867586390855546, 
        "cache-08": 4.321037792017196
    }, 
    "72": {
        "cache-04": 3.3867586390855546, 
        "cache-08": 4.017656592156524
    }, 
    "73": {
        "cache-04": 3.3867586390855546, 
        "cache-08": 3.8659659922261884
    }, 
    "74": {
        "cache-04": 3.3867586390855546, 
        "cache-08": 3.9632139548741265
    }, 
    "75": {
        "cache-04": 3.3867586390855546, 
        "cache-08": 4.125851553577194
    }, 
    "76": {
        "cache-04": 3.3867586390855546, 
        "cache-08": 4.310648924879145
    }, 
    "77": {
        "cache-04": 3.3867586390855546, 
        "cache-08": 4.299569038579703
    }, 
    "78": {
        "cache-04": 3.3867586390855546, 
        "cache-08": 4.006922215437777
    }, 
    "79": {
        "cache-04": 3.3867586390855546, 
        "cache-08": 3.860598803866815
    }, 
    "80": {
        "cache-04": 3.3867586390855546, 
        "cache-08": 3.96053036069444
    }, 
    "81": {
        "cache-04": 3.3867586390855546, 
        "cache-08": 4.010496139108252
    }, 
    "82": {
        "cache-04": 3.3867586390855546, 
        "cache-08": 3.862385765702052
    }, 
    "83": {
        "cache-04": 3.3867586390855546, 
        "cache-08": 3.788330578998952
    }, 
    "84": {
        "cache-04": 3.3867586390855546, 
        "cache-08": 3.9243962482605084
    }, 
    "85": {
        "cache-04": 3.3867586390855546, 
        "cache-08": 4.209921272220803
    }, 
    "86": {
        "cache-04": 3.3867586390855546,