{
    "0": {
        "cache-07": 4, 
        "cache-14": 3.75
    }, 
    "1": {
        "cache-07": 4, 
        "cache-14": 4.01924457614013
    }, 
    "2": {
        "cache-07": 4, 
        "cache-14": 4.509599091096572
    }, 
    "3": {
        "cache-07": 4, 
        "cache-14": 4.754776348574794
    }, 
    "4": {
        "cache-07": 4, 
        "cache-14": 4.8773649773139045
    }, 
    "5": {
        "cache-07": 4, 
        "cache-14": 4.938659291683459
    }, 
    "6": {
        "cache-07": 4, 
        "cache-14": 4.969306448868236
    }, 
    "7": {
        "cache-07": 4, 
        "cache-14": 4.984630027460625
    }, 
    "8": {
        "cache-07": 4, 
        "cache-14": 4.99229181675682
    }, 
    "9": {
        "cache-07": 4, 
        "cache-14": 4.996122711404917
    }, 
    "10": {
        "cache-07": 4, 
        "cache-14": 4.998038158728965
    }, 
    "11": {
        "cache-07": 4, 
        "cache-14": 4.9989958823909895
    }, 
    "12": {
        "cache-07": 4, 
        "cache-14": 4.999474744222002
    }, 
    "13": {
        "cache-07": 4, 
        "cache-14": 4.999714175137509
    }, 
    "14": {
        "cache-07": 4, 
        "cache-14": 4.999833890595262
    }, 
    "15": {
        "cache-07": 4, 
        "cache-14": 4.999893748324139
    }, 
    "16": {
        "cache-07": 4, 
        "cache-14": 4.999923677188576
    }, 
    "17": {
        "cache-07": 4, 
        "cache-14": 4.999938641620796
    }, 
    "18": {
        "cache-07": 4, 
        "cache-14": 4.902465053586619
    }, 
    "19": {
        "cache-07": 4, 
        "cache-14": 4.698955674883858
    }, 
    "20": {
        "cache-07": 4, 
        "cache-14": 4.597200985532478
    }, 
    "21": {
        "cache-07": 4, 
        "cache-14": 4.798577295792747
    }, 
    "22": {
        "cache-07": 4, 
        "cache-14": 4.899265450922881
    }, 
    "23": {
        "cache-07": 4, 
        "cache-14": 4.852128458237662
    }, 
    "24": {
        "cache-07": 4, 
        "cache-14": 4.9260410321453385
    }, 
    "25": {
        "cache-07": 4, 
        "cache-14": 4.962997319099177
    }, 
    "26": {
        "cache-07": 4, 
        "cache-14": 4.981475462576096
    }, 
    "27": {
        "cache-07": 4, 
        "cache-14": 4.893233464064269
    }, 
    "28": {
        "cache-07": 4, 
        "cache-14": 4.849112464808355
    }, 
    "29": {
        "cache-07": 4, 
        "cache-14": 4.924533035430684
    }, 
    "30": {
        "cache-07": 4, 
        "cache-14": 4.96224332074185
    }, 
    "31": {
        "cache-07": 4, 
        "cache-14": 4.883617393147146
    }, 
    "32": {
        "cache-07": 4, 
        "cache-14": 4.586053272713704
    }, 
    "33": {
        "cache-07": 4, 
        "cache-14": 4.437271212496983
    }, 
    "34": {
        "cache-07": 4, 
        "cache-14": 4.718612409274998
    }, 
    "35": {
        "cache-07": 4, 
        "cache-14": 4.50355078077763
    }, 
    "36": {
        "cache-07": 4, 
        "cache-14": 4.282006349149848
    }, 
    "37": {
        "cache-07": 4, 
        "cache-14": 4.285247750715055
    }, 
    "38": {
        "cache-07": 4, 
        "cache-14": 4.545119608133748
    }, 
    "39": {
        "cache-07": 4, 
        "cache-14": 4.675055536843095
    }, 
    "40": {
        "cache-07": 4, 
        "cache-14": 4.585250916512096
    }, 
    "41": {
        "cache-07": 4, 
        "cache-14": 4.540348606346596
    }, 
    "42": {
        "cache-07": 4, 
        "cache-14": 4.672670035949519
    }, 
    "43": {
        "cache-07": 4, 
        "cache-14": 4.836311821001267
    }, 
    "44": {
        "cache-07": 4, 
        "cache-14": 4.820651643276855
    }, 
    "45": {
        "cache-07": 4, 
        "cache-14": 4.658048969728975
    }, 
    "46": {
        "cache-07": 4, 
        "cache-14": 4.8290012878909945
    }, 
    "47": {
        "cache-07": 4, 
        "cache-14": 4.914477446972004
    }, 
    "48": {
        "cache-07": 4, 
        "cache-14": 4.601483299626132
    }, 
    "49": {
        "cache-07": 4, 
        "cache-14": 4.444986225953196
    }, 
    "50": {
        "cache-07": 4, 
        "cache-14": 4.624988845752819
    }, 
    "51": {
        "cache-07": 4, 
        "cache-14": 4.812471225902916
    }, 
    "52": {
        "cache-07": 4, 
        "cache-14": 4.808731345727679
    }, 
    "53": {
        "cache-07": 4, 
        "cache-14": 4.652088820954388
    }, 
    "54": {
        "cache-07": 4, 
        "cache-14": 4.573767558567742
    }, 
    "55": {
        "cache-07": 4, 
        "cache-14": 4.7868605823103785
    }, 
    "56": {
        "cache-07": 4, 
        "cache-14": 4.79592602393141
    }, 
    "57": {
        "cache-07": 4, 
        "cache-14": 4.5422075881058355
    }, 
    "58": {
        "cache-07": 4, 
        "cache-14": 4.3013347528139505
    }, 
    "59": {
        "cache-07": 4, 
        "cache-14": 4.553163109183196
    }, 
    "60": {
        "cache-07": 4, 
        "cache-14": 4.4208261307317285
    }, 
    "61": {
        "cache-07": 4, 
        "cache-14": 4.612908798142085
    }, 
    "62": {
        "cache-07": 4, 
        "cache-14": 4.554177547161591
    }, 
    "63": {
        "cache-07": 4, 
        "cache-14": 4.679584506357017
    }, 
    "64": {
        "cache-07": 4, 
        "cache-14": 4.74228798595473
    }, 
    "65": {
        "cache-07": 4, 
        "cache-14": 4.618867141067913
    }, 
    "66": {
        "cache-07": 4, 
        "cache-14": 4.557156718624505
    }, 
    "67": {
        "cache-07": 4, 
        "cache-14": 4.422822935452382
    }, 
    "68": {
        "cache-07": 4, 
        "cache-14": 4.711388270752698
    }, 
    "69": {
        "cache-07": 4, 
        "cache-14": 4.75818986815257
    }, 
    "70": {
        "cache-07": 4, 
        "cache-14": 4.781590666852506
    }, 
    "71": {
        "cache-07": 4, 
        "cache-14": 4.793291066202475
    }, 
    "72": {
        "cache-07": 4, 
        "cache-14": 4.896622336127745
    }, 
    "73": {
        "cache-07": 4, 
        "cache-14": 4.94828797109038
    }, 
    "74": {
        "cache-07": 4, 
        "cache-14": 4.974120788571698
    }, 
    "75": {
        "cache-07": 4, 
        "cache-14": 4.88955612706207
    }, 
    "76": {
        "cache-07": 4, 
        "cache-14": 4.847273796307256
    }, 
    "77": {
        "cache-07": 4, 
        "cache-14": 4.826132630929849
    }, 
    "78": {
        "cache-07": 4, 
        "cache-14": 4.443297274225957
    }, 
    "79": {
        "cache-07": 4, 
        "cache-14": 4.25187959587401
    }, 
    "80": {
        "cache-07": 4, 
        "cache-14": 4.528435530713226
    }, 
    "81": {
        "cache-07": 4, 
        "cache-14": 4.294448724117645
    }, 
    "82": {
        "cache-07": 4, 
        "cache-14": 4.004362058206748
    }, 
    "83": {
        "cache-07": 4, 
        "cache-14": 4.032411987864407
    }, 
    "84": {
        "cache-07": 4, 
        "cache-14": 4.516182796958711
    }, 
    "85": {
        "cache-07": 4, 
        "cache-14": 4.758068201505862
    }, 
    "86": {
        "cache-07": 4, 
        "cache-14": 4.879010903779438
    }, 
    "87": {
        "cache-07": 4, 
        "cache-14": 4.939482254916227
    }, 
    "88": {
        "cache-07": 4, 
        "cache-14": 4.96971793048462
    }, 
    "89": {
        "cache-07": 4, 
        "cache-14": 4.984835768268818
    }, 
    "90": {
        "cache-07": 4, 
        "cache-14": 4.740141032224957
    }, 
    "91": {
        "cache-07": 4, 
        "cache-14": 4.514315092252609
    }, 
    "92": {
        "cache-07": 4, 
        "cache-14": 4.401402122266434
    }, 
    "93": {
        "cache-07": 4, 
        "cache-14": 4.448424209223766
    }, 
    "94": {
        "cache-07": 4, 
        "cache-14": 4.471935252702432
    }, 
    "95": {
        "cache-07": 4, 
        "cache-14": 4.483690774441764
    }, 
    "96": {
        "cache-07": 4, 
        "cache-14": 4.489568535311431
    }, 
    "97": {
        "cache-07": 4,