{
    "0": {
        "cache-09": 4, 
        "cache-12": 3.75
    }, 
    "1": {
        "cache-09": 4, 
        "cache-12": 3.3598729221327375
    }, 
    "2": {
        "cache-09": 4, 
        "cache-12": 2.9299364610663687
    }, 
    "3": {
        "cache-09": 4, 
        "cache-12": 2.7149682305331844
    }, 
    "4": {
        "cache-09": 4, 
        "cache-12": 2.607484115266592
    }, 
    "5": {
        "cache-09": 4, 
        "cache-12": 2.553742057633296
    }, 
    "6": {
        "cache-09": 3.3105725423967876, 
        "cache-12": 2.553742057633296
    }, 
    "7": {
        "cache-09": 2.9052862711983938, 
        "cache-12": 2.553742057633296
    }, 
    "8": {
        "cache-09": 2.702643135599197, 
        "cache-12": 2.553742057633296
    }, 
    "9": {
        "cache-09": 2.6013215677995984, 
        "cache-12": 2.553742057633296
    }, 
    "10": {
        "cache-09": 2.550660783899799, 
        "cache-12": 2.553742057633296
    }, 
    "11": {
        "cache-09": 2.550660783899799, 
        "cache-12": 2.7617439509493855
    }, 
    "12": {
        "cache-09": 2.550660783899799, 
        "cache-12": 2.630871975474693
    }, 
    "13": {
        "cache-09": 2.550660783899799, 
        "cache-12": 2.5654359877373465
    }, 
    "14": {
        "cache-09": 2.550660783899799, 
        "cache-12": 2.5327179938686735
    }, 
    "15": {
        "cache-09": 2.760203314082637, 
        "cache-12": 2.5327179938686735
    }, 
    "16": {
        "cache-09": 2.6301016570413185, 
        "cache-12": 2.5327179938686735
    }, 
    "17": {
        "cache-09": 2.5650508285206595, 
        "cache-12": 2.5327179938686735
    }, 
    "18": {
        "cache-09": 2.5325254142603297, 
        "cache-12": 2.5327179938686735
    }, 
    "19": {
        "cache-09": 2.5325254142603297, 
        "cache-12": 3.123496693082263
    }, 
    "20": {
        "cache-09": 2.5325254142603297, 
        "cache-12": 2.8117483465411315
    }, 
    "21": {
        "cache-09": 2.5325254142603297, 
        "cache-12": 2.6558741732705657
    }, 
    "22": {
        "cache-09": 2.5325254142603297, 
        "cache-12": 2.577937086635283
    }, 
    "23": {
        "cache-09": 2.5325254142603297, 
        "cache-12": 2.538968543317641
    }, 
    "24": {
        "cache-09": 2.5325254142603297, 
        "cache-12": 2.5194842716588206
    }, 
    "25": {
        "cache-09": 3.123400403278091, 
        "cache-12": 2.5194842716588206
    }, 
    "26": {
        "cache-09": 2.8117002016390455, 
        "cache-12": 2.5194842716588206
    }, 
    "27": {
        "cache-09": 2.6558501008195226, 
        "cache-12": 2.5194842716588206
    }, 
    "28": {
        "cache-09": 2.5779250504097613, 
        "cache-12": 2.5194842716588206
    }, 
    "29": {
        "cache-09": 2.5389625252048806, 
        "cache-12": 2.5194842716588206
    }, 
    "30": {
        "cache-09": 2.51948126260244, 
        "cache-12": 2.5194842716588206
    }, 
    "31": {
        "cache-09": 2.51948126260244, 
        "cache-12": 2.7446150579621476
    }, 
    "32": {
        "cache-09": 2.51948126260244, 
        "cache-12": 2.8571804511138112
    }, 
    "33": {
        "cache-09": 2.51948126260244, 
        "cache-12": 2.913463147689643
    }, 
    "34": {
        "cache-09": 2.51948126260244, 
        "cache-12": 2.7067315738448214
    }, 
    "35": {
        "cache-09": 2.51948126260244, 
        "cache-12": 2.8382387090551484
    }, 
    "36": {
        "cache-09": 2.51948126260244, 
        "cache-12": 2.669119354527574
    }, 
    "37": {
        "cache-09": 2.51948126260244, 
        "cache-12": 2.584559677263787
    }, 
    "38": {
        "cache-09": 2.51948126260244, 
        "cache-12": 2.5422798386318934
    }, 
    "39": {
        "cache-09": 2.51948126260244, 
        "cache-12": 2.5211399193159467
    }, 
    "40": {
        "cache-09": 2.51948126260244, 
        "cache-12": 2.5105699596579734
    }, 
    "41": {
        "cache-09": 3.1168783274491463, 
        "cache-12": 2.5105699596579734
    }, 
    "42": {
        "cache-09": 2.8084391637245734, 
        "cache-12": 2.5105699596579734
    }, 
    "43": {
        "cache-09": 2.6542195818622867, 
        "cache-12": 2.5105699596579734
    }, 
    "44": {
        "cache-09": 2.811982713063881, 
        "cache-12": 2.5105699596579734
    }, 
    "45": {
        "cache-09": 2.8908642786646777, 
        "cache-12": 2.5105699596579734
    }, 
    "46": {
        "cache-09": 2.9303050614650763, 
        "cache-12": 2.5105699596579734
    }, 
    "47": {
        "cache-09": 2.9500254528652756, 
        "cache-12": 2.5105699596579734
    }, 
    "48": {
        "cache-09": 2.9598856485653755, 
        "cache-12": 2.5105699596579734
    }, 
    "49": {
        "cache-09": 2.9648157464154252, 
        "cache-12": 2.5105699596579734
    }, 
    "50": {
        "cache-09": 2.96728079534045, 
        "cache-12": 2.5105699596579734
    }, 
    "51": {
        "cache-09": 2.9685133198029625, 
        "cache-12": 2.5105699596579734
    }, 
    "52": {
        "cache-09": 2.9691295820342187, 
        "cache-12": 2.5105699596579734
    }, 
    "53": {
        "cache-09": 2.969437713149847, 
        "cache-12": 2.5105699596579734
    }, 
    "54": {
        "cache-09": 2.969591778707661, 
        "cache-12": 2.5105699596579734
    }, 
    "55": {
        "cache-09": 2.969668811486568, 
        "cache-12": 2.5105699596579734
    }, 
    "56": {
        "cache-09": 2.9697073278760215, 
        "cache-12": 2.5105699596579734
    }, 
    "57": {
        "cache-09": 2.969726586070748, 
        "cache-12": 2.5105699596579734
    }, 
    "58": {
        "cache-09": 2.9697362151681115, 
        "cache-12": 2.5105699596579734
    }, 
    "59": {
        "cache-09": 2.9697410297167934, 
        "cache-12": 2.5105699596579734
    }, 
    "60": {
        "cache-09": 2.969743436991134, 
        "cache-12": 2.5105699596579734
    }, 
    "61": {
        "cache-09": 2.9697446406283046, 
        "cache-12": 2.5105699596579734
    }, 
    "62": {
        "cache-09": 2.9697452424468898, 
        "cache-12": 2.5105699596579734
    }, 
    "63": {
        "cache-09": 2.9697455433561823, 
        "cache-12": 2.5105699596579734
    }, 
    "64": {
        "cache-09": 2.969745693810829, 
        "cache-12": 2.5105699596579734
    }, 
    "65": {
        "cache-09": 2.969745769038152, 
        "cache-12": 2.5105699596579734
    }, 
    "66": {
        "cache-09": 2.734872884519076, 
        "cache-12": 2.5105699596579734
    }, 
    "67": {
        "cache-09": 2.617436442259538, 
        "cache-12": 2.5105699596579734
    }, 
    "68": {
        "cache-09": 2.558718221129769, 
        "cache-12": 2.5105699596579734
    }, 
    "69": {
        "cache-09": 2.764232032697622, 
        "cache-12": 2.5105699596579734
    }, 
    "70": {
        "cache-09": 2.632116016348811, 
        "cache-12": 2.5105699596579734
    }, 
    "71": {
        "cache-09": 2.5660580081744055, 
        "cache-12": 2.5105699596579734
    }, 
    "72": {
        "cache-09": 2.5330290040872026, 
        "cache-12": 2.5105699596579734
    }, 
    "73": {
        "cache-09": 2.5165145020436013, 
        "cache-12": 2.5105699596579734
    }, 
    "74": {
        "cache-09": 2.5082572510218006, 
        "cache-12": 2.5105699596579734
    }, 
    "75": {
        "cache-09": 2.5082572510218006, 
        "cache-12": 2.740157901961724
    }, 
    "76": {
        "cache-09": 2.5082572510218006, 
        "cache-12": 2.620078950980862
    }, 
    "77": {
        "cache-09": 2.5082572510218006, 
        "cache-12": 2.5600394754904308
    }, 
    "78": {
        "cache-09": 2.5082572510218006, 
        "cache-12": 2.5300197377452154
    }, 
    "79": {
        "cache-09": 2.5082572510218006, 
        "cache-12": 2.5150098688726077
    }, 
    "80": {
        "cache-09": 2.5082572510218006, 
        "cache-12": 2.507504934436304
    }, 
    "81": {
        "cache-09": 2.739001547643638,