{
    "0": {
        "cache-08": 4.998723532614099, 
        "cache-12": 4.0
    }, 
    "1": {
        "cache-08": 4.998723532614099, 
        "cache-12": 4.0
    }, 
    "2": {
        "cache-08": 4.998723532614099, 
        "cache-12": 4.0
    }, 
    "3": {
        "cache-08": 4.998723532614099, 
        "cache-12": 4.0
    }, 
    "4": {
        "cache-08": 4.998723532614099, 
        "cache-12": 4.0
    }, 
    "5": {
        "cache-08": 4.998723532614099, 
        "cache-12": 4.0
    }, 
    "6": {
        "cache-08": 4.998723532614099, 
        "cache-12": 4.0
    }, 
    "7": {
        "cache-08": 4.998723532614099, 
        "cache-12": 4.0
    }, 
    "8": {
        "cache-08": 4.998723532614099, 
        "cache-12": 4.0
    }, 
    "9": {
        "cache-08": 4.998723532614099, 
        "cache-12": 4.0
    }, 
    "10": {
        "cache-08": 4.998723532614099, 
        "cache-12": 4.0
    }, 
    "11": {
        "cache-08": 4.999943612464005, 
        "cache-12": 4.0
    }, 
    "12": {
        "cache-08": 4.999943612464005, 
        "cache-12": 4.0
    }, 
    "13": {
        "cache-08": 4.999943612464005, 
        "cache-12": 4.0
    }, 
    "14": {
        "cache-08": 4.999943612464005, 
        "cache-12": 4.0
    }, 
    "15": {
        "cache-08": 4.999943612464005, 
        "cache-12": 4.0
    }, 
    "16": {
        "cache-08": 4.999943612464005, 
        "cache-12": 4.0
    }, 
    "17": {
        "cache-08": 4.999943612464005, 
        "cache-12": 4.0
    }, 
    "18": {
        "cache-08": 4.999943612464005, 
        "cache-12": 4.0
    }, 
    "19": {
        "cache-08": 4.999943612464005, 
        "cache-12": 4.0
    }, 
    "20": {
        "cache-08": 4.999943612464005, 
        "cache-12": 4.0
    }, 
    "21": {
        "cache-08": 4.851500701428859, 
        "cache-12": 4.0
    }, 
    "22": {
        "cache-08": 4.851500701428859, 
        "cache-12": 4.0
    }, 
    "23": {
        "cache-08": 4.851500701428859, 
        "cache-12": 4.0
    }, 
    "24": {
        "cache-08": 4.851500701428859, 
        "cache-12": 4.0
    }, 
    "25": {
        "cache-08": 4.851500701428859, 
        "cache-12": 4.0
    }, 
    "26": {
        "cache-08": 4.851500701428859, 
        "cache-12": 4.0
    }, 
    "27": {
        "cache-08": 4.851500701428859, 
        "cache-12": 4.0
    }, 
    "28": {
        "cache-08": 4.851500701428859, 
        "cache-12": 4.0
    }, 
    "29": {
        "cache-08": 4.851500701428859, 
        "cache-12": 4.0
    }, 
    "30": {
        "cache-08": 4.851500701428859, 
        "cache-12": 4.0
    }, 
    "31": {
        "cache-08": 4.924236305588142, 
        "cache-12": 4.0
    }, 
    "32": {
        "cache-08": 4.924236305588142, 
        "cache-12": 4.0
    }, 
    "33": {
        "cache-08": 4.924236305588142, 
        "cache-12": 4.0
    }, 
    "34": {
        "cache-08": 4.924236305588142, 
        "cache-12": 4.0
    }, 
    "35": {
        "cache-08": 4.924236305588142, 
        "cache-12": 4.0
    }, 
    "36": {
        "cache-08": 4.924236305588142, 
        "cache-12": 4.0
    }, 
    "37": {
        "cache-08": 4.924236305588142, 
        "cache-12": 4.0
    }, 
    "38": {
        "cache-08": 4.924236305588142, 
        "cache-12": 4.0
    }, 
    "39": {
        "cache-08": 4.924236305588142, 
        "cache-12": 4.0
    }, 
    "40": {
        "cache-08": 4.924236305588142, 
        "cache-12": 4.0
    }, 
    "41": {
        "cache-08": 4.860353246433322, 
        "cache-12": 4.003778869845
    }, 
    "42": {
        "cache-08": 4.860353246433322, 
        "cache-12": 4.003778869845
    }, 
    "43": {
        "cache-08": 4.860353246433322, 
        "cache-12": 4.003778869845
    }, 
    "44": {
        "cache-08": 4.860353246433322, 
        "cache-12": 4.003778869845
    }, 
    "45": {
        "cache-08": 4.860353246433322, 
        "cache-12": 4.003778869845
    }, 
    "46": {
        "cache-08": 4.860353246433322, 
        "cache-12": 4.003778869845
    }, 
    "47": {
        "cache-08": 4.860353246433322, 
        "cache-12": 4.003778869845
    }, 
    "48": {
        "cache-08": 4.860353246433322, 
        "cache-12": 4.003778869845
    }, 
    "49": {
        "cache-08": 4.860353246433322, 
        "cache-12": 4.003778869845
    }, 
    "50": {
        "cache-08": 4.860353246433322, 
        "cache-12": 4.003778869845
    }, 
    "51": {
        "cache-08": 4.91556482837238, 
        "cache-12": 4.017938560858751
    }, 
    "52": {
        "cache-08": 4.91556482837238, 
        "cache-12": 4.017938560858751
    }, 
    "53": {
        "cache-08": 4.91556482837238, 
        "cache-12": 4.017938560858751
    }, 
    "54": {
        "cache-08": 4.91556482837238, 
        "cache-12": 4.017938560858751
    }, 
    "55": {
        "cache-08": 4.91556482837238, 
        "cache-12": 4.017938560858751
    }, 
    "56": {
        "cache-08": 4.91556482837238, 
        "cache-12": 4.017938560858751
    }, 
    "57": {
        "cache-08": 4.91556482837238, 
        "cache-12": 4.017938560858751
    }, 
    "58": {
        "cache-08": 4.91556482837238, 
        "cache-12": 4.017938560858751
    }, 
    "59": {
        "cache-08": 4.91556482837238, 
        "cache-12": 4.017938560858751
    }, 
    "60": {
        "cache-08": 4.91556482837238, 
        "cache-12": 4.017938560858751
    }, 
    "61": {
        "cache-08": 4.862922410003346, 
        "cache-12": 4.042793008791797
    }, 
    "62": {
        "cache-08": 4.862922410003346, 
        "cache-12": 4.042793008791797
    }, 
    "63": {
        "cache-08": 4.862922410003346, 
        "cache-12": 4.042793008791797
    }, 
    "64": {
        "cache-08": 4.862922410003346, 
        "cache-12": 4.042793008791797
    }, 
    "65": {
        "cache-08": 4.862922410003346, 
        "cache-12": 4.042793008791797
    }, 
    "66": {
        "cache-08": 4.862922410003346, 
        "cache-12": 4.042793008791797
    }, 
    "67": {
        "cache-08": 4.862922410003346, 
        "cache-12": 4.042793008791797
    }, 
    "68": {
        "cache-08": 4.862922410003346, 
        "cache-12": 4.042793008791797
    }, 
    "69": {
        "cache-08": 4.862922410003346, 
        "cache-12": 4.042793008791797
    }, 
    "70": {
        "cache-08": 4.862922410003346, 
        "cache-12": 4.042793008791797
    }, 
    "71": {
        "cache-08": 4.831712432903245, 
        "cache-12": 4.051397219135449
    }, 
    "72": {
        "cache-08": 4.831712432903245, 
        "cache-12": 4.051397219135449
    }, 
    "73": {
        "cache-08": 4.831712432903245, 
        "cache-12": 4.051397219135449
    }, 
    "74": {
        "cache-08": 4.831712432903245, 
        "cache-12": 4.051397219135449
    }, 
    "75": {
        "cache-08": 4.831712432903245, 
        "cache-12": 4.051397219135449
    }, 
    "76": {
        "cache-08": 4.831712432903245, 
        "cache-12": 4.051397219135449
    }, 
    "77": {
        "cache-08": 4.831712432903245, 
        "cache-12": 4.051397219135449
    }, 
    "78": {
        "cache-08": 4.831712432903245, 
        "cache-12": 4.051397219135449
    }, 
    "79": {
        "cache-08": 4.831712432903245, 
        "cache-12": 4.051397219135449
    }, 
    "80": {
        "cache-08": 4.831712432903245, 
        "cache-12": 4.051397219135449
    }, 
    "81": {
        "cache-08": 4.747302164861218, 
        "cache-12": 4.128671114328863
    }, 
    "82": {
        "cache-08": 4.747302164861218, 
        "cache-12": 4.128671114328863
    }, 
    "83": {
        "cache-08": 4.747302164861218, 
        "cache-12": 4.128671114328863
    }, 
    "84": {
        "cache-08": 4.747302164861218, 
        "cache-12": 4.128671114328863
    }, 
    "85": {
        "cache-08": 4.747302164861218, 
        "cache-12": 4.128671114328863
    }, 
    "86": {
        "cache-08": 4.747302164861218, 
        "cache-12": 4.128671114328863
    }, 
    "87": {
        "cache-08": 4.747302164861218, 
        "cache-12": 4.128671114328863
    },