{
    "0": {
        "cache-06": 4, 
        "cache-11": 3.75
    }, 
    "1": {
        "cache-06": 4, 
        "cache-11": 4.01924457614013
    }, 
    "2": {
        "cache-06": 4, 
        "cache-11": 4.509599091096572
    }, 
    "3": {
        "cache-06": 4, 
        "cache-11": 4.754776348574794
    }, 
    "4": {
        "cache-06": 4, 
        "cache-11": 4.8773649773139045
    }, 
    "5": {
        "cache-06": 4, 
        "cache-11": 4.938659291683459
    }, 
    "6": {
        "cache-06": 4, 
        "cache-11": 4.969306448868236
    }, 
    "7": {
        "cache-06": 4, 
        "cache-11": 4.984630027460625
    }, 
    "8": {
        "cache-06": 4, 
        "cache-11": 4.99229181675682
    }, 
    "9": {
        "cache-06": 4, 
        "cache-11": 4.996122711404917
    }, 
    "10": {
        "cache-06": 4, 
        "cache-11": 4.998038158728965
    }, 
    "11": {
        "cache-06": 4, 
        "cache-11": 4.9989958823909895
    }, 
    "12": {
        "cache-06": 4, 
        "cache-11": 4.999474744222002
    }, 
    "13": {
        "cache-06": 4, 
        "cache-11": 4.999714175137509
    }, 
    "14": {
        "cache-06": 4, 
        "cache-11": 4.999833890595262
    }, 
    "15": {
        "cache-06": 4, 
        "cache-11": 4.999893748324139
    }, 
    "16": {
        "cache-06": 4, 
        "cache-11": 4.999923677188576
    }, 
    "17": {
        "cache-06": 4, 
        "cache-11": 4.999938641620796
    }, 
    "18": {
        "cache-06": 4, 
        "cache-11": 4.999946123836905
    }, 
    "19": {
        "cache-06": 4, 
        "cache-11": 4.9024687946946734
    }, 
    "20": {
        "cache-06": 4, 
        "cache-11": 4.698957545437885
    }, 
    "21": {
        "cache-06": 4, 
        "cache-11": 4.84945557574545
    }, 
    "22": {
        "cache-06": 4, 
        "cache-11": 4.924704590899232
    }, 
    "23": {
        "cache-06": 4, 
        "cache-11": 4.962329098476124
    }, 
    "24": {
        "cache-06": 4, 
        "cache-11": 4.981141352264569
    }, 
    "25": {
        "cache-06": 4, 
        "cache-11": 4.990547479158792
    }, 
    "26": {
        "cache-06": 4, 
        "cache-11": 4.995250542605904
    }, 
    "27": {
        "cache-06": 4, 
        "cache-11": 4.997602074329459
    }, 
    "28": {
        "cache-06": 4, 
        "cache-11": 4.746524185255278
    }, 
    "29": {
        "cache-06": 4, 
        "cache-11": 4.7757578254038595
    }, 
    "30": {
        "cache-06": 4, 
        "cache-11": 4.790374645478151
    }, 
    "31": {
        "cache-06": 4, 
        "cache-11": 4.895164125765582
    }, 
    "32": {
        "cache-06": 4, 
        "cache-11": 4.947558865909299
    }, 
    "33": {
        "cache-06": 4, 
        "cache-11": 4.973756235981156
    }, 
    "34": {
        "cache-06": 4, 
        "cache-11": 4.889373850766799
    }, 
    "35": {
        "cache-06": 4, 
        "cache-11": 4.847182658159621
    }, 
    "36": {
        "cache-06": 4, 
        "cache-11": 4.923568132106318
    }, 
    "37": {
        "cache-06": 4, 
        "cache-11": 4.961760869079667
    }, 
    "38": {
        "cache-06": 4, 
        "cache-11": 4.98085723756634
    }, 
    "39": {
        "cache-06": 4, 
        "cache-11": 4.990405421809678
    }, 
    "40": {
        "cache-06": 4, 
        "cache-11": 4.89769844368106
    }, 
    "41": {
        "cache-06": 4, 
        "cache-11": 4.851344954616751
    }, 
    "42": {
        "cache-06": 4, 
        "cache-11": 4.673395625398924
    }, 
    "43": {
        "cache-06": 4, 
        "cache-11": 4.739193545475683
    }, 
    "44": {
        "cache-06": 4, 
        "cache-11": 4.869573575764349
    }, 
    "45": {
        "cache-06": 4, 
        "cache-11": 4.837282520658396
    }, 
    "46": {
        "cache-06": 4, 
        "cache-11": 4.918618063355705
    }, 
    "47": {
        "cache-06": 4, 
        "cache-11": 4.861804764454074
    }, 
    "48": {
        "cache-06": 4, 
        "cache-11": 4.930879185253544
    }, 
    "49": {
        "cache-06": 4, 
        "cache-11": 4.965416395653279
    }, 
    "50": {
        "cache-06": 4, 
        "cache-11": 4.982685000853147
    }, 
    "51": {
        "cache-06": 4, 
        "cache-11": 4.99131930345308
    }, 
    "52": {
        "cache-06": 4, 
        "cache-11": 4.995636454753047
    }, 
    "53": {
        "cache-06": 4, 
        "cache-11": 4.997795030403031
    }, 
    "54": {
        "cache-06": 4, 
        "cache-11": 4.901393247977737
    }, 
    "55": {
        "cache-06": 4, 
        "cache-11": 4.853192356765089
    }, 
    "56": {
        "cache-06": 4, 
        "cache-11": 4.926572981409052
    }, 
    "57": {
        "cache-06": 4, 
        "cache-11": 4.963263293731034
    }, 
    "58": {
        "cache-06": 4, 
        "cache-11": 4.884127379641738
    }, 
    "59": {
        "cache-06": 4, 
        "cache-11": 4.689786837911417
    }, 
    "60": {
        "cache-06": 4, 
        "cache-11": 4.74738915173193
    }, 
    "61": {
        "cache-06": 4, 
        "cache-11": 4.873671378892473
    }, 
    "62": {
        "cache-06": 4, 
        "cache-11": 4.8393314222224575
    }, 
    "63": {
        "cache-06": 4, 
        "cache-11": 4.82216144388745
    }, 
    "64": {
        "cache-06": 4, 
        "cache-11": 4.813576454719946
    }, 
    "65": {
        "cache-06": 4, 
        "cache-11": 4.906765030386481
    }, 
    "66": {
        "cache-06": 4, 
        "cache-11": 4.701105663283789
    }, 
    "67": {
        "cache-06": 4, 
        "cache-11": 4.494797407782025
    }, 
    "68": {
        "cache-06": 4, 
        "cache-11": 4.391643280031143
    }, 
    "69": {
        "cache-06": 4, 
        "cache-11": 4.695798443042079
    }, 
    "70": {
        "cache-06": 4, 
        "cache-11": 4.847876024547547
    }, 
    "71": {
        "cache-06": 4, 
        "cache-11": 4.9239148153002805
    }, 
    "72": {
        "cache-06": 4, 
        "cache-11": 4.961934210676647
    }, 
    "73": {
        "cache-06": 4, 
        "cache-11": 4.98094390836483
    }, 
    "74": {
        "cache-06": 4, 
        "cache-11": 4.990448757208922
    }, 
    "75": {
        "cache-06": 4, 
        "cache-11": 4.897720111380682
    }, 
    "76": {
        "cache-06": 4, 
        "cache-11": 4.948836858716849
    }, 
    "77": {
        "cache-06": 4, 
        "cache-11": 4.974395232384932
    }, 
    "78": {
        "cache-06": 4, 
        "cache-11": 4.987174419218974
    }, 
    "79": {
        "cache-06": 4, 
        "cache-11": 4.637831785749617
    }, 
    "80": {
        "cache-06": 4, 
        "cache-11": 4.34914685163584
    }, 
    "81": {
        "cache-06": 4, 
        "cache-11": 4.4222965739084685
    }, 
    "82": {
        "cache-06": 4, 
        "cache-11": 4.613644019730455
    }, 
    "83": {
        "cache-06": 4, 
        "cache-11": 4.554545157955776
    }, 
    "84": {
        "cache-06": 4, 
        "cache-11": 4.524995727068436
    }, 
    "85": {
        "cache-06": 4, 
        "cache-11": 4.762474666560726
    }, 
    "86": {
        "cache-06": 4, 
        "cache-11": 4.88121413630687
    }, 
    "87": {
        "cache-06": 4, 
        "cache-11": 4.940583871179943
    }, 
    "88": {
        "cache-06": 4, 
        "cache-11": 4.970268738616479
    }, 
    "89": {
        "cache-06": 4, 
        "cache-11": 4.985111172334747
    }, 
    "90": {
        "cache-06": 4, 
        "cache-11": 4.992532389193881
    }, 
    "91": {
        "cache-06": 4, 
        "cache-11": 4.898761927373162
    }, 
    "92": {
        "cache-06": 4, 
        "cache-11": 4.949357766713089
    }, 
    "93": {
        "cache-06": 4, 
        "cache-11": 4.974655686383052
    }, 
    "94": {
        "cache-06": 4, 
        "cache-11": 4.987304646218034
    }, 
    "95": {
        "cache-06": 4, 
        "cache-11": 4.741375471199565
    }, 
    "96": {
        "cache-06": 4, 
        "cache-11": 4.514932311739913
    }, 
    "97": {
        "cache-06": 4,