{
    "0": {
        "cache-01": 4.186580015521468, 
        "cache-11": 3.163442180896512
    }, 
    "1": {
        "cache-01": 4.186580015521468, 
        "cache-11": 3.163442180896512
    }, 
    "2": {
        "cache-01": 4.186580015521468, 
        "cache-11": 3.163442180896512
    }, 
    "3": {
        "cache-01": 4.186580015521468, 
        "cache-11": 3.163442180896512
    }, 
    "4": {
        "cache-01": 4.186580015521468, 
        "cache-11": 3.163442180896512
    }, 
    "5": {
        "cache-01": 4.186580015521468, 
        "cache-11": 3.163442180896512
    }, 
    "6": {
        "cache-01": 4.186580015521468, 
        "cache-11": 3.163442180896512
    }, 
    "7": {
        "cache-01": 4.186580015521468, 
        "cache-11": 3.163442180896512
    }, 
    "8": {
        "cache-01": 4.186580015521468, 
        "cache-11": 3.163442180896512
    }, 
    "9": {
        "cache-01": 4.186580015521468, 
        "cache-11": 3.163442180896512
    }, 
    "10": {
        "cache-01": 4.186580015521468, 
        "cache-11": 3.163442180896512
    }, 
    "11": {
        "cache-01": 4.293429841783929, 
        "cache-11": 3.1781150011553447
    }, 
    "12": {
        "cache-01": 4.293429841783929, 
        "cache-11": 3.1781150011553447
    }, 
    "13": {
        "cache-01": 4.293429841783929, 
        "cache-11": 3.1781150011553447
    }, 
    "14": {
        "cache-01": 4.293429841783929, 
        "cache-11": 3.1781150011553447
    }, 
    "15": {
        "cache-01": 4.293429841783929, 
        "cache-11": 3.1781150011553447
    }, 
    "16": {
        "cache-01": 4.293429841783929, 
        "cache-11": 3.1781150011553447
    }, 
    "17": {
        "cache-01": 4.293429841783929, 
        "cache-11": 3.1781150011553447
    }, 
    "18": {
        "cache-01": 4.293429841783929, 
        "cache-11": 3.1781150011553447
    }, 
    "19": {
        "cache-01": 4.293429841783929, 
        "cache-11": 3.1781150011553447
    }, 
    "20": {
        "cache-01": 4.293429841783929, 
        "cache-11": 3.1781150011553447
    }, 
    "21": {
        "cache-01": 4.494161705429091, 
        "cache-11": 3.3220774839515577
    }, 
    "22": {
        "cache-01": 4.494161705429091, 
        "cache-11": 3.3220774839515577
    }, 
    "23": {
        "cache-01": 4.494161705429091, 
        "cache-11": 3.3220774839515577
    }, 
    "24": {
        "cache-01": 4.494161705429091, 
        "cache-11": 3.3220774839515577
    }, 
    "25": {
        "cache-01": 4.494161705429091, 
        "cache-11": 3.3220774839515577
    }, 
    "26": {
        "cache-01": 4.494161705429091, 
        "cache-11": 3.3220774839515577
    }, 
    "27": {
        "cache-01": 4.494161705429091, 
        "cache-11": 3.3220774839515577
    }, 
    "28": {
        "cache-01": 4.494161705429091, 
        "cache-11": 3.3220774839515577
    }, 
    "29": {
        "cache-01": 4.494161705429091, 
        "cache-11": 3.3220774839515577
    }, 
    "30": {
        "cache-01": 4.494161705429091, 
        "cache-11": 3.3220774839515577
    }, 
    "31": {
        "cache-01": 4.491770260001382, 
        "cache-11": 3.7909237869351546
    }, 
    "32": {
        "cache-01": 4.491770260001382, 
        "cache-11": 3.7909237869351546
    }, 
    "33": {
        "cache-01": 4.491770260001382, 
        "cache-11": 3.7909237869351546
    }, 
    "34": {
        "cache-01": 4.491770260001382, 
        "cache-11": 3.7909237869351546
    }, 
    "35": {
        "cache-01": 4.491770260001382, 
        "cache-11": 3.7909237869351546
    }, 
    "36": {
        "cache-01": 4.491770260001382, 
        "cache-11": 3.7909237869351546
    }, 
    "37": {
        "cache-01": 4.491770260001382, 
        "cache-11": 3.7909237869351546
    }, 
    "38": {
        "cache-01": 4.491770260001382, 
        "cache-11": 3.7909237869351546
    }, 
    "39": {
        "cache-01": 4.491770260001382, 
        "cache-11": 3.7909237869351546
    }, 
    "40": {
        "cache-01": 4.491770260001382, 
        "cache-11": 3.7909237869351546
    }, 
    "41": {
        "cache-01": 4.469131776212093, 
        "cache-11": 3.977167665429511
    }, 
    "42": {
        "cache-01": 4.469131776212093, 
        "cache-11": 3.977167665429511
    }, 
    "43": {
        "cache-01": 4.469131776212093, 
        "cache-11": 3.977167665429511
    }, 
    "44": {
        "cache-01": 4.469131776212093, 
        "cache-11": 3.977167665429511
    }, 
    "45": {
        "cache-01": 4.469131776212093, 
        "cache-11": 3.977167665429511
    }, 
    "46": {
        "cache-01": 4.469131776212093, 
        "cache-11": 3.977167665429511
    }, 
    "47": {
        "cache-01": 4.469131776212093, 
        "cache-11": 3.977167665429511
    }, 
    "48": {
        "cache-01": 4.469131776212093, 
        "cache-11": 3.977167665429511
    }, 
    "49": {
        "cache-01": 4.469131776212093, 
        "cache-11": 3.977167665429511
    }, 
    "50": {
        "cache-01": 4.469131776212093, 
        "cache-11": 3.977167665429511
    }, 
    "51": {
        "cache-01": 3.7315834311647853, 
        "cache-11": 4.851900412232499
    }, 
    "52": {
        "cache-01": 3.7315834311647853, 
        "cache-11": 4.851900412232499
    }, 
    "53": {
        "cache-01": 3.7315834311647853, 
        "cache-11": 4.851900412232499
    }, 
    "54": {
        "cache-01": 3.7315834311647853, 
        "cache-11": 4.851900412232499
    }, 
    "55": {
        "cache-01": 3.7315834311647853, 
        "cache-11": 4.851900412232499
    }, 
    "56": {
        "cache-01": 3.7315834311647853, 
        "cache-11": 4.851900412232499
    }, 
    "57": {
        "cache-01": 3.7315834311647853, 
        "cache-11": 4.851900412232499
    }, 
    "58": {
        "cache-01": 3.7315834311647853, 
        "cache-11": 4.851900412232499
    }, 
    "59": {
        "cache-01": 3.7315834311647853, 
        "cache-11": 4.851900412232499
    }, 
    "60": {
        "cache-01": 3.7315834311647853, 
        "cache-11": 4.851900412232499
    }, 
    "61": {
        "cache-01": 3.649018833173098, 
        "cache-11": 4.8997459600825355
    }, 
    "62": {
        "cache-01": 3.649018833173098, 
        "cache-11": 4.8997459600825355
    }, 
    "63": {
        "cache-01": 3.649018833173098, 
        "cache-11": 4.8997459600825355
    }, 
    "64": {
        "cache-01": 3.649018833173098, 
        "cache-11": 4.8997459600825355
    }, 
    "65": {
        "cache-01": 3.649018833173098, 
        "cache-11": 4.8997459600825355
    }, 
    "66": {
        "cache-01": 3.649018833173098, 
        "cache-11": 4.8997459600825355
    }, 
    "67": {
        "cache-01": 3.649018833173098, 
        "cache-11": 4.8997459600825355
    }, 
    "68": {
        "cache-01": 3.649018833173098, 
        "cache-11": 4.8997459600825355
    }, 
    "69": {
        "cache-01": 3.649018833173098, 
        "cache-11": 4.8997459600825355
    }, 
    "70": {
        "cache-01": 3.649018833173098, 
        "cache-11": 4.8997459600825355
    }, 
    "71": {
        "cache-01": 3.396885372907887, 
        "cache-11": 4.272715505577565
    }, 
    "72": {
        "cache-01": 3.396885372907887, 
        "cache-11": 4.272715505577565
    }, 
    "73": {
        "cache-01": 3.396885372907887, 
        "cache-11": 4.272715505577565
    }, 
    "74": {
        "cache-01": 3.396885372907887, 
        "cache-11": 4.272715505577565
    }, 
    "75": {
        "cache-01": 3.396885372907887, 
        "cache-11": 4.272715505577565
    }, 
    "76": {
        "cache-01": 3.396885372907887, 
        "cache-11": 4.272715505577565
    }, 
    "77": {
        "cache-01": 3.396885372907887, 
        "cache-11": 4.272715505577565
    }, 
    "78": {
        "cache-01": 3.396885372907887, 
        "cache-11": 4.272715505577565
    }, 
    "79": {
        "cache-01": 3.396885372907887, 
        "cache-11": 4.272715505577565
    }, 
    "80": {
        "cache-01": 3.396885372907887, 
        "cache-11": 4.272715505577565
    },