{
    "0": {
        "cache-01": 3.75, 
        "cache-16": 4
    }, 
    "1": {
        "cache-01": 4.01924457614013, 
        "cache-16": 4
    }, 
    "2": {
        "cache-01": 4.509599091096572, 
        "cache-16": 4
    }, 
    "3": {
        "cache-01": 4.754776348574794, 
        "cache-16": 4
    }, 
    "4": {
        "cache-01": 4.8773649773139045, 
        "cache-16": 4
    }, 
    "5": {
        "cache-01": 4.938659291683459, 
        "cache-16": 4
    }, 
    "6": {
        "cache-01": 4.969306448868236, 
        "cache-16": 4
    }, 
    "7": {
        "cache-01": 4.984630027460625, 
        "cache-16": 4
    }, 
    "8": {
        "cache-01": 4.99229181675682, 
        "cache-16": 4
    }, 
    "9": {
        "cache-01": 4.996122711404917, 
        "cache-16": 4
    }, 
    "10": {
        "cache-01": 4.998038158728965, 
        "cache-16": 4
    }, 
    "11": {
        "cache-01": 4.9989958823909895, 
        "cache-16": 4
    }, 
    "12": {
        "cache-01": 4.999474744222002, 
        "cache-16": 4
    }, 
    "13": {
        "cache-01": 4.999714175137509, 
        "cache-16": 4
    }, 
    "14": {
        "cache-01": 4.999833890595262, 
        "cache-16": 4
    }, 
    "15": {
        "cache-01": 4.999893748324139, 
        "cache-16": 4
    }, 
    "16": {
        "cache-01": 4.999923677188576, 
        "cache-16": 4
    }, 
    "17": {
        "cache-01": 4.999938641620796, 
        "cache-16": 4
    }, 
    "18": {
        "cache-01": 4.999946123836905, 
        "cache-16": 4
    }, 
    "19": {
        "cache-01": 4.999949864944959, 
        "cache-16": 4
    }, 
    "20": {
        "cache-01": 4.999951735498987, 
        "cache-16": 4
    }, 
    "21": {
        "cache-01": 4.9999526707760005, 
        "cache-16": 4
    }, 
    "22": {
        "cache-01": 4.999953138414508, 
        "cache-16": 4
    }, 
    "23": {
        "cache-01": 4.999953372233762, 
        "cache-16": 4
    }, 
    "24": {
        "cache-01": 4.9999534891433886, 
        "cache-16": 4
    }, 
    "25": {
        "cache-01": 4.999953547598201, 
        "cache-16": 4
    }, 
    "26": {
        "cache-01": 4.999953576825607, 
        "cache-16": 4
    }, 
    "27": {
        "cache-01": 4.999953591439311, 
        "cache-16": 4
    }, 
    "28": {
        "cache-01": 4.999953598746163, 
        "cache-16": 4
    }, 
    "29": {
        "cache-01": 4.999953602399589, 
        "cache-16": 4
    }, 
    "30": {
        "cache-01": 4.999953604226302, 
        "cache-16": 4
    }, 
    "31": {
        "cache-01": 4.999953605139659, 
        "cache-16": 4
    }, 
    "32": {
        "cache-01": 4.999953605596337, 
        "cache-16": 4
    }, 
    "33": {
        "cache-01": 4.999953605824675, 
        "cache-16": 4
    }, 
    "34": {
        "cache-01": 4.999953605938845, 
        "cache-16": 4
    }, 
    "35": {
        "cache-01": 4.99995360599593, 
        "cache-16": 4
    }, 
    "36": {
        "cache-01": 4.999953606024473, 
        "cache-16": 4
    }, 
    "37": {
        "cache-01": 4.999953606038744, 
        "cache-16": 4
    }, 
    "38": {
        "cache-01": 4.99995360604588, 
        "cache-16": 4
    }, 
    "39": {
        "cache-01": 4.999953606049447, 
        "cache-16": 4
    }, 
    "40": {
        "cache-01": 4.99995360605123, 
        "cache-16": 4
    }, 
    "41": {
        "cache-01": 4.999953606052122, 
        "cache-16": 4
    }, 
    "42": {
        "cache-01": 4.999953606052568, 
        "cache-16": 4
    }, 
    "43": {
        "cache-01": 4.999953606052792, 
        "cache-16": 4
    }, 
    "44": {
        "cache-01": 4.9999536060529035, 
        "cache-16": 4
    }, 
    "45": {
        "cache-01": 4.999953606052959, 
        "cache-16": 4
    }, 
    "46": {
        "cache-01": 4.999953606052987, 
        "cache-16": 4
    }, 
    "47": {
        "cache-01": 4.999953606053001, 
        "cache-16": 4
    }, 
    "48": {
        "cache-01": 4.999953606053008, 
        "cache-16": 4
    }, 
    "49": {
        "cache-01": 4.999953606053012, 
        "cache-16": 4
    }, 
    "50": {
        "cache-01": 4.999953606053014, 
        "cache-16": 4
    }, 
    "51": {
        "cache-01": 4.999953606053014, 
        "cache-16": 4
    }, 
    "52": {
        "cache-01": 4.999953606053014, 
        "cache-16": 4
    }, 
    "53": {
        "cache-01": 4.999953606053014, 
        "cache-16": 4
    }, 
    "54": {
        "cache-01": 4.999953606053014, 
        "cache-16": 4
    }, 
    "55": {
        "cache-01": 4.999953606053014, 
        "cache-16": 4
    }, 
    "56": {
        "cache-01": 4.999953606053014, 
        "cache-16": 4
    }, 
    "57": {
        "cache-01": 4.999953606053014, 
        "cache-16": 4
    }, 
    "58": {
        "cache-01": 4.999953606053014, 
        "cache-16": 4
    }, 
    "59": {
        "cache-01": 4.999953606053014, 
        "cache-16": 4
    }, 
    "60": {
        "cache-01": 4.999953606053014, 
        "cache-16": 4
    }, 
    "61": {
        "cache-01": 4.999953606053014, 
        "cache-16": 4
    }, 
    "62": {
        "cache-01": 4.999953606053014, 
        "cache-16": 4
    }, 
    "63": {
        "cache-01": 4.999953606053014, 
        "cache-16": 4
    }, 
    "64": {
        "cache-01": 4.999953606053014, 
        "cache-16": 4
    }, 
    "65": {
        "cache-01": 4.999953606053014, 
        "cache-16": 4
    }, 
    "66": {
        "cache-01": 4.999953606053014, 
        "cache-16": 4
    }, 
    "67": {
        "cache-01": 4.999953606053014, 
        "cache-16": 4
    }, 
    "68": {
        "cache-01": 4.999953606053014, 
        "cache-16": 4
    }, 
    "69": {
        "cache-01": 4.999953606053014, 
        "cache-16": 4
    }, 
    "70": {
        "cache-01": 4.999953606053014, 
        "cache-16": 4
    }, 
    "71": {
        "cache-01": 4.999953606053014, 
        "cache-16": 4
    }, 
    "72": {
        "cache-01": 4.999953606053014, 
        "cache-16": 4
    }, 
    "73": {
        "cache-01": 4.999953606053014, 
        "cache-16": 4
    }, 
    "74": {
        "cache-01": 4.999953606053014, 
        "cache-16": 4
    }, 
    "75": {
        "cache-01": 4.999953606053014, 
        "cache-16": 4
    }, 
    "76": {
        "cache-01": 4.999953606053014, 
        "cache-16": 4
    }, 
    "77": {
        "cache-01": 4.999953606053014, 
        "cache-16": 4
    }, 
    "78": {
        "cache-01": 4.999953606053014, 
        "cache-16": 4
    }, 
    "79": {
        "cache-01": 4.999953606053014, 
        "cache-16": 4
    }, 
    "80": {
        "cache-01": 4.999953606053014, 
        "cache-16": 4
    }, 
    "81": {
        "cache-01": 4.999953606053014, 
        "cache-16": 4
    }, 
    "82": {
        "cache-01": 4.999953606053014, 
        "cache-16": 4
    }, 
    "83": {
        "cache-01": 4.999953606053014, 
        "cache-16": 4
    }, 
    "84": {
        "cache-01": 4.999953606053014, 
        "cache-16": 4
    }, 
    "85": {
        "cache-01": 4.999953606053014, 
        "cache-16": 4
    }, 
    "86": {
        "cache-01": 4.999953606053014, 
        "cache-16": 4
    }, 
    "87": {
        "cache-01": 4.999953606053014, 
        "cache-16": 4
    }, 
    "88": {
        "cache-01": 4.999953606053014, 
        "cache-16": 4
    }, 
    "89": {
        "cache-01": 4.999953606053014, 
        "cache-16": 4
    }, 
    "90": {
        "cache-01": 4.999953606053014, 
        "cache-16": 4
    }, 
    "91": {
        "cache-01": 4.999953606053014, 
        "cache-16": 4
    }, 
    "92": {
        "cache-01": 4.999953606053014, 
        "cache-16": 4
    }, 
    "93": {
        "cache-01": 4.999953606053014, 
        "cache-16": 4
    }, 
    "94": {
        "cache-01": 4.999953606053014, 
        "cache-16": 4
    }, 
    "95": {
        "cache-01": 4.999953606053014, 
        "cache-16": 4
    }, 
    "96": {
        "cache-01": 4.999953606053014, 
        "cache-16": 4
    }, 
    "97": {
        "cache-01": 4.999953606053014,