{
    "0": {
        "cache-07": 3.75, 
        "cache-14": 4
    }, 
    "1": {
        "cache-07": 4.374976803026508, 
        "cache-14": 4
    }, 
    "2": {
        "cache-07": 4.687465204539761, 
        "cache-14": 4
    }, 
    "3": {
        "cache-07": 4.843709405296387, 
        "cache-14": 4
    }, 
    "4": {
        "cache-07": 4.921831505674701, 
        "cache-14": 4
    }, 
    "5": {
        "cache-07": 4.9608925558638575, 
        "cache-14": 4
    }, 
    "6": {
        "cache-07": 4.980423080958436, 
        "cache-14": 4
    }, 
    "7": {
        "cache-07": 4.990188343505725, 
        "cache-14": 4
    }, 
    "8": {
        "cache-07": 4.99507097477937, 
        "cache-14": 4
    }, 
    "9": {
        "cache-07": 4.7452586354802335, 
        "cache-14": 4
    }, 
    "10": {
        "cache-07": 4.8726061207666245, 
        "cache-14": 4
    }, 
    "11": {
        "cache-07": 4.838798793159533, 
        "cache-14": 4
    }, 
    "12": {
        "cache-07": 4.821895129355988, 
        "cache-14": 4
    }, 
    "13": {
        "cache-07": 4.910924367704501, 
        "cache-14": 4
    }, 
    "14": {
        "cache-07": 4.703185331942799, 
        "cache-14": 4
    }, 
    "15": {
        "cache-07": 4.754088398747621, 
        "cache-14": 4
    }, 
    "16": {
        "cache-07": 4.877021002400317, 
        "cache-14": 4
    }, 
    "17": {
        "cache-07": 4.84100623397638, 
        "cache-14": 4
    }, 
    "18": {
        "cache-07": 4.56474769312832, 
        "cache-14": 4
    }, 
    "19": {
        "cache-07": 4.530096994654708, 
        "cache-14": 4
    }, 
    "20": {
        "cache-07": 4.4092930734674844, 
        "cache-14": 4
    }, 
    "21": {
        "cache-07": 4.70462333976025, 
        "cache-14": 4
    }, 
    "22": {
        "cache-07": 4.600034817970673, 
        "cache-14": 4
    }, 
    "23": {
        "cache-07": 4.547740557075885, 
        "cache-14": 4
    }, 
    "24": {
        "cache-07": 4.521593426628491, 
        "cache-14": 4
    }, 
    "25": {
        "cache-07": 4.760773516340753, 
        "cache-14": 4
    }, 
    "26": {
        "cache-07": 4.628109906260924, 
        "cache-14": 4
    }, 
    "27": {
        "cache-07": 4.561778101221011, 
        "cache-14": 4
    }, 
    "28": {
        "cache-07": 4.683384783386726, 
        "cache-14": 4
    }, 
    "29": {
        "cache-07": 4.84166919471987, 
        "cache-14": 4
    }, 
    "30": {
        "cache-07": 4.668557745450483, 
        "cache-14": 4
    }, 
    "31": {
        "cache-07": 4.4785234488653725, 
        "cache-14": 4
    }, 
    "32": {
        "cache-07": 4.383506300572817, 
        "cache-14": 4
    }, 
    "33": {
        "cache-07": 4.59424888306263, 
        "cache-14": 4
    }, 
    "34": {
        "cache-07": 4.699620174307536, 
        "cache-14": 4
    }, 
    "35": {
        "cache-07": 4.597533235244317, 
        "cache-14": 4
    }, 
    "36": {
        "cache-07": 4.546489765712707, 
        "cache-14": 4
    }, 
    "37": {
        "cache-07": 4.773221685882861, 
        "cache-14": 4
    }, 
    "38": {
        "cache-07": 4.634333991031979, 
        "cache-14": 4
    }, 
    "39": {
        "cache-07": 4.564890143606538, 
        "cache-14": 4
    }, 
    "40": {
        "cache-07": 4.530168219893818, 
        "cache-14": 4
    }, 
    "41": {
        "cache-07": 4.765060912973416, 
        "cache-14": 4
    }, 
    "42": {
        "cache-07": 4.882507259513215, 
        "cache-14": 4
    }, 
    "43": {
        "cache-07": 4.585498205896737, 
        "cache-14": 4
    }, 
    "44": {
        "cache-07": 4.4369936790884985, 
        "cache-14": 4
    }, 
    "45": {
        "cache-07": 4.718473642570757, 
        "cache-14": 4
    }, 
    "46": {
        "cache-07": 4.859213624311886, 
        "cache-14": 4
    }, 
    "47": {
        "cache-07": 4.6773299602464915, 
        "cache-14": 4
    }, 
    "48": {
        "cache-07": 4.482909556263376, 
        "cache-14": 4
    }, 
    "49": {
        "cache-07": 4.489177926222236, 
        "cache-14": 4
    }, 
    "50": {
        "cache-07": 4.744565766137626, 
        "cache-14": 4
    }, 
    "51": {
        "cache-07": 4.620006031159361, 
        "cache-14": 4
    }, 
    "52": {
        "cache-07": 4.454247591719811, 
        "cache-14": 4
    }, 
    "53": {
        "cache-07": 4.474846943950454, 
        "cache-14": 4
    }, 
    "54": {
        "cache-07": 4.485146620065775, 
        "cache-14": 4
    }, 
    "55": {
        "cache-07": 4.386817886173018, 
        "cache-14": 4
    }, 
    "56": {
        "cache-07": 4.223639901847541, 
        "cache-14": 4
    }, 
    "57": {
        "cache-07": 4.359543099014319, 
        "cache-14": 4
    }, 
    "58": {
        "cache-07": 4.427494697597708, 
        "cache-14": 4
    }, 
    "59": {
        "cache-07": 4.461470496889403, 
        "cache-14": 4
    }, 
    "60": {
        "cache-07": 4.47845839653525, 
        "cache-14": 4
    }, 
    "61": {
        "cache-07": 4.641724931043846, 
        "cache-14": 4
    }, 
    "62": {
        "cache-07": 4.820839268548431, 
        "cache-14": 4
    }, 
    "63": {
        "cache-07": 4.8129153670504365, 
        "cache-14": 4
    }, 
    "64": {
        "cache-07": 4.654180831615767, 
        "cache-14": 4
    }, 
    "65": {
        "cache-07": 4.574813563898432, 
        "cache-14": 4
    }, 
    "66": {
        "cache-07": 4.787383584975723, 
        "cache-14": 4
    }, 
    "67": {
        "cache-07": 4.893668595514368, 
        "cache-14": 4
    }, 
    "68": {
        "cache-07": 4.591078873897315, 
        "cache-14": 4
    }, 
    "69": {
        "cache-07": 4.439784013088788, 
        "cache-14": 4
    }, 
    "70": {
        "cache-07": 4.4676151546349425, 
        "cache-14": 4
    }, 
    "71": {
        "cache-07": 4.7337843803439785, 
        "cache-14": 4
    }, 
    "72": {
        "cache-07": 4.76938792294821, 
        "cache-14": 4
    }, 
    "73": {
        "cache-07": 4.632417109564654, 
        "cache-14": 4
    }, 
    "74": {
        "cache-07": 4.718704287558548, 
        "cache-14": 4
    }, 
    "75": {
        "cache-07": 4.859328946805782, 
        "cache-14": 4
    }, 
    "76": {
        "cache-07": 4.677387621493439, 
        "cache-14": 4
    }, 
    "77": {
        "cache-07": 4.48293838688685, 
        "cache-14": 4
    }, 
    "78": {
        "cache-07": 4.489192341533974, 
        "cache-14": 4
    }, 
    "79": {
        "cache-07": 4.492319318857535, 
        "cache-14": 4
    }, 
    "80": {
        "cache-07": 4.4938828075193165, 
        "cache-14": 4
    }, 
    "81": {
        "cache-07": 4.391185979899788, 
        "cache-14": 4
    }, 
    "82": {
        "cache-07": 4.339837566090024, 
        "cache-14": 4
    }, 
    "83": {
        "cache-07": 4.41764193113556, 
        "cache-14": 4
    }, 
    "84": {
        "cache-07": 4.611316698344002, 
        "cache-14": 4
    }, 
    "85": {
        "cache-07": 4.553381497262549, 
        "cache-14": 4
    }, 
    "86": {
        "cache-07": 4.679186481407496, 
        "cache-14": 4
    }, 
    "87": {
        "cache-07": 4.839570043730255, 
        "cache-14": 4
    }, 
    "88": {
        "cache-07": 4.919761824891635, 
        "cache-14": 4
    }, 
    "89": {
        "cache-07": 4.707604060536366, 
        "cache-14": 4
    }, 
    "90": {
        "cache-07": 4.498046606408313, 
        "cache-14": 4
    }, 
    "91": {
        "cache-07": 4.496746451294705, 
        "cache-14": 4
    }, 
    "92": {
        "cache-07": 4.650868958423573, 
        "cache-14": 4
    }, 
    "93": {
        "cache-07": 4.573157627302335, 
        "cache-14": 4
    }, 
    "94": {
        "cache-07": 4.534301961741716, 
        "cache-14": 4
    }, 
    "95": {
        "cache-07": 4.669646713647079, 
        "cache-14": 4
    }, 
    "96": {
        "cache-07": 4.737319089599761, 
        "cache-14": 4
    }, 
    "97": {
        "cache-07": 4.616382692890429,