{
    "0": {
        "cache-06": 3.75, 
        "cache-07": 4
    }, 
    "1": {
        "cache-06": 3.9052309587610323, 
        "cache-07": 4
    }, 
    "2": {
        "cache-06": 4.3551112121567375, 
        "cache-07": 4
    }, 
    "3": {
        "cache-06": 4.6775324091048756, 
        "cache-07": 4
    }, 
    "4": {
        "cache-06": 4.838743007578945, 
        "cache-07": 4
    }, 
    "5": {
        "cache-06": 4.91934830681598, 
        "cache-07": 4
    }, 
    "6": {
        "cache-06": 4.959650956434498, 
        "cache-07": 4
    }, 
    "7": {
        "cache-06": 4.979802281243757, 
        "cache-07": 4
    }, 
    "8": {
        "cache-06": 4.989877943648386, 
        "cache-07": 4
    }, 
    "9": {
        "cache-06": 4.9949157748507, 
        "cache-07": 4
    }, 
    "10": {
        "cache-06": 4.997434690451858, 
        "cache-07": 4
    }, 
    "11": {
        "cache-06": 4.9986941482524365, 
        "cache-07": 4
    }, 
    "12": {
        "cache-06": 4.999323877152726, 
        "cache-07": 4
    }, 
    "13": {
        "cache-06": 4.999638741602871, 
        "cache-07": 4
    }, 
    "14": {
        "cache-06": 4.999796173827942, 
        "cache-07": 4
    }, 
    "15": {
        "cache-06": 4.999874889940479, 
        "cache-07": 4
    }, 
    "16": {
        "cache-06": 4.999914247996747, 
        "cache-07": 4
    }, 
    "17": {
        "cache-06": 4.99993392702488, 
        "cache-07": 4
    }, 
    "18": {
        "cache-06": 4.999943766538948, 
        "cache-07": 4
    }, 
    "19": {
        "cache-06": 4.999948686295982, 
        "cache-07": 4
    }, 
    "20": {
        "cache-06": 4.999951146174498, 
        "cache-07": 4
    }, 
    "21": {
        "cache-06": 4.999952376113756, 
        "cache-07": 4
    }, 
    "22": {
        "cache-06": 4.999952991083385, 
        "cache-07": 4
    }, 
    "23": {
        "cache-06": 4.999953298568199, 
        "cache-07": 4
    }, 
    "24": {
        "cache-06": 4.999953452310606, 
        "cache-07": 4
    }, 
    "25": {
        "cache-06": 4.999953529181811, 
        "cache-07": 4
    }, 
    "26": {
        "cache-06": 4.999953567617412, 
        "cache-07": 4
    }, 
    "27": {
        "cache-06": 4.999953586835213, 
        "cache-07": 4
    }, 
    "28": {
        "cache-06": 4.999953596444113, 
        "cache-07": 4
    }, 
    "29": {
        "cache-06": 4.9999536012485635, 
        "cache-07": 4
    }, 
    "30": {
        "cache-06": 4.9999536036507894, 
        "cache-07": 4
    }, 
    "31": {
        "cache-06": 4.9999536048519015, 
        "cache-07": 4
    }, 
    "32": {
        "cache-06": 4.999953605452458, 
        "cache-07": 4
    }, 
    "33": {
        "cache-06": 4.9999536057527365, 
        "cache-07": 4
    }, 
    "34": {
        "cache-06": 4.999953605902876, 
        "cache-07": 4
    }, 
    "35": {
        "cache-06": 4.999953605977945, 
        "cache-07": 4
    }, 
    "36": {
        "cache-06": 4.999953606015479, 
        "cache-07": 4
    }, 
    "37": {
        "cache-06": 4.999953606034246, 
        "cache-07": 4
    }, 
    "38": {
        "cache-06": 4.999953606043631, 
        "cache-07": 4
    }, 
    "39": {
        "cache-06": 4.999953606048322, 
        "cache-07": 4
    }, 
    "40": {
        "cache-06": 4.999953606050669, 
        "cache-07": 4
    }, 
    "41": {
        "cache-06": 4.999953606051841, 
        "cache-07": 4
    }, 
    "42": {
        "cache-06": 4.9999536060524274, 
        "cache-07": 4
    }, 
    "43": {
        "cache-06": 4.9999536060527205, 
        "cache-07": 4
    }, 
    "44": {
        "cache-06": 4.999953606052868, 
        "cache-07": 4
    }, 
    "45": {
        "cache-06": 4.999953606052941, 
        "cache-07": 4
    }, 
    "46": {
        "cache-06": 4.999953606052978, 
        "cache-07": 4
    }, 
    "47": {
        "cache-06": 4.999953606052996, 
        "cache-07": 4
    }, 
    "48": {
        "cache-06": 4.999953606053005, 
        "cache-07": 4
    }, 
    "49": {
        "cache-06": 4.99995360605301, 
        "cache-07": 4
    }, 
    "50": {
        "cache-06": 4.999953606053012, 
        "cache-07": 4
    }, 
    "51": {
        "cache-06": 4.999953606053014, 
        "cache-07": 4
    }, 
    "52": {
        "cache-06": 4.999953606053014, 
        "cache-07": 4
    }, 
    "53": {
        "cache-06": 4.999953606053014, 
        "cache-07": 4
    }, 
    "54": {
        "cache-06": 4.999953606053014, 
        "cache-07": 4
    }, 
    "55": {
        "cache-06": 4.999953606053014, 
        "cache-07": 4
    }, 
    "56": {
        "cache-06": 4.999953606053014, 
        "cache-07": 4
    }, 
    "57": {
        "cache-06": 4.999953606053014, 
        "cache-07": 4
    }, 
    "58": {
        "cache-06": 4.999953606053014, 
        "cache-07": 4
    }, 
    "59": {
        "cache-06": 4.999953606053014, 
        "cache-07": 4
    }, 
    "60": {
        "cache-06": 4.999953606053014, 
        "cache-07": 4
    }, 
    "61": {
        "cache-06": 4.999953606053014, 
        "cache-07": 4
    }, 
    "62": {
        "cache-06": 4.999953606053014, 
        "cache-07": 4
    }, 
    "63": {
        "cache-06": 4.999953606053014, 
        "cache-07": 4
    }, 
    "64": {
        "cache-06": 4.999953606053014, 
        "cache-07": 4
    }, 
    "65": {
        "cache-06": 4.999953606053014, 
        "cache-07": 4
    }, 
    "66": {
        "cache-06": 4.999953606053014, 
        "cache-07": 4
    }, 
    "67": {
        "cache-06": 4.999953606053014, 
        "cache-07": 4
    }, 
    "68": {
        "cache-06": 4.999953606053014, 
        "cache-07": 4
    }, 
    "69": {
        "cache-06": 4.999953606053014, 
        "cache-07": 4
    }, 
    "70": {
        "cache-06": 4.999953606053014, 
        "cache-07": 4
    }, 
    "71": {
        "cache-06": 4.999953606053014, 
        "cache-07": 4
    }, 
    "72": {
        "cache-06": 4.999953606053014, 
        "cache-07": 4
    }, 
    "73": {
        "cache-06": 4.999953606053014, 
        "cache-07": 4
    }, 
    "74": {
        "cache-06": 4.999953606053014, 
        "cache-07": 4
    }, 
    "75": {
        "cache-06": 4.999953606053014, 
        "cache-07": 4
    }, 
    "76": {
        "cache-06": 4.999953606053014, 
        "cache-07": 4
    }, 
    "77": {
        "cache-06": 4.999953606053014, 
        "cache-07": 4
    }, 
    "78": {
        "cache-06": 4.999953606053014, 
        "cache-07": 4
    }, 
    "79": {
        "cache-06": 4.999953606053014, 
        "cache-07": 4
    }, 
    "80": {
        "cache-06": 4.999953606053014, 
        "cache-07": 4
    }, 
    "81": {
        "cache-06": 4.999953606053014, 
        "cache-07": 4
    }, 
    "82": {
        "cache-06": 4.999953606053014, 
        "cache-07": 4
    }, 
    "83": {
        "cache-06": 4.999953606053014, 
        "cache-07": 4
    }, 
    "84": {
        "cache-06": 4.999953606053014, 
        "cache-07": 4
    }, 
    "85": {
        "cache-06": 4.999953606053014, 
        "cache-07": 4
    }, 
    "86": {
        "cache-06": 4.999953606053014, 
        "cache-07": 4
    }, 
    "87": {
        "cache-06": 4.999953606053014, 
        "cache-07": 4
    }, 
    "88": {
        "cache-06": 4.999953606053014, 
        "cache-07": 4
    }, 
    "89": {
        "cache-06": 4.999953606053014, 
        "cache-07": 4
    }, 
    "90": {
        "cache-06": 4.999953606053014, 
        "cache-07": 4
    }, 
    "91": {
        "cache-06": 4.999953606053014, 
        "cache-07": 4
    }, 
    "92": {
        "cache-06": 4.999953606053014, 
        "cache-07": 4
    }, 
    "93": {
        "cache-06": 4.999953606053014, 
        "cache-07": 4
    }, 
    "94": {
        "cache-06": 4.999953606053014, 
        "cache-07": 4
    }, 
    "95": {
        "cache-06": 4.999953606053014, 
        "cache-07": 4
    }, 
    "96": {
        "cache-06": 4.999953606053014, 
        "cache-07": 4
    }, 
    "97": {
        "cache-06": 4.999953606053014,