{
    "0": {
        "cache-08": 4.568246890354253, 
        "cache-13": 3.6930357125326627
    }, 
    "1": {
        "cache-08": 4.568246890354253, 
        "cache-13": 3.6930357125326627
    }, 
    "2": {
        "cache-08": 4.568246890354253, 
        "cache-13": 3.6930357125326627
    }, 
    "3": {
        "cache-08": 4.568246890354253, 
        "cache-13": 3.6930357125326627
    }, 
    "4": {
        "cache-08": 4.568246890354253, 
        "cache-13": 3.6930357125326627
    }, 
    "5": {
        "cache-08": 4.568246890354253, 
        "cache-13": 3.6930357125326627
    }, 
    "6": {
        "cache-08": 4.568246890354253, 
        "cache-13": 3.6930357125326627
    }, 
    "7": {
        "cache-08": 4.568246890354253, 
        "cache-13": 3.6930357125326627
    }, 
    "8": {
        "cache-08": 4.568246890354253, 
        "cache-13": 3.6930357125326627
    }, 
    "9": {
        "cache-08": 4.568246890354253, 
        "cache-13": 3.6930357125326627
    }, 
    "10": {
        "cache-08": 4.568246890354253, 
        "cache-13": 3.6930357125326627
    }, 
    "11": {
        "cache-08": 4.749309769202073, 
        "cache-13": 3.7399933441851667
    }, 
    "12": {
        "cache-08": 4.749309769202073, 
        "cache-13": 3.7399933441851667
    }, 
    "13": {
        "cache-08": 4.749309769202073, 
        "cache-13": 3.7399933441851667
    }, 
    "14": {
        "cache-08": 4.749309769202073, 
        "cache-13": 3.7399933441851667
    }, 
    "15": {
        "cache-08": 4.749309769202073, 
        "cache-13": 3.7399933441851667
    }, 
    "16": {
        "cache-08": 4.749309769202073, 
        "cache-13": 3.7399933441851667
    }, 
    "17": {
        "cache-08": 4.749309769202073, 
        "cache-13": 3.7399933441851667
    }, 
    "18": {
        "cache-08": 4.749309769202073, 
        "cache-13": 3.7399933441851667
    }, 
    "19": {
        "cache-08": 4.749309769202073, 
        "cache-13": 3.7399933441851667
    }, 
    "20": {
        "cache-08": 4.749309769202073, 
        "cache-13": 3.7399933441851667
    }, 
    "21": {
        "cache-08": 4.6493546315024386, 
        "cache-13": 3.7742236310953228
    }, 
    "22": {
        "cache-08": 4.6493546315024386, 
        "cache-13": 3.7742236310953228
    }, 
    "23": {
        "cache-08": 4.6493546315024386, 
        "cache-13": 3.7742236310953228
    }, 
    "24": {
        "cache-08": 4.6493546315024386, 
        "cache-13": 3.7742236310953228
    }, 
    "25": {
        "cache-08": 4.6493546315024386, 
        "cache-13": 3.7742236310953228
    }, 
    "26": {
        "cache-08": 4.6493546315024386, 
        "cache-13": 3.7742236310953228
    }, 
    "27": {
        "cache-08": 4.6493546315024386, 
        "cache-13": 3.7742236310953228
    }, 
    "28": {
        "cache-08": 4.6493546315024386, 
        "cache-13": 3.7742236310953228
    }, 
    "29": {
        "cache-08": 4.6493546315024386, 
        "cache-13": 3.7742236310953228
    }, 
    "30": {
        "cache-08": 4.6493546315024386, 
        "cache-13": 3.7742236310953228
    }, 
    "31": {
        "cache-08": 4.88905063594267, 
        "cache-13": 3.7754295936163307
    }, 
    "32": {
        "cache-08": 4.88905063594267, 
        "cache-13": 3.7754295936163307
    }, 
    "33": {
        "cache-08": 4.88905063594267, 
        "cache-13": 3.7754295936163307
    }, 
    "34": {
        "cache-08": 4.88905063594267, 
        "cache-13": 3.7754295936163307
    }, 
    "35": {
        "cache-08": 4.88905063594267, 
        "cache-13": 3.7754295936163307
    }, 
    "36": {
        "cache-08": 4.88905063594267, 
        "cache-13": 3.7754295936163307
    }, 
    "37": {
        "cache-08": 4.88905063594267, 
        "cache-13": 3.7754295936163307
    }, 
    "38": {
        "cache-08": 4.88905063594267, 
        "cache-13": 3.7754295936163307
    }, 
    "39": {
        "cache-08": 4.88905063594267, 
        "cache-13": 3.7754295936163307
    }, 
    "40": {
        "cache-08": 4.88905063594267, 
        "cache-13": 3.7754295936163307
    }, 
    "41": {
        "cache-08": 4.999761034539432, 
        "cache-13": 3.7258786366145413
    }, 
    "42": {
        "cache-08": 4.999761034539432, 
        "cache-13": 3.7258786366145413
    }, 
    "43": {
        "cache-08": 4.999761034539432, 
        "cache-13": 3.7258786366145413
    }, 
    "44": {
        "cache-08": 4.999761034539432, 
        "cache-13": 3.7258786366145413
    }, 
    "45": {
        "cache-08": 4.999761034539432, 
        "cache-13": 3.7258786366145413
    }, 
    "46": {
        "cache-08": 4.999761034539432, 
        "cache-13": 3.7258786366145413
    }, 
    "47": {
        "cache-08": 4.999761034539432, 
        "cache-13": 3.7258786366145413
    }, 
    "48": {
        "cache-08": 4.999761034539432, 
        "cache-13": 3.7258786366145413
    }, 
    "49": {
        "cache-08": 4.999761034539432, 
        "cache-13": 3.7258786366145413
    }, 
    "50": {
        "cache-08": 4.999761034539432, 
        "cache-13": 3.7258786366145413
    }, 
    "51": {
        "cache-08": 4.999926513449974, 
        "cache-13": 3.7134908973611354
    }, 
    "52": {
        "cache-08": 4.999926513449974, 
        "cache-13": 3.7134908973611354
    }, 
    "53": {
        "cache-08": 4.999926513449974, 
        "cache-13": 3.7134908973611354
    }, 
    "54": {
        "cache-08": 4.999926513449974, 
        "cache-13": 3.7134908973611354
    }, 
    "55": {
        "cache-08": 4.999926513449974, 
        "cache-13": 3.7134908973611354
    }, 
    "56": {
        "cache-08": 4.999926513449974, 
        "cache-13": 3.7134908973611354
    }, 
    "57": {
        "cache-08": 4.999926513449974, 
        "cache-13": 3.7134908973611354
    }, 
    "58": {
        "cache-08": 4.999926513449974, 
        "cache-13": 3.7134908973611354
    }, 
    "59": {
        "cache-08": 4.999926513449974, 
        "cache-13": 3.7134908973611354
    }, 
    "60": {
        "cache-08": 4.999926513449974, 
        "cache-13": 3.7134908973611354
    }, 
    "61": {
        "cache-08": 4.999950181635523, 
        "cache-13": 3.7134908973605674
    }, 
    "62": {
        "cache-08": 4.999950181635523, 
        "cache-13": 3.7134908973605674
    }, 
    "63": {
        "cache-08": 4.999950181635523, 
        "cache-13": 3.7134908973605674
    }, 
    "64": {
        "cache-08": 4.999950181635523, 
        "cache-13": 3.7134908973605674
    }, 
    "65": {
        "cache-08": 4.999950181635523, 
        "cache-13": 3.7134908973605674
    }, 
    "66": {
        "cache-08": 4.999950181635523, 
        "cache-13": 3.7134908973605674
    }, 
    "67": {
        "cache-08": 4.999950181635523, 
        "cache-13": 3.7134908973605674
    }, 
    "68": {
        "cache-08": 4.999950181635523, 
        "cache-13": 3.7134908973605674
    }, 
    "69": {
        "cache-08": 4.999950181635523, 
        "cache-13": 3.7134908973605674
    }, 
    "70": {
        "cache-08": 4.999950181635523, 
        "cache-13": 3.7134908973605674
    }, 
    "71": {
        "cache-08": 4.99995317300395, 
        "cache-13": 3.7134908973602836
    }, 
    "72": {
        "cache-08": 4.99995317300395, 
        "cache-13": 3.7134908973602836
    }, 
    "73": {
        "cache-08": 4.99995317300395, 
        "cache-13": 3.7134908973602836
    }, 
    "74": {
        "cache-08": 4.99995317300395, 
        "cache-13": 3.7134908973602836
    }, 
    "75": {
        "cache-08": 4.99995317300395, 
        "cache-13": 3.7134908973602836
    }, 
    "76": {
        "cache-08": 4.99995317300395, 
        "cache-13": 3.7134908973602836
    }, 
    "77": {
        "cache-08": 4.99995317300395, 
        "cache-13": 3.7134908973602836
    }, 
    "78": {
        "cache-08": 4.99995317300395, 
        "cache-13": 3.7134908973602836
    }, 
    "79": {
        "cache-08": 4.99995317300395, 
        "cache-13": 3.7134908973602836
    }, 
    "80": {
        "cache-08": 4.99995317300395, 
        "cache-13": 3.7134908973602836
    },