{
    "0": {
        "cache-05": 4, 
        "cache-09": 3.75
    }, 
    "1": {
        "cache-05": 4, 
        "cache-09": 4.01924457614013
    }, 
    "2": {
        "cache-05": 4, 
        "cache-09": 4.257345436160613
    }, 
    "3": {
        "cache-05": 4, 
        "cache-09": 4.531168450856528
    }, 
    "4": {
        "cache-05": 4, 
        "cache-09": 3.7504571475610016
    }, 
    "5": {
        "cache-05": 4, 
        "cache-09": 4.122951721871049
    }, 
    "6": {
        "cache-05": 4, 
        "cache-09": 4.4639715937117455
    }, 
    "7": {
        "cache-05": 4, 
        "cache-09": 4.7319625998823795
    }, 
    "8": {
        "cache-05": 4, 
        "cache-09": 4.8659581029676975
    }, 
    "9": {
        "cache-05": 4, 
        "cache-09": 4.932955854510356
    }, 
    "10": {
        "cache-05": 4, 
        "cache-09": 4.966454730281685
    }, 
    "11": {
        "cache-05": 4, 
        "cache-09": 4.885723097917063
    }, 
    "12": {
        "cache-05": 4, 
        "cache-09": 3.6928615489585317
    }, 
    "13": {
        "cache-05": 4.030230958761033, 
        "cache-09": 3.6928615489585317
    }, 
    "14": {
        "cache-05": 3.7348613236459913, 
        "cache-09": 3.6928615489585317
    }, 
    "15": {
        "cache-05": 3.352303583955733, 
        "cache-09": 3.6928615489585317
    }, 
    "16": {
        "cache-05": 3.352303583955733, 
        "cache-09": 3.566176618744741
    }, 
    "17": {
        "cache-05": 3.352303583955733, 
        "cache-09": 4.030811457462919
    }, 
    "18": {
        "cache-05": 3.352303583955733, 
        "cache-09": 4.515382531757966
    }, 
    "19": {
        "cache-05": 3.352303583955733, 
        "cache-09": 4.75766806890549
    }, 
    "20": {
        "cache-05": 3.352303583955733, 
        "cache-09": 4.878810837479252
    }, 
    "21": {
        "cache-05": 3.352303583955733, 
        "cache-09": 4.939382221766133
    }, 
    "22": {
        "cache-05": 3.352303583955733, 
        "cache-09": 4.969667913909573
    }, 
    "23": {
        "cache-05": 3.352303583955733, 
        "cache-09": 4.732557105045335
    }, 
    "24": {
        "cache-05": 3.352303583955733, 
        "cache-09": 4.510523128662798
    }, 
    "25": {
        "cache-05": 3.352303583955733, 
        "cache-09": 4.399506140471529
    }, 
    "26": {
        "cache-05": 3.352303583955733, 
        "cache-09": 4.602248803011985
    }, 
    "27": {
        "cache-05": 3.352303583955733, 
        "cache-09": 4.703620134282214
    }, 
    "28": {
        "cache-05": 3.352303583955733, 
        "cache-09": 4.599533215231656
    }, 
    "29": {
        "cache-05": 3.352303583955733, 
        "cache-09": 3.7846395297485653
    }, 
    "30": {
        "cache-05": 3.352303583955733, 
        "cache-09": 3.749457461022209
    }, 
    "31": {
        "cache-05": 3.352303583955733, 
        "cache-09": 4.018973306651235
    }, 
    "32": {
        "cache-05": 3.352303583955733, 
        "cache-09": 4.153731229465748
    }, 
    "33": {
        "cache-05": 3.352303583955733, 
        "cache-09": 4.3245887628234225
    }, 
    "34": {
        "cache-05": 3.352303583955733, 
        "cache-09": 4.306538957551842
    }, 
    "35": {
        "cache-05": 3.352303583955733, 
        "cache-09": 4.183500437536953
    }, 
    "36": {
        "cache-05": 3.352303583955733, 
        "cache-09": 4.339473366859025
    }, 
    "37": {
        "cache-05": 3.352303583955733, 
        "cache-09": 4.313981259569642
    }, 
    "38": {
        "cache-05": 3.352303583955733, 
        "cache-09": 4.187221588545853
    }, 
    "39": {
        "cache-05": 3.352303583955733, 
        "cache-09": 4.496106527049148
    }, 
    "40": {
        "cache-05": 3.352303583955733, 
        "cache-09": 4.650548996300795
    }, 
    "41": {
        "cache-05": 3.352303583955733, 
        "cache-09": 4.727770230926619
    }, 
    "42": {
        "cache-05": 3.352303583955733, 
        "cache-09": 4.50812969160344
    }, 
    "43": {
        "cache-05": 3.352303583955733, 
        "cache-09": 4.39830942194185
    }, 
    "44": {
        "cache-05": 3.352303583955733, 
        "cache-09": 4.446877859061473
    }, 
    "45": {
        "cache-05": 3.352303583955733, 
        "cache-09": 4.3676835056708665
    }, 
    "46": {
        "cache-05": 3.352303583955733, 
        "cache-09": 4.328086328975564
    }, 
    "47": {
        "cache-05": 3.352303583955733, 
        "cache-09": 4.308287740627913
    }, 
    "48": {
        "cache-05": 3.352303583955733, 
        "cache-09": 4.011281566461882
    }, 
    "49": {
        "cache-05": 3.352303583955733, 
        "cache-09": 4.408136516007162
    }, 
    "50": {
        "cache-05": 3.352303583955733, 
        "cache-09": 4.348312834143711
    }, 
    "51": {
        "cache-05": 3.352303583955733, 
        "cache-09": 4.318400993211986
    }, 
    "52": {
        "cache-05": 3.352303583955733, 
        "cache-09": 4.561696229382214
    }, 
    "53": {
        "cache-05": 3.352303583955733, 
        "cache-09": 4.683343847467328
    }, 
    "54": {
        "cache-05": 3.352303583955733, 
        "cache-09": 4.589395071824212
    }, 
    "55": {
        "cache-05": 3.352303583955733, 
        "cache-09": 4.438942112052237
    }, 
    "56": {
        "cache-05": 3.352303583955733, 
        "cache-09": 4.467194204116667
    }, 
    "57": {
        "cache-05": 3.352303583955733, 
        "cache-09": 4.636092834834555
    }, 
    "58": {
        "cache-05": 3.352303583955733, 
        "cache-09": 4.7205421501934985
    }, 
    "59": {
        "cache-05": 3.352303583955733, 
        "cache-09": 4.390502033857782
    }, 
    "60": {
        "cache-05": 3.352303583955733, 
        "cache-09": 4.225481975689924
    }, 
    "61": {
        "cache-05": 3.352303583955733, 
        "cache-09": 4.36046413593551
    }, 
    "62": {
        "cache-05": 3.352303583955733, 
        "cache-09": 4.037369764115681
    }, 
    "63": {
        "cache-05": 3.352303583955733, 
        "cache-09": 4.16292945819797
    }, 
    "64": {
        "cache-05": 3.352303583955733, 
        "cache-09": 4.225709305239116
    }, 
    "65": {
        "cache-05": 3.352303583955733, 
        "cache-09": 4.360577800710106
    }, 
    "66": {
        "cache-05": 3.352303583955733, 
        "cache-09": 4.582784633131274
    }, 
    "67": {
        "cache-05": 3.352303583955733, 
        "cache-09": 4.435636892705768
    }, 
    "68": {
        "cache-05": 3.352303583955733, 
        "cache-09": 4.248049405113916
    }, 
    "69": {
        "cache-05": 3.352303583955733, 
        "cache-09": 4.371747850647506
    }, 
    "70": {
        "cache-05": 3.352303583955733, 
        "cache-09": 4.330118501463883
    }, 
    "71": {
        "cache-05": 3.352303583955733, 
        "cache-09": 3.649932172864679
    }, 
    "72": {
        "cache-05": 3.352303583955733, 
        "cache-09": 4.2274618192085605
    }, 
    "73": {
        "cache-05": 3.352303583955733, 
        "cache-09": 4.613707712630788
    }, 
    "74": {
        "cache-05": 3.352303583955733, 
        "cache-09": 4.709349589091615
    }, 
    "75": {
        "cache-05": 3.352303583955733, 
        "cache-09": 4.602397942636356
    }, 
    "76": {
        "cache-05": 3.352303583955733, 
        "cache-09": 4.548922119408727
    }, 
    "77": {
        "cache-05": 3.352303583955733, 
        "cache-09": 4.418705635844494
    }, 
    "78": {
        "cache-05": 3.352303583955733, 
        "cache-09": 3.6942257400549843
    }, 
    "79": {
        "cache-05": 3.352303583955733, 
        "cache-09": 4.09483601811804
    }, 
    "80": {
        "cache-05": 3.352303583955733, 
        "cache-09": 4.0776489678200525
    }, 
    "81": {
        "cache-05": 3.352303583955733, 
        "cache-09": 4.441320216686247
    }, 
    "82": {
        "cache-05": 3.352303583955733, 
        "cache-09": 4.250891067104156
    }, 
    "83": {
        "cache-05": 3.352303583955733,