{
    "0": {
        "cache-03": 3.425085816596613, 
        "cache-07": 2.7035100975299997
    }, 
    "1": {
        "cache-03": 3.425085816596613, 
        "cache-07": 2.7035100975299997
    }, 
    "2": {
        "cache-03": 3.425085816596613, 
        "cache-07": 2.7035100975299997
    }, 
    "3": {
        "cache-03": 3.425085816596613, 
        "cache-07": 2.7035100975299997
    }, 
    "4": {
        "cache-03": 3.425085816596613, 
        "cache-07": 2.7035100975299997
    }, 
    "5": {
        "cache-03": 3.425085816596613, 
        "cache-07": 2.7035100975299997
    }, 
    "6": {
        "cache-03": 3.425085816596613, 
        "cache-07": 2.7035100975299997
    }, 
    "7": {
        "cache-03": 3.425085816596613, 
        "cache-07": 2.7035100975299997
    }, 
    "8": {
        "cache-03": 3.425085816596613, 
        "cache-07": 2.7035100975299997
    }, 
    "9": {
        "cache-03": 3.425085816596613, 
        "cache-07": 2.7035100975299997
    }, 
    "10": {
        "cache-03": 3.425085816596613, 
        "cache-07": 2.7035100975299997
    }, 
    "11": {
        "cache-03": 3.4483453308554086, 
        "cache-07": 3.24658936526
    }, 
    "12": {
        "cache-03": 3.4483453308554086, 
        "cache-07": 3.24658936526
    }, 
    "13": {
        "cache-03": 3.4483453308554086, 
        "cache-07": 3.24658936526
    }, 
    "14": {
        "cache-03": 3.4483453308554086, 
        "cache-07": 3.24658936526
    }, 
    "15": {
        "cache-03": 3.4483453308554086, 
        "cache-07": 3.24658936526
    }, 
    "16": {
        "cache-03": 3.4483453308554086, 
        "cache-07": 3.24658936526
    }, 
    "17": {
        "cache-03": 3.4483453308554086, 
        "cache-07": 3.24658936526
    }, 
    "18": {
        "cache-03": 3.4483453308554086, 
        "cache-07": 3.24658936526
    }, 
    "19": {
        "cache-03": 3.4483453308554086, 
        "cache-07": 3.24658936526
    }, 
    "20": {
        "cache-03": 3.4483453308554086, 
        "cache-07": 3.24658936526
    }, 
    "21": {
        "cache-03": 3.441509766710333, 
        "cache-07": 2.9970785384278766
    }, 
    "22": {
        "cache-03": 3.441509766710333, 
        "cache-07": 2.9970785384278766
    }, 
    "23": {
        "cache-03": 3.441509766710333, 
        "cache-07": 2.9970785384278766
    }, 
    "24": {
        "cache-03": 3.441509766710333, 
        "cache-07": 2.9970785384278766
    }, 
    "25": {
        "cache-03": 3.441509766710333, 
        "cache-07": 2.9970785384278766
    }, 
    "26": {
        "cache-03": 3.441509766710333, 
        "cache-07": 2.9970785384278766
    }, 
    "27": {
        "cache-03": 3.441509766710333, 
        "cache-07": 2.9970785384278766
    }, 
    "28": {
        "cache-03": 3.441509766710333, 
        "cache-07": 2.9970785384278766
    }, 
    "29": {
        "cache-03": 3.441509766710333, 
        "cache-07": 2.9970785384278766
    }, 
    "30": {
        "cache-03": 3.441509766710333, 
        "cache-07": 2.9970785384278766
    }, 
    "31": {
        "cache-03": 3.490915954713123, 
        "cache-07": 3.296574684365729
    }, 
    "32": {
        "cache-03": 3.490915954713123, 
        "cache-07": 3.296574684365729
    }, 
    "33": {
        "cache-03": 3.490915954713123, 
        "cache-07": 3.296574684365729
    }, 
    "34": {
        "cache-03": 3.490915954713123, 
        "cache-07": 3.296574684365729
    }, 
    "35": {
        "cache-03": 3.490915954713123, 
        "cache-07": 3.296574684365729
    }, 
    "36": {
        "cache-03": 3.490915954713123, 
        "cache-07": 3.296574684365729
    }, 
    "37": {
        "cache-03": 3.490915954713123, 
        "cache-07": 3.296574684365729
    }, 
    "38": {
        "cache-03": 3.490915954713123, 
        "cache-07": 3.296574684365729
    }, 
    "39": {
        "cache-03": 3.490915954713123, 
        "cache-07": 3.296574684365729
    }, 
    "40": {
        "cache-03": 3.490915954713123, 
        "cache-07": 3.296574684365729
    }, 
    "41": {
        "cache-03": 3.646604198302251, 
        "cache-07": 3.0961658104800316
    }, 
    "42": {
        "cache-03": 3.646604198302251, 
        "cache-07": 3.0961658104800316
    }, 
    "43": {
        "cache-03": 3.646604198302251, 
        "cache-07": 3.0961658104800316
    }, 
    "44": {
        "cache-03": 3.646604198302251, 
        "cache-07": 3.0961658104800316
    }, 
    "45": {
        "cache-03": 3.646604198302251, 
        "cache-07": 3.0961658104800316
    }, 
    "46": {
        "cache-03": 3.646604198302251, 
        "cache-07": 3.0961658104800316
    }, 
    "47": {
        "cache-03": 3.646604198302251, 
        "cache-07": 3.0961658104800316
    }, 
    "48": {
        "cache-03": 3.646604198302251, 
        "cache-07": 3.0961658104800316
    }, 
    "49": {
        "cache-03": 3.646604198302251, 
        "cache-07": 3.0961658104800316
    }, 
    "50": {
        "cache-03": 3.646604198302251, 
        "cache-07": 3.0961658104800316
    }, 
    "51": {
        "cache-03": 3.4438372768835475, 
        "cache-07": 3.0441858260440178
    }, 
    "52": {
        "cache-03": 3.4438372768835475, 
        "cache-07": 3.0441858260440178
    }, 
    "53": {
        "cache-03": 3.4438372768835475, 
        "cache-07": 3.0441858260440178
    }, 
    "54": {
        "cache-03": 3.4438372768835475, 
        "cache-07": 3.0441858260440178
    }, 
    "55": {
        "cache-03": 3.4438372768835475, 
        "cache-07": 3.0441858260440178
    }, 
    "56": {
        "cache-03": 3.4438372768835475, 
        "cache-07": 3.0441858260440178
    }, 
    "57": {
        "cache-03": 3.4438372768835475, 
        "cache-07": 3.0441858260440178
    }, 
    "58": {
        "cache-03": 3.4438372768835475, 
        "cache-07": 3.0441858260440178
    }, 
    "59": {
        "cache-03": 3.4438372768835475, 
        "cache-07": 3.0441858260440178
    }, 
    "60": {
        "cache-03": 3.4438372768835475, 
        "cache-07": 3.0441858260440178
    }, 
    "61": {
        "cache-03": 3.4397506590193405, 
        "cache-07": 3.0610814700353712
    }, 
    "62": {
        "cache-03": 3.4397506590193405, 
        "cache-07": 3.0610814700353712
    }, 
    "63": {
        "cache-03": 3.4397506590193405, 
        "cache-07": 3.0610814700353712
    }, 
    "64": {
        "cache-03": 3.4397506590193405, 
        "cache-07": 3.0610814700353712
    }, 
    "65": {
        "cache-03": 3.4397506590193405, 
        "cache-07": 3.0610814700353712
    }, 
    "66": {
        "cache-03": 3.4397506590193405, 
        "cache-07": 3.0610814700353712
    }, 
    "67": {
        "cache-03": 3.4397506590193405, 
        "cache-07": 3.0610814700353712
    }, 
    "68": {
        "cache-03": 3.4397506590193405, 
        "cache-07": 3.0610814700353712
    }, 
    "69": {
        "cache-03": 3.4397506590193405, 
        "cache-07": 3.0610814700353712
    }, 
    "70": {
        "cache-03": 3.4397506590193405, 
        "cache-07": 3.0610814700353712
    }, 
    "71": {
        "cache-03": 3.2045869095443784, 
        "cache-07": 3.4330337602536867
    }, 
    "72": {
        "cache-03": 3.2045869095443784, 
        "cache-07": 3.4330337602536867
    }, 
    "73": {
        "cache-03": 3.2045869095443784, 
        "cache-07": 3.4330337602536867
    }, 
    "74": {
        "cache-03": 3.2045869095443784, 
        "cache-07": 3.4330337602536867
    }, 
    "75": {
        "cache-03": 3.2045869095443784, 
        "cache-07": 3.4330337602536867
    }, 
    "76": {
        "cache-03": 3.2045869095443784, 
        "cache-07": 3.4330337602536867
    }, 
    "77": {
        "cache-03": 3.2045869095443784, 
        "cache-07": 3.4330337602536867
    }, 
    "78": {
        "cache-03": 3.2045869095443784, 
        "cache-07": 3.4330337602536867
    }, 
    "79": {
        "cache-03": 3.2045869095443784, 
        "cache-07": 3.4330337602536867
    }, 
    "80": {
        "cache-03": 3.2045869095443784, 
        "cache-07": 3.4330337602536867
    },