{
    "0": {
        "cache-05": 3.75, 
        "cache-07": 4
    }, 
    "1": {
        "cache-05": 3.594745844265475, 
        "cache-07": 4
    }, 
    "2": {
        "cache-05": 3.5171187663982124, 
        "cache-07": 4
    }, 
    "3": {
        "cache-05": 3.478305227464581, 
        "cache-07": 4
    }, 
    "4": {
        "cache-05": 3.4588984579977655, 
        "cache-07": 4
    }, 
    "5": {
        "cache-05": 3.586586925146809, 
        "cache-07": 4
    }, 
    "6": {
        "cache-05": 3.586586925146809, 
        "cache-07": 4.030230958761033
    }, 
    "7": {
        "cache-05": 3.586586925146809, 
        "cache-07": 3.2651154793805164
    }, 
    "8": {
        "cache-05": 3.278166384706142, 
        "cache-07": 3.2651154793805164
    }, 
    "9": {
        "cache-05": 3.4962208885009973, 
        "cache-07": 3.2651154793805164
    }, 
    "10": {
        "cache-05": 3.605248140398425, 
        "cache-07": 3.2651154793805164
    }, 
    "11": {
        "cache-05": 3.6597617663471387, 
        "cache-07": 3.2651154793805164
    }, 
    "12": {
        "cache-05": 3.687018579321496, 
        "cache-07": 3.2651154793805164
    }, 
    "13": {
        "cache-05": 3.700646985808674, 
        "cache-07": 3.2651154793805164
    }, 
    "14": {
        "cache-05": 3.880554451665369, 
        "cache-07": 3.2651154793805164
    }, 
    "15": {
        "cache-05": 3.970508184593717, 
        "cache-07": 3.2651154793805164
    }, 
    "16": {
        "cache-05": 4.01548505105789, 
        "cache-07": 3.2651154793805164
    }, 
    "17": {
        "cache-05": 4.037973484289978, 
        "cache-07": 3.2651154793805164
    }, 
    "18": {
        "cache-05": 3.876124438292915, 
        "cache-07": 3.2651154793805164
    }, 
    "19": {
        "cache-05": 3.7951999152943836, 
        "cache-07": 3.2651154793805164
    }, 
    "20": {
        "cache-05": 3.754737653795118, 
        "cache-07": 3.2651154793805164
    }, 
    "21": {
        "cache-05": 3.7345065230454852, 
        "cache-07": 3.2651154793805164
    }, 
    "22": {
        "cache-05": 3.7243909576706686, 
        "cache-07": 3.2651154793805164
    }, 
    "23": {
        "cache-05": 3.8924264375963666, 
        "cache-07": 3.2651154793805164
    }, 
    "24": {
        "cache-05": 3.9764441775592156, 
        "cache-07": 3.2651154793805164
    }, 
    "25": {
        "cache-05": 4.01845304754064, 
        "cache-07": 3.2651154793805164
    }, 
    "26": {
        "cache-05": 4.039457482531352, 
        "cache-07": 3.2651154793805164
    }, 
    "27": {
        "cache-05": 4.049959700026708, 
        "cache-07": 3.2651154793805164
    }, 
    "28": {
        "cache-05": 4.055210808774387, 
        "cache-07": 3.2651154793805164
    }, 
    "29": {
        "cache-05": 4.057836363148226, 
        "cache-07": 3.2651154793805164
    }, 
    "30": {
        "cache-05": 4.059149140335146, 
        "cache-07": 3.2651154793805164
    }, 
    "31": {
        "cache-05": 4.059805528928605, 
        "cache-07": 3.2651154793805164
    }, 
    "32": {
        "cache-05": 4.060133723225334, 
        "cache-07": 3.2651154793805164
    }, 
    "33": {
        "cache-05": 4.0602978203737, 
        "cache-07": 3.2651154793805164
    }, 
    "34": {
        "cache-05": 4.060379868947882, 
        "cache-07": 3.2651154793805164
    }, 
    "35": {
        "cache-05": 3.887327630621867, 
        "cache-07": 3.2651154793805164
    }, 
    "36": {
        "cache-05": 3.973894774071966, 
        "cache-07": 3.2651154793805164
    }, 
    "37": {
        "cache-05": 4.017178345797015, 
        "cache-07": 3.2651154793805164
    }, 
    "38": {
        "cache-05": 4.03882013165954, 
        "cache-07": 3.2651154793805164
    }, 
    "39": {
        "cache-05": 4.049641024590802, 
        "cache-07": 3.2651154793805164
    }, 
    "40": {
        "cache-05": 4.055051471056434, 
        "cache-07": 3.2651154793805164
    }, 
    "41": {
        "cache-05": 4.05775669428925, 
        "cache-07": 3.2651154793805164
    }, 
    "42": {
        "cache-05": 4.0591093059056575, 
        "cache-07": 3.2651154793805164
    }, 
    "43": {
        "cache-05": 4.0597856117138615, 
        "cache-07": 3.2651154793805164
    }, 
    "44": {
        "cache-05": 4.060123764617963, 
        "cache-07": 3.2651154793805164
    }, 
    "45": {
        "cache-05": 4.060292841070014, 
        "cache-07": 3.2651154793805164
    }, 
    "46": {
        "cache-05": 4.060377379296039, 
        "cache-07": 3.2651154793805164
    }, 
    "47": {
        "cache-05": 4.060419648409052, 
        "cache-07": 3.2651154793805164
    }, 
    "48": {
        "cache-05": 4.060440782965559, 
        "cache-07": 3.2651154793805164
    }, 
    "49": {
        "cache-05": 4.060451350243811, 
        "cache-07": 3.2651154793805164
    }, 
    "50": {
        "cache-05": 4.0604566338829375, 
        "cache-07": 3.2651154793805164
    }, 
    "51": {
        "cache-05": 4.060459275702501, 
        "cache-07": 3.2651154793805164
    }, 
    "52": {
        "cache-05": 4.060460596612282, 
        "cache-07": 3.2651154793805164
    }, 
    "53": {
        "cache-05": 4.060461257067173, 
        "cache-07": 3.2651154793805164
    }, 
    "54": {
        "cache-05": 4.060461587294618, 
        "cache-07": 3.2651154793805164
    }, 
    "55": {
        "cache-05": 4.060461752408342, 
        "cache-07": 3.2651154793805164
    }, 
    "56": {
        "cache-05": 4.060461834965203, 
        "cache-07": 3.2651154793805164
    }, 
    "57": {
        "cache-05": 4.060461876243634, 
        "cache-07": 3.2651154793805164
    }, 
    "58": {
        "cache-05": 3.8873686342697433, 
        "cache-07": 3.2651154793805164
    }, 
    "59": {
        "cache-05": 3.973915275895904, 
        "cache-07": 3.2651154793805164
    }, 
    "60": {
        "cache-05": 4.017188596708984, 
        "cache-07": 3.2651154793805164
    }, 
    "61": {
        "cache-05": 4.0388252571155245, 
        "cache-07": 3.2651154793805164
    }, 
    "62": {
        "cache-05": 4.049643587318794, 
        "cache-07": 3.2651154793805164
    }, 
    "63": {
        "cache-05": 4.05505275242043, 
        "cache-07": 3.2651154793805164
    }, 
    "64": {
        "cache-05": 4.057757334971248, 
        "cache-07": 3.2651154793805164
    }, 
    "65": {
        "cache-05": 4.059109626246656, 
        "cache-07": 3.2651154793805164
    }, 
    "66": {
        "cache-05": 4.059785771884361, 
        "cache-07": 3.2651154793805164
    }, 
    "67": {
        "cache-05": 4.060123844703213, 
        "cache-07": 3.2651154793805164
    }, 
    "68": {
        "cache-05": 4.060292881112639, 
        "cache-07": 3.2651154793805164
    }, 
    "69": {
        "cache-05": 4.0603773993173515, 
        "cache-07": 3.2651154793805164
    }, 
    "70": {
        "cache-05": 4.060419658419708, 
        "cache-07": 3.2651154793805164
    }, 
    "71": {
        "cache-05": 4.060440787970887, 
        "cache-07": 3.2651154793805164
    }, 
    "72": {
        "cache-05": 4.060451352746476, 
        "cache-07": 3.2651154793805164
    }, 
    "73": {
        "cache-05": 4.060456635134271, 
        "cache-07": 3.2651154793805164
    }, 
    "74": {
        "cache-05": 4.060459276328167, 
        "cache-07": 3.2651154793805164
    }, 
    "75": {
        "cache-05": 4.060460596925116, 
        "cache-07": 3.2651154793805164
    }, 
    "76": {
        "cache-05": 4.06046125722359, 
        "cache-07": 3.2651154793805164
    }, 
    "77": {
        "cache-05": 3.8873683247597213, 
        "cache-07": 3.2651154793805164
    }, 
    "78": {
        "cache-05": 3.8008218585277866, 
        "cache-07": 3.2651154793805164
    }, 
    "79": {
        "cache-05": 3.7575486254118196, 
        "cache-07": 3.2651154793805164
    }, 
    "80": {
        "cache-05": 3.735912008853836, 
        "cache-07": 3.2651154793805164
    }, 
    "81": {
        "cache-05": 3.725093700574844,