{
    "0": {
        "cache-02": 3.75, 
        "cache-08": 4
    }, 
    "1": {
        "cache-02": 4.01924457614013, 
        "cache-08": 4
    }, 
    "2": {
        "cache-02": 4.412118020846286, 
        "cache-08": 4
    }, 
    "3": {
        "cache-02": 4.706035813449651, 
        "cache-08": 4
    }, 
    "4": {
        "cache-02": 4.852994709751332, 
        "cache-08": 4
    }, 
    "5": {
        "cache-02": 4.926474157902174, 
        "cache-08": 4
    }, 
    "6": {
        "cache-02": 4.963213881977595, 
        "cache-08": 4
    }, 
    "7": {
        "cache-02": 4.981583744015305, 
        "cache-08": 4
    }, 
    "8": {
        "cache-02": 4.990768675034159, 
        "cache-08": 4
    }, 
    "9": {
        "cache-02": 4.9953611405435865, 
        "cache-08": 4
    }, 
    "10": {
        "cache-02": 4.997657373298301, 
        "cache-08": 4
    }, 
    "11": {
        "cache-02": 4.998805489675657, 
        "cache-08": 4
    }, 
    "12": {
        "cache-02": 4.999379547864336, 
        "cache-08": 4
    }, 
    "13": {
        "cache-02": 4.999666576958676, 
        "cache-08": 4
    }, 
    "14": {
        "cache-02": 4.999810091505845, 
        "cache-08": 4
    }, 
    "15": {
        "cache-02": 4.999881848779429, 
        "cache-08": 4
    }, 
    "16": {
        "cache-02": 4.999917727416221, 
        "cache-08": 4
    }, 
    "17": {
        "cache-02": 4.999935666734618, 
        "cache-08": 4
    }, 
    "18": {
        "cache-02": 4.999944636393817, 
        "cache-08": 4
    }, 
    "19": {
        "cache-02": 4.999949121223416, 
        "cache-08": 4
    }, 
    "20": {
        "cache-02": 4.999951363638216, 
        "cache-08": 4
    }, 
    "21": {
        "cache-02": 4.999952484845615, 
        "cache-08": 4
    }, 
    "22": {
        "cache-02": 4.999953045449315, 
        "cache-08": 4
    }, 
    "23": {
        "cache-02": 4.999953325751164, 
        "cache-08": 4
    }, 
    "24": {
        "cache-02": 4.99995346590209, 
        "cache-08": 4
    }, 
    "25": {
        "cache-02": 4.999953535977552, 
        "cache-08": 4
    }, 
    "26": {
        "cache-02": 4.999953571015283, 
        "cache-08": 4
    }, 
    "27": {
        "cache-02": 4.999953588534149, 
        "cache-08": 4
    }, 
    "28": {
        "cache-02": 4.999953597293581, 
        "cache-08": 4
    }, 
    "29": {
        "cache-02": 4.9999536016732975, 
        "cache-08": 4
    }, 
    "30": {
        "cache-02": 4.9999536038631565, 
        "cache-08": 4
    }, 
    "31": {
        "cache-02": 4.999953604958085, 
        "cache-08": 4
    }, 
    "32": {
        "cache-02": 4.999953605505549, 
        "cache-08": 4
    }, 
    "33": {
        "cache-02": 4.999953605779282, 
        "cache-08": 4
    }, 
    "34": {
        "cache-02": 4.999953605916149, 
        "cache-08": 4
    }, 
    "35": {
        "cache-02": 4.999953605984581, 
        "cache-08": 4
    }, 
    "36": {
        "cache-02": 4.9999536060187975, 
        "cache-08": 4
    }, 
    "37": {
        "cache-02": 4.9999536060359056, 
        "cache-08": 4
    }, 
    "38": {
        "cache-02": 4.9999536060444605, 
        "cache-08": 4
    }, 
    "39": {
        "cache-02": 4.999953606048738, 
        "cache-08": 4
    }, 
    "40": {
        "cache-02": 4.999953606050877, 
        "cache-08": 4
    }, 
    "41": {
        "cache-02": 4.999953606051946, 
        "cache-08": 4
    }, 
    "42": {
        "cache-02": 4.999953606052481, 
        "cache-08": 4
    }, 
    "43": {
        "cache-02": 4.999953606052747, 
        "cache-08": 4
    }, 
    "44": {
        "cache-02": 4.99995360605288, 
        "cache-08": 4
    }, 
    "45": {
        "cache-02": 4.999953606052948, 
        "cache-08": 4
    }, 
    "46": {
        "cache-02": 4.999953606052982, 
        "cache-08": 4
    }, 
    "47": {
        "cache-02": 4.999953606052998, 
        "cache-08": 4
    }, 
    "48": {
        "cache-02": 4.9999536060530065, 
        "cache-08": 4
    }, 
    "49": {
        "cache-02": 4.99995360605301, 
        "cache-08": 4
    }, 
    "50": {
        "cache-02": 4.999953606053012, 
        "cache-08": 4
    }, 
    "51": {
        "cache-02": 4.999953606053014, 
        "cache-08": 4
    }, 
    "52": {
        "cache-02": 4.999953606053014, 
        "cache-08": 4
    }, 
    "53": {
        "cache-02": 4.999953606053014, 
        "cache-08": 4
    }, 
    "54": {
        "cache-02": 4.999953606053014, 
        "cache-08": 4
    }, 
    "55": {
        "cache-02": 4.999953606053014, 
        "cache-08": 4
    }, 
    "56": {
        "cache-02": 4.999953606053014, 
        "cache-08": 4
    }, 
    "57": {
        "cache-02": 4.999953606053014, 
        "cache-08": 4
    }, 
    "58": {
        "cache-02": 4.999953606053014, 
        "cache-08": 4
    }, 
    "59": {
        "cache-02": 4.999953606053014, 
        "cache-08": 4
    }, 
    "60": {
        "cache-02": 4.999953606053014, 
        "cache-08": 4
    }, 
    "61": {
        "cache-02": 4.999953606053014, 
        "cache-08": 4
    }, 
    "62": {
        "cache-02": 4.999953606053014, 
        "cache-08": 4
    }, 
    "63": {
        "cache-02": 4.999953606053014, 
        "cache-08": 4
    }, 
    "64": {
        "cache-02": 4.999953606053014, 
        "cache-08": 4
    }, 
    "65": {
        "cache-02": 4.999953606053014, 
        "cache-08": 4
    }, 
    "66": {
        "cache-02": 4.999953606053014, 
        "cache-08": 4
    }, 
    "67": {
        "cache-02": 4.999953606053014, 
        "cache-08": 4
    }, 
    "68": {
        "cache-02": 4.999953606053014, 
        "cache-08": 4
    }, 
    "69": {
        "cache-02": 4.999953606053014, 
        "cache-08": 4
    }, 
    "70": {
        "cache-02": 4.999953606053014, 
        "cache-08": 4
    }, 
    "71": {
        "cache-02": 4.999953606053014, 
        "cache-08": 4
    }, 
    "72": {
        "cache-02": 4.999953606053014, 
        "cache-08": 4
    }, 
    "73": {
        "cache-02": 4.999953606053014, 
        "cache-08": 4
    }, 
    "74": {
        "cache-02": 4.999953606053014, 
        "cache-08": 4
    }, 
    "75": {
        "cache-02": 4.999953606053014, 
        "cache-08": 4
    }, 
    "76": {
        "cache-02": 4.999953606053014, 
        "cache-08": 4
    }, 
    "77": {
        "cache-02": 4.999953606053014, 
        "cache-08": 4
    }, 
    "78": {
        "cache-02": 4.999953606053014, 
        "cache-08": 4
    }, 
    "79": {
        "cache-02": 4.999953606053014, 
        "cache-08": 4
    }, 
    "80": {
        "cache-02": 4.999953606053014, 
        "cache-08": 4
    }, 
    "81": {
        "cache-02": 4.999953606053014, 
        "cache-08": 4
    }, 
    "82": {
        "cache-02": 4.999953606053014, 
        "cache-08": 4
    }, 
    "83": {
        "cache-02": 4.999953606053014, 
        "cache-08": 4
    }, 
    "84": {
        "cache-02": 4.999953606053014, 
        "cache-08": 4
    }, 
    "85": {
        "cache-02": 4.999953606053014, 
        "cache-08": 4
    }, 
    "86": {
        "cache-02": 4.999953606053014, 
        "cache-08": 4
    }, 
    "87": {
        "cache-02": 4.999953606053014, 
        "cache-08": 4
    }, 
    "88": {
        "cache-02": 4.999953606053014, 
        "cache-08": 4
    }, 
    "89": {
        "cache-02": 4.999953606053014, 
        "cache-08": 4
    }, 
    "90": {
        "cache-02": 4.999953606053014, 
        "cache-08": 4
    }, 
    "91": {
        "cache-02": 4.999953606053014, 
        "cache-08": 4
    }, 
    "92": {
        "cache-02": 4.999953606053014, 
        "cache-08": 4
    }, 
    "93": {
        "cache-02": 4.999953606053014, 
        "cache-08": 4
    }, 
    "94": {
        "cache-02": 4.999953606053014, 
        "cache-08": 4
    }, 
    "95": {
        "cache-02": 4.999953606053014, 
        "cache-08": 4
    }, 
    "96": {
        "cache-02": 4.999953606053014, 
        "cache-08": 4
    }, 
    "97": {
        "cache-02": 4.999953606053014,