{
    "0": {
        "cache-07": 3.75, 
        "cache-11": 4
    }, 
    "1": {
        "cache-07": 4.122723148090548, 
        "cache-11": 4
    }, 
    "2": {
        "cache-07": 4.561338377071781, 
        "cache-11": 4
    }, 
    "3": {
        "cache-07": 4.780645991562398, 
        "cache-11": 4
    }, 
    "4": {
        "cache-07": 4.890299798807707, 
        "cache-11": 4
    }, 
    "5": {
        "cache-07": 4.945126702430361, 
        "cache-11": 4
    }, 
    "6": {
        "cache-07": 4.972540154241688, 
        "cache-11": 4
    }, 
    "7": {
        "cache-07": 4.7339932252113925, 
        "cache-11": 4
    }, 
    "8": {
        "cache-07": 4.769492345381917, 
        "cache-11": 4
    }, 
    "9": {
        "cache-07": 4.632469320781507, 
        "cache-11": 4
    }, 
    "10": {
        "cache-07": 4.816211463417261, 
        "cache-11": 4
    }, 
    "11": {
        "cache-07": 4.655828879799179, 
        "cache-11": 4
    }, 
    "12": {
        "cache-07": 4.47215901603972, 
        "cache-11": 4
    }, 
    "13": {
        "cache-07": 4.266310466780892, 
        "cache-11": 4
    }, 
    "14": {
        "cache-07": 4.277399809530577, 
        "cache-11": 4
    }, 
    "15": {
        "cache-07": 4.386423052855837, 
        "cache-11": 4
    }, 
    "16": {
        "cache-07": 4.59570725920414, 
        "cache-11": 4
    }, 
    "17": {
        "cache-07": 4.545576777692618, 
        "cache-11": 4
    }, 
    "18": {
        "cache-07": 4.772765191872816, 
        "cache-11": 4
    }, 
    "19": {
        "cache-07": 4.788878328712629, 
        "cache-11": 4
    }, 
    "20": {
        "cache-07": 4.642162312446863, 
        "cache-11": 4
    }, 
    "21": {
        "cache-07": 4.723576888999652, 
        "cache-11": 4
    }, 
    "22": {
        "cache-07": 4.861765247526334, 
        "cache-11": 4
    }, 
    "23": {
        "cache-07": 4.930859426789674, 
        "cache-11": 4
    }, 
    "24": {
        "cache-07": 4.867925446171058, 
        "cache-11": 4
    }, 
    "25": {
        "cache-07": 4.8364584558617505, 
        "cache-11": 4
    }, 
    "26": {
        "cache-07": 4.918206030957382, 
        "cache-11": 4
    }, 
    "27": {
        "cache-07": 4.959079818505199, 
        "cache-11": 4
    }, 
    "28": {
        "cache-07": 4.8820356420288205, 
        "cache-11": 4
    }, 
    "29": {
        "cache-07": 4.5852623971545405, 
        "cache-11": 4
    }, 
    "30": {
        "cache-07": 4.540354346667819, 
        "cache-11": 4
    }, 
    "31": {
        "cache-07": 4.770153976360417, 
        "cache-11": 4
    }, 
    "32": {
        "cache-07": 4.78757272095643, 
        "cache-11": 4
    }, 
    "33": {
        "cache-07": 4.796282093254436, 
        "cache-11": 4
    }, 
    "34": {
        "cache-07": 4.800636779403439, 
        "cache-11": 4
    }, 
    "35": {
        "cache-07": 4.648041537792268, 
        "cache-11": 4
    }, 
    "36": {
        "cache-07": 4.726516501672355, 
        "cache-11": 4
    }, 
    "37": {
        "cache-07": 4.765753983612399, 
        "cache-11": 4
    }, 
    "38": {
        "cache-07": 4.7853727245824205, 
        "cache-11": 4
    }, 
    "39": {
        "cache-07": 4.795182095067432, 
        "cache-11": 4
    }, 
    "40": {
        "cache-07": 4.645314195624264, 
        "cache-11": 4
    }, 
    "41": {
        "cache-07": 4.352888056573164, 
        "cache-11": 4
    }, 
    "42": {
        "cache-07": 4.206674987047615, 
        "cache-11": 4
    }, 
    "43": {
        "cache-07": 4.247582069663938, 
        "cache-11": 4
    }, 
    "44": {
        "cache-07": 4.623767837858477, 
        "cache-11": 4
    }, 
    "45": {
        "cache-07": 4.456128495069368, 
        "cache-11": 4
    }, 
    "46": {
        "cache-07": 4.4757873956252325, 
        "cache-11": 4
    }, 
    "47": {
        "cache-07": 4.382138273952746, 
        "cache-11": 4
    }, 
    "48": {
        "cache-07": 4.335313713116504, 
        "cache-11": 4
    }, 
    "49": {
        "cache-07": 4.4153800046488, 
        "cache-11": 4
    }, 
    "50": {
        "cache-07": 4.3519345784645305, 
        "cache-11": 4
    }, 
    "51": {
        "cache-07": 4.423690437322813, 
        "cache-11": 4
    }, 
    "52": {
        "cache-07": 4.614340951437628, 
        "cache-11": 4
    }, 
    "53": {
        "cache-07": 4.451415051858945, 
        "cache-11": 4
    }, 
    "54": {
        "cache-07": 4.082845222077399, 
        "cache-11": 4
    }, 
    "55": {
        "cache-07": 4.071653569799732, 
        "cache-11": 4
    }, 
    "56": {
        "cache-07": 4.2835499329904145, 
        "cache-11": 4
    }, 
    "57": {
        "cache-07": 4.286019542635337, 
        "cache-11": 4
    }, 
    "58": {
        "cache-07": 4.173240730078701, 
        "cache-11": 4
    }, 
    "59": {
        "cache-07": 4.230864941179481, 
        "cache-11": 4
    }, 
    "60": {
        "cache-07": 4.6154092736162475, 
        "cache-11": 4
    }, 
    "61": {
        "cache-07": 4.8076814398346315, 
        "cache-11": 4
    }, 
    "62": {
        "cache-07": 4.651563868007864, 
        "cache-11": 4
    }, 
    "63": {
        "cache-07": 4.825758737030439, 
        "cache-11": 4
    }, 
    "64": {
        "cache-07": 4.660602516605768, 
        "cache-11": 4
    }, 
    "65": {
        "cache-07": 4.474545834443014, 
        "cache-11": 4
    }, 
    "66": {
        "cache-07": 4.381517493361637, 
        "cache-11": 4
    }, 
    "67": {
        "cache-07": 4.220989705441851, 
        "cache-11": 4
    }, 
    "68": {
        "cache-07": 4.254739428861056, 
        "cache-11": 4
    }, 
    "69": {
        "cache-07": 4.529865447206749, 
        "cache-11": 4
    }, 
    "70": {
        "cache-07": 4.667428456379596, 
        "cache-11": 4
    }, 
    "71": {
        "cache-07": 4.581437376280347, 
        "cache-11": 4
    }, 
    "72": {
        "cache-07": 4.693214420916394, 
        "cache-11": 4
    }, 
    "73": {
        "cache-07": 4.846584013484705, 
        "cache-11": 4
    }, 
    "74": {
        "cache-07": 4.8257877395185735, 
        "cache-11": 4
    }, 
    "75": {
        "cache-07": 4.815389602535507, 
        "cache-11": 4
    }, 
    "76": {
        "cache-07": 4.810190534043975, 
        "cache-11": 4
    }, 
    "77": {
        "cache-07": 4.549339843162118, 
        "cache-11": 4
    }, 
    "78": {
        "cache-07": 4.304900880342091, 
        "cache-11": 4
    }, 
    "79": {
        "cache-07": 4.009588136318971, 
        "cache-11": 4
    }, 
    "80": {
        "cache-07": 3.861931764307412, 
        "cache-11": 4
    }, 
    "81": {
        "cache-07": 3.861931764307412, 
        "cache-11": 4.499976803026508
    }, 
    "82": {
        "cache-07": 3.861931764307412, 
        "cache-11": 4.652484134289475
    }, 
    "83": {
        "cache-07": 3.861931764307412, 
        "cache-11": 4.470486643284868
    }, 
    "84": {
        "cache-07": 3.861931764307412, 
        "cache-11": 4.265474280403467
    }, 
    "85": {
        "cache-07": 3.861931764307412, 
        "cache-11": 4.162968098962766
    }, 
    "86": {
        "cache-07": 3.861931764307412, 
        "cache-11": 4.111715008242415
    }, 
    "87": {
        "cache-07": 3.861931764307412, 
        "cache-11": 4.086088462882239
    }, 
    "88": {
        "cache-07": 3.861931764307412, 
        "cache-11": 3.900181927589046
    }, 
    "89": {
        "cache-07": 3.861931764307412, 
        "cache-11": 3.9803219225555555
    }, 
    "90": {
        "cache-07": 3.861931764307412, 
        "cache-11": 4.02039192003881
    }, 
    "91": {
        "cache-07": 3.861931764307412, 
        "cache-11": 4.040426918780437
    }, 
    "92": {
        "cache-07": 3.861931764307412, 
        "cache-11": 3.8773511555381446
    }, 
    "93": {
        "cache-07": 3.861931764307412, 
        "cache-11": 3.7958132739169983
    }, 
    "94": {
        "cache-07": 4.075210458293836, 
        "cache-11": 3.7958132739169983
    },