{
    "0": {
        "cache-09": 3.8338854144162258, 
        "cache-11": 4.281138423907102
    }, 
    "1": {
        "cache-09": 3.8338854144162258, 
        "cache-11": 4.281138423907102
    }, 
    "2": {
        "cache-09": 3.8338854144162258, 
        "cache-11": 4.281138423907102
    }, 
    "3": {
        "cache-09": 3.8338854144162258, 
        "cache-11": 4.281138423907102
    }, 
    "4": {
        "cache-09": 3.8338854144162258, 
        "cache-11": 4.281138423907102
    }, 
    "5": {
        "cache-09": 3.8338854144162258, 
        "cache-11": 4.281138423907102
    }, 
    "6": {
        "cache-09": 3.8338854144162258, 
        "cache-11": 4.281138423907102
    }, 
    "7": {
        "cache-09": 3.8338854144162258, 
        "cache-11": 4.281138423907102
    }, 
    "8": {
        "cache-09": 3.8338854144162258, 
        "cache-11": 4.281138423907102
    }, 
    "9": {
        "cache-09": 3.8338854144162258, 
        "cache-11": 4.281138423907102
    }, 
    "10": {
        "cache-09": 3.8338854144162258, 
        "cache-11": 4.281138423907102
    }, 
    "11": {
        "cache-09": 4.132627259731915, 
        "cache-11": 4.29485661709619
    }, 
    "12": {
        "cache-09": 4.132627259731915, 
        "cache-11": 4.29485661709619
    }, 
    "13": {
        "cache-09": 4.132627259731915, 
        "cache-11": 4.29485661709619
    }, 
    "14": {
        "cache-09": 4.132627259731915, 
        "cache-11": 4.29485661709619
    }, 
    "15": {
        "cache-09": 4.132627259731915, 
        "cache-11": 4.29485661709619
    }, 
    "16": {
        "cache-09": 4.132627259731915, 
        "cache-11": 4.29485661709619
    }, 
    "17": {
        "cache-09": 4.132627259731915, 
        "cache-11": 4.29485661709619
    }, 
    "18": {
        "cache-09": 4.132627259731915, 
        "cache-11": 4.29485661709619
    }, 
    "19": {
        "cache-09": 4.132627259731915, 
        "cache-11": 4.29485661709619
    }, 
    "20": {
        "cache-09": 4.132627259731915, 
        "cache-11": 4.29485661709619
    }, 
    "21": {
        "cache-09": 4.999102412457665, 
        "cache-11": 4.26587153587125
    }, 
    "22": {
        "cache-09": 4.999102412457665, 
        "cache-11": 4.26587153587125
    }, 
    "23": {
        "cache-09": 4.999102412457665, 
        "cache-11": 4.26587153587125
    }, 
    "24": {
        "cache-09": 4.999102412457665, 
        "cache-11": 4.26587153587125
    }, 
    "25": {
        "cache-09": 4.999102412457665, 
        "cache-11": 4.26587153587125
    }, 
    "26": {
        "cache-09": 4.999102412457665, 
        "cache-11": 4.26587153587125
    }, 
    "27": {
        "cache-09": 4.999102412457665, 
        "cache-11": 4.26587153587125
    }, 
    "28": {
        "cache-09": 4.999102412457665, 
        "cache-11": 4.26587153587125
    }, 
    "29": {
        "cache-09": 4.999102412457665, 
        "cache-11": 4.26587153587125
    }, 
    "30": {
        "cache-09": 4.999102412457665, 
        "cache-11": 4.26587153587125
    }, 
    "31": {
        "cache-09": 4.999648335609436, 
        "cache-11": 4.270511268847812
    }, 
    "32": {
        "cache-09": 4.999648335609436, 
        "cache-11": 4.270511268847812
    }, 
    "33": {
        "cache-09": 4.999648335609436, 
        "cache-11": 4.270511268847812
    }, 
    "34": {
        "cache-09": 4.999648335609436, 
        "cache-11": 4.270511268847812
    }, 
    "35": {
        "cache-09": 4.999648335609436, 
        "cache-11": 4.270511268847812
    }, 
    "36": {
        "cache-09": 4.999648335609436, 
        "cache-11": 4.270511268847812
    }, 
    "37": {
        "cache-09": 4.999648335609436, 
        "cache-11": 4.270511268847812
    }, 
    "38": {
        "cache-09": 4.999648335609436, 
        "cache-11": 4.270511268847812
    }, 
    "39": {
        "cache-09": 4.999648335609436, 
        "cache-11": 4.270511268847812
    }, 
    "40": {
        "cache-09": 4.999648335609436, 
        "cache-11": 4.270511268847812
    }, 
    "41": {
        "cache-09": 4.999389677918259, 
        "cache-11": 4.221484718604453
    }, 
    "42": {
        "cache-09": 4.999389677918259, 
        "cache-11": 4.221484718604453
    }, 
    "43": {
        "cache-09": 4.999389677918259, 
        "cache-11": 4.221484718604453
    }, 
    "44": {
        "cache-09": 4.999389677918259, 
        "cache-11": 4.221484718604453
    }, 
    "45": {
        "cache-09": 4.999389677918259, 
        "cache-11": 4.221484718604453
    }, 
    "46": {
        "cache-09": 4.999389677918259, 
        "cache-11": 4.221484718604453
    }, 
    "47": {
        "cache-09": 4.999389677918259, 
        "cache-11": 4.221484718604453
    }, 
    "48": {
        "cache-09": 4.999389677918259, 
        "cache-11": 4.221484718604453
    }, 
    "49": {
        "cache-09": 4.999389677918259, 
        "cache-11": 4.221484718604453
    }, 
    "50": {
        "cache-09": 4.999389677918259, 
        "cache-11": 4.221484718604453
    }, 
    "51": {
        "cache-09": 4.9965766781756, 
        "cache-11": 4.113134696291113
    }, 
    "52": {
        "cache-09": 4.9965766781756, 
        "cache-11": 4.113134696291113
    }, 
    "53": {
        "cache-09": 4.9965766781756, 
        "cache-11": 4.113134696291113
    }, 
    "54": {
        "cache-09": 4.9965766781756, 
        "cache-11": 4.113134696291113
    }, 
    "55": {
        "cache-09": 4.9965766781756, 
        "cache-11": 4.113134696291113
    }, 
    "56": {
        "cache-09": 4.9965766781756, 
        "cache-11": 4.113134696291113
    }, 
    "57": {
        "cache-09": 4.9965766781756, 
        "cache-11": 4.113134696291113
    }, 
    "58": {
        "cache-09": 4.9965766781756, 
        "cache-11": 4.113134696291113
    }, 
    "59": {
        "cache-09": 4.9965766781756, 
        "cache-11": 4.113134696291113
    }, 
    "60": {
        "cache-09": 4.9965766781756, 
        "cache-11": 4.113134696291113
    }, 
    "61": {
        "cache-09": 4.999548216080621, 
        "cache-11": 4.055823229015278
    }, 
    "62": {
        "cache-09": 4.999548216080621, 
        "cache-11": 4.055823229015278
    }, 
    "63": {
        "cache-09": 4.999548216080621, 
        "cache-11": 4.055823229015278
    }, 
    "64": {
        "cache-09": 4.999548216080621, 
        "cache-11": 4.055823229015278
    }, 
    "65": {
        "cache-09": 4.999548216080621, 
        "cache-11": 4.055823229015278
    }, 
    "66": {
        "cache-09": 4.999548216080621, 
        "cache-11": 4.055823229015278
    }, 
    "67": {
        "cache-09": 4.999548216080621, 
        "cache-11": 4.055823229015278
    }, 
    "68": {
        "cache-09": 4.999548216080621, 
        "cache-11": 4.055823229015278
    }, 
    "69": {
        "cache-09": 4.999548216080621, 
        "cache-11": 4.055823229015278
    }, 
    "70": {
        "cache-09": 4.999548216080621, 
        "cache-11": 4.055823229015278
    }, 
    "71": {
        "cache-09": 4.876611600738348, 
        "cache-11": 4.04149536219882
    }, 
    "72": {
        "cache-09": 4.876611600738348, 
        "cache-11": 4.04149536219882
    }, 
    "73": {
        "cache-09": 4.876611600738348, 
        "cache-11": 4.04149536219882
    }, 
    "74": {
        "cache-09": 4.876611600738348, 
        "cache-11": 4.04149536219882
    }, 
    "75": {
        "cache-09": 4.876611600738348, 
        "cache-11": 4.04149536219882
    }, 
    "76": {
        "cache-09": 4.876611600738348, 
        "cache-11": 4.04149536219882
    }, 
    "77": {
        "cache-09": 4.876611600738348, 
        "cache-11": 4.04149536219882
    }, 
    "78": {
        "cache-09": 4.876611600738348, 
        "cache-11": 4.04149536219882
    }, 
    "79": {
        "cache-09": 4.876611600738348, 
        "cache-11": 4.04149536219882
    }, 
    "80": {
        "cache-09": 4.876611600738348, 
        "cache-11": 4.04149536219882
    }, 
    "81": {
        "cache-09": 4.9624228968830035, 
        "cache-11": 3.947763615277205
    },