{
    "0": {
        "cache-03": 4.0, 
        "cache-14": 4.998216604096735
    }, 
    "1": {
        "cache-03": 4.0, 
        "cache-14": 4.998216604096735
    }, 
    "2": {
        "cache-03": 4.0, 
        "cache-14": 4.998216604096735
    }, 
    "3": {
        "cache-03": 4.0, 
        "cache-14": 4.998216604096735
    }, 
    "4": {
        "cache-03": 4.0, 
        "cache-14": 4.998216604096735
    }, 
    "5": {
        "cache-03": 4.0, 
        "cache-14": 4.998216604096735
    }, 
    "6": {
        "cache-03": 4.0, 
        "cache-14": 4.998216604096735
    }, 
    "7": {
        "cache-03": 4.0, 
        "cache-14": 4.998216604096735
    }, 
    "8": {
        "cache-03": 4.0, 
        "cache-14": 4.998216604096735
    }, 
    "9": {
        "cache-03": 4.0, 
        "cache-14": 4.998216604096735
    }, 
    "10": {
        "cache-03": 4.0, 
        "cache-14": 4.998216604096735
    }, 
    "11": {
        "cache-03": 4.0, 
        "cache-14": 4.288665952397588
    }, 
    "12": {
        "cache-03": 4.0, 
        "cache-14": 4.288665952397588
    }, 
    "13": {
        "cache-03": 4.0, 
        "cache-14": 4.288665952397588
    }, 
    "14": {
        "cache-03": 4.0, 
        "cache-14": 4.288665952397588
    }, 
    "15": {
        "cache-03": 4.0, 
        "cache-14": 4.288665952397588
    }, 
    "16": {
        "cache-03": 4.0, 
        "cache-14": 4.288665952397588
    }, 
    "17": {
        "cache-03": 4.0, 
        "cache-14": 4.288665952397588
    }, 
    "18": {
        "cache-03": 4.0, 
        "cache-14": 4.288665952397588
    }, 
    "19": {
        "cache-03": 4.0, 
        "cache-14": 4.288665952397588
    }, 
    "20": {
        "cache-03": 4.0, 
        "cache-14": 4.288665952397588
    }, 
    "21": {
        "cache-03": 4.0, 
        "cache-14": 4.72357703586837
    }, 
    "22": {
        "cache-03": 4.0, 
        "cache-14": 4.72357703586837
    }, 
    "23": {
        "cache-03": 4.0, 
        "cache-14": 4.72357703586837
    }, 
    "24": {
        "cache-03": 4.0, 
        "cache-14": 4.72357703586837
    }, 
    "25": {
        "cache-03": 4.0, 
        "cache-14": 4.72357703586837
    }, 
    "26": {
        "cache-03": 4.0, 
        "cache-14": 4.72357703586837
    }, 
    "27": {
        "cache-03": 4.0, 
        "cache-14": 4.72357703586837
    }, 
    "28": {
        "cache-03": 4.0, 
        "cache-14": 4.72357703586837
    }, 
    "29": {
        "cache-03": 4.0, 
        "cache-14": 4.72357703586837
    }, 
    "30": {
        "cache-03": 4.0, 
        "cache-14": 4.72357703586837
    }, 
    "31": {
        "cache-03": 4.19222060265, 
        "cache-14": 4.559053087411871
    }, 
    "32": {
        "cache-03": 4.19222060265, 
        "cache-14": 4.559053087411871
    }, 
    "33": {
        "cache-03": 4.19222060265, 
        "cache-14": 4.559053087411871
    }, 
    "34": {
        "cache-03": 4.19222060265, 
        "cache-14": 4.559053087411871
    }, 
    "35": {
        "cache-03": 4.19222060265, 
        "cache-14": 4.559053087411871
    }, 
    "36": {
        "cache-03": 4.19222060265, 
        "cache-14": 4.559053087411871
    }, 
    "37": {
        "cache-03": 4.19222060265, 
        "cache-14": 4.559053087411871
    }, 
    "38": {
        "cache-03": 4.19222060265, 
        "cache-14": 4.559053087411871
    }, 
    "39": {
        "cache-03": 4.19222060265, 
        "cache-14": 4.559053087411871
    }, 
    "40": {
        "cache-03": 4.19222060265, 
        "cache-14": 4.559053087411871
    }, 
    "41": {
        "cache-03": 4.8423735331285105, 
        "cache-14": 4.308409489916471
    }, 
    "42": {
        "cache-03": 4.8423735331285105, 
        "cache-14": 4.308409489916471
    }, 
    "43": {
        "cache-03": 4.8423735331285105, 
        "cache-14": 4.308409489916471
    }, 
    "44": {
        "cache-03": 4.8423735331285105, 
        "cache-14": 4.308409489916471
    }, 
    "45": {
        "cache-03": 4.8423735331285105, 
        "cache-14": 4.308409489916471
    }, 
    "46": {
        "cache-03": 4.8423735331285105, 
        "cache-14": 4.308409489916471
    }, 
    "47": {
        "cache-03": 4.8423735331285105, 
        "cache-14": 4.308409489916471
    }, 
    "48": {
        "cache-03": 4.8423735331285105, 
        "cache-14": 4.308409489916471
    }, 
    "49": {
        "cache-03": 4.8423735331285105, 
        "cache-14": 4.308409489916471
    }, 
    "50": {
        "cache-03": 4.8423735331285105, 
        "cache-14": 4.308409489916471
    }, 
    "51": {
        "cache-03": 4.790211961970682, 
        "cache-14": 4.509995300371976
    }, 
    "52": {
        "cache-03": 4.790211961970682, 
        "cache-14": 4.509995300371976
    }, 
    "53": {
        "cache-03": 4.790211961970682, 
        "cache-14": 4.509995300371976
    }, 
    "54": {
        "cache-03": 4.790211961970682, 
        "cache-14": 4.509995300371976
    }, 
    "55": {
        "cache-03": 4.790211961970682, 
        "cache-14": 4.509995300371976
    }, 
    "56": {
        "cache-03": 4.790211961970682, 
        "cache-14": 4.509995300371976
    }, 
    "57": {
        "cache-03": 4.790211961970682, 
        "cache-14": 4.509995300371976
    }, 
    "58": {
        "cache-03": 4.790211961970682, 
        "cache-14": 4.509995300371976
    }, 
    "59": {
        "cache-03": 4.790211961970682, 
        "cache-14": 4.509995300371976
    }, 
    "60": {
        "cache-03": 4.790211961970682, 
        "cache-14": 4.509995300371976
    }, 
    "61": {
        "cache-03": 4.747106867527701, 
        "cache-14": 4.287208075366653
    }, 
    "62": {
        "cache-03": 4.747106867527701, 
        "cache-14": 4.287208075366653
    }, 
    "63": {
        "cache-03": 4.747106867527701, 
        "cache-14": 4.287208075366653
    }, 
    "64": {
        "cache-03": 4.747106867527701, 
        "cache-14": 4.287208075366653
    }, 
    "65": {
        "cache-03": 4.747106867527701, 
        "cache-14": 4.287208075366653
    }, 
    "66": {
        "cache-03": 4.747106867527701, 
        "cache-14": 4.287208075366653
    }, 
    "67": {
        "cache-03": 4.747106867527701, 
        "cache-14": 4.287208075366653
    }, 
    "68": {
        "cache-03": 4.747106867527701, 
        "cache-14": 4.287208075366653
    }, 
    "69": {
        "cache-03": 4.747106867527701, 
        "cache-14": 4.287208075366653
    }, 
    "70": {
        "cache-03": 4.747106867527701, 
        "cache-14": 4.287208075366653
    }, 
    "71": {
        "cache-03": 4.259026021577684, 
        "cache-14": 4.119632035205795
    }, 
    "72": {
        "cache-03": 4.259026021577684, 
        "cache-14": 4.119632035205795
    }, 
    "73": {
        "cache-03": 4.259026021577684, 
        "cache-14": 4.119632035205795
    }, 
    "74": {
        "cache-03": 4.259026021577684, 
        "cache-14": 4.119632035205795
    }, 
    "75": {
        "cache-03": 4.259026021577684, 
        "cache-14": 4.119632035205795
    }, 
    "76": {
        "cache-03": 4.259026021577684, 
        "cache-14": 4.119632035205795
    }, 
    "77": {
        "cache-03": 4.259026021577684, 
        "cache-14": 4.119632035205795
    }, 
    "78": {
        "cache-03": 4.259026021577684, 
        "cache-14": 4.119632035205795
    }, 
    "79": {
        "cache-03": 4.259026021577684, 
        "cache-14": 4.119632035205795
    }, 
    "80": {
        "cache-03": 4.259026021577684, 
        "cache-14": 4.119632035205795
    }, 
    "81": {
        "cache-03": 4.476142820714447, 
        "cache-14": 3.9188166187124893
    }, 
    "82": {
        "cache-03": 4.476142820714447, 
        "cache-14": 3.9188166187124893
    }, 
    "83": {
        "cache-03": 4.476142820714447, 
        "cache-14": 3.9188166187124893
    }, 
    "84": {
        "cache-03": 4.476142820714447, 
        "cache-14": 3.9188166187124893
    }, 
    "85": {
        "cache-03": 4.476142820714447, 
        "cache-14": 3.9188166187124893
    },