{
    "0": {
        "cache-06": 4.2984045099998465, 
        "cache-12": 0.9707622280300001
    }, 
    "1": {
        "cache-06": 4.2984045099998465, 
        "cache-12": 0.9707622280300001
    }, 
    "2": {
        "cache-06": 4.2984045099998465, 
        "cache-12": 0.9707622280300001
    }, 
    "3": {
        "cache-06": 4.2984045099998465, 
        "cache-12": 0.9707622280300001
    }, 
    "4": {
        "cache-06": 4.2984045099998465, 
        "cache-12": 0.9707622280300001
    }, 
    "5": {
        "cache-06": 4.2984045099998465, 
        "cache-12": 0.9707622280300001
    }, 
    "6": {
        "cache-06": 4.2984045099998465, 
        "cache-12": 0.9707622280300001
    }, 
    "7": {
        "cache-06": 4.2984045099998465, 
        "cache-12": 0.9707622280300001
    }, 
    "8": {
        "cache-06": 4.2984045099998465, 
        "cache-12": 0.9707622280300001
    }, 
    "9": {
        "cache-06": 4.2984045099998465, 
        "cache-12": 0.9707622280300001
    }, 
    "10": {
        "cache-06": 4.2984045099998465, 
        "cache-12": 0.9707622280300001
    }, 
    "11": {
        "cache-06": 4.090676668123335, 
        "cache-12": 0.9707622280300001
    }, 
    "12": {
        "cache-06": 4.090676668123335, 
        "cache-12": 0.9707622280300001
    }, 
    "13": {
        "cache-06": 4.090676668123335, 
        "cache-12": 0.9707622280300001
    }, 
    "14": {
        "cache-06": 4.090676668123335, 
        "cache-12": 0.9707622280300001
    }, 
    "15": {
        "cache-06": 4.090676668123335, 
        "cache-12": 0.9707622280300001
    }, 
    "16": {
        "cache-06": 4.090676668123335, 
        "cache-12": 0.9707622280300001
    }, 
    "17": {
        "cache-06": 4.090676668123335, 
        "cache-12": 0.9707622280300001
    }, 
    "18": {
        "cache-06": 4.090676668123335, 
        "cache-12": 0.9707622280300001
    }, 
    "19": {
        "cache-06": 4.090676668123335, 
        "cache-12": 0.9707622280300001
    }, 
    "20": {
        "cache-06": 4.090676668123335, 
        "cache-12": 0.9707622280300001
    }, 
    "21": {
        "cache-06": 4.117163678341823, 
        "cache-12": 0.9707622280300001
    }, 
    "22": {
        "cache-06": 4.117163678341823, 
        "cache-12": 0.9707622280300001
    }, 
    "23": {
        "cache-06": 4.117163678341823, 
        "cache-12": 0.9707622280300001
    }, 
    "24": {
        "cache-06": 4.117163678341823, 
        "cache-12": 0.9707622280300001
    }, 
    "25": {
        "cache-06": 4.117163678341823, 
        "cache-12": 0.9707622280300001
    }, 
    "26": {
        "cache-06": 4.117163678341823, 
        "cache-12": 0.9707622280300001
    }, 
    "27": {
        "cache-06": 4.117163678341823, 
        "cache-12": 0.9707622280300001
    }, 
    "28": {
        "cache-06": 4.117163678341823, 
        "cache-12": 0.9707622280300001
    }, 
    "29": {
        "cache-06": 4.117163678341823, 
        "cache-12": 0.9707622280300001
    }, 
    "30": {
        "cache-06": 4.117163678341823, 
        "cache-12": 0.9707622280300001
    }, 
    "31": {
        "cache-06": 4.055009996252089, 
        "cache-12": 0.9707622280300001
    }, 
    "32": {
        "cache-06": 4.055009996252089, 
        "cache-12": 0.9707622280300001
    }, 
    "33": {
        "cache-06": 4.055009996252089, 
        "cache-12": 0.9707622280300001
    }, 
    "34": {
        "cache-06": 4.055009996252089, 
        "cache-12": 0.9707622280300001
    }, 
    "35": {
        "cache-06": 4.055009996252089, 
        "cache-12": 0.9707622280300001
    }, 
    "36": {
        "cache-06": 4.055009996252089, 
        "cache-12": 0.9707622280300001
    }, 
    "37": {
        "cache-06": 4.055009996252089, 
        "cache-12": 0.9707622280300001
    }, 
    "38": {
        "cache-06": 4.055009996252089, 
        "cache-12": 0.9707622280300001
    }, 
    "39": {
        "cache-06": 4.055009996252089, 
        "cache-12": 0.9707622280300001
    }, 
    "40": {
        "cache-06": 4.055009996252089, 
        "cache-12": 0.9707622280300001
    }, 
    "41": {
        "cache-06": 4.24290887186957, 
        "cache-12": 0.9707622280300001
    }, 
    "42": {
        "cache-06": 4.24290887186957, 
        "cache-12": 0.9707622280300001
    }, 
    "43": {
        "cache-06": 4.24290887186957, 
        "cache-12": 0.9707622280300001
    }, 
    "44": {
        "cache-06": 4.24290887186957, 
        "cache-12": 0.9707622280300001
    }, 
    "45": {
        "cache-06": 4.24290887186957, 
        "cache-12": 0.9707622280300001
    }, 
    "46": {
        "cache-06": 4.24290887186957, 
        "cache-12": 0.9707622280300001
    }, 
    "47": {
        "cache-06": 4.24290887186957, 
        "cache-12": 0.9707622280300001
    }, 
    "48": {
        "cache-06": 4.24290887186957, 
        "cache-12": 0.9707622280300001
    }, 
    "49": {
        "cache-06": 4.24290887186957, 
        "cache-12": 0.9707622280300001
    }, 
    "50": {
        "cache-06": 4.24290887186957, 
        "cache-12": 0.9707622280300001
    }, 
    "51": {
        "cache-06": 4.087016852681051, 
        "cache-12": 0.9707622280300001
    }, 
    "52": {
        "cache-06": 4.087016852681051, 
        "cache-12": 0.9707622280300001
    }, 
    "53": {
        "cache-06": 4.087016852681051, 
        "cache-12": 0.9707622280300001
    }, 
    "54": {
        "cache-06": 4.087016852681051, 
        "cache-12": 0.9707622280300001
    }, 
    "55": {
        "cache-06": 4.087016852681051, 
        "cache-12": 0.9707622280300001
    }, 
    "56": {
        "cache-06": 4.087016852681051, 
        "cache-12": 0.9707622280300001
    }, 
    "57": {
        "cache-06": 4.087016852681051, 
        "cache-12": 0.9707622280300001
    }, 
    "58": {
        "cache-06": 4.087016852681051, 
        "cache-12": 0.9707622280300001
    }, 
    "59": {
        "cache-06": 4.087016852681051, 
        "cache-12": 0.9707622280300001
    }, 
    "60": {
        "cache-06": 4.087016852681051, 
        "cache-12": 0.9707622280300001
    }, 
    "61": {
        "cache-06": 4.188374647774051, 
        "cache-12": 0.9707622280300001
    }, 
    "62": {
        "cache-06": 4.188374647774051, 
        "cache-12": 0.9707622280300001
    }, 
    "63": {
        "cache-06": 4.188374647774051, 
        "cache-12": 0.9707622280300001
    }, 
    "64": {
        "cache-06": 4.188374647774051, 
        "cache-12": 0.9707622280300001
    }, 
    "65": {
        "cache-06": 4.188374647774051, 
        "cache-12": 0.9707622280300001
    }, 
    "66": {
        "cache-06": 4.188374647774051, 
        "cache-12": 0.9707622280300001
    }, 
    "67": {
        "cache-06": 4.188374647774051, 
        "cache-12": 0.9707622280300001
    }, 
    "68": {
        "cache-06": 4.188374647774051, 
        "cache-12": 0.9707622280300001
    }, 
    "69": {
        "cache-06": 4.188374647774051, 
        "cache-12": 0.9707622280300001
    }, 
    "70": {
        "cache-06": 4.188374647774051, 
        "cache-12": 0.9707622280300001
    }, 
    "71": {
        "cache-06": 4.036775182835117, 
        "cache-12": 0.9707622280300001
    }, 
    "72": {
        "cache-06": 4.036775182835117, 
        "cache-12": 0.9707622280300001
    }, 
    "73": {
        "cache-06": 4.036775182835117, 
        "cache-12": 0.9707622280300001
    }, 
    "74": {
        "cache-06": 4.036775182835117, 
        "cache-12": 0.9707622280300001
    }, 
    "75": {
        "cache-06": 4.036775182835117, 
        "cache-12": 0.9707622280300001
    }, 
    "76": {
        "cache-06": 4.036775182835117, 
        "cache-12": 0.9707622280300001
    }, 
    "77": {
        "cache-06": 4.036775182835117, 
        "cache-12": 0.9707622280300001
    }, 
    "78": {
        "cache-06": 4.036775182835117, 
        "cache-12": 0.9707622280300001
    }, 
    "79": {
        "cache-06": 4.036775182835117, 
        "cache-12": 0.9707622280300001
    }, 
    "80": {
        "cache-06": 4.036775182835117,