{
    "0": {
        "cache-10": 3.75, 
        "cache-14": 4
    }, 
    "1": {
        "cache-10": 4.277495732776221, 
        "cache-14": 4
    }, 
    "2": {
        "cache-10": 4.638724669414618, 
        "cache-14": 4
    }, 
    "3": {
        "cache-10": 4.819339137733817, 
        "cache-14": 4
    }, 
    "4": {
        "cache-10": 4.909646371893416, 
        "cache-14": 4
    }, 
    "5": {
        "cache-10": 4.954799988973216, 
        "cache-14": 4
    }, 
    "6": {
        "cache-10": 4.977376797513115, 
        "cache-14": 4
    }, 
    "7": {
        "cache-10": 4.988665201783064, 
        "cache-14": 4
    }, 
    "8": {
        "cache-10": 4.99430940391804, 
        "cache-14": 4
    }, 
    "9": {
        "cache-10": 4.997131504985527, 
        "cache-14": 4
    }, 
    "10": {
        "cache-10": 4.99854255551927, 
        "cache-14": 4
    }, 
    "11": {
        "cache-10": 4.999248080786142, 
        "cache-14": 4
    }, 
    "12": {
        "cache-10": 4.999600843419579, 
        "cache-14": 4
    }, 
    "13": {
        "cache-10": 4.999777224736297, 
        "cache-14": 4
    }, 
    "14": {
        "cache-10": 4.999865415394655, 
        "cache-14": 4
    }, 
    "15": {
        "cache-10": 4.999909510723835, 
        "cache-14": 4
    }, 
    "16": {
        "cache-10": 4.999931558388425, 
        "cache-14": 4
    }, 
    "17": {
        "cache-10": 4.99994258222072, 
        "cache-14": 4
    }, 
    "18": {
        "cache-10": 4.999948094136867, 
        "cache-14": 4
    }, 
    "19": {
        "cache-10": 4.99995085009494, 
        "cache-14": 4
    }, 
    "20": {
        "cache-10": 4.999952228073978, 
        "cache-14": 4
    }, 
    "21": {
        "cache-10": 4.999952917063496, 
        "cache-14": 4
    }, 
    "22": {
        "cache-10": 4.644221034671878, 
        "cache-14": 4
    }, 
    "23": {
        "cache-10": 4.46635509347607, 
        "cache-14": 4
    }, 
    "24": {
        "cache-10": 4.377422122878166, 
        "cache-14": 4
    }, 
    "25": {
        "cache-10": 4.591206794215304, 
        "cache-14": 4
    }, 
    "26": {
        "cache-10": 4.6980991298838735, 
        "cache-14": 4
    }, 
    "27": {
        "cache-10": 4.596772713032485, 
        "cache-14": 4
    }, 
    "28": {
        "cache-10": 4.546109504606791, 
        "cache-14": 4
    }, 
    "29": {
        "cache-10": 4.4172993284435265, 
        "cache-14": 4
    }, 
    "30": {
        "cache-10": 4.352894240361893, 
        "cache-14": 4
    }, 
    "31": {
        "cache-10": 4.424170268271495, 
        "cache-14": 4
    }, 
    "32": {
        "cache-10": 4.356329710275878, 
        "cache-14": 4
    }, 
    "33": {
        "cache-10": 4.208395813898971, 
        "cache-14": 4
    }, 
    "34": {
        "cache-10": 4.134428865710518, 
        "cache-14": 4
    }, 
    "35": {
        "cache-10": 4.3149375809458075, 
        "cache-14": 4
    }, 
    "36": {
        "cache-10": 4.3017133666130345, 
        "cache-14": 4
    }, 
    "37": {
        "cache-10": 4.295101259446648, 
        "cache-14": 4
    }, 
    "38": {
        "cache-10": 4.177781588484356, 
        "cache-14": 4
    }, 
    "39": {
        "cache-10": 4.336613942332726, 
        "cache-14": 4
    }, 
    "40": {
        "cache-10": 4.3125515473064935, 
        "cache-14": 4
    }, 
    "41": {
        "cache-10": 4.300520349793377, 
        "cache-14": 4
    }, 
    "42": {
        "cache-10": 4.294504751036818, 
        "cache-14": 4
    }, 
    "43": {
        "cache-10": 4.54974810829463, 
        "cache-14": 4
    }, 
    "44": {
        "cache-10": 4.677369786923537, 
        "cache-14": 4
    }, 
    "45": {
        "cache-10": 4.3689158522228, 
        "cache-14": 4
    }, 
    "46": {
        "cache-10": 4.328702502251531, 
        "cache-14": 4
    }, 
    "47": {
        "cache-10": 4.664328054152273, 
        "cache-14": 4
    }, 
    "48": {
        "cache-10": 4.476408603216267, 
        "cache-14": 4
    }, 
    "49": {
        "cache-10": 4.268435260369166, 
        "cache-14": 4
    }, 
    "50": {
        "cache-10": 4.381940778275132, 
        "cache-14": 4
    }, 
    "51": {
        "cache-10": 4.690947192164073, 
        "cache-14": 4
    }, 
    "52": {
        "cache-10": 4.845450399108543, 
        "cache-14": 4
    }, 
    "53": {
        "cache-10": 4.566969775694401, 
        "cache-14": 4
    }, 
    "54": {
        "cache-10": 4.4277294639873315, 
        "cache-14": 4
    }, 
    "55": {
        "cache-10": 4.713841535020173, 
        "cache-14": 4
    }, 
    "56": {
        "cache-10": 4.501165343650216, 
        "cache-14": 4
    }, 
    "57": {
        "cache-10": 4.394827247965239, 
        "cache-14": 4
    }, 
    "58": {
        "cache-10": 4.227644582743652, 
        "cache-14": 4
    }, 
    "59": {
        "cache-10": 4.258066867511957, 
        "cache-14": 4
    }, 
    "60": {
        "cache-10": 4.376756581846527, 
        "cache-14": 4
    }, 
    "61": {
        "cache-10": 4.332622867063394, 
        "cache-14": 4
    }, 
    "62": {
        "cache-10": 4.196542392292729, 
        "cache-14": 4
    }, 
    "63": {
        "cache-10": 4.598247999172871, 
        "cache-14": 4
    }, 
    "64": {
        "cache-10": 4.701619732362657, 
        "cache-14": 4
    }, 
    "65": {
        "cache-10": 4.495054442321459, 
        "cache-14": 4
    }, 
    "66": {
        "cache-10": 4.39177179730086, 
        "cache-14": 4
    }, 
    "67": {
        "cache-10": 4.340130474790561, 
        "cache-14": 4
    }, 
    "68": {
        "cache-10": 4.670042040421787, 
        "cache-14": 4
    }, 
    "69": {
        "cache-10": 4.4792655963510235, 
        "cache-14": 4
    }, 
    "70": {
        "cache-10": 4.383877374315642, 
        "cache-14": 4
    }, 
    "71": {
        "cache-10": 4.336183263297951, 
        "cache-14": 4
    }, 
    "72": {
        "cache-10": 4.570587364425196, 
        "cache-14": 4
    }, 
    "73": {
        "cache-10": 4.533016830303147, 
        "cache-14": 4
    }, 
    "74": {
        "cache-10": 4.410752991291703, 
        "cache-14": 4
    }, 
    "75": {
        "cache-10": 4.3496210717859825, 
        "cache-14": 4
    }, 
    "76": {
        "cache-10": 4.205041494654024, 
        "cache-14": 4
    }, 
    "77": {
        "cache-10": 4.246765323467143, 
        "cache-14": 4
    }, 
    "78": {
        "cache-10": 4.267627237873702, 
        "cache-14": 4
    }, 
    "79": {
        "cache-10": 4.278058195076982, 
        "cache-14": 4
    }, 
    "80": {
        "cache-10": 4.169260056299523, 
        "cache-14": 4
    }, 
    "81": {
        "cache-10": 4.228874604289892, 
        "cache-14": 4
    }, 
    "82": {
        "cache-10": 4.144668260905979, 
        "cache-14": 4
    }, 
    "83": {
        "cache-10": 4.102565089214021, 
        "cache-14": 4
    }, 
    "84": {
        "cache-10": 4.081513503368043, 
        "cache-14": 4
    }, 
    "85": {
        "cache-10": 4.28847989977457, 
        "cache-14": 4
    }, 
    "86": {
        "cache-10": 4.288484526027416, 
        "cache-14": 4
    }, 
    "87": {
        "cache-10": 4.288486839153839, 
        "cache-14": 4
    }, 
    "88": {
        "cache-10": 4.391966567667468, 
        "cache-14": 4
    }, 
    "89": {
        "cache-10": 4.598479016609955, 
        "cache-14": 4
    }, 
    "90": {
        "cache-10": 4.546962656395526, 
        "cache-14": 4
    }, 
    "91": {
        "cache-10": 4.417725904337893, 
        "cache-14": 4
    }, 
    "92": {
        "cache-10": 4.456586100259495, 
        "cache-14": 4
    }, 
    "93": {
        "cache-10": 4.630788782905968, 
        "cache-14": 4
    }, 
    "94": {
        "cache-10": 4.459638967593115, 
        "cache-14": 4
    }, 
    "95": {
        "cache-10": 4.374064059936687, 
        "cache-14": 4
    }, 
    "96": {
        "cache-10": 4.2172629887293756, 
        "cache-14": 4
    }, 
    "97": {
        "cache-10": 4.13886245312572,