{
    "0": {
        "cache-07": 4, 
        "cache-13": 3.75
    }, 
    "1": {
        "cache-07": 4, 
        "cache-13": 4.01924457614013
    }, 
    "2": {
        "cache-07": 4, 
        "cache-13": 4.412118020846286
    }, 
    "3": {
        "cache-07": 4, 
        "cache-13": 4.706035813449651
    }, 
    "4": {
        "cache-07": 4, 
        "cache-13": 4.852994709751332
    }, 
    "5": {
        "cache-07": 4, 
        "cache-13": 4.926474157902174
    }, 
    "6": {
        "cache-07": 4, 
        "cache-13": 4.963213881977595
    }, 
    "7": {
        "cache-07": 4, 
        "cache-13": 4.981583744015305
    }, 
    "8": {
        "cache-07": 4, 
        "cache-13": 4.635036448147783
    }, 
    "9": {
        "cache-07": 4, 
        "cache-13": 4.4617628002140215
    }, 
    "10": {
        "cache-07": 4, 
        "cache-13": 4.375125976247141
    }, 
    "11": {
        "cache-07": 4, 
        "cache-13": 4.590058720899791
    }, 
    "12": {
        "cache-07": 4, 
        "cache-13": 4.439273936590026
    }, 
    "13": {
        "cache-07": 4, 
        "cache-13": 4.249867927056045
    }, 
    "14": {
        "cache-07": 4, 
        "cache-13": 4.155164922289055
    }, 
    "15": {
        "cache-07": 4, 
        "cache-13": 4.221827037284658
    }, 
    "16": {
        "cache-07": 4, 
        "cache-13": 4.3586366667328775
    }, 
    "17": {
        "cache-07": 4, 
        "cache-13": 4.427041481456987
    }, 
    "18": {
        "cache-07": 4, 
        "cache-13": 4.2437516994895255
    }, 
    "19": {
        "cache-07": 4, 
        "cache-13": 4.1521068085057955
    }, 
    "20": {
        "cache-07": 4, 
        "cache-13": 4.220297980393028
    }, 
    "21": {
        "cache-07": 4, 
        "cache-13": 4.140379948957547
    }, 
    "22": {
        "cache-07": 4, 
        "cache-13": 3.9273276706266995
    }, 
    "23": {
        "cache-07": 4.14424457614013, 
        "cache-13": 3.9273276706266995
    }, 
    "24": {
        "cache-07": 4.216366864210196, 
        "cache-13": 3.9273276706266995
    }, 
    "25": {
        "cache-07": 4.13841439086613, 
        "cache-13": 3.9273276706266995
    }, 
    "26": {
        "cache-07": 3.926344891580991, 
        "cache-13": 3.9273276706266995
    }, 
    "27": {
        "cache-07": 3.926344891580991, 
        "cache-13": 3.820801531461276
    }, 
    "28": {
        "cache-07": 3.993403404551528, 
        "cache-13": 3.820801531461276
    }, 
    "29": {
        "cache-07": 3.8538393984236903, 
        "cache-13": 3.820801531461276
    }, 
    "30": {
        "cache-07": 3.64666554347732, 
        "cache-13": 3.820801531461276
    }, 
    "31": {
        "cache-07": 3.64666554347732, 
        "cache-13": 3.630146609996113
    }, 
    "32": {
        "cache-07": 4.225828504514881, 
        "cache-13": 3.630146609996113
    }, 
    "33": {
        "cache-07": 4.1431452110184726, 
        "cache-13": 3.630146609996113
    }, 
    "34": {
        "cache-07": 3.791318449774711, 
        "cache-13": 3.630146609996113
    }, 
    "35": {
        "cache-07": 3.6154050691528306, 
        "cache-13": 3.630146609996113
    }, 
    "36": {
        "cache-07": 3.6154050691528306, 
        "cache-13": 3.5348191492635315
    }, 
    "37": {
        "cache-07": 4.210198267352636, 
        "cache-13": 3.5348191492635315
    }, 
    "38": {
        "cache-07": 3.824844977941793, 
        "cache-13": 3.5348191492635315
    }, 
    "39": {
        "cache-07": 3.397295411103634, 
        "cache-13": 3.5348191492635315
    }, 
    "40": {
        "cache-07": 3.397295411103634, 
        "cache-13": 3.487155418897241
    }, 
    "41": {
        "cache-07": 3.397295411103634, 
        "cache-13": 3.6007154055965467
    }, 
    "42": {
        "cache-07": 3.397295411103634, 
        "cache-13": 3.8305886615593057
    }, 
    "43": {
        "cache-07": 3.397295411103634, 
        "cache-13": 3.772432026927579
    }, 
    "44": {
        "cache-07": 3.397295411103634, 
        "cache-13": 4.133939161554338
    }, 
    "45": {
        "cache-07": 3.397295411103634, 
        "cache-13": 4.211214156917299
    }, 
    "46": {
        "cache-07": 3.397295411103634, 
        "cache-13": 4.353330226549198
    }, 
    "47": {
        "cache-07": 3.397295411103634, 
        "cache-13": 4.206896072035631
    }, 
    "48": {
        "cache-07": 3.397295411103634, 
        "cache-13": 3.8231938802832905
    }, 
    "49": {
        "cache-07": 3.397295411103634, 
        "cache-13": 4.055841516281776
    }, 
    "50": {
        "cache-07": 3.397295411103634, 
        "cache-13": 4.05815171690192
    }, 
    "51": {
        "cache-07": 3.397295411103634, 
        "cache-13": 3.886213554598886
    }, 
    "52": {
        "cache-07": 3.397295411103634, 
        "cache-13": 3.8002444734473695
    }, 
    "53": {
        "cache-07": 3.397295411103634, 
        "cache-13": 3.930353195484717
    }, 
    "54": {
        "cache-07": 3.397295411103634, 
        "cache-13": 3.995407556503391
    }, 
    "55": {
        "cache-07": 3.397295411103634, 
        "cache-13": 3.8548414743996218
    }, 
    "56": {
        "cache-07": 3.397295411103634, 
        "cache-13": 3.784558433347737
    }, 
    "57": {
        "cache-07": 3.397295411103634, 
        "cache-13": 3.9225101754349008
    }, 
    "58": {
        "cache-07": 3.397295411103634, 
        "cache-13": 3.9914860464784825
    }, 
    "59": {
        "cache-07": 3.397295411103634, 
        "cache-13": 4.1399875993793716
    }, 
    "60": {
        "cache-07": 3.397295411103634, 
        "cache-13": 3.7897396439551607
    }, 
    "61": {
        "cache-07": 3.397295411103634, 
        "cache-13": 4.1425929700681285
    }, 
    "62": {
        "cache-07": 3.397295411103634, 
        "cache-13": 4.319019633124613
    }, 
    "63": {
        "cache-07": 3.397295411103634, 
        "cache-13": 4.303754392702437
    }, 
    "64": {
        "cache-07": 3.397295411103634, 
        "cache-13": 4.2961217724913485
    }, 
    "65": {
        "cache-07": 3.397295411103634, 
        "cache-13": 4.395784034336223
    }, 
    "66": {
        "cache-07": 3.397295411103634, 
        "cache-13": 4.44561516525866
    }, 
    "67": {
        "cache-07": 3.397295411103634, 
        "cache-13": 4.367052158769461
    }, 
    "68": {
        "cache-07": 3.397295411103634, 
        "cache-13": 4.213757038145763
    }, 
    "69": {
        "cache-07": 3.397295411103634, 
        "cache-13": 4.1371094778339135
    }, 
    "70": {
        "cache-07": 3.397295411103634, 
        "cache-13": 4.0987856976779895
    }, 
    "71": {
        "cache-07": 3.397295411103634, 
        "cache-13": 4.297115996929543
    }, 
    "72": {
        "cache-07": 3.397295411103634, 
        "cache-13": 4.39628114655532
    }, 
    "73": {
        "cache-07": 3.397295411103634, 
        "cache-13": 4.445863721368209
    }, 
    "74": {
        "cache-07": 3.397295411103634, 
        "cache-13": 4.6254275934603255
    }, 
    "75": {
        "cache-07": 3.397295411103634, 
        "cache-13": 4.715209529506383
    }, 
    "76": {
        "cache-07": 3.397295411103634, 
        "cache-13": 4.60532791284374
    }, 
    "77": {
        "cache-07": 3.397295411103634, 
        "cache-13": 4.446908532562
    }, 
    "78": {
        "cache-07": 3.397295411103634, 
        "cache-13": 4.625949999057221
    }, 
    "79": {
        "cache-07": 3.397295411103634, 
        "cache-13": 4.560698147619159
    }, 
    "80": {
        "cache-07": 3.397295411103634, 
        "cache-13": 4.000094918075055
    }, 
    "81": {
        "cache-07": 3.397295411103634, 
        "cache-13": 3.484920381170265
    }, 
    "82": {
        "cache-07": 3.397295411103634, 
        "cache-13": 3.22733311271787
    }, 
    "83": {
        "cache-07": 3.555785401699743, 
        "cache-13": 3.22733311271787
    }, 
    "84": {
        "cache-07": 3.4976385451153464, 
        "cache-13": 3.22733311271787
    },