{
    "0": {
        "cache-09": 2.8055776184469106, 
        "cache-12": 4.1897221863045875
    }, 
    "1": {
        "cache-09": 2.8055776184469106, 
        "cache-12": 4.1897221863045875
    }, 
    "2": {
        "cache-09": 2.8055776184469106, 
        "cache-12": 4.1897221863045875
    }, 
    "3": {
        "cache-09": 2.8055776184469106, 
        "cache-12": 4.1897221863045875
    }, 
    "4": {
        "cache-09": 2.8055776184469106, 
        "cache-12": 4.1897221863045875
    }, 
    "5": {
        "cache-09": 2.8055776184469106, 
        "cache-12": 4.1897221863045875
    }, 
    "6": {
        "cache-09": 2.8055776184469106, 
        "cache-12": 4.1897221863045875
    }, 
    "7": {
        "cache-09": 2.8055776184469106, 
        "cache-12": 4.1897221863045875
    }, 
    "8": {
        "cache-09": 2.8055776184469106, 
        "cache-12": 4.1897221863045875
    }, 
    "9": {
        "cache-09": 2.8055776184469106, 
        "cache-12": 4.1897221863045875
    }, 
    "10": {
        "cache-09": 2.8055776184469106, 
        "cache-12": 4.1897221863045875
    }, 
    "11": {
        "cache-09": 2.8055776184484555, 
        "cache-12": 4.087440134886684
    }, 
    "12": {
        "cache-09": 2.8055776184484555, 
        "cache-12": 4.087440134886684
    }, 
    "13": {
        "cache-09": 2.8055776184484555, 
        "cache-12": 4.087440134886684
    }, 
    "14": {
        "cache-09": 2.8055776184484555, 
        "cache-12": 4.087440134886684
    }, 
    "15": {
        "cache-09": 2.8055776184484555, 
        "cache-12": 4.087440134886684
    }, 
    "16": {
        "cache-09": 2.8055776184484555, 
        "cache-12": 4.087440134886684
    }, 
    "17": {
        "cache-09": 2.8055776184484555, 
        "cache-12": 4.087440134886684
    }, 
    "18": {
        "cache-09": 2.8055776184484555, 
        "cache-12": 4.087440134886684
    }, 
    "19": {
        "cache-09": 2.8055776184484555, 
        "cache-12": 4.087440134886684
    }, 
    "20": {
        "cache-09": 2.8055776184484555, 
        "cache-12": 4.087440134886684
    }, 
    "21": {
        "cache-09": 3.0406640531951945, 
        "cache-12": 4.288200148522053
    }, 
    "22": {
        "cache-09": 3.0406640531951945, 
        "cache-12": 4.288200148522053
    }, 
    "23": {
        "cache-09": 3.0406640531951945, 
        "cache-12": 4.288200148522053
    }, 
    "24": {
        "cache-09": 3.0406640531951945, 
        "cache-12": 4.288200148522053
    }, 
    "25": {
        "cache-09": 3.0406640531951945, 
        "cache-12": 4.288200148522053
    }, 
    "26": {
        "cache-09": 3.0406640531951945, 
        "cache-12": 4.288200148522053
    }, 
    "27": {
        "cache-09": 3.0406640531951945, 
        "cache-12": 4.288200148522053
    }, 
    "28": {
        "cache-09": 3.0406640531951945, 
        "cache-12": 4.288200148522053
    }, 
    "29": {
        "cache-09": 3.0406640531951945, 
        "cache-12": 4.288200148522053
    }, 
    "30": {
        "cache-09": 3.0406640531951945, 
        "cache-12": 4.288200148522053
    }, 
    "31": {
        "cache-09": 3.4470147680641228, 
        "cache-12": 4.2847959383996965
    }, 
    "32": {
        "cache-09": 3.4470147680641228, 
        "cache-12": 4.2847959383996965
    }, 
    "33": {
        "cache-09": 3.4470147680641228, 
        "cache-12": 4.2847959383996965
    }, 
    "34": {
        "cache-09": 3.4470147680641228, 
        "cache-12": 4.2847959383996965
    }, 
    "35": {
        "cache-09": 3.4470147680641228, 
        "cache-12": 4.2847959383996965
    }, 
    "36": {
        "cache-09": 3.4470147680641228, 
        "cache-12": 4.2847959383996965
    }, 
    "37": {
        "cache-09": 3.4470147680641228, 
        "cache-12": 4.2847959383996965
    }, 
    "38": {
        "cache-09": 3.4470147680641228, 
        "cache-12": 4.2847959383996965
    }, 
    "39": {
        "cache-09": 3.4470147680641228, 
        "cache-12": 4.2847959383996965
    }, 
    "40": {
        "cache-09": 3.4470147680641228, 
        "cache-12": 4.2847959383996965
    }, 
    "41": {
        "cache-09": 3.894515469557823, 
        "cache-12": 4.288431136980385
    }, 
    "42": {
        "cache-09": 3.894515469557823, 
        "cache-12": 4.288431136980385
    }, 
    "43": {
        "cache-09": 3.894515469557823, 
        "cache-12": 4.288431136980385
    }, 
    "44": {
        "cache-09": 3.894515469557823, 
        "cache-12": 4.288431136980385
    }, 
    "45": {
        "cache-09": 3.894515469557823, 
        "cache-12": 4.288431136980385
    }, 
    "46": {
        "cache-09": 3.894515469557823, 
        "cache-12": 4.288431136980385
    }, 
    "47": {
        "cache-09": 3.894515469557823, 
        "cache-12": 4.288431136980385
    }, 
    "48": {
        "cache-09": 3.894515469557823, 
        "cache-12": 4.288431136980385
    }, 
    "49": {
        "cache-09": 3.894515469557823, 
        "cache-12": 4.288431136980385
    }, 
    "50": {
        "cache-09": 3.894515469557823, 
        "cache-12": 4.288431136980385
    }, 
    "51": {
        "cache-09": 4.043923134423093, 
        "cache-12": 4.088948307296899
    }, 
    "52": {
        "cache-09": 4.043923134423093, 
        "cache-12": 4.088948307296899
    }, 
    "53": {
        "cache-09": 4.043923134423093, 
        "cache-12": 4.088948307296899
    }, 
    "54": {
        "cache-09": 4.043923134423093, 
        "cache-12": 4.088948307296899
    }, 
    "55": {
        "cache-09": 4.043923134423093, 
        "cache-12": 4.088948307296899
    }, 
    "56": {
        "cache-09": 4.043923134423093, 
        "cache-12": 4.088948307296899
    }, 
    "57": {
        "cache-09": 4.043923134423093, 
        "cache-12": 4.088948307296899
    }, 
    "58": {
        "cache-09": 4.043923134423093, 
        "cache-12": 4.088948307296899
    }, 
    "59": {
        "cache-09": 4.043923134423093, 
        "cache-12": 4.088948307296899
    }, 
    "60": {
        "cache-09": 4.043923134423093, 
        "cache-12": 4.088948307296899
    }, 
    "61": {
        "cache-09": 4.648705542185864, 
        "cache-12": 4.200434879692626
    }, 
    "62": {
        "cache-09": 4.648705542185864, 
        "cache-12": 4.200434879692626
    }, 
    "63": {
        "cache-09": 4.648705542185864, 
        "cache-12": 4.200434879692626
    }, 
    "64": {
        "cache-09": 4.648705542185864, 
        "cache-12": 4.200434879692626
    }, 
    "65": {
        "cache-09": 4.648705542185864, 
        "cache-12": 4.200434879692626
    }, 
    "66": {
        "cache-09": 4.648705542185864, 
        "cache-12": 4.200434879692626
    }, 
    "67": {
        "cache-09": 4.648705542185864, 
        "cache-12": 4.200434879692626
    }, 
    "68": {
        "cache-09": 4.648705542185864, 
        "cache-12": 4.200434879692626
    }, 
    "69": {
        "cache-09": 4.648705542185864, 
        "cache-12": 4.200434879692626
    }, 
    "70": {
        "cache-09": 4.648705542185864, 
        "cache-12": 4.200434879692626
    }, 
    "71": {
        "cache-09": 4.872811929932423, 
        "cache-12": 4.222088635695656
    }, 
    "72": {
        "cache-09": 4.872811929932423, 
        "cache-12": 4.222088635695656
    }, 
    "73": {
        "cache-09": 4.872811929932423, 
        "cache-12": 4.222088635695656
    }, 
    "74": {
        "cache-09": 4.872811929932423, 
        "cache-12": 4.222088635695656
    }, 
    "75": {
        "cache-09": 4.872811929932423, 
        "cache-12": 4.222088635695656
    }, 
    "76": {
        "cache-09": 4.872811929932423, 
        "cache-12": 4.222088635695656
    }, 
    "77": {
        "cache-09": 4.872811929932423, 
        "cache-12": 4.222088635695656
    }, 
    "78": {
        "cache-09": 4.872811929932423, 
        "cache-12": 4.222088635695656
    }, 
    "79": {
        "cache-09": 4.872811929932423, 
        "cache-12": 4.222088635695656
    }, 
    "80": {
        "cache-09": 4.872811929932423, 
        "cache-12": 4.222088635695656
    },