{
    "0": {
        "cache-06": 4, 
        "cache-12": 3.75
    }, 
    "1": {
        "cache-06": 4, 
        "cache-12": 3.594745844265475
    }, 
    "2": {
        "cache-06": 4, 
        "cache-12": 3.6545106182806637
    }, 
    "3": {
        "cache-06": 4, 
        "cache-12": 3.684393005288258
    }, 
    "4": {
        "cache-06": 4, 
        "cache-12": 3.8724274614051613
    }, 
    "5": {
        "cache-06": 4, 
        "cache-12": 3.966444689463613
    }, 
    "6": {
        "cache-06": 4.030230958761033, 
        "cache-12": 3.966444689463613
    }, 
    "7": {
        "cache-06": 4.262838627471065, 
        "cache-12": 3.966444689463613
    }, 
    "8": {
        "cache-06": 4.379142461826081, 
        "cache-12": 3.966444689463613
    }, 
    "9": {
        "cache-06": 4.592066963689262, 
        "cache-12": 3.966444689463613
    }, 
    "10": {
        "cache-06": 4.796010284871138, 
        "cache-12": 3.966444689463613
    }, 
    "11": {
        "cache-06": 4.897981945462076, 
        "cache-12": 3.966444689463613
    }, 
    "12": {
        "cache-06": 4.851486705507259, 
        "cache-12": 3.966444689463613
    }, 
    "13": {
        "cache-06": 4.828239085529851, 
        "cache-12": 3.966444689463613
    }, 
    "14": {
        "cache-06": 4.558364118905056, 
        "cache-12": 3.966444689463613
    }, 
    "15": {
        "cache-06": 4.423426635592659, 
        "cache-12": 3.966444689463613
    }, 
    "16": {
        "cache-06": 4.459436465886878, 
        "cache-12": 3.966444689463613
    }, 
    "17": {
        "cache-06": 4.373962809083569, 
        "cache-12": 3.966444689463613
    }, 
    "18": {
        "cache-06": 4.217212363302817, 
        "cache-12": 3.966444689463613
    }, 
    "19": {
        "cache-06": 4.138837140412441, 
        "cache-12": 3.966444689463613
    }, 
    "20": {
        "cache-06": 4.2136631463463505, 
        "cache-12": 3.966444689463613
    }, 
    "21": {
        "cache-06": 4.354554721263724, 
        "cache-12": 3.966444689463613
    }, 
    "22": {
        "cache-06": 4.425000508722411, 
        "cache-12": 3.966444689463613
    }, 
    "23": {
        "cache-06": 4.460223402451754, 
        "cache-12": 3.966444689463613
    }, 
    "24": {
        "cache-06": 4.477834849316425, 
        "cache-12": 3.966444689463613
    }, 
    "25": {
        "cache-06": 4.486640572748761, 
        "cache-12": 3.966444689463613
    }, 
    "26": {
        "cache-06": 4.491043434464929, 
        "cache-12": 3.966444689463613
    }, 
    "27": {
        "cache-06": 4.493244865323013, 
        "cache-12": 3.966444689463613
    }, 
    "28": {
        "cache-06": 4.494345580752055, 
        "cache-12": 3.966444689463613
    }, 
    "29": {
        "cache-06": 4.494895938466576, 
        "cache-12": 3.966444689463613
    }, 
    "30": {
        "cache-06": 4.495171117323837, 
        "cache-12": 3.966444689463613
    }, 
    "31": {
        "cache-06": 4.495308706752467, 
        "cache-12": 3.966444689463613
    }, 
    "32": {
        "cache-06": 4.391898929516364, 
        "cache-12": 3.966444689463613
    }, 
    "33": {
        "cache-06": 4.340194040898313, 
        "cache-12": 3.966444689463613
    }, 
    "34": {
        "cache-06": 4.314341596589287, 
        "cache-12": 3.966444689463613
    }, 
    "35": {
        "cache-06": 4.187401757055676, 
        "cache-12": 3.966444689463613
    }, 
    "36": {
        "cache-06": 4.237945454667969, 
        "cache-12": 3.966444689463613
    }, 
    "37": {
        "cache-06": 4.263217303474114, 
        "cache-12": 3.966444689463613
    }, 
    "38": {
        "cache-06": 4.275853227877187, 
        "cache-12": 3.966444689463613
    }, 
    "39": {
        "cache-06": 4.282171190078724, 
        "cache-12": 3.966444689463613
    }, 
    "40": {
        "cache-06": 4.285330171179492, 
        "cache-12": 3.966444689463613
    }, 
    "41": {
        "cache-06": 4.172896044350779, 
        "cache-12": 3.966444689463613
    }, 
    "42": {
        "cache-06": 4.230692598315519, 
        "cache-12": 3.966444689463613
    }, 
    "43": {
        "cache-06": 4.25959087529789, 
        "cache-12": 3.966444689463613
    }, 
    "44": {
        "cache-06": 4.274040013789076, 
        "cache-12": 3.966444689463613
    }, 
    "45": {
        "cache-06": 4.281264583034668, 
        "cache-12": 3.966444689463613
    }, 
    "46": {
        "cache-06": 4.284876867657465, 
        "cache-12": 3.966444689463613
    }, 
    "47": {
        "cache-06": 4.286683009968863, 
        "cache-12": 3.966444689463613
    }, 
    "48": {
        "cache-06": 4.287586081124562, 
        "cache-12": 3.966444689463613
    }, 
    "49": {
        "cache-06": 4.288037616702411, 
        "cache-12": 3.966444689463613
    }, 
    "50": {
        "cache-06": 4.288263384491335, 
        "cache-12": 3.966444689463613
    }, 
    "51": {
        "cache-06": 4.288376268385798, 
        "cache-12": 3.966444689463613
    }, 
    "52": {
        "cache-06": 4.28843271033303, 
        "cache-12": 3.966444689463613
    }, 
    "53": {
        "cache-06": 4.288460931306645, 
        "cache-12": 3.966444689463613
    }, 
    "54": {
        "cache-06": 4.288475041793452, 
        "cache-12": 3.966444689463613
    }, 
    "55": {
        "cache-06": 4.288482097036857, 
        "cache-12": 3.966444689463613
    }, 
    "56": {
        "cache-06": 4.288485624658559, 
        "cache-12": 3.966444689463613
    }, 
    "57": {
        "cache-06": 4.2884873884694095, 
        "cache-12": 3.966444689463613
    }, 
    "58": {
        "cache-06": 4.1744746529957375, 
        "cache-12": 3.966444689463613
    }, 
    "59": {
        "cache-06": 4.231481902637999, 
        "cache-12": 3.966444689463613
    }, 
    "60": {
        "cache-06": 4.259985527459129, 
        "cache-12": 3.966444689463613
    }, 
    "61": {
        "cache-06": 4.377715911820113, 
        "cache-12": 3.966444689463613
    }, 
    "62": {
        "cache-06": 4.333102532050187, 
        "cache-12": 3.966444689463613
    }, 
    "63": {
        "cache-06": 4.3107958421652235, 
        "cache-12": 3.966444689463613
    }, 
    "64": {
        "cache-06": 4.299642497222742, 
        "cache-12": 3.966444689463613
    }, 
    "65": {
        "cache-06": 4.397544396701919, 
        "cache-12": 3.966444689463613
    }, 
    "66": {
        "cache-06": 4.446495346441508, 
        "cache-12": 3.966444689463613
    }, 
    "67": {
        "cache-06": 4.367492249360884, 
        "cache-12": 3.966444689463613
    }, 
    "68": {
        "cache-06": 4.327990700820573, 
        "cache-12": 3.966444689463613
    }, 
    "69": {
        "cache-06": 4.308239926550417, 
        "cache-12": 3.966444689463613
    }, 
    "70": {
        "cache-06": 4.2983645394153385, 
        "cache-12": 3.966444689463613
    }, 
    "71": {
        "cache-06": 4.293426845847799, 
        "cache-12": 3.966444689463613
    }, 
    "72": {
        "cache-06": 4.394436571014448, 
        "cache-12": 3.966444689463613
    }, 
    "73": {
        "cache-06": 4.341462861647354, 
        "cache-12": 3.966444689463613
    }, 
    "74": {
        "cache-06": 4.314976006963807, 
        "cache-12": 3.966444689463613
    }, 
    "75": {
        "cache-06": 4.301732579622033, 
        "cache-12": 3.966444689463613
    }, 
    "76": {
        "cache-06": 4.2951108659511466, 
        "cache-12": 3.966444689463613
    }, 
    "77": {
        "cache-06": 4.177786391736605, 
        "cache-12": 3.966444689463613
    }, 
    "78": {
        "cache-06": 3.946030892016229, 
        "cache-12": 3.966444689463613
    }, 
    "79": {
        "cache-06": 3.946030892016229, 
        "cache-12": 4.013453303492839
    }, 
    "80": {
        "cache-06": 3.946030892016229, 
        "cache-12": 4.409222384522641
    }, 
    "81": {
        "cache-06": 3.946030892016229, 
        "cache-12": 4.704587995287827
    }, 
    "82": {
        "cache-06": 3.946030892016229,