{
    "0": {
        "cache-01": 4.0, 
        "cache-10": 4.9982392867618906
    }, 
    "1": {
        "cache-01": 4.0, 
        "cache-10": 4.9982392867618906
    }, 
    "2": {
        "cache-01": 4.0, 
        "cache-10": 4.9982392867618906
    }, 
    "3": {
        "cache-01": 4.0, 
        "cache-10": 4.9982392867618906
    }, 
    "4": {
        "cache-01": 4.0, 
        "cache-10": 4.9982392867618906
    }, 
    "5": {
        "cache-01": 4.0, 
        "cache-10": 4.9982392867618906
    }, 
    "6": {
        "cache-01": 4.0, 
        "cache-10": 4.9982392867618906
    }, 
    "7": {
        "cache-01": 4.0, 
        "cache-10": 4.9982392867618906
    }, 
    "8": {
        "cache-01": 4.0, 
        "cache-10": 4.9982392867618906
    }, 
    "9": {
        "cache-01": 4.0, 
        "cache-10": 4.9982392867618906
    }, 
    "10": {
        "cache-01": 4.0, 
        "cache-10": 4.9982392867618906
    }, 
    "11": {
        "cache-01": 4.0, 
        "cache-10": 4.646204755584913
    }, 
    "12": {
        "cache-01": 4.0, 
        "cache-10": 4.646204755584913
    }, 
    "13": {
        "cache-01": 4.0, 
        "cache-10": 4.646204755584913
    }, 
    "14": {
        "cache-01": 4.0, 
        "cache-10": 4.646204755584913
    }, 
    "15": {
        "cache-01": 4.0, 
        "cache-10": 4.646204755584913
    }, 
    "16": {
        "cache-01": 4.0, 
        "cache-10": 4.646204755584913
    }, 
    "17": {
        "cache-01": 4.0, 
        "cache-10": 4.646204755584913
    }, 
    "18": {
        "cache-01": 4.0, 
        "cache-10": 4.646204755584913
    }, 
    "19": {
        "cache-01": 4.0, 
        "cache-10": 4.646204755584913
    }, 
    "20": {
        "cache-01": 4.0, 
        "cache-10": 4.646204755584913
    }, 
    "21": {
        "cache-01": 3.8749971003775, 
        "cache-10": 4.597580875331557
    }, 
    "22": {
        "cache-01": 3.8749971003775, 
        "cache-10": 4.597580875331557
    }, 
    "23": {
        "cache-01": 3.8749971003775, 
        "cache-10": 4.597580875331557
    }, 
    "24": {
        "cache-01": 3.8749971003775, 
        "cache-10": 4.597580875331557
    }, 
    "25": {
        "cache-01": 3.8749971003775, 
        "cache-10": 4.597580875331557
    }, 
    "26": {
        "cache-01": 3.8749971003775, 
        "cache-10": 4.597580875331557
    }, 
    "27": {
        "cache-01": 3.8749971003775, 
        "cache-10": 4.597580875331557
    }, 
    "28": {
        "cache-01": 3.8749971003775, 
        "cache-10": 4.597580875331557
    }, 
    "29": {
        "cache-01": 3.8749971003775, 
        "cache-10": 4.597580875331557
    }, 
    "30": {
        "cache-01": 3.8749971003775, 
        "cache-10": 4.597580875331557
    }, 
    "31": {
        "cache-01": 3.8109308620609372, 
        "cache-10": 4.312680431096775
    }, 
    "32": {
        "cache-01": 3.8109308620609372, 
        "cache-10": 4.312680431096775
    }, 
    "33": {
        "cache-01": 3.8109308620609372, 
        "cache-10": 4.312680431096775
    }, 
    "34": {
        "cache-01": 3.8109308620609372, 
        "cache-10": 4.312680431096775
    }, 
    "35": {
        "cache-01": 3.8109308620609372, 
        "cache-10": 4.312680431096775
    }, 
    "36": {
        "cache-01": 3.8109308620609372, 
        "cache-10": 4.312680431096775
    }, 
    "37": {
        "cache-01": 3.8109308620609372, 
        "cache-10": 4.312680431096775
    }, 
    "38": {
        "cache-01": 3.8109308620609372, 
        "cache-10": 4.312680431096775
    }, 
    "39": {
        "cache-01": 3.8109308620609372, 
        "cache-10": 4.312680431096775
    }, 
    "40": {
        "cache-01": 3.8109308620609372, 
        "cache-10": 4.312680431096775
    }, 
    "41": {
        "cache-01": 3.780578966411367, 
        "cache-10": 4.587645449616075
    }, 
    "42": {
        "cache-01": 3.780578966411367, 
        "cache-10": 4.587645449616075
    }, 
    "43": {
        "cache-01": 3.780578966411367, 
        "cache-10": 4.587645449616075
    }, 
    "44": {
        "cache-01": 3.780578966411367, 
        "cache-10": 4.587645449616075
    }, 
    "45": {
        "cache-01": 3.780578966411367, 
        "cache-10": 4.587645449616075
    }, 
    "46": {
        "cache-01": 3.780578966411367, 
        "cache-10": 4.587645449616075
    }, 
    "47": {
        "cache-01": 3.780578966411367, 
        "cache-10": 4.587645449616075
    }, 
    "48": {
        "cache-01": 3.780578966411367, 
        "cache-10": 4.587645449616075
    }, 
    "49": {
        "cache-01": 3.780578966411367, 
        "cache-10": 4.587645449616075
    }, 
    "50": {
        "cache-01": 3.780578966411367, 
        "cache-10": 4.587645449616075
    }, 
    "51": {
        "cache-01": 3.7210639885450854, 
        "cache-10": 4.679494002739336
    }, 
    "52": {
        "cache-01": 3.7210639885450854, 
        "cache-10": 4.679494002739336
    }, 
    "53": {
        "cache-01": 3.7210639885450854, 
        "cache-10": 4.679494002739336
    }, 
    "54": {
        "cache-01": 3.7210639885450854, 
        "cache-10": 4.679494002739336
    }, 
    "55": {
        "cache-01": 3.7210639885450854, 
        "cache-10": 4.679494002739336
    }, 
    "56": {
        "cache-01": 3.7210639885450854, 
        "cache-10": 4.679494002739336
    }, 
    "57": {
        "cache-01": 3.7210639885450854, 
        "cache-10": 4.679494002739336
    }, 
    "58": {
        "cache-01": 3.7210639885450854, 
        "cache-10": 4.679494002739336
    }, 
    "59": {
        "cache-01": 3.7210639885450854, 
        "cache-10": 4.679494002739336
    }, 
    "60": {
        "cache-01": 3.7210639885450854, 
        "cache-10": 4.679494002739336
    }, 
    "61": {
        "cache-01": 3.6969772610156357, 
        "cache-10": 4.449384551273029
    }, 
    "62": {
        "cache-01": 3.6969772610156357, 
        "cache-10": 4.449384551273029
    }, 
    "63": {
        "cache-01": 3.6969772610156357, 
        "cache-10": 4.449384551273029
    }, 
    "64": {
        "cache-01": 3.6969772610156357, 
        "cache-10": 4.449384551273029
    }, 
    "65": {
        "cache-01": 3.6969772610156357, 
        "cache-10": 4.449384551273029
    }, 
    "66": {
        "cache-01": 3.6969772610156357, 
        "cache-10": 4.449384551273029
    }, 
    "67": {
        "cache-01": 3.6969772610156357, 
        "cache-10": 4.449384551273029
    }, 
    "68": {
        "cache-01": 3.6969772610156357, 
        "cache-10": 4.449384551273029
    }, 
    "69": {
        "cache-01": 3.6969772610156357, 
        "cache-10": 4.449384551273029
    }, 
    "70": {
        "cache-01": 3.6969772610156357, 
        "cache-10": 4.449384551273029
    }, 
    "71": {
        "cache-01": 3.6439133179964087, 
        "cache-10": 4.3164889190073445
    }, 
    "72": {
        "cache-01": 3.6439133179964087, 
        "cache-10": 4.3164889190073445
    }, 
    "73": {
        "cache-01": 3.6439133179964087, 
        "cache-10": 4.3164889190073445
    }, 
    "74": {
        "cache-01": 3.6439133179964087, 
        "cache-10": 4.3164889190073445
    }, 
    "75": {
        "cache-01": 3.6439133179964087, 
        "cache-10": 4.3164889190073445
    }, 
    "76": {
        "cache-01": 3.6439133179964087, 
        "cache-10": 4.3164889190073445
    }, 
    "77": {
        "cache-01": 3.6439133179964087, 
        "cache-10": 4.3164889190073445
    }, 
    "78": {
        "cache-01": 3.6439133179964087, 
        "cache-10": 4.3164889190073445
    }, 
    "79": {
        "cache-01": 3.6439133179964087, 
        "cache-10": 4.3164889190073445
    }, 
    "80": {
        "cache-01": 3.6439133179964087, 
        "cache-10": 4.3164889190073445
    }, 
    "81": {
        "cache-01": 3.634269484177051, 
        "cache-10": 4.421758336383519
    }, 
    "82": {
        "cache-01": 3.634269484177051, 
        "cache-10": 4.421758336383519
    }, 
    "83": {
        "cache-01": 3.634269484177051, 
        "cache-10": 4.421758336383519
    },