{
    "0": {
        "cache-03": 3.75, 
        "cache-14": 4
    }, 
    "1": {
        "cache-03": 4.122723148090548, 
        "cache-14": 4
    }, 
    "2": {
        "cache-03": 4.561338377071781, 
        "cache-14": 4
    }, 
    "3": {
        "cache-03": 4.780645991562398, 
        "cache-14": 4
    }, 
    "4": {
        "cache-03": 4.890299798807707, 
        "cache-14": 4
    }, 
    "5": {
        "cache-03": 4.945126702430361, 
        "cache-14": 4
    }, 
    "6": {
        "cache-03": 4.972540154241688, 
        "cache-14": 4
    }, 
    "7": {
        "cache-03": 4.986246880147352, 
        "cache-14": 4
    }, 
    "8": {
        "cache-03": 4.993100243100184, 
        "cache-14": 4
    }, 
    "9": {
        "cache-03": 4.9965269245765995, 
        "cache-14": 4
    }, 
    "10": {
        "cache-03": 4.9982402653148075, 
        "cache-14": 4
    }, 
    "11": {
        "cache-03": 4.999096935683911, 
        "cache-14": 4
    }, 
    "12": {
        "cache-03": 4.999525270868462, 
        "cache-14": 4
    }, 
    "13": {
        "cache-03": 4.999739438460738, 
        "cache-14": 4
    }, 
    "14": {
        "cache-03": 4.999846522256876, 
        "cache-14": 4
    }, 
    "15": {
        "cache-03": 4.999900064154945, 
        "cache-14": 4
    }, 
    "16": {
        "cache-03": 4.999926835103979, 
        "cache-14": 4
    }, 
    "17": {
        "cache-03": 4.999940220578496, 
        "cache-14": 4
    }, 
    "18": {
        "cache-03": 4.999946913315755, 
        "cache-14": 4
    }, 
    "19": {
        "cache-03": 4.999950259684384, 
        "cache-14": 4
    }, 
    "20": {
        "cache-03": 4.999951932868699, 
        "cache-14": 4
    }, 
    "21": {
        "cache-03": 4.999952769460856, 
        "cache-14": 4
    }, 
    "22": {
        "cache-03": 4.999953187756935, 
        "cache-14": 4
    }, 
    "23": {
        "cache-03": 4.999953396904974, 
        "cache-14": 4
    }, 
    "24": {
        "cache-03": 4.999953501478995, 
        "cache-14": 4
    }, 
    "25": {
        "cache-03": 4.999953553766005, 
        "cache-14": 4
    }, 
    "26": {
        "cache-03": 4.99995357990951, 
        "cache-14": 4
    }, 
    "27": {
        "cache-03": 4.999953592981262, 
        "cache-14": 4
    }, 
    "28": {
        "cache-03": 4.999953599517138, 
        "cache-14": 4
    }, 
    "29": {
        "cache-03": 4.999953602785077, 
        "cache-14": 4
    }, 
    "30": {
        "cache-03": 4.999953604419046, 
        "cache-14": 4
    }, 
    "31": {
        "cache-03": 4.99995360523603, 
        "cache-14": 4
    }, 
    "32": {
        "cache-03": 4.999953605644523, 
        "cache-14": 4
    }, 
    "33": {
        "cache-03": 4.999953605848768, 
        "cache-14": 4
    }, 
    "34": {
        "cache-03": 4.999953605950891, 
        "cache-14": 4
    }, 
    "35": {
        "cache-03": 4.999953606001952, 
        "cache-14": 4
    }, 
    "36": {
        "cache-03": 4.999953606027484, 
        "cache-14": 4
    }, 
    "37": {
        "cache-03": 4.999953606040249, 
        "cache-14": 4
    }, 
    "38": {
        "cache-03": 4.999953606046631, 
        "cache-14": 4
    }, 
    "39": {
        "cache-03": 4.999953606049823, 
        "cache-14": 4
    }, 
    "40": {
        "cache-03": 4.9999536060514185, 
        "cache-14": 4
    }, 
    "41": {
        "cache-03": 4.999953606052216, 
        "cache-14": 4
    }, 
    "42": {
        "cache-03": 4.999953606052616, 
        "cache-14": 4
    }, 
    "43": {
        "cache-03": 4.999953606052815, 
        "cache-14": 4
    }, 
    "44": {
        "cache-03": 4.999953606052914, 
        "cache-14": 4
    }, 
    "45": {
        "cache-03": 4.999953606052964, 
        "cache-14": 4
    }, 
    "46": {
        "cache-03": 4.999953606052989, 
        "cache-14": 4
    }, 
    "47": {
        "cache-03": 4.999953606053001, 
        "cache-14": 4
    }, 
    "48": {
        "cache-03": 4.999953606053008, 
        "cache-14": 4
    }, 
    "49": {
        "cache-03": 4.999953606053012, 
        "cache-14": 4
    }, 
    "50": {
        "cache-03": 4.999953606053014, 
        "cache-14": 4
    }, 
    "51": {
        "cache-03": 4.999953606053014, 
        "cache-14": 4
    }, 
    "52": {
        "cache-03": 4.999953606053014, 
        "cache-14": 4
    }, 
    "53": {
        "cache-03": 4.999953606053014, 
        "cache-14": 4
    }, 
    "54": {
        "cache-03": 4.999953606053014, 
        "cache-14": 4
    }, 
    "55": {
        "cache-03": 4.999953606053014, 
        "cache-14": 4
    }, 
    "56": {
        "cache-03": 4.999953606053014, 
        "cache-14": 4
    }, 
    "57": {
        "cache-03": 4.999953606053014, 
        "cache-14": 4
    }, 
    "58": {
        "cache-03": 4.999953606053014, 
        "cache-14": 4
    }, 
    "59": {
        "cache-03": 4.999953606053014, 
        "cache-14": 4
    }, 
    "60": {
        "cache-03": 4.999953606053014, 
        "cache-14": 4
    }, 
    "61": {
        "cache-03": 4.999953606053014, 
        "cache-14": 4
    }, 
    "62": {
        "cache-03": 4.999953606053014, 
        "cache-14": 4
    }, 
    "63": {
        "cache-03": 4.999953606053014, 
        "cache-14": 4
    }, 
    "64": {
        "cache-03": 4.999953606053014, 
        "cache-14": 4
    }, 
    "65": {
        "cache-03": 4.999953606053014, 
        "cache-14": 4
    }, 
    "66": {
        "cache-03": 4.999953606053014, 
        "cache-14": 4
    }, 
    "67": {
        "cache-03": 4.999953606053014, 
        "cache-14": 4
    }, 
    "68": {
        "cache-03": 4.999953606053014, 
        "cache-14": 4
    }, 
    "69": {
        "cache-03": 4.999953606053014, 
        "cache-14": 4
    }, 
    "70": {
        "cache-03": 4.999953606053014, 
        "cache-14": 4
    }, 
    "71": {
        "cache-03": 4.999953606053014, 
        "cache-14": 4
    }, 
    "72": {
        "cache-03": 4.999953606053014, 
        "cache-14": 4
    }, 
    "73": {
        "cache-03": 4.999953606053014, 
        "cache-14": 4
    }, 
    "74": {
        "cache-03": 4.999953606053014, 
        "cache-14": 4
    }, 
    "75": {
        "cache-03": 4.999953606053014, 
        "cache-14": 4
    }, 
    "76": {
        "cache-03": 4.999953606053014, 
        "cache-14": 4
    }, 
    "77": {
        "cache-03": 4.999953606053014, 
        "cache-14": 4
    }, 
    "78": {
        "cache-03": 4.999953606053014, 
        "cache-14": 4
    }, 
    "79": {
        "cache-03": 4.999953606053014, 
        "cache-14": 4
    }, 
    "80": {
        "cache-03": 4.999953606053014, 
        "cache-14": 4
    }, 
    "81": {
        "cache-03": 4.999953606053014, 
        "cache-14": 4
    }, 
    "82": {
        "cache-03": 4.999953606053014, 
        "cache-14": 4
    }, 
    "83": {
        "cache-03": 4.999953606053014, 
        "cache-14": 4
    }, 
    "84": {
        "cache-03": 4.999953606053014, 
        "cache-14": 4
    }, 
    "85": {
        "cache-03": 4.999953606053014, 
        "cache-14": 4
    }, 
    "86": {
        "cache-03": 4.999953606053014, 
        "cache-14": 4
    }, 
    "87": {
        "cache-03": 4.999953606053014, 
        "cache-14": 4
    }, 
    "88": {
        "cache-03": 4.999953606053014, 
        "cache-14": 4
    }, 
    "89": {
        "cache-03": 4.999953606053014, 
        "cache-14": 4
    }, 
    "90": {
        "cache-03": 4.999953606053014, 
        "cache-14": 4
    }, 
    "91": {
        "cache-03": 4.999953606053014, 
        "cache-14": 4
    }, 
    "92": {
        "cache-03": 4.999953606053014, 
        "cache-14": 4
    }, 
    "93": {
        "cache-03": 4.999953606053014, 
        "cache-14": 4
    }, 
    "94": {
        "cache-03": 4.999953606053014, 
        "cache-14": 4
    }, 
    "95": {
        "cache-03": 4.999953606053014, 
        "cache-14": 4
    }, 
    "96": {
        "cache-03": 4.999953606053014, 
        "cache-14": 4
    }, 
    "97": {
        "cache-03": 4.999953606053014,