{
    "0": {
        "cache-06": 3.88771055815706, 
        "cache-14": 3.3488529797653346
    }, 
    "1": {
        "cache-06": 3.88771055815706, 
        "cache-14": 3.3488529797653346
    }, 
    "2": {
        "cache-06": 3.88771055815706, 
        "cache-14": 3.3488529797653346
    }, 
    "3": {
        "cache-06": 3.88771055815706, 
        "cache-14": 3.3488529797653346
    }, 
    "4": {
        "cache-06": 3.88771055815706, 
        "cache-14": 3.3488529797653346
    }, 
    "5": {
        "cache-06": 3.88771055815706, 
        "cache-14": 3.3488529797653346
    }, 
    "6": {
        "cache-06": 3.88771055815706, 
        "cache-14": 3.3488529797653346
    }, 
    "7": {
        "cache-06": 3.88771055815706, 
        "cache-14": 3.3488529797653346
    }, 
    "8": {
        "cache-06": 3.88771055815706, 
        "cache-14": 3.3488529797653346
    }, 
    "9": {
        "cache-06": 3.88771055815706, 
        "cache-14": 3.3488529797653346
    }, 
    "10": {
        "cache-06": 3.88771055815706, 
        "cache-14": 3.3488529797653346
    }, 
    "11": {
        "cache-06": 3.7283605753242304, 
        "cache-14": 3.696036001182411
    }, 
    "12": {
        "cache-06": 3.7283605753242304, 
        "cache-14": 3.696036001182411
    }, 
    "13": {
        "cache-06": 3.7283605753242304, 
        "cache-14": 3.696036001182411
    }, 
    "14": {
        "cache-06": 3.7283605753242304, 
        "cache-14": 3.696036001182411
    }, 
    "15": {
        "cache-06": 3.7283605753242304, 
        "cache-14": 3.696036001182411
    }, 
    "16": {
        "cache-06": 3.7283605753242304, 
        "cache-14": 3.696036001182411
    }, 
    "17": {
        "cache-06": 3.7283605753242304, 
        "cache-14": 3.696036001182411
    }, 
    "18": {
        "cache-06": 3.7283605753242304, 
        "cache-14": 3.696036001182411
    }, 
    "19": {
        "cache-06": 3.7283605753242304, 
        "cache-14": 3.696036001182411
    }, 
    "20": {
        "cache-06": 3.7283605753242304, 
        "cache-14": 3.696036001182411
    }, 
    "21": {
        "cache-06": 3.743355279239, 
        "cache-14": 3.6577416606880386
    }, 
    "22": {
        "cache-06": 3.743355279239, 
        "cache-14": 3.6577416606880386
    }, 
    "23": {
        "cache-06": 3.743355279239, 
        "cache-14": 3.6577416606880386
    }, 
    "24": {
        "cache-06": 3.743355279239, 
        "cache-14": 3.6577416606880386
    }, 
    "25": {
        "cache-06": 3.743355279239, 
        "cache-14": 3.6577416606880386
    }, 
    "26": {
        "cache-06": 3.743355279239, 
        "cache-14": 3.6577416606880386
    }, 
    "27": {
        "cache-06": 3.743355279239, 
        "cache-14": 3.6577416606880386
    }, 
    "28": {
        "cache-06": 3.743355279239, 
        "cache-14": 3.6577416606880386
    }, 
    "29": {
        "cache-06": 3.743355279239, 
        "cache-14": 3.6577416606880386
    }, 
    "30": {
        "cache-06": 3.743355279239, 
        "cache-14": 3.6577416606880386
    }, 
    "31": {
        "cache-06": 3.8115462072691875, 
        "cache-14": 4.174948932722506
    }, 
    "32": {
        "cache-06": 3.8115462072691875, 
        "cache-14": 4.174948932722506
    }, 
    "33": {
        "cache-06": 3.8115462072691875, 
        "cache-14": 4.174948932722506
    }, 
    "34": {
        "cache-06": 3.8115462072691875, 
        "cache-14": 4.174948932722506
    }, 
    "35": {
        "cache-06": 3.8115462072691875, 
        "cache-14": 4.174948932722506
    }, 
    "36": {
        "cache-06": 3.8115462072691875, 
        "cache-14": 4.174948932722506
    }, 
    "37": {
        "cache-06": 3.8115462072691875, 
        "cache-14": 4.174948932722506
    }, 
    "38": {
        "cache-06": 3.8115462072691875, 
        "cache-14": 4.174948932722506
    }, 
    "39": {
        "cache-06": 3.8115462072691875, 
        "cache-14": 4.174948932722506
    }, 
    "40": {
        "cache-06": 3.8115462072691875, 
        "cache-14": 4.174948932722506
    }, 
    "41": {
        "cache-06": 4.070193042219403, 
        "cache-14": 3.8978696414055283
    }, 
    "42": {
        "cache-06": 4.070193042219403, 
        "cache-14": 3.8978696414055283
    }, 
    "43": {
        "cache-06": 4.070193042219403, 
        "cache-14": 3.8978696414055283
    }, 
    "44": {
        "cache-06": 4.070193042219403, 
        "cache-14": 3.8978696414055283
    }, 
    "45": {
        "cache-06": 4.070193042219403, 
        "cache-14": 3.8978696414055283
    }, 
    "46": {
        "cache-06": 4.070193042219403, 
        "cache-14": 3.8978696414055283
    }, 
    "47": {
        "cache-06": 4.070193042219403, 
        "cache-14": 3.8978696414055283
    }, 
    "48": {
        "cache-06": 4.070193042219403, 
        "cache-14": 3.8978696414055283
    }, 
    "49": {
        "cache-06": 4.070193042219403, 
        "cache-14": 3.8978696414055283
    }, 
    "50": {
        "cache-06": 4.070193042219403, 
        "cache-14": 3.8978696414055283
    }, 
    "51": {
        "cache-06": 4.097446913167064, 
        "cache-14": 3.873510900851304
    }, 
    "52": {
        "cache-06": 4.097446913167064, 
        "cache-14": 3.873510900851304
    }, 
    "53": {
        "cache-06": 4.097446913167064, 
        "cache-14": 3.873510900851304
    }, 
    "54": {
        "cache-06": 4.097446913167064, 
        "cache-14": 3.873510900851304
    }, 
    "55": {
        "cache-06": 4.097446913167064, 
        "cache-14": 3.873510900851304
    }, 
    "56": {
        "cache-06": 4.097446913167064, 
        "cache-14": 3.873510900851304
    }, 
    "57": {
        "cache-06": 4.097446913167064, 
        "cache-14": 3.873510900851304
    }, 
    "58": {
        "cache-06": 4.097446913167064, 
        "cache-14": 3.873510900851304
    }, 
    "59": {
        "cache-06": 4.097446913167064, 
        "cache-14": 3.873510900851304
    }, 
    "60": {
        "cache-06": 4.097446913167064, 
        "cache-14": 3.873510900851304
    }, 
    "61": {
        "cache-06": 4.129611959355151, 
        "cache-14": 3.790287786191717
    }, 
    "62": {
        "cache-06": 4.129611959355151, 
        "cache-14": 3.790287786191717
    }, 
    "63": {
        "cache-06": 4.129611959355151, 
        "cache-14": 3.790287786191717
    }, 
    "64": {
        "cache-06": 4.129611959355151, 
        "cache-14": 3.790287786191717
    }, 
    "65": {
        "cache-06": 4.129611959355151, 
        "cache-14": 3.790287786191717
    }, 
    "66": {
        "cache-06": 4.129611959355151, 
        "cache-14": 3.790287786191717
    }, 
    "67": {
        "cache-06": 4.129611959355151, 
        "cache-14": 3.790287786191717
    }, 
    "68": {
        "cache-06": 4.129611959355151, 
        "cache-14": 3.790287786191717
    }, 
    "69": {
        "cache-06": 4.129611959355151, 
        "cache-14": 3.790287786191717
    }, 
    "70": {
        "cache-06": 4.129611959355151, 
        "cache-14": 3.790287786191717
    }, 
    "71": {
        "cache-06": 3.6635257230406424, 
        "cache-14": 3.6789786883319158
    }, 
    "72": {
        "cache-06": 3.6635257230406424, 
        "cache-14": 3.6789786883319158
    }, 
    "73": {
        "cache-06": 3.6635257230406424, 
        "cache-14": 3.6789786883319158
    }, 
    "74": {
        "cache-06": 3.6635257230406424, 
        "cache-14": 3.6789786883319158
    }, 
    "75": {
        "cache-06": 3.6635257230406424, 
        "cache-14": 3.6789786883319158
    }, 
    "76": {
        "cache-06": 3.6635257230406424, 
        "cache-14": 3.6789786883319158
    }, 
    "77": {
        "cache-06": 3.6635257230406424, 
        "cache-14": 3.6789786883319158
    }, 
    "78": {
        "cache-06": 3.6635257230406424, 
        "cache-14": 3.6789786883319158
    }, 
    "79": {
        "cache-06": 3.6635257230406424, 
        "cache-14": 3.6789786883319158
    }, 
    "80": {
        "cache-06": 3.6635257230406424, 
        "cache-14": 3.6789786883319158
    },