{
    "0": {
        "cache-03": 3.75, 
        "cache-16": 4
    }, 
    "1": {
        "cache-03": 3.125, 
        "cache-16": 4
    }, 
    "2": {
        "cache-03": 2.8125, 
        "cache-16": 4
    }, 
    "3": {
        "cache-03": 2.65625, 
        "cache-16": 4
    }, 
    "4": {
        "cache-03": 2.578125, 
        "cache-16": 4
    }, 
    "5": {
        "cache-03": 2.5390625, 
        "cache-16": 4
    }, 
    "6": {
        "cache-03": 2.5390625, 
        "cache-16": 3.4848729221327375
    }, 
    "7": {
        "cache-03": 2.5390625, 
        "cache-16": 3.227309383199106
    }, 
    "8": {
        "cache-03": 2.5390625, 
        "cache-16": 3.0985276137322906
    }, 
    "9": {
        "cache-03": 2.5390625, 
        "cache-16": 3.0341367289988828
    }, 
    "10": {
        "cache-03": 2.5390625, 
        "cache-16": 2.5193305882356913
    }, 
    "11": {
        "cache-03": 2.7544041721327375, 
        "cache-16": 2.5193305882356913
    }, 
    "12": {
        "cache-03": 2.6272020860663687, 
        "cache-16": 2.5193305882356913
    }, 
    "13": {
        "cache-03": 2.5636010430331844, 
        "cache-16": 2.5193305882356913
    }, 
    "14": {
        "cache-03": 2.531800521516592, 
        "cache-16": 2.5193305882356913
    }, 
    "15": {
        "cache-03": 2.515900260758296, 
        "cache-16": 2.5193305882356913
    }, 
    "16": {
        "cache-03": 2.515900260758296, 
        "cache-16": 2.744538216250583
    }, 
    "17": {
        "cache-03": 2.515900260758296, 
        "cache-16": 2.6222691081252916
    }, 
    "18": {
        "cache-03": 2.515900260758296, 
        "cache-16": 2.5611345540626456
    }, 
    "19": {
        "cache-03": 2.515900260758296, 
        "cache-16": 2.530567277031323
    }, 
    "20": {
        "cache-03": 2.515900260758296, 
        "cache-16": 2.750156560648399
    }, 
    "21": {
        "cache-03": 2.515900260758296, 
        "cache-16": 1.6641675776862932
    }, 
    "22": {
        "cache-03": 2.2883402068619647, 
        "cache-16": 1.6641675776862932
    }, 
    "23": {
        "cache-03": 2.2001553499382656, 
        "cache-16": 1.6641675776862932
    }, 
    "24": {
        "cache-03": 2.2839061692755145, 
        "cache-16": 1.6641675776862932
    }, 
    "25": {
        "cache-03": 2.3919530846377572, 
        "cache-16": 1.6641675776862932
    }, 
    "26": {
        "cache-03": 2.4459765423188786, 
        "cache-16": 1.6641675776862932
    }, 
    "27": {
        "cache-03": 2.4729882711594393, 
        "cache-16": 1.6641675776862932
    }, 
    "28": {
        "cache-03": 2.4864941355797194, 
        "cache-16": 1.6641675776862932
    }, 
    "29": {
        "cache-03": 2.4932470677898597, 
        "cache-16": 1.6641675776862932
    }, 
    "30": {
        "cache-03": 2.4966235338949296, 
        "cache-16": 1.6641675776862932
    }, 
    "31": {
        "cache-03": 2.498311766947465, 
        "cache-16": 1.6641675776862932
    }, 
    "32": {
        "cache-03": 2.4991558834737324, 
        "cache-16": 1.6641675776862932
    }, 
    "33": {
        "cache-03": 2.499577941736866, 
        "cache-16": 1.6641675776862932
    }, 
    "34": {
        "cache-03": 2.4997889708684333, 
        "cache-16": 1.6641675776862932
    }, 
    "35": {
        "cache-03": 2.4998944854342167, 
        "cache-16": 1.6641675776862932
    }, 
    "36": {
        "cache-03": 2.4999472427171083, 
        "cache-16": 1.6641675776862932
    }, 
    "37": {
        "cache-03": 2.499973621358554, 
        "cache-16": 1.6641675776862932
    }, 
    "38": {
        "cache-03": 2.4999868106792773, 
        "cache-16": 1.6641675776862932
    }, 
    "39": {
        "cache-03": 2.4999934053396387, 
        "cache-16": 1.6641675776862932
    }, 
    "40": {
        "cache-03": 2.4999967026698195, 
        "cache-16": 1.6641675776862932
    }, 
    "41": {
        "cache-03": 2.4999983513349098, 
        "cache-16": 1.6641675776862932
    }, 
    "42": {
        "cache-03": 2.4999991756674547, 
        "cache-16": 1.6641675776862932
    }, 
    "43": {
        "cache-03": 2.4999995878337273, 
        "cache-16": 1.6641675776862932
    }, 
    "44": {
        "cache-03": 2.4999997939168637, 
        "cache-16": 1.6641675776862932
    }, 
    "45": {
        "cache-03": 2.499999896958432, 
        "cache-16": 1.6641675776862932
    }, 
    "46": {
        "cache-03": 2.499999948479216, 
        "cache-16": 1.6641675776862932
    }, 
    "47": {
        "cache-03": 2.499999974239608, 
        "cache-16": 1.6641675776862932
    }, 
    "48": {
        "cache-03": 2.499999987119804, 
        "cache-16": 1.6641675776862932
    }, 
    "49": {
        "cache-03": 2.4999999935599018, 
        "cache-16": 1.6641675776862932
    }, 
    "50": {
        "cache-03": 2.499999996779951, 
        "cache-16": 1.6641675776862932
    }, 
    "51": {
        "cache-03": 2.4999999983899754, 
        "cache-16": 1.6641675776862932
    }, 
    "52": {
        "cache-03": 2.499999999194988, 
        "cache-16": 1.6641675776862932
    }, 
    "53": {
        "cache-03": 2.7348729217302314, 
        "cache-16": 1.6641675776862932
    }, 
    "54": {
        "cache-03": 2.6174364608651155, 
        "cache-16": 1.6641675776862932
    }, 
    "55": {
        "cache-03": 2.5587182304325577, 
        "cache-16": 1.6641675776862932
    }, 
    "56": {
        "cache-03": 2.5293591152162787, 
        "cache-16": 1.6641675776862932
    }, 
    "57": {
        "cache-03": 2.5146795576081393, 
        "cache-16": 1.6641675776862932
    }, 
    "58": {
        "cache-03": 2.742212700936807, 
        "cache-16": 1.6641675776862932
    }, 
    "59": {
        "cache-03": 2.621106350468404, 
        "cache-16": 1.6641675776862932
    }, 
    "60": {
        "cache-03": 2.7954260973669394, 
        "cache-16": 1.6641675776862932
    }, 
    "61": {
        "cache-03": 2.6477130486834697, 
        "cache-16": 1.6641675776862932
    }, 
    "62": {
        "cache-03": 2.5738565243417346, 
        "cache-16": 1.6641675776862932
    }, 
    "63": {
        "cache-03": 2.5369282621708673, 
        "cache-16": 1.6641675776862932
    }, 
    "64": {
        "cache-03": 2.7533370532181713, 
        "cache-16": 1.6641675776862932
    }, 
    "65": {
        "cache-03": 2.6266685266090857, 
        "cache-16": 1.6641675776862932
    }, 
    "66": {
        "cache-03": 2.563334263304543, 
        "cache-16": 1.6641675776862932
    }, 
    "67": {
        "cache-03": 2.766540053785009, 
        "cache-16": 1.6641675776862932
    }, 
    "68": {
        "cache-03": 2.868142949025242, 
        "cache-16": 1.6641675776862932
    }, 
    "69": {
        "cache-03": 2.9189443966453585, 
        "cache-16": 1.6641675776862932
    }, 
    "70": {
        "cache-03": 2.709472198322679, 
        "cache-16": 1.6641675776862932
    }, 
    "71": {
        "cache-03": 2.6047360991613395, 
        "cache-16": 1.6641675776862932
    }, 
    "72": {
        "cache-03": 2.5523680495806698, 
        "cache-16": 1.6641675776862932
    }, 
    "73": {
        "cache-03": 2.526184024790335, 
        "cache-16": 1.6641675776862932
    }, 
    "74": {
        "cache-03": 2.747964934527905, 
        "cache-16": 1.6641675776862932
    }, 
    "75": {
        "cache-03": 2.85885538939669, 
        "cache-16": 1.6641675776862932
    }, 
    "76": {
        "cache-03": 2.9143006168310825, 
        "cache-16": 1.6641675776862932
    }, 
    "77": {
        "cache-03": 2.942023230548279, 
        "cache-16": 1.6641675776862932
    }, 
    "78": {
        "cache-03": 2.955884537406877, 
        "cache-16": 1.6641675776862932
    }, 
    "79": {
        "cache-03": 2.7279422687034387, 
        "cache-16": 1.6641675776862932
    }, 
    "80": {
        "cache-03": 2.6139711343517193, 
        "cache-16": 1.6641675776862932
    }, 
    "81": {
        "cache-03": 2.5569855671758597, 
        "cache-16": 1.6641675776862932
    }, 
    "82": {
        "cache-03": 2.5284927835879296,