{
    "0": {
        "cache-04": 4, 
        "cache-13": 3.75
    }, 
    "1": {
        "cache-04": 4, 
        "cache-13": 3.9052309587610323
    }, 
    "2": {
        "cache-04": 4, 
        "cache-13": 3.9828464381415483
    }, 
    "3": {
        "cache-04": 4, 
        "cache-13": 4.021654177831806
    }, 
    "4": {
        "cache-04": 4, 
        "cache-13": 3.730572933181378
    }, 
    "5": {
        "cache-04": 4, 
        "cache-13": 4.009531042730819
    }, 
    "6": {
        "cache-04": 4, 
        "cache-13": 4.14901009750554
    }, 
    "7": {
        "cache-04": 4, 
        "cache-13": 4.218749624892901
    }, 
    "8": {
        "cache-04": 4, 
        "cache-13": 4.25361938858658
    }, 
    "9": {
        "cache-04": 4, 
        "cache-13": 4.271054270433421
    }, 
    "10": {
        "cache-04": 4, 
        "cache-13": 4.5380228679929315
    }, 
    "11": {
        "cache-04": 4, 
        "cache-13": 4.516734582087015
    }, 
    "12": {
        "cache-04": 4, 
        "cache-13": 4.402611867183637
    }, 
    "13": {
        "cache-04": 4, 
        "cache-13": 4.231536892352851
    }, 
    "14": {
        "cache-04": 4, 
        "cache-13": 4.1459994049374576
    }, 
    "15": {
        "cache-04": 4, 
        "cache-13": 3.930137398616655
    }, 
    "16": {
        "cache-04": 4.030230958761033, 
        "cache-13": 3.930137398616655
    }, 
    "17": {
        "cache-04": 3.8722531755284426, 
        "cache-13": 3.930137398616655
    }, 
    "18": {
        "cache-04": 3.8722531755284426, 
        "cache-13": 4.109313275448458
    }, 
    "19": {
        "cache-04": 3.8722531755284426, 
        "cache-13": 4.198901213864359
    }, 
    "20": {
        "cache-04": 3.8722531755284426, 
        "cache-13": 4.129681565693212
    }, 
    "21": {
        "cache-04": 3.8722531755284426, 
        "cache-13": 4.312563930937154
    }, 
    "22": {
        "cache-04": 3.8722531755284426, 
        "cache-13": 4.300526541608708
    }, 
    "23": {
        "cache-04": 3.8722531755284426, 
        "cache-13": 4.180494229565387
    }, 
    "24": {
        "cache-04": 3.8722531755284426, 
        "cache-13": 4.120478073543726
    }, 
    "25": {
        "cache-04": 3.8722531755284426, 
        "cache-13": 4.3079621848624114
    }, 
    "26": {
        "cache-04": 3.8722531755284426, 
        "cache-13": 4.556476825207427
    }, 
    "27": {
        "cache-04": 3.8722531755284426, 
        "cache-13": 4.525961560694261
    }, 
    "28": {
        "cache-04": 3.8722531755284426, 
        "cache-13": 4.407225356487261
    }, 
    "29": {
        "cache-04": 3.8722531755284426, 
        "cache-13": 4.233843637004663
    }, 
    "30": {
        "cache-04": 3.8722531755284426, 
        "cache-13": 4.147152777263363
    }, 
    "31": {
        "cache-04": 3.8722531755284426, 
        "cache-13": 4.1038073473927135
    }, 
    "32": {
        "cache-04": 3.8722531755284426, 
        "cache-13": 3.909041369844283
    }, 
    "33": {
        "cache-04": 3.8722531755284426, 
        "cache-13": 3.8116583810700675
    }, 
    "34": {
        "cache-04": 3.966357546525254, 
        "cache-13": 3.8116583810700675
    }, 
    "35": {
        "cache-04": 3.840316469410553, 
        "cache-13": 3.8116583810700675
    }, 
    "36": {
        "cache-04": 3.950389193466309, 
        "cache-13": 3.8116583810700675
    }, 
    "37": {
        "cache-04": 3.832332292881081, 
        "cache-13": 3.8116583810700675
    }, 
    "38": {
        "cache-04": 3.946397105201573, 
        "cache-13": 3.8116583810700675
    }, 
    "39": {
        "cache-04": 4.003429511361819, 
        "cache-13": 3.8116583810700675
    }, 
    "40": {
        "cache-04": 4.031945714441942, 
        "cache-13": 3.8116583810700675
    }, 
    "41": {
        "cache-04": 3.8731105533688974, 
        "cache-13": 3.8116583810700675
    }, 
    "42": {
        "cache-04": 3.966786235445481, 
        "cache-13": 3.8116583810700675
    }, 
    "43": {
        "cache-04": 4.127637693862871, 
        "cache-13": 3.8116583810700675
    }, 
    "44": {
        "cache-04": 4.0940498056924675, 
        "cache-13": 3.8116583810700675
    }, 
    "45": {
        "cache-04": 3.90416259899416, 
        "cache-13": 3.8116583810700675
    }, 
    "46": {
        "cache-04": 3.982312258258112, 
        "cache-13": 3.8116583810700675
    }, 
    "47": {
        "cache-04": 4.021387087890089, 
        "cache-13": 3.8116583810700675
    }, 
    "48": {
        "cache-04": 3.8678312400929706, 
        "cache-13": 3.8116583810700675
    }, 
    "49": {
        "cache-04": 3.964146578807518, 
        "cache-13": 3.8116583810700675
    }, 
    "50": {
        "cache-04": 4.012304248164791, 
        "cache-13": 3.8116583810700675
    }, 
    "51": {
        "cache-04": 4.036383082843428, 
        "cache-13": 3.8116583810700675
    }, 
    "52": {
        "cache-04": 4.048422500182746, 
        "cache-13": 3.8116583810700675
    }, 
    "53": {
        "cache-04": 3.8813489462392994, 
        "cache-13": 3.8116583810700675
    }, 
    "54": {
        "cache-04": 3.797812169267576, 
        "cache-13": 3.8116583810700675
    }, 
    "55": {
        "cache-04": 3.797812169267576, 
        "cache-13": 3.936060149296066
    }, 
    "56": {
        "cache-04": 3.797812169267576, 
        "cache-13": 3.998261033409065
    }, 
    "57": {
        "cache-04": 3.797812169267576, 
        "cache-13": 3.856268212852459
    }, 
    "58": {
        "cache-04": 3.797812169267576, 
        "cache-13": 3.6478799506917046
    }, 
    "59": {
        "cache-04": 4.043150660773918, 
        "cache-13": 3.6478799506917046
    }, 
    "60": {
        "cache-04": 3.8787130265348853, 
        "cache-13": 3.6478799506917046
    }, 
    "61": {
        "cache-04": 3.7964942094153686, 
        "cache-13": 3.6478799506917046
    }, 
    "62": {
        "cache-04": 3.383120026840422, 
        "cache-13": 3.6478799506917046
    }, 
    "63": {
        "cache-04": 3.383120026840422, 
        "cache-13": 3.5436858196113272
    }, 
    "64": {
        "cache-04": 3.383120026840422, 
        "cache-13": 3.62898060595359
    }, 
    "65": {
        "cache-04": 3.383120026840422, 
        "cache-13": 3.671627999124721
    }, 
    "66": {
        "cache-04": 3.383120026840422, 
        "cache-13": 3.8660449583233927
    }, 
    "67": {
        "cache-04": 3.383120026840422, 
        "cache-13": 4.077267055301826
    }, 
    "68": {
        "cache-04": 3.383120026840422, 
        "cache-13": 4.068864486411945
    }, 
    "69": {
        "cache-04": 3.383120026840422, 
        "cache-13": 3.8915699393538987
    }, 
    "70": {
        "cache-04": 3.383120026840422, 
        "cache-13": 3.802922665824876
    }, 
    "71": {
        "cache-04": 3.383120026840422, 
        "cache-13": 3.758599029060364
    }, 
    "72": {
        "cache-04": 3.383120026840422, 
        "cache-13": 4.023544090670312
    }, 
    "73": {
        "cache-04": 3.383120026840422, 
        "cache-13": 4.1560166214752865
    }, 
    "74": {
        "cache-04": 3.383120026840422, 
        "cache-13": 4.222252886877774
    }, 
    "75": {
        "cache-04": 3.383120026840422, 
        "cache-13": 4.255371019579018
    }, 
    "76": {
        "cache-04": 3.383120026840422, 
        "cache-13": 4.53018124256573
    }, 
    "77": {
        "cache-04": 3.383120026840422, 
        "cache-13": 4.409335197422996
    }, 
    "78": {
        "cache-04": 3.383120026840422, 
        "cache-13": 4.061805294859424
    }, 
    "79": {
        "cache-04": 3.383120026840422, 
        "cache-13": 3.888040343577638
    }, 
    "80": {
        "cache-04": 3.383120026840422, 
        "cache-13": 3.9742511305498516
    }, 
    "81": {
        "cache-04": 3.383120026840422, 
        "cache-13": 3.844263261422852
    }, 
    "82": {
        "cache-04": 3.383120026840422, 
        "cache-13": 3.7792693268593522
    }, 
    "83": {
        "cache-04": 3.383120026840422,