{
    "0": {
        "cache-09": 4, 
        "cache-14": 3.75
    }, 
    "1": {
        "cache-09": 4, 
        "cache-14": 4.01924457614013
    }, 
    "2": {
        "cache-09": 4, 
        "cache-14": 4.509599091096572
    }, 
    "3": {
        "cache-09": 4, 
        "cache-14": 4.754776348574794
    }, 
    "4": {
        "cache-09": 4, 
        "cache-14": 4.8773649773139045
    }, 
    "5": {
        "cache-09": 4, 
        "cache-14": 4.938659291683459
    }, 
    "6": {
        "cache-09": 4, 
        "cache-14": 4.969306448868236
    }, 
    "7": {
        "cache-09": 4, 
        "cache-14": 4.984630027460625
    }, 
    "8": {
        "cache-09": 4, 
        "cache-14": 4.99229181675682
    }, 
    "9": {
        "cache-09": 4, 
        "cache-14": 4.996122711404917
    }, 
    "10": {
        "cache-09": 4, 
        "cache-14": 4.998038158728965
    }, 
    "11": {
        "cache-09": 4, 
        "cache-14": 4.9989958823909895
    }, 
    "12": {
        "cache-09": 4, 
        "cache-14": 4.999474744222002
    }, 
    "13": {
        "cache-09": 4, 
        "cache-14": 4.999714175137509
    }, 
    "14": {
        "cache-09": 4, 
        "cache-14": 4.999833890595262
    }, 
    "15": {
        "cache-09": 4, 
        "cache-14": 4.999893748324139
    }, 
    "16": {
        "cache-09": 4, 
        "cache-14": 4.9024426069382905
    }, 
    "17": {
        "cache-09": 4, 
        "cache-14": 4.595465879609275
    }, 
    "18": {
        "cache-09": 4, 
        "cache-14": 4.32796389856567
    }, 
    "19": {
        "cache-09": 4, 
        "cache-14": 4.194212908043868
    }, 
    "20": {
        "cache-09": 4, 
        "cache-14": 4.241351030162065
    }, 
    "21": {
        "cache-09": 4, 
        "cache-14": 4.264920091221162
    }, 
    "22": {
        "cache-09": 4, 
        "cache-14": 4.162691004371613
    }, 
    "23": {
        "cache-09": 4, 
        "cache-14": 4.225590078325936
    }, 
    "24": {
        "cache-09": 4, 
        "cache-14": 4.612771842189476
    }, 
    "25": {
        "cache-09": 4, 
        "cache-14": 4.708881653870959
    }, 
    "26": {
        "cache-09": 4, 
        "cache-14": 4.602163975026028
    }, 
    "27": {
        "cache-09": 4, 
        "cache-14": 4.548805135603562
    }, 
    "28": {
        "cache-09": 4, 
        "cache-14": 4.304633526562814
    }, 
    "29": {
        "cache-09": 4, 
        "cache-14": 4.296561339421537
    }, 
    "30": {
        "cache-09": 4, 
        "cache-14": 4.178511628471801
    }, 
    "31": {
        "cache-09": 4, 
        "cache-14": 3.8090016585013755
    }, 
    "32": {
        "cache-09": 4.030230958761033, 
        "cache-14": 3.8090016585013755
    }, 
    "33": {
        "cache-09": 4.159360055520647, 
        "cache-14": 3.8090016585013755
    }, 
    "34": {
        "cache-09": 4.109910986521356, 
        "cache-14": 3.8090016585013755
    }, 
    "35": {
        "cache-09": 4.085186452021711, 
        "cache-14": 3.8090016585013755
    }, 
    "36": {
        "cache-09": 4.186837802150986, 
        "cache-14": 3.8090016585013755
    }, 
    "37": {
        "cache-09": 4.123649859836526, 
        "cache-14": 3.8090016585013755
    }, 
    "38": {
        "cache-09": 3.918962626066189, 
        "cache-14": 3.8090016585013755
    }, 
    "39": {
        "cache-09": 3.8166190091810206, 
        "cache-14": 3.8090016585013755
    }, 
    "40": {
        "cache-09": 3.7654472007384365, 
        "cache-14": 3.8090016585013755
    }, 
    "41": {
        "cache-09": 3.7654472007384365, 
        "cache-14": 3.6242466735161627
    }, 
    "42": {
        "cache-09": 4.026968176509349, 
        "cache-14": 3.6242466735161627
    }, 
    "43": {
        "cache-09": 4.261207236345223, 
        "cache-14": 3.6242466735161627
    }, 
    "44": {
        "cache-09": 4.274848194312742, 
        "cache-14": 3.6242466735161627
    }, 
    "45": {
        "cache-09": 4.167655055917404, 
        "cache-14": 3.6242466735161627
    }, 
    "46": {
        "cache-09": 4.114058486719735, 
        "cache-14": 3.6242466735161627
    }, 
    "47": {
        "cache-09": 4.0872602021209, 
        "cache-14": 3.6242466735161627
    }, 
    "48": {
        "cache-09": 4.073861059821482, 
        "cache-14": 3.6242466735161627
    }, 
    "49": {
        "cache-09": 4.067161488671774, 
        "cache-14": 3.6242466735161627
    }, 
    "50": {
        "cache-09": 4.063811703096919, 
        "cache-14": 3.6242466735161627
    }, 
    "51": {
        "cache-09": 4.062136810309491, 
        "cache-14": 3.6242466735161627
    }, 
    "52": {
        "cache-09": 4.0612993639157775, 
        "cache-14": 3.6242466735161627
    }, 
    "53": {
        "cache-09": 4.060880640718921, 
        "cache-14": 3.6242466735161627
    }, 
    "54": {
        "cache-09": 3.8875780165073865, 
        "cache-14": 3.6242466735161627
    }, 
    "55": {
        "cache-09": 3.9740199670147254, 
        "cache-14": 3.6242466735161627
    }, 
    "56": {
        "cache-09": 4.017240942268395, 
        "cache-14": 3.6242466735161627
    }, 
    "57": {
        "cache-09": 4.03885142989523, 
        "cache-14": 3.6242466735161627
    }, 
    "58": {
        "cache-09": 3.5042986370803524, 
        "cache-14": 3.6242466735161627
    }, 
    "59": {
        "cache-09": 3.5042986370803524, 
        "cache-14": 3.5318691810235565
    }, 
    "60": {
        "cache-09": 3.5042986370803524, 
        "cache-14": 3.6230722866597045
    }, 
    "61": {
        "cache-09": 3.5042986370803524, 
        "cache-14": 3.8417671020908846
    }, 
    "62": {
        "cache-09": 3.5042986370803524, 
        "cache-14": 4.065128127185573
    }, 
    "63": {
        "cache-09": 3.5042986370803524, 
        "cache-14": 4.062795022353819
    }, 
    "64": {
        "cache-09": 3.5042986370803524, 
        "cache-14": 4.061628469937942
    }, 
    "65": {
        "cache-09": 3.5042986370803524, 
        "cache-14": 4.278537383059519
    }, 
    "66": {
        "cache-09": 3.5042986370803524, 
        "cache-14": 4.28351326766989
    }, 
    "67": {
        "cache-09": 3.5042986370803524, 
        "cache-14": 4.286001209975075
    }, 
    "68": {
        "cache-09": 3.5042986370803524, 
        "cache-14": 4.17323156374857
    }, 
    "69": {
        "cache-09": 3.5042986370803524, 
        "cache-14": 4.116846740635317
    }, 
    "70": {
        "cache-09": 3.5042986370803524, 
        "cache-14": 4.46091910309388
    }, 
    "71": {
        "cache-09": 3.5042986370803524, 
        "cache-14": 4.632955284323161
    }, 
    "72": {
        "cache-09": 3.5042986370803524, 
        "cache-14": 4.718973374937802
    }, 
    "73": {
        "cache-09": 3.5042986370803524, 
        "cache-14": 4.607209835559449
    }, 
    "74": {
        "cache-09": 3.5042986370803524, 
        "cache-14": 4.803581720806232
    }, 
    "75": {
        "cache-09": 3.5042986370803524, 
        "cache-14": 4.649514008493664
    }, 
    "76": {
        "cache-09": 3.5042986370803524, 
        "cache-14": 4.354987963007865
    }, 
    "77": {
        "cache-09": 3.5042986370803524, 
        "cache-14": 4.207724940264965
    }, 
    "78": {
        "cache-09": 3.5042986370803524, 
        "cache-14": 4.248107046272613
    }, 
    "79": {
        "cache-09": 3.5042986370803524, 
        "cache-14": 4.268298099276437
    }, 
    "80": {
        "cache-09": 3.5042986370803524, 
        "cache-14": 4.164380008399251
    }, 
    "81": {
        "cache-09": 3.5042986370803524, 
        "cache-14": 4.112420962960657
    }, 
    "82": {
        "cache-09": 3.5042986370803524, 
        "cache-14": 4.45870621425655
    }, 
    "83": {
        "cache-09": 3.5042986370803524, 
        "cache-14": 4.631848839904496
    }, 
    "84": {
        "cache-09": 3.5042986370803524, 
        "cache-14": 4.460168996092378
    }, 
    "85": {
        "cache-09": 3.5042986370803524, 
        "cache-14": 4.63258023082241
    },