{
    "0": {
        "cache-10": 4.9982392867618906, 
        "cache-12": 4.0
    }, 
    "1": {
        "cache-10": 4.9982392867618906, 
        "cache-12": 4.0
    }, 
    "2": {
        "cache-10": 4.9982392867618906, 
        "cache-12": 4.0
    }, 
    "3": {
        "cache-10": 4.9982392867618906, 
        "cache-12": 4.0
    }, 
    "4": {
        "cache-10": 4.9982392867618906, 
        "cache-12": 4.0
    }, 
    "5": {
        "cache-10": 4.9982392867618906, 
        "cache-12": 4.0
    }, 
    "6": {
        "cache-10": 4.9982392867618906, 
        "cache-12": 4.0
    }, 
    "7": {
        "cache-10": 4.9982392867618906, 
        "cache-12": 4.0
    }, 
    "8": {
        "cache-10": 4.9982392867618906, 
        "cache-12": 4.0
    }, 
    "9": {
        "cache-10": 4.9982392867618906, 
        "cache-12": 4.0
    }, 
    "10": {
        "cache-10": 4.9982392867618906, 
        "cache-12": 4.0
    }, 
    "11": {
        "cache-10": 4.970224396130538, 
        "cache-12": 3.9275613698400003
    }, 
    "12": {
        "cache-10": 4.970224396130538, 
        "cache-12": 3.9275613698400003
    }, 
    "13": {
        "cache-10": 4.970224396130538, 
        "cache-12": 3.9275613698400003
    }, 
    "14": {
        "cache-10": 4.970224396130538, 
        "cache-12": 3.9275613698400003
    }, 
    "15": {
        "cache-10": 4.970224396130538, 
        "cache-12": 3.9275613698400003
    }, 
    "16": {
        "cache-10": 4.970224396130538, 
        "cache-12": 3.9275613698400003
    }, 
    "17": {
        "cache-10": 4.970224396130538, 
        "cache-12": 3.9275613698400003
    }, 
    "18": {
        "cache-10": 4.970224396130538, 
        "cache-12": 3.9275613698400003
    }, 
    "19": {
        "cache-10": 4.970224396130538, 
        "cache-12": 3.9275613698400003
    }, 
    "20": {
        "cache-10": 4.970224396130538, 
        "cache-12": 3.9275613698400003
    }, 
    "21": {
        "cache-10": 4.447270099947536, 
        "cache-12": 3.932088784225
    }, 
    "22": {
        "cache-10": 4.447270099947536, 
        "cache-12": 3.932088784225
    }, 
    "23": {
        "cache-10": 4.447270099947536, 
        "cache-12": 3.932088784225
    }, 
    "24": {
        "cache-10": 4.447270099947536, 
        "cache-12": 3.932088784225
    }, 
    "25": {
        "cache-10": 4.447270099947536, 
        "cache-12": 3.932088784225
    }, 
    "26": {
        "cache-10": 4.447270099947536, 
        "cache-12": 3.932088784225
    }, 
    "27": {
        "cache-10": 4.447270099947536, 
        "cache-12": 3.932088784225
    }, 
    "28": {
        "cache-10": 4.447270099947536, 
        "cache-12": 3.932088784225
    }, 
    "29": {
        "cache-10": 4.447270099947536, 
        "cache-12": 3.932088784225
    }, 
    "30": {
        "cache-10": 4.447270099947536, 
        "cache-12": 3.932088784225
    }, 
    "31": {
        "cache-10": 4.720028502999409, 
        "cache-12": 3.9323717476215627
    }, 
    "32": {
        "cache-10": 4.720028502999409, 
        "cache-12": 3.9323717476215627
    }, 
    "33": {
        "cache-10": 4.720028502999409, 
        "cache-12": 3.9323717476215627
    }, 
    "34": {
        "cache-10": 4.720028502999409, 
        "cache-12": 3.9323717476215627
    }, 
    "35": {
        "cache-10": 4.720028502999409, 
        "cache-12": 3.9323717476215627
    }, 
    "36": {
        "cache-10": 4.720028502999409, 
        "cache-12": 3.9323717476215627
    }, 
    "37": {
        "cache-10": 4.720028502999409, 
        "cache-12": 3.9323717476215627
    }, 
    "38": {
        "cache-10": 4.720028502999409, 
        "cache-12": 3.9323717476215627
    }, 
    "39": {
        "cache-10": 4.720028502999409, 
        "cache-12": 3.9323717476215627
    }, 
    "40": {
        "cache-10": 4.720028502999409, 
        "cache-12": 3.9323717476215627
    }, 
    "41": {
        "cache-10": 4.402360561161554, 
        "cache-12": 3.932955359631973
    }, 
    "42": {
        "cache-10": 4.402360561161554, 
        "cache-12": 3.932955359631973
    }, 
    "43": {
        "cache-10": 4.402360561161554, 
        "cache-12": 3.932955359631973
    }, 
    "44": {
        "cache-10": 4.402360561161554, 
        "cache-12": 3.932955359631973
    }, 
    "45": {
        "cache-10": 4.402360561161554, 
        "cache-12": 3.932955359631973
    }, 
    "46": {
        "cache-10": 4.402360561161554, 
        "cache-12": 3.932955359631973
    }, 
    "47": {
        "cache-10": 4.402360561161554, 
        "cache-12": 3.932955359631973
    }, 
    "48": {
        "cache-10": 4.402360561161554, 
        "cache-12": 3.932955359631973
    }, 
    "49": {
        "cache-10": 4.402360561161554, 
        "cache-12": 3.932955359631973
    }, 
    "50": {
        "cache-10": 4.402360561161554, 
        "cache-12": 3.932955359631973
    }, 
    "51": {
        "cache-10": 4.328903618335074, 
        "cache-12": 3.9337346143044982
    }, 
    "52": {
        "cache-10": 4.328903618335074, 
        "cache-12": 3.9337346143044982
    }, 
    "53": {
        "cache-10": 4.328903618335074, 
        "cache-12": 3.9337346143044982
    }, 
    "54": {
        "cache-10": 4.328903618335074, 
        "cache-12": 3.9337346143044982
    }, 
    "55": {
        "cache-10": 4.328903618335074, 
        "cache-12": 3.9337346143044982
    }, 
    "56": {
        "cache-10": 4.328903618335074, 
        "cache-12": 3.9337346143044982
    }, 
    "57": {
        "cache-10": 4.328903618335074, 
        "cache-12": 3.9337346143044982
    }, 
    "58": {
        "cache-10": 4.328903618335074, 
        "cache-12": 3.9337346143044982
    }, 
    "59": {
        "cache-10": 4.328903618335074, 
        "cache-12": 3.9337346143044982
    }, 
    "60": {
        "cache-10": 4.328903618335074, 
        "cache-12": 3.9337346143044982
    }, 
    "61": {
        "cache-10": 4.5370560336636006, 
        "cache-12": 3.950751681279656
    }, 
    "62": {
        "cache-10": 4.5370560336636006, 
        "cache-12": 3.950751681279656
    }, 
    "63": {
        "cache-10": 4.5370560336636006, 
        "cache-12": 3.950751681279656
    }, 
    "64": {
        "cache-10": 4.5370560336636006, 
        "cache-12": 3.950751681279656
    }, 
    "65": {
        "cache-10": 4.5370560336636006, 
        "cache-12": 3.950751681279656
    }, 
    "66": {
        "cache-10": 4.5370560336636006, 
        "cache-12": 3.950751681279656
    }, 
    "67": {
        "cache-10": 4.5370560336636006, 
        "cache-12": 3.950751681279656
    }, 
    "68": {
        "cache-10": 4.5370560336636006, 
        "cache-12": 3.950751681279656
    }, 
    "69": {
        "cache-10": 4.5370560336636006, 
        "cache-12": 3.950751681279656
    }, 
    "70": {
        "cache-10": 4.5370560336636006, 
        "cache-12": 3.950751681279656
    }, 
    "71": {
        "cache-10": 4.369742935674785, 
        "cache-12": 3.969293558009978
    }, 
    "72": {
        "cache-10": 4.369742935674785, 
        "cache-12": 3.969293558009978
    }, 
    "73": {
        "cache-10": 4.369742935674785, 
        "cache-12": 3.969293558009978
    }, 
    "74": {
        "cache-10": 4.369742935674785, 
        "cache-12": 3.969293558009978
    }, 
    "75": {
        "cache-10": 4.369742935674785, 
        "cache-12": 3.969293558009978
    }, 
    "76": {
        "cache-10": 4.369742935674785, 
        "cache-12": 3.969293558009978
    }, 
    "77": {
        "cache-10": 4.369742935674785, 
        "cache-12": 3.969293558009978
    }, 
    "78": {
        "cache-10": 4.369742935674785, 
        "cache-12": 3.969293558009978
    }, 
    "79": {
        "cache-10": 4.369742935674785, 
        "cache-12": 3.969293558009978
    }, 
    "80": {
        "cache-10": 4.369742935674785, 
        "cache-12": 3.969293558009978
    }, 
    "81": {
        "cache-10": 4.57603984430842, 
        "cache-12": 3.9771085045499985
    }, 
    "82": {
        "cache-10": 4.57603984430842, 
        "cache-12": 3.9771085045499985
    },