{
    "0": {
        "cache-04": 4.0, 
        "cache-10": 4.728875762515093
    }, 
    "1": {
        "cache-04": 4.0, 
        "cache-10": 4.728875762515093
    }, 
    "2": {
        "cache-04": 4.0, 
        "cache-10": 4.728875762515093
    }, 
    "3": {
        "cache-04": 4.0, 
        "cache-10": 4.728875762515093
    }, 
    "4": {
        "cache-04": 4.0, 
        "cache-10": 4.728875762515093
    }, 
    "5": {
        "cache-04": 4.0, 
        "cache-10": 4.728875762515093
    }, 
    "6": {
        "cache-04": 4.0, 
        "cache-10": 4.728875762515093
    }, 
    "7": {
        "cache-04": 4.0, 
        "cache-10": 4.728875762515093
    }, 
    "8": {
        "cache-04": 4.0, 
        "cache-10": 4.728875762515093
    }, 
    "9": {
        "cache-04": 4.0, 
        "cache-10": 4.728875762515093
    }, 
    "10": {
        "cache-04": 4.0, 
        "cache-10": 4.728875762515093
    }, 
    "11": {
        "cache-04": 4.036061144035, 
        "cache-10": 4.654789301371742
    }, 
    "12": {
        "cache-04": 4.036061144035, 
        "cache-10": 4.654789301371742
    }, 
    "13": {
        "cache-04": 4.036061144035, 
        "cache-10": 4.654789301371742
    }, 
    "14": {
        "cache-04": 4.036061144035, 
        "cache-10": 4.654789301371742
    }, 
    "15": {
        "cache-04": 4.036061144035, 
        "cache-10": 4.654789301371742
    }, 
    "16": {
        "cache-04": 4.036061144035, 
        "cache-10": 4.654789301371742
    }, 
    "17": {
        "cache-04": 4.036061144035, 
        "cache-10": 4.654789301371742
    }, 
    "18": {
        "cache-04": 4.036061144035, 
        "cache-10": 4.654789301371742
    }, 
    "19": {
        "cache-04": 4.036061144035, 
        "cache-10": 4.654789301371742
    }, 
    "20": {
        "cache-04": 4.036061144035, 
        "cache-10": 4.654789301371742
    }, 
    "21": {
        "cache-04": 3.906813954146875, 
        "cache-10": 4.449541364324714
    }, 
    "22": {
        "cache-04": 3.906813954146875, 
        "cache-10": 4.449541364324714
    }, 
    "23": {
        "cache-04": 3.906813954146875, 
        "cache-10": 4.449541364324714
    }, 
    "24": {
        "cache-04": 3.906813954146875, 
        "cache-10": 4.449541364324714
    }, 
    "25": {
        "cache-04": 3.906813954146875, 
        "cache-10": 4.449541364324714
    }, 
    "26": {
        "cache-04": 3.906813954146875, 
        "cache-10": 4.449541364324714
    }, 
    "27": {
        "cache-04": 3.906813954146875, 
        "cache-10": 4.449541364324714
    }, 
    "28": {
        "cache-04": 3.906813954146875, 
        "cache-10": 4.449541364324714
    }, 
    "29": {
        "cache-04": 3.906813954146875, 
        "cache-10": 4.449541364324714
    }, 
    "30": {
        "cache-04": 3.906813954146875, 
        "cache-10": 4.449541364324714
    }, 
    "31": {
        "cache-04": 3.8087944220458594, 
        "cache-10": 4.81784060843313
    }, 
    "32": {
        "cache-04": 3.8087944220458594, 
        "cache-10": 4.81784060843313
    }, 
    "33": {
        "cache-04": 3.8087944220458594, 
        "cache-10": 4.81784060843313
    }, 
    "34": {
        "cache-04": 3.8087944220458594, 
        "cache-10": 4.81784060843313
    }, 
    "35": {
        "cache-04": 3.8087944220458594, 
        "cache-10": 4.81784060843313
    }, 
    "36": {
        "cache-04": 3.8087944220458594, 
        "cache-10": 4.81784060843313
    }, 
    "37": {
        "cache-04": 3.8087944220458594, 
        "cache-10": 4.81784060843313
    }, 
    "38": {
        "cache-04": 3.8087944220458594, 
        "cache-10": 4.81784060843313
    }, 
    "39": {
        "cache-04": 3.8087944220458594, 
        "cache-10": 4.81784060843313
    }, 
    "40": {
        "cache-04": 3.8087944220458594, 
        "cache-10": 4.81784060843313
    }, 
    "41": {
        "cache-04": 3.847201382306465, 
        "cache-10": 4.843418543029419
    }, 
    "42": {
        "cache-04": 3.847201382306465, 
        "cache-10": 4.843418543029419
    }, 
    "43": {
        "cache-04": 3.847201382306465, 
        "cache-10": 4.843418543029419
    }, 
    "44": {
        "cache-04": 3.847201382306465, 
        "cache-10": 4.843418543029419
    }, 
    "45": {
        "cache-04": 3.847201382306465, 
        "cache-10": 4.843418543029419
    }, 
    "46": {
        "cache-04": 3.847201382306465, 
        "cache-10": 4.843418543029419
    }, 
    "47": {
        "cache-04": 3.847201382306465, 
        "cache-10": 4.843418543029419
    }, 
    "48": {
        "cache-04": 3.847201382306465, 
        "cache-10": 4.843418543029419
    }, 
    "49": {
        "cache-04": 3.847201382306465, 
        "cache-10": 4.843418543029419
    }, 
    "50": {
        "cache-04": 3.847201382306465, 
        "cache-10": 4.843418543029419
    }, 
    "51": {
        "cache-04": 3.7627667010979042, 
        "cache-10": 4.665247912171171
    }, 
    "52": {
        "cache-04": 3.7627667010979042, 
        "cache-10": 4.665247912171171
    }, 
    "53": {
        "cache-04": 3.7627667010979042, 
        "cache-10": 4.665247912171171
    }, 
    "54": {
        "cache-04": 3.7627667010979042, 
        "cache-10": 4.665247912171171
    }, 
    "55": {
        "cache-04": 3.7627667010979042, 
        "cache-10": 4.665247912171171
    }, 
    "56": {
        "cache-04": 3.7627667010979042, 
        "cache-10": 4.665247912171171
    }, 
    "57": {
        "cache-04": 3.7627667010979042, 
        "cache-10": 4.665247912171171
    }, 
    "58": {
        "cache-04": 3.7627667010979042, 
        "cache-10": 4.665247912171171
    }, 
    "59": {
        "cache-04": 3.7627667010979042, 
        "cache-10": 4.665247912171171
    }, 
    "60": {
        "cache-04": 3.7627667010979042, 
        "cache-10": 4.665247912171171
    }, 
    "61": {
        "cache-04": 3.7503494730772378, 
        "cache-10": 4.873404631304384
    }, 
    "62": {
        "cache-04": 3.7503494730772378, 
        "cache-10": 4.873404631304384
    }, 
    "63": {
        "cache-04": 3.7503494730772378, 
        "cache-10": 4.873404631304384
    }, 
    "64": {
        "cache-04": 3.7503494730772378, 
        "cache-10": 4.873404631304384
    }, 
    "65": {
        "cache-04": 3.7503494730772378, 
        "cache-10": 4.873404631304384
    }, 
    "66": {
        "cache-04": 3.7503494730772378, 
        "cache-10": 4.873404631304384
    }, 
    "67": {
        "cache-04": 3.7503494730772378, 
        "cache-10": 4.873404631304384
    }, 
    "68": {
        "cache-04": 3.7503494730772378, 
        "cache-10": 4.873404631304384
    }, 
    "69": {
        "cache-04": 3.7503494730772378, 
        "cache-10": 4.873404631304384
    }, 
    "70": {
        "cache-04": 3.7503494730772378, 
        "cache-10": 4.873404631304384
    }, 
    "71": {
        "cache-04": 3.753143040714655, 
        "cache-10": 4.531561180880179
    }, 
    "72": {
        "cache-04": 3.753143040714655, 
        "cache-10": 4.531561180880179
    }, 
    "73": {
        "cache-04": 3.753143040714655, 
        "cache-10": 4.531561180880179
    }, 
    "74": {
        "cache-04": 3.753143040714655, 
        "cache-10": 4.531561180880179
    }, 
    "75": {
        "cache-04": 3.753143040714655, 
        "cache-10": 4.531561180880179
    }, 
    "76": {
        "cache-04": 3.753143040714655, 
        "cache-10": 4.531561180880179
    }, 
    "77": {
        "cache-04": 3.753143040714655, 
        "cache-10": 4.531561180880179
    }, 
    "78": {
        "cache-04": 3.753143040714655, 
        "cache-10": 4.531561180880179
    }, 
    "79": {
        "cache-04": 3.753143040714655, 
        "cache-10": 4.531561180880179
    }, 
    "80": {
        "cache-04": 3.753143040714655, 
        "cache-10": 4.531561180880179
    }, 
    "81": {
        "cache-04": 3.756441173988082, 
        "cache-10": 4.788588361342349
    }, 
    "82": {
        "cache-04": 3.756441173988082, 
        "cache-10": 4.788588361342349
    },