{
    "0": {
        "cache-09": 4, 
        "cache-16": 3.75
    }, 
    "1": {
        "cache-09": 4, 
        "cache-16": 3.7321376961479262
    }, 
    "2": {
        "cache-09": 4, 
        "cache-16": 3.723206544221889
    }, 
    "3": {
        "cache-09": 4, 
        "cache-16": 3.5813491163764195
    }, 
    "4": {
        "cache-09": 4, 
        "cache-16": 3.647812254336136
    }, 
    "5": {
        "cache-09": 4, 
        "cache-16": 3.8541370859291004
    }, 
    "6": {
        "cache-09": 4.030230958761033, 
        "cache-16": 3.8541370859291004
    }, 
    "7": {
        "cache-09": 4.045346438141548, 
        "cache-16": 3.8541370859291004
    }, 
    "8": {
        "cache-09": 4.052904177831806, 
        "cache-16": 3.8541370859291004
    }, 
    "9": {
        "cache-09": 4.056683047676936, 
        "cache-16": 3.8541370859291004
    }, 
    "10": {
        "cache-09": 4.0585724825995, 
        "cache-16": 3.8541370859291004
    }, 
    "11": {
        "cache-09": 4.059517200060782, 
        "cache-16": 3.8541370859291004
    }, 
    "12": {
        "cache-09": 4.059989558791424, 
        "cache-16": 3.8541370859291004
    }, 
    "13": {
        "cache-09": 4.060225738156744, 
        "cache-16": 3.8541370859291004
    }, 
    "14": {
        "cache-09": 4.060343827839404, 
        "cache-16": 3.8541370859291004
    }, 
    "15": {
        "cache-09": 4.060402872680735, 
        "cache-16": 3.8541370859291004
    }, 
    "16": {
        "cache-09": 4.060432395101399, 
        "cache-16": 3.8541370859291004
    }, 
    "17": {
        "cache-09": 3.887353893698626, 
        "cache-16": 3.8541370859291004
    }, 
    "18": {
        "cache-09": 3.8008146429972394, 
        "cache-16": 3.8541370859291004
    }, 
    "19": {
        "cache-09": 3.8008146429972394, 
        "cache-16": 4.071313119104681
    }, 
    "20": {
        "cache-09": 3.8008146429972394, 
        "cache-16": 4.283379707642888
    }, 
    "21": {
        "cache-09": 3.8008146429972394, 
        "cache-16": 4.285934429961575
    }, 
    "22": {
        "cache-09": 3.8008146429972394, 
        "cache-16": 4.390690363071336
    }, 
    "23": {
        "cache-09": 3.8008146429972394, 
        "cache-16": 4.443068329626216
    }, 
    "24": {
        "cache-09": 3.8008146429972394, 
        "cache-16": 4.469257312903657
    }, 
    "25": {
        "cache-09": 3.8008146429972394, 
        "cache-16": 4.264859615212861
    }, 
    "26": {
        "cache-09": 3.8008146429972394, 
        "cache-16": 4.276674383746561
    }, 
    "27": {
        "cache-09": 3.8008146429972394, 
        "cache-16": 4.168568150634313
    }, 
    "28": {
        "cache-09": 3.8008146429972394, 
        "cache-16": 4.114515034078188
    }, 
    "29": {
        "cache-09": 3.8008146429972394, 
        "cache-16": 4.087488475800127
    }, 
    "30": {
        "cache-09": 3.8008146429972394, 
        "cache-16": 4.073975196661095
    }, 
    "31": {
        "cache-09": 3.8008146429972394, 
        "cache-16": 4.06721855709158
    }, 
    "32": {
        "cache-09": 3.8008146429972394, 
        "cache-16": 3.8907469746937164
    }, 
    "33": {
        "cache-09": 3.8008146429972394, 
        "cache-16": 3.9756044461078908
    }, 
    "34": {
        "cache-09": 3.8008146429972394, 
        "cache-16": 3.8449399192018716
    }, 
    "35": {
        "cache-09": 3.8008146429972394, 
        "cache-16": 3.952700918361968
    }, 
    "36": {
        "cache-09": 3.8008146429972394, 
        "cache-16": 4.006581417942016
    }, 
    "37": {
        "cache-09": 3.8008146429972394, 
        "cache-16": 4.033521667732041
    }, 
    "38": {
        "cache-09": 3.8008146429972394, 
        "cache-16": 4.046991792627052
    }, 
    "39": {
        "cache-09": 3.8008146429972394, 
        "cache-16": 4.053726855074558
    }, 
    "40": {
        "cache-09": 3.8008146429972394, 
        "cache-16": 4.171108003677409
    }, 
    "41": {
        "cache-09": 3.8008146429972394, 
        "cache-16": 4.115784960599736
    }, 
    "42": {
        "cache-09": 3.8008146429972394, 
        "cache-16": 3.9150301764477944
    }, 
    "43": {
        "cache-09": 3.8008146429972394, 
        "cache-16": 3.9877460469849293
    }, 
    "44": {
        "cache-09": 3.8008146429972394, 
        "cache-16": 4.138117599632595
    }, 
    "45": {
        "cache-09": 3.8008146429972394, 
        "cache-16": 4.2133033759564285
    }, 
    "46": {
        "cache-09": 3.8008146429972394, 
        "cache-16": 4.250896264118344
    }, 
    "47": {
        "cache-09": 3.8008146429972394, 
        "cache-16": 3.9825858282070983
    }, 
    "48": {
        "cache-09": 3.8008146429972394, 
        "cache-16": 4.13553749024368
    }, 
    "49": {
        "cache-09": 3.8008146429972394, 
        "cache-16": 4.097999703882872
    }, 
    "50": {
        "cache-09": 3.8008146429972394, 
        "cache-16": 4.079230810702468
    }, 
    "51": {
        "cache-09": 3.8008146429972394, 
        "cache-16": 4.183859981491365
    }, 
    "52": {
        "cache-09": 3.8008146429972394, 
        "cache-16": 4.122160949506714
    }, 
    "53": {
        "cache-09": 3.8008146429972394, 
        "cache-16": 3.9182181709012833
    }, 
    "54": {
        "cache-09": 3.8008146429972394, 
        "cache-16": 3.8162467815985677
    }, 
    "55": {
        "cache-09": 3.8008146429972394, 
        "cache-16": 3.938354349560316
    }, 
    "56": {
        "cache-09": 3.8008146429972394, 
        "cache-16": 3.9994081335411904
    }, 
    "57": {
        "cache-09": 3.8008146429972394, 
        "cache-16": 4.0299350255316275
    }, 
    "58": {
        "cache-09": 3.8008146429972394, 
        "cache-16": 3.87210520891374
    }, 
    "59": {
        "cache-09": 3.8008146429972394, 
        "cache-16": 3.7931903006047962
    }, 
    "60": {
        "cache-09": 3.930638280259652, 
        "cache-16": 3.7931903006047962
    }, 
    "61": {
        "cache-09": 3.8224568362777522, 
        "cache-16": 3.7931903006047962
    }, 
    "62": {
        "cache-09": 3.7683661142868026, 
        "cache-16": 3.7931903006047962
    }, 
    "63": {
        "cache-09": 3.7683661142868026, 
        "cache-16": 4.040839726442528
    }, 
    "64": {
        "cache-09": 3.7683661142868026, 
        "cache-16": 4.0506508219822965
    }, 
    "65": {
        "cache-09": 3.7683661142868026, 
        "cache-16": 4.05555636975218
    }, 
    "66": {
        "cache-09": 3.7683661142868026, 
        "cache-16": 4.058009143637122
    }, 
    "67": {
        "cache-09": 3.7683661142868026, 
        "cache-16": 3.886142267966487
    }, 
    "68": {
        "cache-09": 3.7683661142868026, 
        "cache-16": 3.6628169782487188
    }, 
    "69": {
        "cache-09": 3.9144140159044336, 
        "cache-16": 3.6628169782487188
    }, 
    "70": {
        "cache-09": 3.987437966713249, 
        "cache-16": 3.6628169782487188
    }, 
    "71": {
        "cache-09": 3.8508566795045507, 
        "cache-16": 3.6628169782487188
    }, 
    "72": {
        "cache-09": 3.9556592985133077, 
        "cache-16": 3.6628169782487188
    }, 
    "73": {
        "cache-09": 4.008060608017686, 
        "cache-16": 3.6628169782487188
    }, 
    "74": {
        "cache-09": 3.8611680001567694, 
        "cache-16": 3.6628169782487188
    }, 
    "75": {
        "cache-09": 3.65032984434386, 
        "cache-16": 3.6628169782487188
    }, 
    "76": {
        "cache-09": 3.65032984434386, 
        "cache-16": 3.5511543333898343
    }, 
    "77": {
        "cache-09": 3.9694094983120602, 
        "cache-16": 3.5511543333898343
    }, 
    "78": {
        "cache-09": 4.014935707917062, 
        "cache-16": 3.5511543333898343
    }, 
    "79": {
        "cache-09": 4.037698812719563, 
        "cache-16": 3.5511543333898343
    }, 
    "80": {
        "cache-09": 3.875987102507708, 
        "cache-16": 3.5511543333898343
    }, 
    "81": {
        "cache-09": 3.6577393955193287,