{
    "0": {
        "cache-02": 3.75, 
        "cache-07": 4
    }, 
    "1": {
        "cache-02": 3.3598729221327375, 
        "cache-07": 4
    }, 
    "2": {
        "cache-02": 3.164809383199106, 
        "cache-07": 4
    }, 
    "3": {
        "cache-02": 3.302150535865028, 
        "cache-07": 4
    }, 
    "4": {
        "cache-02": 3.370821112197989, 
        "cache-07": 4
    }, 
    "5": {
        "cache-02": 3.715641514860027, 
        "cache-07": 4
    }, 
    "6": {
        "cache-02": 3.715641514860027, 
        "cache-07": 4.402495732776221
    }, 
    "7": {
        "cache-02": 3.715641514860027, 
        "cache-07": 4.345492442528241
    }, 
    "8": {
        "cache-02": 3.715641514860027, 
        "cache-07": 3.8924920655295954
    }, 
    "9": {
        "cache-02": 3.715641514860027, 
        "cache-07": 3.431118954897535
    }, 
    "10": {
        "cache-02": 3.71495845357794, 
        "cache-07": 3.431118954897535
    }, 
    "11": {
        "cache-02": 3.8877101855500023, 
        "cache-07": 3.431118954897535
    }, 
    "12": {
        "cache-02": 3.9740860515360334, 
        "cache-07": 3.431118954897535
    }, 
    "13": {
        "cache-02": 4.017273984529049, 
        "cache-07": 3.431118954897535
    }, 
    "14": {
        "cache-02": 4.038867951025557, 
        "cache-07": 3.431118954897535
    }, 
    "15": {
        "cache-02": 4.04966493427381, 
        "cache-07": 3.431118954897535
    }, 
    "16": {
        "cache-02": 4.169077043277035, 
        "cache-07": 3.431118954897535
    }, 
    "17": {
        "cache-02": 4.11476948039955, 
        "cache-07": 3.431118954897535
    }, 
    "18": {
        "cache-02": 3.9145224363477014, 
        "cache-07": 3.431118954897535
    }, 
    "19": {
        "cache-02": 3.9874921769348832, 
        "cache-07": 3.431118954897535
    }, 
    "20": {
        "cache-02": 4.023977047228474, 
        "cache-07": 3.431118954897535
    }, 
    "21": {
        "cache-02": 4.04221948237527, 
        "cache-07": 3.431118954897535
    }, 
    "22": {
        "cache-02": 4.051340699948668, 
        "cache-07": 3.431118954897535
    }, 
    "23": {
        "cache-02": 4.169914926114464, 
        "cache-07": 3.431118954897535
    }, 
    "24": {
        "cache-02": 4.229202039197363, 
        "cache-07": 3.431118954897535
    }, 
    "25": {
        "cache-02": 4.258845595738812, 
        "cache-07": 3.431118954897535
    }, 
    "26": {
        "cache-02": 4.273667374009536, 
        "cache-07": 3.431118954897535
    }, 
    "27": {
        "cache-02": 4.281078263144899, 
        "cache-07": 3.431118954897535
    }, 
    "28": {
        "cache-02": 4.284783707712579, 
        "cache-07": 3.431118954897535
    }, 
    "29": {
        "cache-02": 4.28663642999642, 
        "cache-07": 3.431118954897535
    }, 
    "30": {
        "cache-02": 4.28756279113834, 
        "cache-07": 3.431118954897535
    }, 
    "31": {
        "cache-02": 4.288025971709301, 
        "cache-07": 3.431118954897535
    }, 
    "32": {
        "cache-02": 4.174243944615682, 
        "cache-07": 3.431118954897535
    }, 
    "33": {
        "cache-02": 4.231366548447971, 
        "cache-07": 3.431118954897535
    }, 
    "34": {
        "cache-02": 4.259927850364116, 
        "cache-07": 3.431118954897535
    }, 
    "35": {
        "cache-02": 4.16019488394309, 
        "cache-07": 3.431118954897535
    }, 
    "36": {
        "cache-02": 4.224342018111676, 
        "cache-07": 3.431118954897535
    }, 
    "37": {
        "cache-02": 4.256415585195969, 
        "cache-07": 3.431118954897535
    }, 
    "38": {
        "cache-02": 4.272452368738115, 
        "cache-07": 3.431118954897535
    }, 
    "39": {
        "cache-02": 4.280470760509187, 
        "cache-07": 3.431118954897535
    }, 
    "40": {
        "cache-02": 4.2844799563947245, 
        "cache-07": 3.431118954897535
    }, 
    "41": {
        "cache-02": 4.172470936958394, 
        "cache-07": 3.431118954897535
    }, 
    "42": {
        "cache-02": 4.11646642724023, 
        "cache-07": 3.431118954897535
    }, 
    "43": {
        "cache-02": 4.202477789760245, 
        "cache-07": 3.431118954897535
    }, 
    "44": {
        "cache-02": 4.131469853641155, 
        "cache-07": 3.431118954897535
    }, 
    "45": {
        "cache-02": 4.0959658855816095, 
        "cache-07": 3.431118954897535
    }, 
    "46": {
        "cache-02": 4.192227518930935, 
        "cache-07": 3.431118954897535
    }, 
    "47": {
        "cache-02": 4.240358335605597, 
        "cache-07": 3.431118954897535
    }, 
    "48": {
        "cache-02": 4.1504101265638305, 
        "cache-07": 3.431118954897535
    }, 
    "49": {
        "cache-02": 4.219449639422045, 
        "cache-07": 3.431118954897535
    }, 
    "50": {
        "cache-02": 4.253969395851152, 
        "cache-07": 3.431118954897535
    }, 
    "51": {
        "cache-02": 4.271229274065707, 
        "cache-07": 3.431118954897535
    }, 
    "52": {
        "cache-02": 4.279859213172983, 
        "cache-07": 3.431118954897535
    }, 
    "53": {
        "cache-02": 4.2841741827266215, 
        "cache-07": 3.431118954897535
    }, 
    "54": {
        "cache-02": 4.172318050124343, 
        "cache-07": 3.431118954897535
    }, 
    "55": {
        "cache-02": 4.230403601202301, 
        "cache-07": 3.431118954897535
    }, 
    "56": {
        "cache-02": 4.2594463767412805, 
        "cache-07": 3.431118954897535
    }, 
    "57": {
        "cache-02": 4.27396776451077, 
        "cache-07": 3.431118954897535
    }, 
    "58": {
        "cache-02": 4.167214841016417, 
        "cache-07": 3.431118954897535
    }, 
    "59": {
        "cache-02": 4.113838379269241, 
        "cache-07": 3.431118954897535
    }, 
    "60": {
        "cache-02": 4.0871501483956525, 
        "cache-07": 3.431118954897535
    }, 
    "61": {
        "cache-02": 4.187819650337957, 
        "cache-07": 3.431118954897535
    }, 
    "62": {
        "cache-02": 4.238154401309108, 
        "cache-07": 3.431118954897535
    }, 
    "63": {
        "cache-02": 4.263321776794685, 
        "cache-07": 3.431118954897535
    }, 
    "64": {
        "cache-02": 4.275905464537473, 
        "cache-07": 3.431118954897535
    }, 
    "65": {
        "cache-02": 4.2821973084088665, 
        "cache-07": 3.431118954897535
    }, 
    "66": {
        "cache-02": 4.285343230344564, 
        "cache-07": 3.431118954897535
    }, 
    "67": {
        "cache-02": 4.172902573933314, 
        "cache-07": 3.431118954897535
    }, 
    "68": {
        "cache-02": 4.11668224572769, 
        "cache-07": 3.431118954897535
    }, 
    "69": {
        "cache-02": 4.202585699003976, 
        "cache-07": 3.431118954897535
    }, 
    "70": {
        "cache-02": 4.245537425642118, 
        "cache-07": 3.431118954897535
    }, 
    "71": {
        "cache-02": 4.26701328896119, 
        "cache-07": 3.431118954897535
    }, 
    "72": {
        "cache-02": 4.381229792571143, 
        "cache-07": 3.431118954897535
    }, 
    "73": {
        "cache-02": 4.334859472425702, 
        "cache-07": 3.431118954897535
    }, 
    "74": {
        "cache-02": 4.311674312352981, 
        "cache-07": 3.431118954897535
    }, 
    "75": {
        "cache-02": 4.30008173231662, 
        "cache-07": 3.431118954897535
    }, 
    "76": {
        "cache-02": 4.29428544229844, 
        "cache-07": 3.431118954897535
    }, 
    "77": {
        "cache-02": 4.177373679910252, 
        "cache-07": 3.431118954897535
    }, 
    "78": {
        "cache-02": 3.945824536103052, 
        "cache-07": 3.431118954897535
    }, 
    "79": {
        "cache-02": 4.003143226812559, 
        "cache-07": 3.431118954897535
    }, 
    "80": {
        "cache-02": 4.031802572167312, 
        "cache-07": 3.431118954897535
    }, 
    "81": {
        "cache-02": 4.046132244844689, 
        "cache-07": 3.431118954897535
    }, 
    "82": {
        "cache-02": 4.053297081183377,