{
    "0": {
        "cache-04": 4, 
        "cache-10": 3.75
    }, 
    "1": {
        "cache-04": 4, 
        "cache-10": 4.122723148090548
    }, 
    "2": {
        "cache-04": 4, 
        "cache-10": 4.463857306821495
    }, 
    "3": {
        "cache-04": 4, 
        "cache-10": 4.634424386186969
    }, 
    "4": {
        "cache-04": 4, 
        "cache-10": 4.564935341184032
    }, 
    "5": {
        "cache-04": 4, 
        "cache-10": 4.782444473618524
    }, 
    "6": {
        "cache-04": 4, 
        "cache-10": 4.793717969585483
    }, 
    "7": {
        "cache-04": 4, 
        "cache-10": 4.1166048290582165
    }, 
    "8": {
        "cache-04": 4, 
        "cache-10": 3.9154401106770345
    }, 
    "9": {
        "cache-04": 4.247723148090548, 
        "cache-10": 3.9154401106770345
    }, 
    "10": {
        "cache-04": 3.843607418310749, 
        "cache-10": 3.9154401106770345
    }, 
    "11": {
        "cache-04": 3.843607418310749, 
        "cache-10": 3.8148577514864437
    }, 
    "12": {
        "cache-04": 4.066048285295505, 
        "cache-10": 3.8148577514864437
    }, 
    "13": {
        "cache-04": 3.7527699869132274, 
        "cache-10": 3.8148577514864437
    }, 
    "14": {
        "cache-04": 3.7527699869132274, 
        "cache-10": 3.764566571891148
    }, 
    "15": {
        "cache-04": 3.7527699869132274, 
        "cache-10": 4.130006434036122
    }, 
    "16": {
        "cache-04": 3.7527699869132274, 
        "cache-10": 4.095234175779094
    }, 
    "17": {
        "cache-04": 3.7527699869132274, 
        "cache-10": 4.07784804665058
    }, 
    "18": {
        "cache-04": 3.7527699869132274, 
        "cache-10": 4.069154982086323
    }, 
    "19": {
        "cache-04": 3.7527699869132274, 
        "cache-10": 4.064808449804193
    }, 
    "20": {
        "cache-04": 3.7527699869132274, 
        "cache-10": 4.434899957678318
    }, 
    "21": {
        "cache-04": 3.7527699869132274, 
        "cache-10": 4.361694554979289
    }, 
    "22": {
        "cache-04": 3.7527699869132274, 
        "cache-10": 4.325091853629775
    }, 
    "23": {
        "cache-04": 3.7527699869132274, 
        "cache-10": 4.19277688557592
    }, 
    "24": {
        "cache-04": 3.7527699869132274, 
        "cache-10": 4.498884175564181
    }, 
    "25": {
        "cache-04": 3.7527699869132274, 
        "cache-10": 4.4971652358726395
    }, 
    "26": {
        "cache-04": 3.7527699869132274, 
        "cache-10": 4.2788135766973525
    }, 
    "27": {
        "cache-04": 3.7527699869132274, 
        "cache-10": 4.169637747109709
    }, 
    "28": {
        "cache-04": 3.7527699869132274, 
        "cache-10": 4.332542021645403
    }, 
    "29": {
        "cache-04": 3.7527699869132274, 
        "cache-10": 4.413994158913249
    }, 
    "30": {
        "cache-04": 3.7527699869132274, 
        "cache-10": 4.237228038217657
    }, 
    "31": {
        "cache-04": 3.7527699869132274, 
        "cache-10": 4.14884497786986
    }, 
    "32": {
        "cache-04": 3.7527699869132274, 
        "cache-10": 4.104653447695963
    }, 
    "33": {
        "cache-04": 3.7527699869132274, 
        "cache-10": 4.4548224566242025
    }, 
    "34": {
        "cache-04": 3.7527699869132274, 
        "cache-10": 4.371655804452232
    }, 
    "35": {
        "cache-04": 3.7527699869132274, 
        "cache-10": 4.2160588609871485
    }, 
    "36": {
        "cache-04": 3.7527699869132274, 
        "cache-10": 4.138260389254606
    }, 
    "37": {
        "cache-04": 3.7527699869132274, 
        "cache-10": 4.3168533427178515
    }, 
    "38": {
        "cache-04": 3.7527699869132274, 
        "cache-10": 4.302671247499056
    }, 
    "39": {
        "cache-04": 3.7527699869132274, 
        "cache-10": 4.295580199889658
    }, 
    "40": {
        "cache-04": 3.7527699869132274, 
        "cache-10": 4.178021058705861
    }, 
    "41": {
        "cache-04": 3.7527699869132274, 
        "cache-10": 4.119241488113962
    }, 
    "42": {
        "cache-04": 3.7527699869132274, 
        "cache-10": 4.203865320197112
    }, 
    "43": {
        "cache-04": 3.7527699869132274, 
        "cache-10": 4.132163618859588
    }, 
    "44": {
        "cache-04": 3.7527699869132274, 
        "cache-10": 4.096312768190826
    }, 
    "45": {
        "cache-04": 3.7527699869132274, 
        "cache-10": 4.450652116871634
    }, 
    "46": {
        "cache-04": 3.7527699869132274, 
        "cache-10": 4.082463754583744
    }, 
    "47": {
        "cache-04": 3.7527699869132274, 
        "cache-10": 4.071462836052904
    }, 
    "48": {
        "cache-04": 3.7527699869132274, 
        "cache-10": 4.065962376787484
    }, 
    "49": {
        "cache-04": 3.7527699869132274, 
        "cache-10": 4.28070433648429
    }, 
    "50": {
        "cache-04": 3.7527699869132274, 
        "cache-10": 4.388075316332694
    }, 
    "51": {
        "cache-04": 3.7527699869132274, 
        "cache-10": 3.6789105802990845
    }, 
    "52": {
        "cache-04": 4.278880726232835, 
        "cache-10": 3.6789105802990845
    }, 
    "53": {
        "cache-04": 3.8591862073818923, 
        "cache-10": 3.6789105802990845
    }, 
    "54": {
        "cache-04": 3.4144660258236836, 
        "cache-10": 3.6789105802990845
    }, 
    "55": {
        "cache-04": 3.4144660258236836, 
        "cache-10": 3.6965929862974685
    }, 
    "56": {
        "cache-04": 3.4144660258236836, 
        "cache-10": 3.9925410692888645
    }, 
    "57": {
        "cache-04": 3.4144660258236836, 
        "cache-10": 4.140515110784563
    }, 
    "58": {
        "cache-04": 3.4144660258236836, 
        "cache-10": 4.100488514153314
    }, 
    "59": {
        "cache-04": 3.4144660258236836, 
        "cache-10": 4.080475215837689
    }, 
    "60": {
        "cache-04": 3.4144660258236836, 
        "cache-10": 4.070468566679876
    }, 
    "61": {
        "cache-04": 3.4144660258236836, 
        "cache-10": 4.06546524210097
    }, 
    "62": {
        "cache-04": 3.4144660258236836, 
        "cache-10": 4.280455769141033
    }, 
    "63": {
        "cache-04": 3.4144660258236836, 
        "cache-10": 4.2844724607106475
    }, 
    "64": {
        "cache-04": 3.4144660258236836, 
        "cache-10": 4.172467189116356
    }, 
    "65": {
        "cache-04": 3.4144660258236836, 
        "cache-10": 4.11646455331921
    }, 
    "66": {
        "cache-04": 3.4144660258236836, 
        "cache-10": 4.088463235420637
    }, 
    "67": {
        "cache-04": 3.4144660258236836, 
        "cache-10": 4.074462576471351
    }, 
    "68": {
        "cache-04": 3.4144660258236836, 
        "cache-10": 4.067462246996708
    }, 
    "69": {
        "cache-04": 3.4144660258236836, 
        "cache-10": 4.063962082259387
    }, 
    "70": {
        "cache-04": 3.4144660258236836, 
        "cache-10": 4.062211999890726
    }, 
    "71": {
        "cache-04": 3.4144660258236836, 
        "cache-10": 4.2788291480359115
    }, 
    "72": {
        "cache-04": 3.4144660258236836, 
        "cache-10": 4.283659150158086
    }, 
    "73": {
        "cache-04": 3.4144660258236836, 
        "cache-10": 4.172060533840075
    }, 
    "74": {
        "cache-04": 3.4144660258236836, 
        "cache-10": 4.488525999696259
    }, 
    "75": {
        "cache-04": 3.4144660258236836, 
        "cache-10": 4.491986147938678
    }, 
    "76": {
        "cache-04": 3.4144660258236836, 
        "cache-10": 4.390237650109469
    }, 
    "77": {
        "cache-04": 3.4144660258236836, 
        "cache-10": 4.3393634011948645
    }, 
    "78": {
        "cache-04": 3.4144660258236836, 
        "cache-10": 4.199912659358464
    }, 
    "79": {
        "cache-04": 3.4144660258236836, 
        "cache-10": 4.502452062455453
    }, 
    "80": {
        "cache-04": 3.4144660258236836, 
        "cache-10": 4.281456989988759
    }, 
    "81": {
        "cache-04": 3.4144660258236836, 
        "cache-10": 4.170959453755412
    },