{
    "0": {
        "cache-06": 3.417963839819829, 
        "cache-07": 2.7035100975299997
    }, 
    "1": {
        "cache-06": 3.417963839819829, 
        "cache-07": 2.7035100975299997
    }, 
    "2": {
        "cache-06": 3.417963839819829, 
        "cache-07": 2.7035100975299997
    }, 
    "3": {
        "cache-06": 3.417963839819829, 
        "cache-07": 2.7035100975299997
    }, 
    "4": {
        "cache-06": 3.417963839819829, 
        "cache-07": 2.7035100975299997
    }, 
    "5": {
        "cache-06": 3.417963839819829, 
        "cache-07": 2.7035100975299997
    }, 
    "6": {
        "cache-06": 3.417963839819829, 
        "cache-07": 2.7035100975299997
    }, 
    "7": {
        "cache-06": 3.417963839819829, 
        "cache-07": 2.7035100975299997
    }, 
    "8": {
        "cache-06": 3.417963839819829, 
        "cache-07": 2.7035100975299997
    }, 
    "9": {
        "cache-06": 3.417963839819829, 
        "cache-07": 2.7035100975299997
    }, 
    "10": {
        "cache-06": 3.417963839819829, 
        "cache-07": 2.7035100975299997
    }, 
    "11": {
        "cache-06": 3.263599744347238, 
        "cache-07": 2.7204813246465624
    }, 
    "12": {
        "cache-06": 3.263599744347238, 
        "cache-07": 2.7204813246465624
    }, 
    "13": {
        "cache-06": 3.263599744347238, 
        "cache-07": 2.7204813246465624
    }, 
    "14": {
        "cache-06": 3.263599744347238, 
        "cache-07": 2.7204813246465624
    }, 
    "15": {
        "cache-06": 3.263599744347238, 
        "cache-07": 2.7204813246465624
    }, 
    "16": {
        "cache-06": 3.263599744347238, 
        "cache-07": 2.7204813246465624
    }, 
    "17": {
        "cache-06": 3.263599744347238, 
        "cache-07": 2.7204813246465624
    }, 
    "18": {
        "cache-06": 3.263599744347238, 
        "cache-07": 2.7204813246465624
    }, 
    "19": {
        "cache-06": 3.263599744347238, 
        "cache-07": 2.7204813246465624
    }, 
    "20": {
        "cache-06": 3.263599744347238, 
        "cache-07": 2.7204813246465624
    }, 
    "21": {
        "cache-06": 3.439612849503066, 
        "cache-07": 2.7842656415260256
    }, 
    "22": {
        "cache-06": 3.439612849503066, 
        "cache-07": 2.7842656415260256
    }, 
    "23": {
        "cache-06": 3.439612849503066, 
        "cache-07": 2.7842656415260256
    }, 
    "24": {
        "cache-06": 3.439612849503066, 
        "cache-07": 2.7842656415260256
    }, 
    "25": {
        "cache-06": 3.439612849503066, 
        "cache-07": 2.7842656415260256
    }, 
    "26": {
        "cache-06": 3.439612849503066, 
        "cache-07": 2.7842656415260256
    }, 
    "27": {
        "cache-06": 3.439612849503066, 
        "cache-07": 2.7842656415260256
    }, 
    "28": {
        "cache-06": 3.439612849503066, 
        "cache-07": 2.7842656415260256
    }, 
    "29": {
        "cache-06": 3.439612849503066, 
        "cache-07": 2.7842656415260256
    }, 
    "30": {
        "cache-06": 3.439612849503066, 
        "cache-07": 2.7842656415260256
    }, 
    "31": {
        "cache-06": 3.4324686043285837, 
        "cache-07": 2.85617865705583
    }, 
    "32": {
        "cache-06": 3.4324686043285837, 
        "cache-07": 2.85617865705583
    }, 
    "33": {
        "cache-06": 3.4324686043285837, 
        "cache-07": 2.85617865705583
    }, 
    "34": {
        "cache-06": 3.4324686043285837, 
        "cache-07": 2.85617865705583
    }, 
    "35": {
        "cache-06": 3.4324686043285837, 
        "cache-07": 2.85617865705583
    }, 
    "36": {
        "cache-06": 3.4324686043285837, 
        "cache-07": 2.85617865705583
    }, 
    "37": {
        "cache-06": 3.4324686043285837, 
        "cache-07": 2.85617865705583
    }, 
    "38": {
        "cache-06": 3.4324686043285837, 
        "cache-07": 2.85617865705583
    }, 
    "39": {
        "cache-06": 3.4324686043285837, 
        "cache-07": 2.85617865705583
    }, 
    "40": {
        "cache-06": 3.4324686043285837, 
        "cache-07": 2.85617865705583
    }, 
    "41": {
        "cache-06": 3.4397905079700943, 
        "cache-07": 2.9544189112020174
    }, 
    "42": {
        "cache-06": 3.4397905079700943, 
        "cache-07": 2.9544189112020174
    }, 
    "43": {
        "cache-06": 3.4397905079700943, 
        "cache-07": 2.9544189112020174
    }, 
    "44": {
        "cache-06": 3.4397905079700943, 
        "cache-07": 2.9544189112020174
    }, 
    "45": {
        "cache-06": 3.4397905079700943, 
        "cache-07": 2.9544189112020174
    }, 
    "46": {
        "cache-06": 3.4397905079700943, 
        "cache-07": 2.9544189112020174
    }, 
    "47": {
        "cache-06": 3.4397905079700943, 
        "cache-07": 2.9544189112020174
    }, 
    "48": {
        "cache-06": 3.4397905079700943, 
        "cache-07": 2.9544189112020174
    }, 
    "49": {
        "cache-06": 3.4397905079700943, 
        "cache-07": 2.9544189112020174
    }, 
    "50": {
        "cache-06": 3.4397905079700943, 
        "cache-07": 2.9544189112020174
    }, 
    "51": {
        "cache-06": 3.3809577826795625, 
        "cache-07": 2.992205841608036
    }, 
    "52": {
        "cache-06": 3.3809577826795625, 
        "cache-07": 2.992205841608036
    }, 
    "53": {
        "cache-06": 3.3809577826795625, 
        "cache-07": 2.992205841608036
    }, 
    "54": {
        "cache-06": 3.3809577826795625, 
        "cache-07": 2.992205841608036
    }, 
    "55": {
        "cache-06": 3.3809577826795625, 
        "cache-07": 2.992205841608036
    }, 
    "56": {
        "cache-06": 3.3809577826795625, 
        "cache-07": 2.992205841608036
    }, 
    "57": {
        "cache-06": 3.3809577826795625, 
        "cache-07": 2.992205841608036
    }, 
    "58": {
        "cache-06": 3.3809577826795625, 
        "cache-07": 2.992205841608036
    }, 
    "59": {
        "cache-06": 3.3809577826795625, 
        "cache-07": 2.992205841608036
    }, 
    "60": {
        "cache-06": 3.3809577826795625, 
        "cache-07": 2.992205841608036
    }, 
    "61": {
        "cache-06": 3.439383692513317, 
        "cache-07": 3.125961456041484
    }, 
    "62": {
        "cache-06": 3.439383692513317, 
        "cache-07": 3.125961456041484
    }, 
    "63": {
        "cache-06": 3.439383692513317, 
        "cache-07": 3.125961456041484
    }, 
    "64": {
        "cache-06": 3.439383692513317, 
        "cache-07": 3.125961456041484
    }, 
    "65": {
        "cache-06": 3.439383692513317, 
        "cache-07": 3.125961456041484
    }, 
    "66": {
        "cache-06": 3.439383692513317, 
        "cache-07": 3.125961456041484
    }, 
    "67": {
        "cache-06": 3.439383692513317, 
        "cache-07": 3.125961456041484
    }, 
    "68": {
        "cache-06": 3.439383692513317, 
        "cache-07": 3.125961456041484
    }, 
    "69": {
        "cache-06": 3.439383692513317, 
        "cache-07": 3.125961456041484
    }, 
    "70": {
        "cache-06": 3.439383692513317, 
        "cache-07": 3.125961456041484
    }, 
    "71": {
        "cache-06": 3.20458147241494, 
        "cache-07": 3.7075565598265072
    }, 
    "72": {
        "cache-06": 3.20458147241494, 
        "cache-07": 3.7075565598265072
    }, 
    "73": {
        "cache-06": 3.20458147241494, 
        "cache-07": 3.7075565598265072
    }, 
    "74": {
        "cache-06": 3.20458147241494, 
        "cache-07": 3.7075565598265072
    }, 
    "75": {
        "cache-06": 3.20458147241494, 
        "cache-07": 3.7075565598265072
    }, 
    "76": {
        "cache-06": 3.20458147241494, 
        "cache-07": 3.7075565598265072
    }, 
    "77": {
        "cache-06": 3.20458147241494, 
        "cache-07": 3.7075565598265072
    }, 
    "78": {
        "cache-06": 3.20458147241494, 
        "cache-07": 3.7075565598265072
    }, 
    "79": {
        "cache-06": 3.20458147241494, 
        "cache-07": 3.7075565598265072
    }, 
    "80": {
        "cache-06": 3.20458147241494, 
        "cache-07": 3.7075565598265072
    },