{
    "0": {
        "cache-09": 4.900091335854573, 
        "cache-11": 3.2039512306530233
    }, 
    "1": {
        "cache-09": 4.900091335854573, 
        "cache-11": 3.2039512306530233
    }, 
    "2": {
        "cache-09": 4.900091335854573, 
        "cache-11": 3.2039512306530233
    }, 
    "3": {
        "cache-09": 4.900091335854573, 
        "cache-11": 3.2039512306530233
    }, 
    "4": {
        "cache-09": 4.900091335854573, 
        "cache-11": 3.2039512306530233
    }, 
    "5": {
        "cache-09": 4.900091335854573, 
        "cache-11": 3.2039512306530233
    }, 
    "6": {
        "cache-09": 4.900091335854573, 
        "cache-11": 3.2039512306530233
    }, 
    "7": {
        "cache-09": 4.900091335854573, 
        "cache-11": 3.2039512306530233
    }, 
    "8": {
        "cache-09": 4.900091335854573, 
        "cache-11": 3.2039512306530233
    }, 
    "9": {
        "cache-09": 4.900091335854573, 
        "cache-11": 3.2039512306530233
    }, 
    "10": {
        "cache-09": 4.900091335854573, 
        "cache-11": 3.2039512306530233
    }, 
    "11": {
        "cache-09": 4.810927798402922, 
        "cache-11": 3.2626425116813786
    }, 
    "12": {
        "cache-09": 4.810927798402922, 
        "cache-11": 3.2626425116813786
    }, 
    "13": {
        "cache-09": 4.810927798402922, 
        "cache-11": 3.2626425116813786
    }, 
    "14": {
        "cache-09": 4.810927798402922, 
        "cache-11": 3.2626425116813786
    }, 
    "15": {
        "cache-09": 4.810927798402922, 
        "cache-11": 3.2626425116813786
    }, 
    "16": {
        "cache-09": 4.810927798402922, 
        "cache-11": 3.2626425116813786
    }, 
    "17": {
        "cache-09": 4.810927798402922, 
        "cache-11": 3.2626425116813786
    }, 
    "18": {
        "cache-09": 4.810927798402922, 
        "cache-11": 3.2626425116813786
    }, 
    "19": {
        "cache-09": 4.810927798402922, 
        "cache-11": 3.2626425116813786
    }, 
    "20": {
        "cache-09": 4.810927798402922, 
        "cache-11": 3.2626425116813786
    }, 
    "21": {
        "cache-09": 4.59026136889466, 
        "cache-11": 3.545592042762462
    }, 
    "22": {
        "cache-09": 4.59026136889466, 
        "cache-11": 3.545592042762462
    }, 
    "23": {
        "cache-09": 4.59026136889466, 
        "cache-11": 3.545592042762462
    }, 
    "24": {
        "cache-09": 4.59026136889466, 
        "cache-11": 3.545592042762462
    }, 
    "25": {
        "cache-09": 4.59026136889466, 
        "cache-11": 3.545592042762462
    }, 
    "26": {
        "cache-09": 4.59026136889466, 
        "cache-11": 3.545592042762462
    }, 
    "27": {
        "cache-09": 4.59026136889466, 
        "cache-11": 3.545592042762462
    }, 
    "28": {
        "cache-09": 4.59026136889466, 
        "cache-11": 3.545592042762462
    }, 
    "29": {
        "cache-09": 4.59026136889466, 
        "cache-11": 3.545592042762462
    }, 
    "30": {
        "cache-09": 4.59026136889466, 
        "cache-11": 3.545592042762462
    }, 
    "31": {
        "cache-09": 4.447156762018965, 
        "cache-11": 3.9721634312212375
    }, 
    "32": {
        "cache-09": 4.447156762018965, 
        "cache-11": 3.9721634312212375
    }, 
    "33": {
        "cache-09": 4.447156762018965, 
        "cache-11": 3.9721634312212375
    }, 
    "34": {
        "cache-09": 4.447156762018965, 
        "cache-11": 3.9721634312212375
    }, 
    "35": {
        "cache-09": 4.447156762018965, 
        "cache-11": 3.9721634312212375
    }, 
    "36": {
        "cache-09": 4.447156762018965, 
        "cache-11": 3.9721634312212375
    }, 
    "37": {
        "cache-09": 4.447156762018965, 
        "cache-11": 3.9721634312212375
    }, 
    "38": {
        "cache-09": 4.447156762018965, 
        "cache-11": 3.9721634312212375
    }, 
    "39": {
        "cache-09": 4.447156762018965, 
        "cache-11": 3.9721634312212375
    }, 
    "40": {
        "cache-09": 4.447156762018965, 
        "cache-11": 3.9721634312212375
    }, 
    "41": {
        "cache-09": 4.1473376969837386, 
        "cache-11": 4.816907036663558
    }, 
    "42": {
        "cache-09": 4.1473376969837386, 
        "cache-11": 4.816907036663558
    }, 
    "43": {
        "cache-09": 4.1473376969837386, 
        "cache-11": 4.816907036663558
    }, 
    "44": {
        "cache-09": 4.1473376969837386, 
        "cache-11": 4.816907036663558
    }, 
    "45": {
        "cache-09": 4.1473376969837386, 
        "cache-11": 4.816907036663558
    }, 
    "46": {
        "cache-09": 4.1473376969837386, 
        "cache-11": 4.816907036663558
    }, 
    "47": {
        "cache-09": 4.1473376969837386, 
        "cache-11": 4.816907036663558
    }, 
    "48": {
        "cache-09": 4.1473376969837386, 
        "cache-11": 4.816907036663558
    }, 
    "49": {
        "cache-09": 4.1473376969837386, 
        "cache-11": 4.816907036663558
    }, 
    "50": {
        "cache-09": 4.1473376969837386, 
        "cache-11": 4.816907036663558
    }, 
    "51": {
        "cache-09": 4.234346556372403, 
        "cache-11": 4.99859585789225
    }, 
    "52": {
        "cache-09": 4.234346556372403, 
        "cache-11": 4.99859585789225
    }, 
    "53": {
        "cache-09": 4.234346556372403, 
        "cache-11": 4.99859585789225
    }, 
    "54": {
        "cache-09": 4.234346556372403, 
        "cache-11": 4.99859585789225
    }, 
    "55": {
        "cache-09": 4.234346556372403, 
        "cache-11": 4.99859585789225
    }, 
    "56": {
        "cache-09": 4.234346556372403, 
        "cache-11": 4.99859585789225
    }, 
    "57": {
        "cache-09": 4.234346556372403, 
        "cache-11": 4.99859585789225
    }, 
    "58": {
        "cache-09": 4.234346556372403, 
        "cache-11": 4.99859585789225
    }, 
    "59": {
        "cache-09": 4.234346556372403, 
        "cache-11": 4.99859585789225
    }, 
    "60": {
        "cache-09": 4.234346556372403, 
        "cache-11": 4.99859585789225
    }, 
    "61": {
        "cache-09": 4.2428917872056005, 
        "cache-11": 4.923378044436708
    }, 
    "62": {
        "cache-09": 4.2428917872056005, 
        "cache-11": 4.923378044436708
    }, 
    "63": {
        "cache-09": 4.2428917872056005, 
        "cache-11": 4.923378044436708
    }, 
    "64": {
        "cache-09": 4.2428917872056005, 
        "cache-11": 4.923378044436708
    }, 
    "65": {
        "cache-09": 4.2428917872056005, 
        "cache-11": 4.923378044436708
    }, 
    "66": {
        "cache-09": 4.2428917872056005, 
        "cache-11": 4.923378044436708
    }, 
    "67": {
        "cache-09": 4.2428917872056005, 
        "cache-11": 4.923378044436708
    }, 
    "68": {
        "cache-09": 4.2428917872056005, 
        "cache-11": 4.923378044436708
    }, 
    "69": {
        "cache-09": 4.2428917872056005, 
        "cache-11": 4.923378044436708
    }, 
    "70": {
        "cache-09": 4.2428917872056005, 
        "cache-11": 4.923378044436708
    }, 
    "71": {
        "cache-09": 4.1659469479163995, 
        "cache-11": 4.875194025855864
    }, 
    "72": {
        "cache-09": 4.1659469479163995, 
        "cache-11": 4.875194025855864
    }, 
    "73": {
        "cache-09": 4.1659469479163995, 
        "cache-11": 4.875194025855864
    }, 
    "74": {
        "cache-09": 4.1659469479163995, 
        "cache-11": 4.875194025855864
    }, 
    "75": {
        "cache-09": 4.1659469479163995, 
        "cache-11": 4.875194025855864
    }, 
    "76": {
        "cache-09": 4.1659469479163995, 
        "cache-11": 4.875194025855864
    }, 
    "77": {
        "cache-09": 4.1659469479163995, 
        "cache-11": 4.875194025855864
    }, 
    "78": {
        "cache-09": 4.1659469479163995, 
        "cache-11": 4.875194025855864
    }, 
    "79": {
        "cache-09": 4.1659469479163995, 
        "cache-11": 4.875194025855864
    }, 
    "80": {
        "cache-09": 4.1659469479163995, 
        "cache-11": 4.875194025855864
    },