{
    "0": {
        "cache-02": 3.75, 
        "cache-13": 4
    }, 
    "1": {
        "cache-02": 3.594745844265475, 
        "cache-13": 4
    }, 
    "2": {
        "cache-02": 3.6545106182806637, 
        "cache-13": 4
    }, 
    "3": {
        "cache-02": 3.857486267901364, 
        "cache-13": 4
    }, 
    "4": {
        "cache-02": 4.072987710090812, 
        "cache-13": 4
    }, 
    "5": {
        "cache-02": 4.438989587821627, 
        "cache-13": 4
    }, 
    "6": {
        "cache-02": 4.719471596937321, 
        "cache-13": 4
    }, 
    "7": {
        "cache-02": 4.859712601495168, 
        "cache-13": 4
    }, 
    "8": {
        "cache-02": 4.832352033523805, 
        "cache-13": 4
    }, 
    "9": {
        "cache-02": 4.818671749538124, 
        "cache-13": 4
    }, 
    "10": {
        "cache-02": 4.811831607545283, 
        "cache-13": 4
    }, 
    "11": {
        "cache-02": 4.905892606799149, 
        "cache-13": 4
    }, 
    "12": {
        "cache-02": 4.855442036175796, 
        "cache-13": 4
    }, 
    "13": {
        "cache-02": 4.830216750864119, 
        "cache-13": 4
    }, 
    "14": {
        "cache-02": 4.817604108208281, 
        "cache-13": 4
    }, 
    "15": {
        "cache-02": 4.8112977868803615, 
        "cache-13": 4
    }, 
    "16": {
        "cache-02": 4.808144626216402, 
        "cache-13": 4
    }, 
    "17": {
        "cache-02": 4.806568045884422, 
        "cache-13": 4
    }, 
    "18": {
        "cache-02": 4.651007171032759, 
        "cache-13": 4
    }, 
    "19": {
        "cache-02": 4.727999318292601, 
        "cache-13": 4
    }, 
    "20": {
        "cache-02": 4.766495391922522, 
        "cache-13": 4
    }, 
    "21": {
        "cache-02": 4.785743428737482, 
        "cache-13": 4
    }, 
    "22": {
        "cache-02": 4.795367447144962, 
        "cache-13": 4
    }, 
    "23": {
        "cache-02": 4.800179456348702, 
        "cache-13": 4
    }, 
    "24": {
        "cache-02": 4.900066531200858, 
        "cache-13": 4
    }, 
    "25": {
        "cache-02": 4.85252899837665, 
        "cache-13": 4
    }, 
    "26": {
        "cache-02": 4.828760231964546, 
        "cache-13": 4
    }, 
    "27": {
        "cache-02": 4.91435691900878, 
        "cache-13": 4
    }, 
    "28": {
        "cache-02": 4.957155262530897, 
        "cache-13": 4
    }, 
    "29": {
        "cache-02": 4.978554434291956, 
        "cache-13": 4
    }, 
    "30": {
        "cache-02": 4.989254020172485, 
        "cache-13": 4
    }, 
    "31": {
        "cache-02": 4.99460381311275, 
        "cache-13": 4
    }, 
    "32": {
        "cache-02": 4.997278709582883, 
        "cache-13": 4
    }, 
    "33": {
        "cache-02": 4.998616157817949, 
        "cache-13": 4
    }, 
    "34": {
        "cache-02": 4.999284881935482, 
        "cache-13": 4
    }, 
    "35": {
        "cache-02": 4.902138173743962, 
        "cache-13": 4
    }, 
    "36": {
        "cache-02": 4.853564819648202, 
        "cache-13": 4
    }, 
    "37": {
        "cache-02": 4.829278142600322, 
        "cache-13": 4
    }, 
    "38": {
        "cache-02": 4.817134804076382, 
        "cache-13": 4
    }, 
    "39": {
        "cache-02": 4.811063134814412, 
        "cache-13": 4
    }, 
    "40": {
        "cache-02": 4.905508370433713, 
        "cache-13": 4
    }, 
    "41": {
        "cache-02": 4.855249917993078, 
        "cache-13": 4
    }, 
    "42": {
        "cache-02": 4.83012069177276, 
        "cache-13": 4
    }, 
    "43": {
        "cache-02": 4.915037148912887, 
        "cache-13": 4
    }, 
    "44": {
        "cache-02": 4.957495377482951, 
        "cache-13": 4
    }, 
    "45": {
        "cache-02": 4.9787244917679825, 
        "cache-13": 4
    }, 
    "46": {
        "cache-02": 4.989339048910498, 
        "cache-13": 4
    }, 
    "47": {
        "cache-02": 4.994646327481757, 
        "cache-13": 4
    }, 
    "48": {
        "cache-02": 4.997299966767386, 
        "cache-13": 4
    }, 
    "49": {
        "cache-02": 4.901145716159914, 
        "cache-13": 4
    }, 
    "50": {
        "cache-02": 4.853068590856179, 
        "cache-13": 4
    }, 
    "51": {
        "cache-02": 4.82903002820431, 
        "cache-13": 4
    }, 
    "52": {
        "cache-02": 4.9144918171286625, 
        "cache-13": 4
    }, 
    "53": {
        "cache-02": 4.9572227115908385, 
        "cache-13": 4
    }, 
    "54": {
        "cache-02": 4.9785881588219265, 
        "cache-13": 4
    }, 
    "55": {
        "cache-02": 4.98927088243747, 
        "cache-13": 4
    }, 
    "56": {
        "cache-02": 4.994612244245243, 
        "cache-13": 4
    }, 
    "57": {
        "cache-02": 4.997282925149129, 
        "cache-13": 4
    }, 
    "58": {
        "cache-02": 4.901137195350786, 
        "cache-13": 4
    }, 
    "59": {
        "cache-02": 4.9505454007019, 
        "cache-13": 4
    }, 
    "60": {
        "cache-02": 4.975249503377457, 
        "cache-13": 4
    }, 
    "61": {
        "cache-02": 4.987601554715235, 
        "cache-13": 4
    }, 
    "62": {
        "cache-02": 4.9937775803841244, 
        "cache-13": 4
    }, 
    "63": {
        "cache-02": 4.996865593218569, 
        "cache-13": 4
    }, 
    "64": {
        "cache-02": 4.998409599635792, 
        "cache-13": 4
    }, 
    "65": {
        "cache-02": 4.999181602844404, 
        "cache-13": 4
    }, 
    "66": {
        "cache-02": 4.999567604448709, 
        "cache-13": 4
    }, 
    "67": {
        "cache-02": 4.999760605250861, 
        "cache-13": 4
    }, 
    "68": {
        "cache-02": 4.999857105651937, 
        "cache-13": 4
    }, 
    "69": {
        "cache-02": 4.999905355852476, 
        "cache-13": 4
    }, 
    "70": {
        "cache-02": 4.999929480952746, 
        "cache-13": 4
    }, 
    "71": {
        "cache-02": 4.99994154350288, 
        "cache-13": 4
    }, 
    "72": {
        "cache-02": 4.999947574777947, 
        "cache-13": 4
    }, 
    "73": {
        "cache-02": 4.99995059041548, 
        "cache-13": 4
    }, 
    "74": {
        "cache-02": 4.999952098234248, 
        "cache-13": 4
    }, 
    "75": {
        "cache-02": 4.999952852143631, 
        "cache-13": 4
    }, 
    "76": {
        "cache-02": 4.999953229098322, 
        "cache-13": 4
    }, 
    "77": {
        "cache-02": 4.902472347325382, 
        "cache-13": 4
    }, 
    "78": {
        "cache-02": 4.6989593217532395, 
        "cache-13": 4
    }, 
    "79": {
        "cache-02": 4.751975393652841, 
        "cache-13": 4
    }, 
    "80": {
        "cache-02": 4.778483429602641, 
        "cache-13": 4
    }, 
    "81": {
        "cache-02": 4.636964862891869, 
        "cache-13": 4
    }, 
    "82": {
        "cache-02": 4.566205579536483, 
        "cache-13": 4
    }, 
    "83": {
        "cache-02": 4.6855985225444625, 
        "cache-13": 4
    }, 
    "84": {
        "cache-02": 4.59052240936278, 
        "cache-13": 4
    }, 
    "85": {
        "cache-02": 4.795238007707898, 
        "cache-13": 4
    }, 
    "86": {
        "cache-02": 4.897595806880457, 
        "cache-13": 4
    }, 
    "87": {
        "cache-02": 4.948774706466736, 
        "cache-13": 4
    }, 
    "88": {
        "cache-02": 4.876883086009589, 
        "cache-13": 4
    }, 
    "89": {
        "cache-02": 4.938418346031302, 
        "cache-13": 4
    }, 
    "90": {
        "cache-02": 4.871704905791872, 
        "cache-13": 4
    }, 
    "91": {
        "cache-02": 4.838348185672157, 
        "cache-13": 4
    }, 
    "92": {
        "cache-02": 4.919150895862586, 
        "cache-13": 4
    }, 
    "93": {
        "cache-02": 4.862071180707514, 
        "cache-13": 4
    }, 
    "94": {
        "cache-02": 4.833531323129979, 
        "cache-13": 4
    }, 
    "95": {
        "cache-02": 4.81926139434121, 
        "cache-13": 4
    }, 
    "96": {
        "cache-02": 4.812126429946826, 
        "cache-13": 4
    }, 
    "97": {
        "cache-02": 4.550307791113543,