{
    "0": {
        "cache-07": 4.478289634938486, 
        "cache-11": 3.122933131138373
    }, 
    "1": {
        "cache-07": 4.478289634938486, 
        "cache-11": 3.122933131138373
    }, 
    "2": {
        "cache-07": 4.478289634938486, 
        "cache-11": 3.122933131138373
    }, 
    "3": {
        "cache-07": 4.478289634938486, 
        "cache-11": 3.122933131138373
    }, 
    "4": {
        "cache-07": 4.478289634938486, 
        "cache-11": 3.122933131138373
    }, 
    "5": {
        "cache-07": 4.478289634938486, 
        "cache-11": 3.122933131138373
    }, 
    "6": {
        "cache-07": 4.478289634938486, 
        "cache-11": 3.122933131138373
    }, 
    "7": {
        "cache-07": 4.478289634938486, 
        "cache-11": 3.122933131138373
    }, 
    "8": {
        "cache-07": 4.478289634938486, 
        "cache-11": 3.122933131138373
    }, 
    "9": {
        "cache-07": 4.478289634938486, 
        "cache-11": 3.122933131138373
    }, 
    "10": {
        "cache-07": 4.478289634938486, 
        "cache-11": 3.122933131138373
    }, 
    "11": {
        "cache-07": 4.326502399238093, 
        "cache-11": 3.2683909813210317
    }, 
    "12": {
        "cache-07": 4.326502399238093, 
        "cache-11": 3.2683909813210317
    }, 
    "13": {
        "cache-07": 4.326502399238093, 
        "cache-11": 3.2683909813210317
    }, 
    "14": {
        "cache-07": 4.326502399238093, 
        "cache-11": 3.2683909813210317
    }, 
    "15": {
        "cache-07": 4.326502399238093, 
        "cache-11": 3.2683909813210317
    }, 
    "16": {
        "cache-07": 4.326502399238093, 
        "cache-11": 3.2683909813210317
    }, 
    "17": {
        "cache-07": 4.326502399238093, 
        "cache-11": 3.2683909813210317
    }, 
    "18": {
        "cache-07": 4.326502399238093, 
        "cache-11": 3.2683909813210317
    }, 
    "19": {
        "cache-07": 4.326502399238093, 
        "cache-11": 3.2683909813210317
    }, 
    "20": {
        "cache-07": 4.326502399238093, 
        "cache-11": 3.2683909813210317
    }, 
    "21": {
        "cache-07": 3.741612080047708, 
        "cache-11": 3.4278164134087907
    }, 
    "22": {
        "cache-07": 3.741612080047708, 
        "cache-11": 3.4278164134087907
    }, 
    "23": {
        "cache-07": 3.741612080047708, 
        "cache-11": 3.4278164134087907
    }, 
    "24": {
        "cache-07": 3.741612080047708, 
        "cache-11": 3.4278164134087907
    }, 
    "25": {
        "cache-07": 3.741612080047708, 
        "cache-11": 3.4278164134087907
    }, 
    "26": {
        "cache-07": 3.741612080047708, 
        "cache-11": 3.4278164134087907
    }, 
    "27": {
        "cache-07": 3.741612080047708, 
        "cache-11": 3.4278164134087907
    }, 
    "28": {
        "cache-07": 3.741612080047708, 
        "cache-11": 3.4278164134087907
    }, 
    "29": {
        "cache-07": 3.741612080047708, 
        "cache-11": 3.4278164134087907
    }, 
    "30": {
        "cache-07": 3.741612080047708, 
        "cache-11": 3.4278164134087907
    }, 
    "31": {
        "cache-07": 4.0683035581519675, 
        "cache-11": 3.455632586439603
    }, 
    "32": {
        "cache-07": 4.0683035581519675, 
        "cache-11": 3.455632586439603
    }, 
    "33": {
        "cache-07": 4.0683035581519675, 
        "cache-11": 3.455632586439603
    }, 
    "34": {
        "cache-07": 4.0683035581519675, 
        "cache-11": 3.455632586439603
    }, 
    "35": {
        "cache-07": 4.0683035581519675, 
        "cache-11": 3.455632586439603
    }, 
    "36": {
        "cache-07": 4.0683035581519675, 
        "cache-11": 3.455632586439603
    }, 
    "37": {
        "cache-07": 4.0683035581519675, 
        "cache-11": 3.455632586439603
    }, 
    "38": {
        "cache-07": 4.0683035581519675, 
        "cache-11": 3.455632586439603
    }, 
    "39": {
        "cache-07": 4.0683035581519675, 
        "cache-11": 3.455632586439603
    }, 
    "40": {
        "cache-07": 4.0683035581519675, 
        "cache-11": 3.455632586439603
    }, 
    "41": {
        "cache-07": 3.6878312404871783, 
        "cache-11": 3.494431994275253
    }, 
    "42": {
        "cache-07": 3.6878312404871783, 
        "cache-11": 3.494431994275253
    }, 
    "43": {
        "cache-07": 3.6878312404871783, 
        "cache-11": 3.494431994275253
    }, 
    "44": {
        "cache-07": 3.6878312404871783, 
        "cache-11": 3.494431994275253
    }, 
    "45": {
        "cache-07": 3.6878312404871783, 
        "cache-11": 3.494431994275253
    }, 
    "46": {
        "cache-07": 3.6878312404871783, 
        "cache-11": 3.494431994275253
    }, 
    "47": {
        "cache-07": 3.6878312404871783, 
        "cache-11": 3.494431994275253
    }, 
    "48": {
        "cache-07": 3.6878312404871783, 
        "cache-11": 3.494431994275253
    }, 
    "49": {
        "cache-07": 3.6878312404871783, 
        "cache-11": 3.494431994275253
    }, 
    "50": {
        "cache-07": 3.6878312404871783, 
        "cache-11": 3.494431994275253
    }, 
    "51": {
        "cache-07": 3.9358198506377255, 
        "cache-11": 3.5441298521440223
    }, 
    "52": {
        "cache-07": 3.9358198506377255, 
        "cache-11": 3.5441298521440223
    }, 
    "53": {
        "cache-07": 3.9358198506377255, 
        "cache-11": 3.5441298521440223
    }, 
    "54": {
        "cache-07": 3.9358198506377255, 
        "cache-11": 3.5441298521440223
    }, 
    "55": {
        "cache-07": 3.9358198506377255, 
        "cache-11": 3.5441298521440223
    }, 
    "56": {
        "cache-07": 3.9358198506377255, 
        "cache-11": 3.5441298521440223
    }, 
    "57": {
        "cache-07": 3.9358198506377255, 
        "cache-11": 3.5441298521440223
    }, 
    "58": {
        "cache-07": 3.9358198506377255, 
        "cache-11": 3.5441298521440223
    }, 
    "59": {
        "cache-07": 3.9358198506377255, 
        "cache-11": 3.5441298521440223
    }, 
    "60": {
        "cache-07": 3.9358198506377255, 
        "cache-11": 3.5441298521440223
    }, 
    "61": {
        "cache-07": 3.8078785848229053, 
        "cache-11": 4.700578516893093
    }, 
    "62": {
        "cache-07": 3.8078785848229053, 
        "cache-11": 4.700578516893093
    }, 
    "63": {
        "cache-07": 3.8078785848229053, 
        "cache-11": 4.700578516893093
    }, 
    "64": {
        "cache-07": 3.8078785848229053, 
        "cache-11": 4.700578516893093
    }, 
    "65": {
        "cache-07": 3.8078785848229053, 
        "cache-11": 4.700578516893093
    }, 
    "66": {
        "cache-07": 3.8078785848229053, 
        "cache-11": 4.700578516893093
    }, 
    "67": {
        "cache-07": 3.8078785848229053, 
        "cache-11": 4.700578516893093
    }, 
    "68": {
        "cache-07": 3.8078785848229053, 
        "cache-11": 4.700578516893093
    }, 
    "69": {
        "cache-07": 3.8078785848229053, 
        "cache-11": 4.700578516893093
    }, 
    "70": {
        "cache-07": 3.8078785848229053, 
        "cache-11": 4.700578516893093
    }, 
    "71": {
        "cache-07": 3.927556288074985, 
        "cache-11": 4.516017635023362
    }, 
    "72": {
        "cache-07": 3.927556288074985, 
        "cache-11": 4.516017635023362
    }, 
    "73": {
        "cache-07": 3.927556288074985, 
        "cache-11": 4.516017635023362
    }, 
    "74": {
        "cache-07": 3.927556288074985, 
        "cache-11": 4.516017635023362
    }, 
    "75": {
        "cache-07": 3.927556288074985, 
        "cache-11": 4.516017635023362
    }, 
    "76": {
        "cache-07": 3.927556288074985, 
        "cache-11": 4.516017635023362
    }, 
    "77": {
        "cache-07": 3.927556288074985, 
        "cache-11": 4.516017635023362
    }, 
    "78": {
        "cache-07": 3.927556288074985, 
        "cache-11": 4.516017635023362
    }, 
    "79": {
        "cache-07": 3.927556288074985, 
        "cache-11": 4.516017635023362
    }, 
    "80": {
        "cache-07": 3.927556288074985, 
        "cache-11": 4.516017635023362
    },