{
    "0": {
        "cache-07": 2.7035100975299864, 
        "cache-13": 4.0505742072169975
    }, 
    "1": {
        "cache-07": 2.7035100975299864, 
        "cache-13": 4.0505742072169975
    }, 
    "2": {
        "cache-07": 2.7035100975299864, 
        "cache-13": 4.0505742072169975
    }, 
    "3": {
        "cache-07": 2.7035100975299864, 
        "cache-13": 4.0505742072169975
    }, 
    "4": {
        "cache-07": 2.7035100975299864, 
        "cache-13": 4.0505742072169975
    }, 
    "5": {
        "cache-07": 2.7035100975299864, 
        "cache-13": 4.0505742072169975
    }, 
    "6": {
        "cache-07": 2.7035100975299864, 
        "cache-13": 4.0505742072169975
    }, 
    "7": {
        "cache-07": 2.7035100975299864, 
        "cache-13": 4.0505742072169975
    }, 
    "8": {
        "cache-07": 2.7035100975299864, 
        "cache-13": 4.0505742072169975
    }, 
    "9": {
        "cache-07": 2.7035100975299864, 
        "cache-13": 4.0505742072169975
    }, 
    "10": {
        "cache-07": 2.7035100975299864, 
        "cache-13": 4.0505742072169975
    }, 
    "11": {
        "cache-07": 2.7035100975299935, 
        "cache-13": 4.067553418204048
    }, 
    "12": {
        "cache-07": 2.7035100975299935, 
        "cache-13": 4.067553418204048
    }, 
    "13": {
        "cache-07": 2.7035100975299935, 
        "cache-13": 4.067553418204048
    }, 
    "14": {
        "cache-07": 2.7035100975299935, 
        "cache-13": 4.067553418204048
    }, 
    "15": {
        "cache-07": 2.7035100975299935, 
        "cache-13": 4.067553418204048
    }, 
    "16": {
        "cache-07": 2.7035100975299935, 
        "cache-13": 4.067553418204048
    }, 
    "17": {
        "cache-07": 2.7035100975299935, 
        "cache-13": 4.067553418204048
    }, 
    "18": {
        "cache-07": 2.7035100975299935, 
        "cache-13": 4.067553418204048
    }, 
    "19": {
        "cache-07": 2.7035100975299935, 
        "cache-13": 4.067553418204048
    }, 
    "20": {
        "cache-07": 2.7035100975299935, 
        "cache-13": 4.067553418204048
    }, 
    "21": {
        "cache-07": 2.703510097529997, 
        "cache-13": 4.060448204966775
    }, 
    "22": {
        "cache-07": 2.703510097529997, 
        "cache-13": 4.060448204966775
    }, 
    "23": {
        "cache-07": 2.703510097529997, 
        "cache-13": 4.060448204966775
    }, 
    "24": {
        "cache-07": 2.703510097529997, 
        "cache-13": 4.060448204966775
    }, 
    "25": {
        "cache-07": 2.703510097529997, 
        "cache-13": 4.060448204966775
    }, 
    "26": {
        "cache-07": 2.703510097529997, 
        "cache-13": 4.060448204966775
    }, 
    "27": {
        "cache-07": 2.703510097529997, 
        "cache-13": 4.060448204966775
    }, 
    "28": {
        "cache-07": 2.703510097529997, 
        "cache-13": 4.060448204966775
    }, 
    "29": {
        "cache-07": 2.703510097529997, 
        "cache-13": 4.060448204966775
    }, 
    "30": {
        "cache-07": 2.703510097529997, 
        "cache-13": 4.060448204966775
    }, 
    "31": {
        "cache-07": 2.703510097529999, 
        "cache-13": 4.060455054548838
    }, 
    "32": {
        "cache-07": 2.703510097529999, 
        "cache-13": 4.060455054548838
    }, 
    "33": {
        "cache-07": 2.703510097529999, 
        "cache-13": 4.060455054548838
    }, 
    "34": {
        "cache-07": 2.703510097529999, 
        "cache-13": 4.060455054548838
    }, 
    "35": {
        "cache-07": 2.703510097529999, 
        "cache-13": 4.060455054548838
    }, 
    "36": {
        "cache-07": 2.703510097529999, 
        "cache-13": 4.060455054548838
    }, 
    "37": {
        "cache-07": 2.703510097529999, 
        "cache-13": 4.060455054548838
    }, 
    "38": {
        "cache-07": 2.703510097529999, 
        "cache-13": 4.060455054548838
    }, 
    "39": {
        "cache-07": 2.703510097529999, 
        "cache-13": 4.060455054548838
    }, 
    "40": {
        "cache-07": 2.703510097529999, 
        "cache-13": 4.060455054548838
    }, 
    "41": {
        "cache-07": 2.7035100975299997, 
        "cache-13": 4.117465291373939
    }, 
    "42": {
        "cache-07": 2.7035100975299997, 
        "cache-13": 4.117465291373939
    }, 
    "43": {
        "cache-07": 2.7035100975299997, 
        "cache-13": 4.117465291373939
    }, 
    "44": {
        "cache-07": 2.7035100975299997, 
        "cache-13": 4.117465291373939
    }, 
    "45": {
        "cache-07": 2.7035100975299997, 
        "cache-13": 4.117465291373939
    }, 
    "46": {
        "cache-07": 2.7035100975299997, 
        "cache-13": 4.117465291373939
    }, 
    "47": {
        "cache-07": 2.7035100975299997, 
        "cache-13": 4.117465291373939
    }, 
    "48": {
        "cache-07": 2.7035100975299997, 
        "cache-13": 4.117465291373939
    }, 
    "49": {
        "cache-07": 2.7035100975299997, 
        "cache-13": 4.117465291373939
    }, 
    "50": {
        "cache-07": 2.7035100975299997, 
        "cache-13": 4.117465291373939
    }, 
    "51": {
        "cache-07": 2.7035100975299997, 
        "cache-13": 4.060488033781864
    }, 
    "52": {
        "cache-07": 2.7035100975299997, 
        "cache-13": 4.060488033781864
    }, 
    "53": {
        "cache-07": 2.7035100975299997, 
        "cache-13": 4.060488033781864
    }, 
    "54": {
        "cache-07": 2.7035100975299997, 
        "cache-13": 4.060488033781864
    }, 
    "55": {
        "cache-07": 2.7035100975299997, 
        "cache-13": 4.060488033781864
    }, 
    "56": {
        "cache-07": 2.7035100975299997, 
        "cache-13": 4.060488033781864
    }, 
    "57": {
        "cache-07": 2.7035100975299997, 
        "cache-13": 4.060488033781864
    }, 
    "58": {
        "cache-07": 2.7035100975299997, 
        "cache-13": 4.060488033781864
    }, 
    "59": {
        "cache-07": 2.7035100975299997, 
        "cache-13": 4.060488033781864
    }, 
    "60": {
        "cache-07": 2.7035100975299997, 
        "cache-13": 4.060488033781864
    }, 
    "61": {
        "cache-07": 2.7035100975299997, 
        "cache-13": 4.060697671250487
    }, 
    "62": {
        "cache-07": 2.7035100975299997, 
        "cache-13": 4.060697671250487
    }, 
    "63": {
        "cache-07": 2.7035100975299997, 
        "cache-13": 4.060697671250487
    }, 
    "64": {
        "cache-07": 2.7035100975299997, 
        "cache-13": 4.060697671250487
    }, 
    "65": {
        "cache-07": 2.7035100975299997, 
        "cache-13": 4.060697671250487
    }, 
    "66": {
        "cache-07": 2.7035100975299997, 
        "cache-13": 4.060697671250487
    }, 
    "67": {
        "cache-07": 2.7035100975299997, 
        "cache-13": 4.060697671250487
    }, 
    "68": {
        "cache-07": 2.7035100975299997, 
        "cache-13": 4.060697671250487
    }, 
    "69": {
        "cache-07": 2.7035100975299997, 
        "cache-13": 4.060697671250487
    }, 
    "70": {
        "cache-07": 2.7035100975299997, 
        "cache-13": 4.060697671250487
    }, 
    "71": {
        "cache-07": 2.70563150091957, 
        "cache-13": 3.6201901430515666
    }, 
    "72": {
        "cache-07": 2.70563150091957, 
        "cache-13": 3.6201901430515666
    }, 
    "73": {
        "cache-07": 2.70563150091957, 
        "cache-13": 3.6201901430515666
    }, 
    "74": {
        "cache-07": 2.70563150091957, 
        "cache-13": 3.6201901430515666
    }, 
    "75": {
        "cache-07": 2.70563150091957, 
        "cache-13": 3.6201901430515666
    }, 
    "76": {
        "cache-07": 2.70563150091957, 
        "cache-13": 3.6201901430515666
    }, 
    "77": {
        "cache-07": 2.70563150091957, 
        "cache-13": 3.6201901430515666
    }, 
    "78": {
        "cache-07": 2.70563150091957, 
        "cache-13": 3.6201901430515666
    }, 
    "79": {
        "cache-07": 2.70563150091957, 
        "cache-13": 3.6201901430515666
    }, 
    "80": {
        "cache-07": 2.70563150091957, 
        "cache-13": 3.6201901430515666
    },