{
    "0": {
        "cache-04": 4.0, 
        "cache-10": 4.998237869388296
    }, 
    "1": {
        "cache-04": 4.0, 
        "cache-10": 4.998237869388296
    }, 
    "2": {
        "cache-04": 4.0, 
        "cache-10": 4.998237869388296
    }, 
    "3": {
        "cache-04": 4.0, 
        "cache-10": 4.998237869388296
    }, 
    "4": {
        "cache-04": 4.0, 
        "cache-10": 4.998237869388296
    }, 
    "5": {
        "cache-04": 4.0, 
        "cache-10": 4.998237869388296
    }, 
    "6": {
        "cache-04": 4.0, 
        "cache-10": 4.998237869388296
    }, 
    "7": {
        "cache-04": 4.0, 
        "cache-10": 4.998237869388296
    }, 
    "8": {
        "cache-04": 4.0, 
        "cache-10": 4.998237869388296
    }, 
    "9": {
        "cache-04": 4.0, 
        "cache-10": 4.998237869388296
    }, 
    "10": {
        "cache-04": 4.0, 
        "cache-10": 4.998237869388296
    }, 
    "11": {
        "cache-04": 4.0, 
        "cache-10": 4.9999503950177555
    }, 
    "12": {
        "cache-04": 4.0, 
        "cache-10": 4.9999503950177555
    }, 
    "13": {
        "cache-04": 4.0, 
        "cache-10": 4.9999503950177555
    }, 
    "14": {
        "cache-04": 4.0, 
        "cache-10": 4.9999503950177555
    }, 
    "15": {
        "cache-04": 4.0, 
        "cache-10": 4.9999503950177555
    }, 
    "16": {
        "cache-04": 4.0, 
        "cache-10": 4.9999503950177555
    }, 
    "17": {
        "cache-04": 4.0, 
        "cache-10": 4.9999503950177555
    }, 
    "18": {
        "cache-04": 4.0, 
        "cache-10": 4.9999503950177555
    }, 
    "19": {
        "cache-04": 4.0, 
        "cache-10": 4.9999503950177555
    }, 
    "20": {
        "cache-04": 4.0, 
        "cache-10": 4.9999503950177555
    }, 
    "21": {
        "cache-04": 4.0, 
        "cache-10": 4.81071242807206
    }, 
    "22": {
        "cache-04": 4.0, 
        "cache-10": 4.81071242807206
    }, 
    "23": {
        "cache-04": 4.0, 
        "cache-10": 4.81071242807206
    }, 
    "24": {
        "cache-04": 4.0, 
        "cache-10": 4.81071242807206
    }, 
    "25": {
        "cache-04": 4.0, 
        "cache-10": 4.81071242807206
    }, 
    "26": {
        "cache-04": 4.0, 
        "cache-10": 4.81071242807206
    }, 
    "27": {
        "cache-04": 4.0, 
        "cache-10": 4.81071242807206
    }, 
    "28": {
        "cache-04": 4.0, 
        "cache-10": 4.81071242807206
    }, 
    "29": {
        "cache-04": 4.0, 
        "cache-10": 4.81071242807206
    }, 
    "30": {
        "cache-04": 4.0, 
        "cache-10": 4.81071242807206
    }, 
    "31": {
        "cache-04": 4.0180305720175, 
        "cache-10": 4.910265087350414
    }, 
    "32": {
        "cache-04": 4.0180305720175, 
        "cache-10": 4.910265087350414
    }, 
    "33": {
        "cache-04": 4.0180305720175, 
        "cache-10": 4.910265087350414
    }, 
    "34": {
        "cache-04": 4.0180305720175, 
        "cache-10": 4.910265087350414
    }, 
    "35": {
        "cache-04": 4.0180305720175, 
        "cache-10": 4.910265087350414
    }, 
    "36": {
        "cache-04": 4.0180305720175, 
        "cache-10": 4.910265087350414
    }, 
    "37": {
        "cache-04": 4.0180305720175, 
        "cache-10": 4.910265087350414
    }, 
    "38": {
        "cache-04": 4.0180305720175, 
        "cache-10": 4.910265087350414
    }, 
    "39": {
        "cache-04": 4.0180305720175, 
        "cache-10": 4.910265087350414
    }, 
    "40": {
        "cache-04": 4.0180305720175, 
        "cache-10": 4.910265087350414
    }, 
    "41": {
        "cache-04": 3.9624222630834374, 
        "cache-10": 4.750801559615853
    }, 
    "42": {
        "cache-04": 3.9624222630834374, 
        "cache-10": 4.750801559615853
    }, 
    "43": {
        "cache-04": 3.9624222630834374, 
        "cache-10": 4.750801559615853
    }, 
    "44": {
        "cache-04": 3.9624222630834374, 
        "cache-10": 4.750801559615853
    }, 
    "45": {
        "cache-04": 3.9624222630834374, 
        "cache-10": 4.750801559615853
    }, 
    "46": {
        "cache-04": 3.9624222630834374, 
        "cache-10": 4.750801559615853
    }, 
    "47": {
        "cache-04": 3.9624222630834374, 
        "cache-10": 4.750801559615853
    }, 
    "48": {
        "cache-04": 3.9624222630834374, 
        "cache-10": 4.750801559615853
    }, 
    "49": {
        "cache-04": 3.9624222630834374, 
        "cache-10": 4.750801559615853
    }, 
    "50": {
        "cache-04": 3.9624222630834374, 
        "cache-10": 4.750801559615853
    }, 
    "51": {
        "cache-04": 3.8856083425629295, 
        "cache-10": 4.331797803519992
    }, 
    "52": {
        "cache-04": 3.8856083425629295, 
        "cache-10": 4.331797803519992
    }, 
    "53": {
        "cache-04": 3.8856083425629295, 
        "cache-10": 4.331797803519992
    }, 
    "54": {
        "cache-04": 3.8856083425629295, 
        "cache-10": 4.331797803519992
    }, 
    "55": {
        "cache-04": 3.8856083425629295, 
        "cache-10": 4.331797803519992
    }, 
    "56": {
        "cache-04": 3.8856083425629295, 
        "cache-10": 4.331797803519992
    }, 
    "57": {
        "cache-04": 3.8856083425629295, 
        "cache-10": 4.331797803519992
    }, 
    "58": {
        "cache-04": 3.8856083425629295, 
        "cache-10": 4.331797803519992
    }, 
    "59": {
        "cache-04": 3.8856083425629295, 
        "cache-10": 4.331797803519992
    }, 
    "60": {
        "cache-04": 3.8856083425629295, 
        "cache-10": 4.331797803519992
    }, 
    "61": {
        "cache-04": 3.8322982393416165, 
        "cache-10": 4.535848570965015
    }, 
    "62": {
        "cache-04": 3.8322982393416165, 
        "cache-10": 4.535848570965015
    }, 
    "63": {
        "cache-04": 3.8322982393416165, 
        "cache-10": 4.535848570965015
    }, 
    "64": {
        "cache-04": 3.8322982393416165, 
        "cache-10": 4.535848570965015
    }, 
    "65": {
        "cache-04": 3.8322982393416165, 
        "cache-10": 4.535848570965015
    }, 
    "66": {
        "cache-04": 3.8322982393416165, 
        "cache-10": 4.535848570965015
    }, 
    "67": {
        "cache-04": 3.8322982393416165, 
        "cache-10": 4.535848570965015
    }, 
    "68": {
        "cache-04": 3.8322982393416165, 
        "cache-10": 4.535848570965015
    }, 
    "69": {
        "cache-04": 3.8322982393416165, 
        "cache-10": 4.535848570965015
    }, 
    "70": {
        "cache-04": 3.8322982393416165, 
        "cache-10": 4.535848570965015
    }, 
    "71": {
        "cache-04": 3.797532470218952, 
        "cache-10": 4.555670673920548
    }, 
    "72": {
        "cache-04": 3.797532470218952, 
        "cache-10": 4.555670673920548
    }, 
    "73": {
        "cache-04": 3.797532470218952, 
        "cache-10": 4.555670673920548
    }, 
    "74": {
        "cache-04": 3.797532470218952, 
        "cache-10": 4.555670673920548
    }, 
    "75": {
        "cache-04": 3.797532470218952, 
        "cache-10": 4.555670673920548
    }, 
    "76": {
        "cache-04": 3.797532470218952, 
        "cache-10": 4.555670673920548
    }, 
    "77": {
        "cache-04": 3.797532470218952, 
        "cache-10": 4.555670673920548
    }, 
    "78": {
        "cache-04": 3.797532470218952, 
        "cache-10": 4.555670673920548
    }, 
    "79": {
        "cache-04": 3.797532470218952, 
        "cache-10": 4.555670673920548
    }, 
    "80": {
        "cache-04": 3.797532470218952, 
        "cache-10": 4.555670673920548
    }, 
    "81": {
        "cache-04": 3.773940971648619, 
        "cache-10": 4.794412674456741
    }, 
    "82": {
        "cache-04": 3.773940971648619, 
        "cache-10": 4.794412674456741
    }, 
    "83": {
        "cache-04": 3.773940971648619, 
        "cache-10": 4.794412674456741
    }, 
    "84": {
        "cache-04": 3.773940971648619, 
        "cache-10": 4.794412674456741
    }, 
    "85": {
        "cache-04": 3.773940971648619, 
        "cache-10": 4.794412674456741
    },