{
    "0": {
        "cache-01": 3.4581865676412207, 
        "cache-09": 2.8055776184496137
    }, 
    "1": {
        "cache-01": 3.4581865676412207, 
        "cache-09": 2.8055776184496137
    }, 
    "2": {
        "cache-01": 3.4581865676412207, 
        "cache-09": 2.8055776184496137
    }, 
    "3": {
        "cache-01": 3.4581865676412207, 
        "cache-09": 2.8055776184496137
    }, 
    "4": {
        "cache-01": 3.4581865676412207, 
        "cache-09": 2.8055776184496137
    }, 
    "5": {
        "cache-01": 3.4581865676412207, 
        "cache-09": 2.8055776184496137
    }, 
    "6": {
        "cache-01": 3.4581865676412207, 
        "cache-09": 2.8055776184496137
    }, 
    "7": {
        "cache-01": 3.4581865676412207, 
        "cache-09": 2.8055776184496137
    }, 
    "8": {
        "cache-01": 3.4581865676412207, 
        "cache-09": 2.8055776184496137
    }, 
    "9": {
        "cache-01": 3.4581865676412207, 
        "cache-09": 2.8055776184496137
    }, 
    "10": {
        "cache-01": 3.4581865676412207, 
        "cache-09": 2.8055776184496137
    }, 
    "11": {
        "cache-01": 3.454801736388492, 
        "cache-09": 3.319731516433113
    }, 
    "12": {
        "cache-01": 3.454801736388492, 
        "cache-09": 3.319731516433113
    }, 
    "13": {
        "cache-01": 3.454801736388492, 
        "cache-09": 3.319731516433113
    }, 
    "14": {
        "cache-01": 3.454801736388492, 
        "cache-09": 3.319731516433113
    }, 
    "15": {
        "cache-01": 3.454801736388492, 
        "cache-09": 3.319731516433113
    }, 
    "16": {
        "cache-01": 3.454801736388492, 
        "cache-09": 3.319731516433113
    }, 
    "17": {
        "cache-01": 3.454801736388492, 
        "cache-09": 3.319731516433113
    }, 
    "18": {
        "cache-01": 3.454801736388492, 
        "cache-09": 3.319731516433113
    }, 
    "19": {
        "cache-01": 3.454801736388492, 
        "cache-09": 3.319731516433113
    }, 
    "20": {
        "cache-01": 3.454801736388492, 
        "cache-09": 3.319731516433113
    }, 
    "21": {
        "cache-01": 3.713350901091277, 
        "cache-09": 3.423802782102979
    }, 
    "22": {
        "cache-01": 3.713350901091277, 
        "cache-09": 3.423802782102979
    }, 
    "23": {
        "cache-01": 3.713350901091277, 
        "cache-09": 3.423802782102979
    }, 
    "24": {
        "cache-01": 3.713350901091277, 
        "cache-09": 3.423802782102979
    }, 
    "25": {
        "cache-01": 3.713350901091277, 
        "cache-09": 3.423802782102979
    }, 
    "26": {
        "cache-01": 3.713350901091277, 
        "cache-09": 3.423802782102979
    }, 
    "27": {
        "cache-01": 3.713350901091277, 
        "cache-09": 3.423802782102979
    }, 
    "28": {
        "cache-01": 3.713350901091277, 
        "cache-09": 3.423802782102979
    }, 
    "29": {
        "cache-01": 3.713350901091277, 
        "cache-09": 3.423802782102979
    }, 
    "30": {
        "cache-01": 3.713350901091277, 
        "cache-09": 3.423802782102979
    }, 
    "31": {
        "cache-01": 3.6526492055975, 
        "cache-09": 4.998315979270666
    }, 
    "32": {
        "cache-01": 3.6526492055975, 
        "cache-09": 4.998315979270666
    }, 
    "33": {
        "cache-01": 3.6526492055975, 
        "cache-09": 4.998315979270666
    }, 
    "34": {
        "cache-01": 3.6526492055975, 
        "cache-09": 4.998315979270666
    }, 
    "35": {
        "cache-01": 3.6526492055975, 
        "cache-09": 4.998315979270666
    }, 
    "36": {
        "cache-01": 3.6526492055975, 
        "cache-09": 4.998315979270666
    }, 
    "37": {
        "cache-01": 3.6526492055975, 
        "cache-09": 4.998315979270666
    }, 
    "38": {
        "cache-01": 3.6526492055975, 
        "cache-09": 4.998315979270666
    }, 
    "39": {
        "cache-01": 3.6526492055975, 
        "cache-09": 4.998315979270666
    }, 
    "40": {
        "cache-01": 3.6526492055975, 
        "cache-09": 4.998315979270666
    }, 
    "41": {
        "cache-01": 3.65264920559875, 
        "cache-09": 4.999781970980035
    }, 
    "42": {
        "cache-01": 3.65264920559875, 
        "cache-09": 4.999781970980035
    }, 
    "43": {
        "cache-01": 3.65264920559875, 
        "cache-09": 4.999781970980035
    }, 
    "44": {
        "cache-01": 3.65264920559875, 
        "cache-09": 4.999781970980035
    }, 
    "45": {
        "cache-01": 3.65264920559875, 
        "cache-09": 4.999781970980035
    }, 
    "46": {
        "cache-01": 3.65264920559875, 
        "cache-09": 4.999781970980035
    }, 
    "47": {
        "cache-01": 3.65264920559875, 
        "cache-09": 4.999781970980035
    }, 
    "48": {
        "cache-01": 3.65264920559875, 
        "cache-09": 4.999781970980035
    }, 
    "49": {
        "cache-01": 3.65264920559875, 
        "cache-09": 4.999781970980035
    }, 
    "50": {
        "cache-01": 3.65264920559875, 
        "cache-09": 4.999781970980035
    }, 
    "51": {
        "cache-01": 3.652649205599375, 
        "cache-09": 4.999798175053428
    }, 
    "52": {
        "cache-01": 3.652649205599375, 
        "cache-09": 4.999798175053428
    }, 
    "53": {
        "cache-01": 3.652649205599375, 
        "cache-09": 4.999798175053428
    }, 
    "54": {
        "cache-01": 3.652649205599375, 
        "cache-09": 4.999798175053428
    }, 
    "55": {
        "cache-01": 3.652649205599375, 
        "cache-09": 4.999798175053428
    }, 
    "56": {
        "cache-01": 3.652649205599375, 
        "cache-09": 4.999798175053428
    }, 
    "57": {
        "cache-01": 3.652649205599375, 
        "cache-09": 4.999798175053428
    }, 
    "58": {
        "cache-01": 3.652649205599375, 
        "cache-09": 4.999798175053428
    }, 
    "59": {
        "cache-01": 3.652649205599375, 
        "cache-09": 4.999798175053428
    }, 
    "60": {
        "cache-01": 3.652649205599375, 
        "cache-09": 4.999798175053428
    }, 
    "61": {
        "cache-01": 3.6526492055996878, 
        "cache-09": 4.999733548785214
    }, 
    "62": {
        "cache-01": 3.6526492055996878, 
        "cache-09": 4.999733548785214
    }, 
    "63": {
        "cache-01": 3.6526492055996878, 
        "cache-09": 4.999733548785214
    }, 
    "64": {
        "cache-01": 3.6526492055996878, 
        "cache-09": 4.999733548785214
    }, 
    "65": {
        "cache-01": 3.6526492055996878, 
        "cache-09": 4.999733548785214
    }, 
    "66": {
        "cache-01": 3.6526492055996878, 
        "cache-09": 4.999733548785214
    }, 
    "67": {
        "cache-01": 3.6526492055996878, 
        "cache-09": 4.999733548785214
    }, 
    "68": {
        "cache-01": 3.6526492055996878, 
        "cache-09": 4.999733548785214
    }, 
    "69": {
        "cache-01": 3.6526492055996878, 
        "cache-09": 4.999733548785214
    }, 
    "70": {
        "cache-01": 3.6526492055996878, 
        "cache-09": 4.999733548785214
    }, 
    "71": {
        "cache-01": 3.652649205599844, 
        "cache-09": 4.926640000929268
    }, 
    "72": {
        "cache-01": 3.652649205599844, 
        "cache-09": 4.926640000929268
    }, 
    "73": {
        "cache-01": 3.652649205599844, 
        "cache-09": 4.926640000929268
    }, 
    "74": {
        "cache-01": 3.652649205599844, 
        "cache-09": 4.926640000929268
    }, 
    "75": {
        "cache-01": 3.652649205599844, 
        "cache-09": 4.926640000929268
    }, 
    "76": {
        "cache-01": 3.652649205599844, 
        "cache-09": 4.926640000929268
    }, 
    "77": {
        "cache-01": 3.652649205599844, 
        "cache-09": 4.926640000929268
    }, 
    "78": {
        "cache-01": 3.652649205599844, 
        "cache-09": 4.926640000929268
    }, 
    "79": {
        "cache-01": 3.652649205599844, 
        "cache-09": 4.926640000929268
    }, 
    "80": {
        "cache-01": 3.652649205599844, 
        "cache-09": 4.926640000929268
    }, 
    "81": {
        "cache-01": 3.6526492055999222,