{
    "0": {
        "cache-03": 4, 
        "cache-13": 3.75
    }, 
    "1": {
        "cache-03": 4, 
        "cache-13": 3.9052309587610323
    }, 
    "2": {
        "cache-03": 4, 
        "cache-13": 4.3551112121567375
    }, 
    "3": {
        "cache-03": 4, 
        "cache-13": 4.6775324091048756
    }, 
    "4": {
        "cache-03": 4, 
        "cache-13": 4.838743007578945
    }, 
    "5": {
        "cache-03": 4, 
        "cache-13": 4.91934830681598
    }, 
    "6": {
        "cache-03": 4, 
        "cache-13": 4.862169886184211
    }, 
    "7": {
        "cache-03": 4, 
        "cache-13": 4.575329519232236
    }, 
    "8": {
        "cache-03": 4, 
        "cache-13": 4.31789571837715
    }, 
    "9": {
        "cache-03": 4, 
        "cache-13": 4.303192435328706
    }, 
    "10": {
        "cache-03": 4, 
        "cache-13": 4.65157302069086
    }, 
    "11": {
        "cache-03": 4, 
        "cache-13": 4.728282243121651
    }, 
    "12": {
        "cache-03": 4, 
        "cache-13": 4.7666368543370465
    }, 
    "13": {
        "cache-03": 4, 
        "cache-13": 4.527563003308654
    }, 
    "14": {
        "cache-03": 4, 
        "cache-13": 4.511504649744875
    }, 
    "15": {
        "cache-03": 4, 
        "cache-13": 4.503475472962986
    }, 
    "16": {
        "cache-03": 4, 
        "cache-13": 4.499460884572041
    }, 
    "17": {
        "cache-03": 4, 
        "cache-13": 4.2799614010470535
    }, 
    "18": {
        "cache-03": 4, 
        "cache-13": 4.542476433299748
    }, 
    "19": {
        "cache-03": 4, 
        "cache-13": 4.771215019676381
    }, 
    "20": {
        "cache-03": 4, 
        "cache-13": 4.633330657928739
    }, 
    "21": {
        "cache-03": 4, 
        "cache-13": 4.5643884770549175
    }, 
    "22": {
        "cache-03": 4, 
        "cache-13": 4.68468997130368
    }, 
    "23": {
        "cache-03": 4, 
        "cache-13": 4.842321788678348
    }, 
    "24": {
        "cache-03": 4, 
        "cache-13": 4.823656627115395
    }, 
    "25": {
        "cache-03": 4, 
        "cache-13": 4.814324046333919
    }, 
    "26": {
        "cache-03": 4, 
        "cache-13": 4.809657755943181
    }, 
    "27": {
        "cache-03": 4, 
        "cache-13": 4.807324610747811
    }, 
    "28": {
        "cache-03": 4, 
        "cache-13": 4.8061580381501265
    }, 
    "29": {
        "cache-03": 4, 
        "cache-13": 4.805574751851284
    }, 
    "30": {
        "cache-03": 4, 
        "cache-13": 4.650510524016191
    }, 
    "31": {
        "cache-03": 4, 
        "cache-13": 4.727750994784317
    }, 
    "32": {
        "cache-03": 4, 
        "cache-13": 4.508120073532289
    }, 
    "33": {
        "cache-03": 4, 
        "cache-13": 4.284290995527177
    }, 
    "34": {
        "cache-03": 4, 
        "cache-13": 4.172376456524621
    }, 
    "35": {
        "cache-03": 4, 
        "cache-13": 3.9433259244102365
    }, 
    "36": {
        "cache-03": 4.247723148090548, 
        "cache-13": 3.9433259244102365
    }, 
    "37": {
        "cache-03": 4.623838377071781, 
        "cache-13": 3.9433259244102365
    }, 
    "38": {
        "cache-03": 4.811895991562398, 
        "cache-13": 3.9433259244102365
    }, 
    "39": {
        "cache-03": 4.905924798807707, 
        "cache-13": 3.9433259244102365
    }, 
    "40": {
        "cache-03": 4.952939202430361, 
        "cache-13": 3.9433259244102365
    }, 
    "41": {
        "cache-03": 4.976446404241688, 
        "cache-13": 3.9433259244102365
    }, 
    "42": {
        "cache-03": 4.988200005147352, 
        "cache-13": 3.9433259244102365
    }, 
    "43": {
        "cache-03": 4.994076805600184, 
        "cache-13": 3.9433259244102365
    }, 
    "44": {
        "cache-03": 4.9970152058265995, 
        "cache-13": 3.9433259244102365
    }, 
    "45": {
        "cache-03": 4.9984844059398075, 
        "cache-13": 3.9433259244102365
    }, 
    "46": {
        "cache-03": 4.999219005996411, 
        "cache-13": 3.9433259244102365
    }, 
    "47": {
        "cache-03": 4.999586306024712, 
        "cache-13": 3.9433259244102365
    }, 
    "48": {
        "cache-03": 4.999769956038863, 
        "cache-13": 3.9433259244102365
    }, 
    "49": {
        "cache-03": 4.999861781045938, 
        "cache-13": 3.9433259244102365
    }, 
    "50": {
        "cache-03": 4.999907693549476, 
        "cache-13": 3.9433259244102365
    }, 
    "51": {
        "cache-03": 4.902449579550959, 
        "cache-13": 3.9433259244102365
    }, 
    "52": {
        "cache-03": 4.951201592801986, 
        "cache-13": 3.9433259244102365
    }, 
    "53": {
        "cache-03": 4.975577599427501, 
        "cache-13": 3.9433259244102365
    }, 
    "54": {
        "cache-03": 4.987765602740257, 
        "cache-13": 3.9433259244102365
    }, 
    "55": {
        "cache-03": 4.993859604396636, 
        "cache-13": 3.9433259244102365
    }, 
    "56": {
        "cache-03": 4.996906605224826, 
        "cache-13": 3.9433259244102365
    }, 
    "57": {
        "cache-03": 4.998430105638921, 
        "cache-13": 3.9433259244102365
    }, 
    "58": {
        "cache-03": 4.901710785595681, 
        "cache-13": 3.9433259244102365
    }, 
    "59": {
        "cache-03": 4.950832195824348, 
        "cache-13": 3.9433259244102365
    }, 
    "60": {
        "cache-03": 4.975392900938681, 
        "cache-13": 3.9433259244102365
    }, 
    "61": {
        "cache-03": 4.9876732534958474, 
        "cache-13": 3.9433259244102365
    }, 
    "62": {
        "cache-03": 4.9938134297744305, 
        "cache-13": 3.9433259244102365
    }, 
    "63": {
        "cache-03": 4.641151291027345, 
        "cache-13": 3.9433259244102365
    }, 
    "64": {
        "cache-03": 4.568298793604221, 
        "cache-13": 3.9433259244102365
    }, 
    "65": {
        "cache-03": 4.686645129578332, 
        "cache-13": 3.9433259244102365
    }, 
    "66": {
        "cache-03": 4.745818297565387, 
        "cache-13": 3.9433259244102365
    }, 
    "67": {
        "cache-03": 4.775404881558915, 
        "cache-13": 3.9433259244102365
    }, 
    "68": {
        "cache-03": 4.7901981735556785, 
        "cache-13": 3.9433259244102365
    }, 
    "69": {
        "cache-03": 4.79759481955406, 
        "cache-13": 3.9433259244102365
    }, 
    "70": {
        "cache-03": 4.801293142553251, 
        "cache-13": 3.9433259244102365
    }, 
    "71": {
        "cache-03": 4.803142304052846, 
        "cache-13": 3.9433259244102365
    }, 
    "72": {
        "cache-03": 4.90154795505293, 
        "cache-13": 3.9433259244102365
    }, 
    "73": {
        "cache-03": 4.853269710302686, 
        "cache-13": 3.9433259244102365
    }, 
    "74": {
        "cache-03": 4.829130587927564, 
        "cache-13": 3.9433259244102365
    }, 
    "75": {
        "cache-03": 4.66228844205433, 
        "cache-13": 3.9433259244102365
    }, 
    "76": {
        "cache-03": 4.578867369117713, 
        "cache-13": 3.9433259244102365
    }, 
    "77": {
        "cache-03": 4.537156832649405, 
        "cache-13": 3.9433259244102365
    }, 
    "78": {
        "cache-03": 4.412822992464832, 
        "cache-13": 3.9433259244102365
    }, 
    "79": {
        "cache-03": 4.236642454993449, 
        "cache-13": 3.9433259244102365
    }, 
    "80": {
        "cache-03": 4.262565803636855, 
        "cache-13": 3.9433259244102365
    }, 
    "81": {
        "cache-03": 4.379006049908976, 
        "cache-13": 3.9433259244102365
    }, 
    "82": {
        "cache-03": 4.437226173045037, 
        "cache-13": 3.9433259244102365
    }, 
    "83": {
        "cache-03": 4.6211088192987395, 
        "cache-13": 3.9433259244102365
    }, 
    "84": {
        "cache-03": 4.71305014242559, 
        "cache-13": 3.9433259244102365
    }, 
    "85": {
        "cache-03": 4.856501874239303, 
        "cache-13": 3.9433259244102365
    }, 
    "86": {
        "cache-03": 4.8307466698958725, 
        "cache-13": 3.9433259244102365
    },