{
    "0": {
        "cache-04": 4.458986699876631, 
        "cache-12": 0.9707622280300001
    }, 
    "1": {
        "cache-04": 4.458986699876631, 
        "cache-12": 0.9707622280300001
    }, 
    "2": {
        "cache-04": 4.458986699876631, 
        "cache-12": 0.9707622280300001
    }, 
    "3": {
        "cache-04": 4.458986699876631, 
        "cache-12": 0.9707622280300001
    }, 
    "4": {
        "cache-04": 4.458986699876631, 
        "cache-12": 0.9707622280300001
    }, 
    "5": {
        "cache-04": 4.458986699876631, 
        "cache-12": 0.9707622280300001
    }, 
    "6": {
        "cache-04": 4.458986699876631, 
        "cache-12": 0.9707622280300001
    }, 
    "7": {
        "cache-04": 4.458986699876631, 
        "cache-12": 0.9707622280300001
    }, 
    "8": {
        "cache-04": 4.458986699876631, 
        "cache-12": 0.9707622280300001
    }, 
    "9": {
        "cache-04": 4.458986699876631, 
        "cache-12": 0.9707622280300001
    }, 
    "10": {
        "cache-04": 4.458986699876631, 
        "cache-12": 0.9707622280300001
    }, 
    "11": {
        "cache-04": 4.008409936047653, 
        "cache-12": 0.9707622280300001
    }, 
    "12": {
        "cache-04": 4.008409936047653, 
        "cache-12": 0.9707622280300001
    }, 
    "13": {
        "cache-04": 4.008409936047653, 
        "cache-12": 0.9707622280300001
    }, 
    "14": {
        "cache-04": 4.008409936047653, 
        "cache-12": 0.9707622280300001
    }, 
    "15": {
        "cache-04": 4.008409936047653, 
        "cache-12": 0.9707622280300001
    }, 
    "16": {
        "cache-04": 4.008409936047653, 
        "cache-12": 0.9707622280300001
    }, 
    "17": {
        "cache-04": 4.008409936047653, 
        "cache-12": 0.9707622280300001
    }, 
    "18": {
        "cache-04": 4.008409936047653, 
        "cache-12": 0.9707622280300001
    }, 
    "19": {
        "cache-04": 4.008409936047653, 
        "cache-12": 0.9707622280300001
    }, 
    "20": {
        "cache-04": 4.008409936047653, 
        "cache-12": 0.9707622280300001
    }, 
    "21": {
        "cache-04": 4.390976537927401, 
        "cache-12": 0.9707622280300001
    }, 
    "22": {
        "cache-04": 4.390976537927401, 
        "cache-12": 0.9707622280300001
    }, 
    "23": {
        "cache-04": 4.390976537927401, 
        "cache-12": 0.9707622280300001
    }, 
    "24": {
        "cache-04": 4.390976537927401, 
        "cache-12": 0.9707622280300001
    }, 
    "25": {
        "cache-04": 4.390976537927401, 
        "cache-12": 0.9707622280300001
    }, 
    "26": {
        "cache-04": 4.390976537927401, 
        "cache-12": 0.9707622280300001
    }, 
    "27": {
        "cache-04": 4.390976537927401, 
        "cache-12": 0.9707622280300001
    }, 
    "28": {
        "cache-04": 4.390976537927401, 
        "cache-12": 0.9707622280300001
    }, 
    "29": {
        "cache-04": 4.390976537927401, 
        "cache-12": 0.9707622280300001
    }, 
    "30": {
        "cache-04": 4.390976537927401, 
        "cache-12": 0.9707622280300001
    }, 
    "31": {
        "cache-04": 4.491300544445769, 
        "cache-12": 0.9707622280300001
    }, 
    "32": {
        "cache-04": 4.491300544445769, 
        "cache-12": 0.9707622280300001
    }, 
    "33": {
        "cache-04": 4.491300544445769, 
        "cache-12": 0.9707622280300001
    }, 
    "34": {
        "cache-04": 4.491300544445769, 
        "cache-12": 0.9707622280300001
    }, 
    "35": {
        "cache-04": 4.491300544445769, 
        "cache-12": 0.9707622280300001
    }, 
    "36": {
        "cache-04": 4.491300544445769, 
        "cache-12": 0.9707622280300001
    }, 
    "37": {
        "cache-04": 4.491300544445769, 
        "cache-12": 0.9707622280300001
    }, 
    "38": {
        "cache-04": 4.491300544445769, 
        "cache-12": 0.9707622280300001
    }, 
    "39": {
        "cache-04": 4.491300544445769, 
        "cache-12": 0.9707622280300001
    }, 
    "40": {
        "cache-04": 4.491300544445769, 
        "cache-12": 0.9707622280300001
    }, 
    "41": {
        "cache-04": 4.760080064023847, 
        "cache-12": 0.9707622280300001
    }, 
    "42": {
        "cache-04": 4.760080064023847, 
        "cache-12": 0.9707622280300001
    }, 
    "43": {
        "cache-04": 4.760080064023847, 
        "cache-12": 0.9707622280300001
    }, 
    "44": {
        "cache-04": 4.760080064023847, 
        "cache-12": 0.9707622280300001
    }, 
    "45": {
        "cache-04": 4.760080064023847, 
        "cache-12": 0.9707622280300001
    }, 
    "46": {
        "cache-04": 4.760080064023847, 
        "cache-12": 0.9707622280300001
    }, 
    "47": {
        "cache-04": 4.760080064023847, 
        "cache-12": 0.9707622280300001
    }, 
    "48": {
        "cache-04": 4.760080064023847, 
        "cache-12": 0.9707622280300001
    }, 
    "49": {
        "cache-04": 4.760080064023847, 
        "cache-12": 0.9707622280300001
    }, 
    "50": {
        "cache-04": 4.760080064023847, 
        "cache-12": 0.9707622280300001
    }, 
    "51": {
        "cache-04": 4.3137511397149275, 
        "cache-12": 0.9707622280300001
    }, 
    "52": {
        "cache-04": 4.3137511397149275, 
        "cache-12": 0.9707622280300001
    }, 
    "53": {
        "cache-04": 4.3137511397149275, 
        "cache-12": 0.9707622280300001
    }, 
    "54": {
        "cache-04": 4.3137511397149275, 
        "cache-12": 0.9707622280300001
    }, 
    "55": {
        "cache-04": 4.3137511397149275, 
        "cache-12": 0.9707622280300001
    }, 
    "56": {
        "cache-04": 4.3137511397149275, 
        "cache-12": 0.9707622280300001
    }, 
    "57": {
        "cache-04": 4.3137511397149275, 
        "cache-12": 0.9707622280300001
    }, 
    "58": {
        "cache-04": 4.3137511397149275, 
        "cache-12": 0.9707622280300001
    }, 
    "59": {
        "cache-04": 4.3137511397149275, 
        "cache-12": 0.9707622280300001
    }, 
    "60": {
        "cache-04": 4.3137511397149275, 
        "cache-12": 0.9707622280300001
    }, 
    "61": {
        "cache-04": 4.456448417297715, 
        "cache-12": 0.9707622280300001
    }, 
    "62": {
        "cache-04": 4.456448417297715, 
        "cache-12": 0.9707622280300001
    }, 
    "63": {
        "cache-04": 4.456448417297715, 
        "cache-12": 0.9707622280300001
    }, 
    "64": {
        "cache-04": 4.456448417297715, 
        "cache-12": 0.9707622280300001
    }, 
    "65": {
        "cache-04": 4.456448417297715, 
        "cache-12": 0.9707622280300001
    }, 
    "66": {
        "cache-04": 4.456448417297715, 
        "cache-12": 0.9707622280300001
    }, 
    "67": {
        "cache-04": 4.456448417297715, 
        "cache-12": 0.9707622280300001
    }, 
    "68": {
        "cache-04": 4.456448417297715, 
        "cache-12": 0.9707622280300001
    }, 
    "69": {
        "cache-04": 4.456448417297715, 
        "cache-12": 0.9707622280300001
    }, 
    "70": {
        "cache-04": 4.456448417297715, 
        "cache-12": 0.9707622280300001
    }, 
    "71": {
        "cache-04": 4.037724343189195, 
        "cache-12": 0.9707622280300001
    }, 
    "72": {
        "cache-04": 4.037724343189195, 
        "cache-12": 0.9707622280300001
    }, 
    "73": {
        "cache-04": 4.037724343189195, 
        "cache-12": 0.9707622280300001
    }, 
    "74": {
        "cache-04": 4.037724343189195, 
        "cache-12": 0.9707622280300001
    }, 
    "75": {
        "cache-04": 4.037724343189195, 
        "cache-12": 0.9707622280300001
    }, 
    "76": {
        "cache-04": 4.037724343189195, 
        "cache-12": 0.9707622280300001
    }, 
    "77": {
        "cache-04": 4.037724343189195, 
        "cache-12": 0.9707622280300001
    }, 
    "78": {
        "cache-04": 4.037724343189195, 
        "cache-12": 0.9707622280300001
    }, 
    "79": {
        "cache-04": 4.037724343189195, 
        "cache-12": 0.9707622280300001
    }, 
    "80": {
        "cache-04": 4.037724343189195,