{
    "0": {
        "cache-07": 3.75, 
        "cache-12": 4
    }, 
    "1": {
        "cache-07": 4.122723148090548, 
        "cache-12": 4
    }, 
    "2": {
        "cache-07": 4.561338377071781, 
        "cache-12": 4
    }, 
    "3": {
        "cache-07": 4.780645991562398, 
        "cache-12": 4
    }, 
    "4": {
        "cache-07": 4.890299798807707, 
        "cache-12": 4
    }, 
    "5": {
        "cache-07": 4.945126702430361, 
        "cache-12": 4
    }, 
    "6": {
        "cache-07": 4.972540154241688, 
        "cache-12": 4
    }, 
    "7": {
        "cache-07": 4.986246880147352, 
        "cache-12": 4
    }, 
    "8": {
        "cache-07": 4.740846588164224, 
        "cache-12": 4
    }, 
    "9": {
        "cache-07": 4.514667870222242, 
        "cache-12": 4
    }, 
    "10": {
        "cache-07": 4.401578511251252, 
        "cache-12": 4
    }, 
    "11": {
        "cache-07": 4.345033831765756, 
        "cache-12": 4
    }, 
    "12": {
        "cache-07": 4.672493718909385, 
        "cache-12": 4
    }, 
    "13": {
        "cache-07": 4.480491435594823, 
        "cache-12": 4
    }, 
    "14": {
        "cache-07": 4.384490293937542, 
        "cache-12": 4
    }, 
    "15": {
        "cache-07": 4.222476105729804, 
        "cache-12": 4
    }, 
    "16": {
        "cache-07": 4.35896120095545, 
        "cache-12": 4
    }, 
    "17": {
        "cache-07": 4.323725176617856, 
        "cache-12": 4
    }, 
    "18": {
        "cache-07": 4.192093547069961, 
        "cache-12": 4
    }, 
    "19": {
        "cache-07": 4.126277732296012, 
        "cache-12": 4
    }, 
    "20": {
        "cache-07": 3.9202765622959324, 
        "cache-12": 4
    }, 
    "21": {
        "cache-07": 3.9202765622959324, 
        "cache-12": 4.499976803026508
    }, 
    "22": {
        "cache-07": 3.9202765622959324, 
        "cache-12": 4.10712609766118
    }, 
    "23": {
        "cache-07": 3.9202765622959324, 
        "cache-12": 4.083794007591623
    }, 
    "24": {
        "cache-07": 3.9202765622959324, 
        "cache-12": 3.7616428480612862
    }, 
    "25": {
        "cache-07": 3.9903692399089987, 
        "cache-12": 3.7616428480612862
    }, 
    "26": {
        "cache-07": 4.025415578715531, 
        "cache-12": 3.7616428480612862
    }, 
    "27": {
        "cache-07": 4.042938748118798, 
        "cache-12": 3.7616428480612862
    }, 
    "28": {
        "cache-07": 4.051700332820431, 
        "cache-12": 3.7616428480612862
    }, 
    "29": {
        "cache-07": 4.428345899186437, 
        "cache-12": 3.7616428480612862
    }, 
    "30": {
        "cache-07": 4.358417525733349, 
        "cache-12": 3.7616428480612862
    }, 
    "31": {
        "cache-07": 4.209439721627707, 
        "cache-12": 3.7616428480612862
    }, 
    "32": {
        "cache-07": 4.134950819574886, 
        "cache-12": 3.7616428480612862
    }, 
    "33": {
        "cache-07": 4.097706368548476, 
        "cache-12": 3.7616428480612862
    }, 
    "34": {
        "cache-07": 4.079084143035271, 
        "cache-12": 3.7616428480612862
    }, 
    "35": {
        "cache-07": 3.8966797676655616, 
        "cache-12": 3.7616428480612862
    }, 
    "36": {
        "cache-07": 3.978570842593813, 
        "cache-12": 3.7616428480612862
    }, 
    "37": {
        "cache-07": 4.019516380057938, 
        "cache-12": 3.7616428480612862
    }, 
    "38": {
        "cache-07": 4.039989148790001, 
        "cache-12": 3.7616428480612862
    }, 
    "39": {
        "cache-07": 4.050225533156032, 
        "cache-12": 3.7616428480612862
    }, 
    "40": {
        "cache-07": 4.055343725339048, 
        "cache-12": 3.7616428480612862
    }, 
    "41": {
        "cache-07": 4.171916438809655, 
        "cache-12": 3.7616428480612862
    }, 
    "42": {
        "cache-07": 4.116189178165859, 
        "cache-12": 3.7616428480612862
    }, 
    "43": {
        "cache-07": 3.915232285230856, 
        "cache-12": 3.7616428480612862
    }, 
    "44": {
        "cache-07": 3.8147538387633544, 
        "cache-12": 3.7616428480612862
    }, 
    "45": {
        "cache-07": 4.155100067472226, 
        "cache-12": 3.7616428480612862
    }, 
    "46": {
        "cache-07": 4.325273181826661, 
        "cache-12": 3.7616428480612862
    }, 
    "47": {
        "cache-07": 4.192867549674363, 
        "cache-12": 3.7616428480612862
    }, 
    "48": {
        "cache-07": 3.9535714709851075, 
        "cache-12": 3.7616428480612862
    }, 
    "49": {
        "cache-07": 4.007016694253586, 
        "cache-12": 3.7616428480612862
    }, 
    "50": {
        "cache-07": 4.503485150153301, 
        "cache-12": 3.7616428480612862
    }, 
    "51": {
        "cache-07": 4.281973533837682, 
        "cache-12": 3.7616428480612862
    }, 
    "52": {
        "cache-07": 4.171217725679874, 
        "cache-12": 3.7616428480612862
    }, 
    "53": {
        "cache-07": 4.229853438980067, 
        "cache-12": 3.7616428480612862
    }, 
    "54": {
        "cache-07": 4.61490352251654, 
        "cache-12": 3.7616428480612862
    }, 
    "55": {
        "cache-07": 4.164589457406196, 
        "cache-12": 3.7616428480612862
    }, 
    "56": {
        "cache-07": 4.582271531729605, 
        "cache-12": 3.7616428480612862
    }, 
    "57": {
        "cache-07": 4.148273462012728, 
        "cache-12": 3.7616428480612862
    }, 
    "58": {
        "cache-07": 3.9312744271542903, 
        "cache-12": 3.7616428480612862
    }, 
    "59": {
        "cache-07": 3.822774909725071, 
        "cache-12": 3.7616428480612862
    }, 
    "60": {
        "cache-07": 3.768525151010462, 
        "cache-12": 3.7616428480612862
    }, 
    "61": {
        "cache-07": 4.384239378531738, 
        "cache-12": 3.7616428480612862
    }, 
    "62": {
        "cache-07": 4.59461542204209, 
        "cache-12": 3.7616428480612862
    }, 
    "63": {
        "cache-07": 4.3275386697820775, 
        "cache-12": 3.7616428480612862
    }, 
    "64": {
        "cache-07": 4.194000293652071, 
        "cache-12": 3.7616428480612862
    }, 
    "65": {
        "cache-07": 4.127231105587068, 
        "cache-12": 3.7616428480612862
    }, 
    "66": {
        "cache-07": 4.563592355820042, 
        "cache-12": 3.7616428480612862
    }, 
    "67": {
        "cache-07": 4.529519326000569, 
        "cache-12": 3.7616428480612862
    }, 
    "68": {
        "cache-07": 4.2949906217613165, 
        "cache-12": 3.7616428480612862
    }, 
    "69": {
        "cache-07": 4.17772626964169, 
        "cache-12": 3.7616428480612862
    }, 
    "70": {
        "cache-07": 4.119094093581877, 
        "cache-12": 3.7616428480612862
    }, 
    "71": {
        "cache-07": 4.559523849817445, 
        "cache-12": 3.7616428480612862
    }, 
    "72": {
        "cache-07": 4.4240065010488525, 
        "cache-12": 3.7616428480612862
    }, 
    "73": {
        "cache-07": 4.356247826664557, 
        "cache-12": 3.7616428480612862
    }, 
    "74": {
        "cache-07": 4.678100716358786, 
        "cache-12": 3.7616428480612862
    }, 
    "75": {
        "cache-07": 4.741546090955614, 
        "cache-12": 3.7616428480612862
    }, 
    "76": {
        "cache-07": 4.515017621617938, 
        "cache-12": 3.7616428480612862
    }, 
    "77": {
        "cache-07": 4.114646506956895, 
        "cache-12": 3.7616428480612862
    }, 
    "78": {
        "cache-07": 3.9144609496263736, 
        "cache-12": 3.7616428480612862
    }, 
    "79": {
        "cache-07": 3.987461433574219, 
        "cache-12": 3.7616428480612862
    }, 
    "80": {
        "cache-07": 4.023961675548142, 
        "cache-12": 3.7616428480612862
    }, 
    "81": {
        "cache-07": 4.042211796535103, 
        "cache-12": 3.7616428480612862
    }, 
    "82": {
        "cache-07": 3.8782435944154776, 
        "cache-12": 3.7616428480612862
    }, 
    "83": {
        "cache-07": 4.439098600234246, 
        "cache-12": 3.7616428480612862
    }, 
    "84": {
        "cache-07": 4.467272448207671,