{
    "0": {
        "cache-03": 3.7654237810638937, 
        "cache-04": 4.05783864081251
    }, 
    "1": {
        "cache-03": 3.7654237810638937, 
        "cache-04": 4.05783864081251
    }, 
    "2": {
        "cache-03": 3.7654237810638937, 
        "cache-04": 4.05783864081251
    }, 
    "3": {
        "cache-03": 3.7654237810638937, 
        "cache-04": 4.05783864081251
    }, 
    "4": {
        "cache-03": 3.7654237810638937, 
        "cache-04": 4.05783864081251
    }, 
    "5": {
        "cache-03": 3.7654237810638937, 
        "cache-04": 4.05783864081251
    }, 
    "6": {
        "cache-03": 4.0401343801050915, 
        "cache-04": 4.174393557503974
    }, 
    "7": {
        "cache-03": 4.0401343801050915, 
        "cache-04": 4.174393557503974
    }, 
    "8": {
        "cache-03": 4.0401343801050915, 
        "cache-04": 4.174393557503974
    }, 
    "9": {
        "cache-03": 4.0401343801050915, 
        "cache-04": 4.174393557503974
    }, 
    "10": {
        "cache-03": 4.0401343801050915, 
        "cache-04": 4.174393557503974
    }, 
    "11": {
        "cache-03": 4.040134380106073, 
        "cache-04": 4.232128834422822
    }, 
    "12": {
        "cache-03": 4.040134380106073, 
        "cache-04": 4.232128834422822
    }, 
    "13": {
        "cache-03": 4.040134380106073, 
        "cache-04": 4.232128834422822
    }, 
    "14": {
        "cache-03": 4.040134380106073, 
        "cache-04": 4.232128834422822
    }, 
    "15": {
        "cache-03": 4.040134380106073, 
        "cache-04": 4.232128834422822
    }, 
    "16": {
        "cache-03": 4.112386841857813, 
        "cache-04": 3.9222325028389355
    }, 
    "17": {
        "cache-03": 4.112386841857813, 
        "cache-04": 3.9222325028389355
    }, 
    "18": {
        "cache-03": 4.112386841857813, 
        "cache-04": 3.9222325028389355
    }, 
    "19": {
        "cache-03": 4.112386841857813, 
        "cache-04": 3.9222325028389355
    }, 
    "20": {
        "cache-03": 4.112386841857813, 
        "cache-04": 3.9222325028389355
    }, 
    "21": {
        "cache-03": 4.259251117302414, 
        "cache-04": 3.7532420420287282
    }, 
    "22": {
        "cache-03": 4.259251117302414, 
        "cache-04": 3.7532420420287282
    }, 
    "23": {
        "cache-03": 4.259251117302414, 
        "cache-04": 3.7532420420287282
    }, 
    "24": {
        "cache-03": 4.259251117302414, 
        "cache-04": 3.7532420420287282
    }, 
    "25": {
        "cache-03": 4.259251117302414, 
        "cache-04": 3.7532420420287282
    }, 
    "26": {
        "cache-03": 4.282458807566064, 
        "cache-04": 4.009466707230759
    }, 
    "27": {
        "cache-03": 4.282458807566064, 
        "cache-04": 4.009466707230759
    }, 
    "28": {
        "cache-03": 4.282458807566064, 
        "cache-04": 4.009466707230759
    }, 
    "29": {
        "cache-03": 4.282458807566064, 
        "cache-04": 4.009466707230759
    }, 
    "30": {
        "cache-03": 4.282458807566064, 
        "cache-04": 4.009466707230759
    }, 
    "31": {
        "cache-03": 4.069851654268655, 
        "cache-04": 4.009466707230607
    }, 
    "32": {
        "cache-03": 4.069851654268655, 
        "cache-04": 4.009466707230607
    }, 
    "33": {
        "cache-03": 4.069851654268655, 
        "cache-04": 4.009466707230607
    }, 
    "34": {
        "cache-03": 4.069851654268655, 
        "cache-04": 4.009466707230607
    }, 
    "35": {
        "cache-03": 4.069851654268655, 
        "cache-04": 4.009466707230607
    }, 
    "36": {
        "cache-03": 4.276107244490866, 
        "cache-04": 4.0094667072304855
    }, 
    "37": {
        "cache-03": 4.276107244490866, 
        "cache-04": 4.0094667072304855
    }, 
    "38": {
        "cache-03": 4.276107244490866, 
        "cache-04": 4.0094667072304855
    }, 
    "39": {
        "cache-03": 4.276107244490866, 
        "cache-04": 4.0094667072304855
    }, 
    "40": {
        "cache-03": 4.276107244490866, 
        "cache-04": 4.0094667072304855
    }, 
    "41": {
        "cache-03": 4.091808940666782, 
        "cache-04": 4.009466707230389
    }, 
    "42": {
        "cache-03": 4.091808940666782, 
        "cache-04": 4.009466707230389
    }, 
    "43": {
        "cache-03": 4.091808940666782, 
        "cache-04": 4.009466707230389
    }, 
    "44": {
        "cache-03": 4.091808940666782, 
        "cache-04": 4.009466707230389
    }, 
    "45": {
        "cache-03": 4.091808940666782, 
        "cache-04": 4.009466707230389
    }, 
    "46": {
        "cache-03": 4.2410790086115355, 
        "cache-04": 4.009466707230311
    }, 
    "47": {
        "cache-03": 4.2410790086115355, 
        "cache-04": 4.009466707230311
    }, 
    "48": {
        "cache-03": 4.2410790086115355, 
        "cache-04": 4.009466707230311
    }, 
    "49": {
        "cache-03": 4.2410790086115355, 
        "cache-04": 4.009466707230311
    }, 
    "50": {
        "cache-03": 4.2410790086115355, 
        "cache-04": 4.009466707230311
    }, 
    "51": {
        "cache-03": 4.227462000471521, 
        "cache-04": 4.009466707230249
    }, 
    "52": {
        "cache-03": 4.227462000471521, 
        "cache-04": 4.009466707230249
    }, 
    "53": {
        "cache-03": 4.227462000471521, 
        "cache-04": 4.009466707230249
    }, 
    "54": {
        "cache-03": 4.227462000471521, 
        "cache-04": 4.009466707230249
    }, 
    "55": {
        "cache-03": 4.227462000471521, 
        "cache-04": 4.009466707230249
    }, 
    "56": {
        "cache-03": 4.085367627672673, 
        "cache-04": 4.0094667072301995
    }, 
    "57": {
        "cache-03": 4.085367627672673, 
        "cache-04": 4.0094667072301995
    }, 
    "58": {
        "cache-03": 4.085367627672673, 
        "cache-04": 4.0094667072301995
    }, 
    "59": {
        "cache-03": 4.085367627672673, 
        "cache-04": 4.0094667072301995
    }, 
    "60": {
        "cache-03": 4.085367627672673, 
        "cache-04": 4.0094667072301995
    }, 
    "61": {
        "cache-03": 4.284341487396114, 
        "cache-04": 4.0094667072301595
    }, 
    "62": {
        "cache-03": 4.284341487396114, 
        "cache-04": 4.0094667072301595
    }, 
    "63": {
        "cache-03": 4.284341487396114, 
        "cache-04": 4.0094667072301595
    }, 
    "64": {
        "cache-03": 4.284341487396114, 
        "cache-04": 4.0094667072301595
    }, 
    "65": {
        "cache-03": 4.284341487396114, 
        "cache-04": 4.0094667072301595
    }, 
    "66": {
        "cache-03": 4.071369564881632, 
        "cache-04": 4.0094667072301275
    }, 
    "67": {
        "cache-03": 4.071369564881632, 
        "cache-04": 4.0094667072301275
    }, 
    "68": {
        "cache-03": 4.071369564881632, 
        "cache-04": 4.0094667072301275
    }, 
    "69": {
        "cache-03": 4.071369564881632, 
        "cache-04": 4.0094667072301275
    }, 
    "70": {
        "cache-03": 4.071369564881632, 
        "cache-04": 4.0094667072301275
    }, 
    "71": {
        "cache-03": 4.1633174425434625, 
        "cache-04": 4.009466707230102
    }, 
    "72": {
        "cache-03": 4.1633174425434625, 
        "cache-04": 4.009466707230102
    }, 
    "73": {
        "cache-03": 4.1633174425434625, 
        "cache-04": 4.009466707230102
    }, 
    "74": {
        "cache-03": 4.1633174425434625, 
        "cache-04": 4.009466707230102
    }, 
    "75": {
        "cache-03": 4.1633174425434625, 
        "cache-04": 4.009466707230102
    }, 
    "76": {
        "cache-03": 3.899839594441404, 
        "cache-04": 4.047713114949069
    }, 
    "77": {
        "cache-03": 3.899839594441404, 
        "cache-04": 4.047713114949069
    }, 
    "78": {
        "cache-03": 3.899839594441404, 
        "cache-04": 4.047713114949069
    }, 
    "79": {
        "cache-03": 3.899839594441404, 
        "cache-04": 4.047713114949069
    }, 
    "80": {
        "cache-03": 3.899839594441404, 
        "cache-04": 4.047713114949069
    },