{
    "cache-01": 253.4, 
    "cache-02": 254.4, 
    "cache-03": 255.6, 
    "cache-04": 15.916000000000002, 
    "cache-05": 9.022000000000002, 
    "cache-06": 104.8, 
    "cache-07": 102.2, 
    "cache-08": 106.6
}