{
    "cache-01": 132.0, 
    "cache-02": 129.2, 
    "cache-03": 128.8, 
    "cache-04": 147.0, 
    "cache-05": 145.2, 
    "cache-06": 60.28000000000001, 
    "cache-07": 63.660000000000004, 
    "cache-08": 62.68000000000001
}