{
    "cache-01": 194.0, 
    "cache-02": 196.2, 
    "cache-03": 198.0, 
    "cache-04": 86.24000000000001, 
    "cache-05": 80.55999999999999, 
    "cache-06": 39.980000000000004, 
    "cache-07": 40.379999999999995, 
    "cache-08": 39.92
}