{
    "cache-01": 253.8, 
    "cache-02": 253.4, 
    "cache-03": 257.6, 
    "cache-04": 8.117999999999999, 
    "cache-05": 8.075999999999999, 
    "cache-06": 103.8, 
    "cache-07": 103.8, 
    "cache-08": 102.8
}