{
    "cache-01": 166.0, 
    "cache-02": 167.0, 
    "cache-03": 167.0, 
    "cache-04": 100.0, 
    "cache-05": 100.0, 
    "cache-06": 17.0, 
    "cache-07": 13.219999999999999, 
    "cache-08": 15.319999999999999
}