{
    "cache-01": 189.8, 
    "cache-02": 186.6, 
    "cache-03": 187.0, 
    "cache-04": 90.14000000000001, 
    "cache-05": 89.88, 
    "cache-06": 33.339999999999996, 
    "cache-07": 33.52, 
    "cache-08": 31.880000000000003
}