{
    "cache-01": 47.760000000000005, 
    "cache-02": 48.260000000000005, 
    "cache-03": 47.940000000000005, 
    "cache-04": 232.0, 
    "cache-05": 234.6, 
    "cache-06": 142.0, 
    "cache-07": 142.0, 
    "cache-08": 142.2
}