{
    "cache-01": 197.0, 
    "cache-02": 195.6, 
    "cache-03": 199.8, 
    "cache-04": 105.0, 
    "cache-05": 101.52000000000001, 
    "cache-06": 43.6, 
    "cache-07": 42.160000000000004, 
    "cache-08": 43.739999999999995
}