{
    "cache-01": 177.0, 
    "cache-02": 177.2, 
    "cache-03": 176.75, 
    "cache-04": 105.2, 
    "cache-05": 106.0, 
    "cache-06": 27.7, 
    "cache-07": 30.919999999999998, 
    "cache-08": 31.119999999999997
}