{
    "cache-01": 143.4, 
    "cache-02": 142.2, 
    "cache-03": 142.4, 
    "cache-04": 145.8, 
    "cache-05": 144.0, 
    "cache-06": 53.82000000000001, 
    "cache-07": 51.92, 
    "cache-08": 54.260000000000005
}