{
    "cache-01": 195.6, 
    "cache-02": 196.0, 
    "cache-03": 194.0, 
    "cache-04": 95.4, 
    "cache-05": 96.78, 
    "cache-06": 53.08, 
    "cache-07": 47.660000000000004, 
    "cache-08": 46.67999999999999
}