{
    "0": {
        "cache-01": 4, 
        "cache-07": 3.25
    }, 
    "1": {
        "cache-01": 4, 
        "cache-07": 3.4821376961479262
    }, 
    "2": {
        "cache-01": 4, 
        "cache-07": 3.598206544221889
    }, 
    "3": {
        "cache-01": 4, 
        "cache-07": 3.829334230871977
    }, 
    "4": {
        "cache-01": 4, 
        "cache-07": 3.7718048115839147
    }, 
    "5": {
        "cache-01": 4, 
        "cache-07": 4.030146981932088
    }, 
    "6": {
        "cache-01": 4, 
        "cache-07": 4.159318067106174
    }, 
    "7": {
        "cache-01": 4, 
        "cache-07": 4.223903609693217
    }, 
    "8": {
        "cache-01": 4, 
        "cache-07": 4.256196380986738
    }, 
    "9": {
        "cache-01": 4, 
        "cache-07": 4.2723427666335
    }, 
    "10": {
        "cache-01": 4, 
        "cache-07": 4.166402342077783
    }, 
    "11": {
        "cache-01": 4, 
        "cache-07": 4.113432129799923
    }, 
    "12": {
        "cache-01": 4, 
        "cache-07": 4.0869470236609935
    }, 
    "13": {
        "cache-01": 4, 
        "cache-07": 4.0737044705915295
    }, 
    "14": {
        "cache-01": 4, 
        "cache-07": 4.181096811435895
    }, 
    "15": {
        "cache-01": 4, 
        "cache-07": 4.234792981858078
    }, 
    "16": {
        "cache-01": 4, 
        "cache-07": 4.261641067069169
    }, 
    "17": {
        "cache-01": 4, 
        "cache-07": 4.275065109674715
    }, 
    "18": {
        "cache-01": 4, 
        "cache-07": 4.1677635135983895
    }, 
    "19": {
        "cache-01": 4, 
        "cache-07": 4.2281263329393255
    }, 
    "20": {
        "cache-01": 4, 
        "cache-07": 4.258307742609793
    }, 
    "21": {
        "cache-01": 4, 
        "cache-07": 4.273398447445027
    }, 
    "22": {
        "cache-01": 4, 
        "cache-07": 4.280943799862644
    }, 
    "23": {
        "cache-01": 4, 
        "cache-07": 4.284716476071452
    }, 
    "24": {
        "cache-01": 4, 
        "cache-07": 4.286602814175856
    }, 
    "25": {
        "cache-01": 4, 
        "cache-07": 4.287545983228059
    }, 
    "26": {
        "cache-01": 4, 
        "cache-07": 4.28801756775416
    }, 
    "27": {
        "cache-01": 4, 
        "cache-07": 4.28825336001721
    }, 
    "28": {
        "cache-01": 4, 
        "cache-07": 4.288371256148736
    }, 
    "29": {
        "cache-01": 4, 
        "cache-07": 4.288430204214498
    }, 
    "30": {
        "cache-01": 4, 
        "cache-07": 4.28845967824738
    }, 
    "31": {
        "cache-01": 4, 
        "cache-07": 4.288474415263821
    }, 
    "32": {
        "cache-01": 4, 
        "cache-07": 4.28848178377204
    }, 
    "33": {
        "cache-01": 4, 
        "cache-07": 4.288485468026151
    }, 
    "34": {
        "cache-01": 4, 
        "cache-07": 4.288487310153206
    }, 
    "35": {
        "cache-01": 4, 
        "cache-07": 4.288488231216734
    }, 
    "36": {
        "cache-01": 4, 
        "cache-07": 4.288488691748498
    }, 
    "37": {
        "cache-01": 4, 
        "cache-07": 4.288488922014379
    }, 
    "38": {
        "cache-01": 4, 
        "cache-07": 4.28848903714732
    }, 
    "39": {
        "cache-01": 4, 
        "cache-07": 4.288489094713791
    }, 
    "40": {
        "cache-01": 4, 
        "cache-07": 4.288489123497026
    }, 
    "41": {
        "cache-01": 4, 
        "cache-07": 4.288489137888643
    }, 
    "42": {
        "cache-01": 4, 
        "cache-07": 4.288489145084451
    }, 
    "43": {
        "cache-01": 4, 
        "cache-07": 4.2884891486823555
    }, 
    "44": {
        "cache-01": 4, 
        "cache-07": 4.288489150481308
    }, 
    "45": {
        "cache-01": 4, 
        "cache-07": 4.288489151380784
    }, 
    "46": {
        "cache-01": 4, 
        "cache-07": 4.288489151830522
    }, 
    "47": {
        "cache-01": 4, 
        "cache-07": 4.288489152055391
    }, 
    "48": {
        "cache-01": 4, 
        "cache-07": 4.288489152167825
    }, 
    "49": {
        "cache-01": 4, 
        "cache-07": 4.288489152224043
    }, 
    "50": {
        "cache-01": 4, 
        "cache-07": 4.288489152252152
    }, 
    "51": {
        "cache-01": 4, 
        "cache-07": 4.288489152266207
    }, 
    "52": {
        "cache-01": 4, 
        "cache-07": 4.288489152273234
    }, 
    "53": {
        "cache-01": 4, 
        "cache-07": 4.288489152276748
    }, 
    "54": {
        "cache-01": 4, 
        "cache-07": 4.288489152278505
    }, 
    "55": {
        "cache-01": 4, 
        "cache-07": 4.288489152279382
    }, 
    "56": {
        "cache-01": 4, 
        "cache-07": 4.288489152279821
    }, 
    "57": {
        "cache-01": 4, 
        "cache-07": 4.288489152280041
    }, 
    "58": {
        "cache-01": 4, 
        "cache-07": 4.288489152280151
    }, 
    "59": {
        "cache-01": 4, 
        "cache-07": 4.288489152280206
    }, 
    "60": {
        "cache-01": 4, 
        "cache-07": 4.288489152280233
    }, 
    "61": {
        "cache-01": 4, 
        "cache-07": 4.288489152280247
    }, 
    "62": {
        "cache-01": 4, 
        "cache-07": 4.288489152280254
    }, 
    "63": {
        "cache-01": 4, 
        "cache-07": 4.288489152280258
    }, 
    "64": {
        "cache-01": 4, 
        "cache-07": 4.28848915228026
    }, 
    "65": {
        "cache-01": 4, 
        "cache-07": 4.28848915228026
    }, 
    "66": {
        "cache-01": 4, 
        "cache-07": 4.28848915228026
    }, 
    "67": {
        "cache-01": 4, 
        "cache-07": 4.28848915228026
    }, 
    "68": {
        "cache-01": 4, 
        "cache-07": 4.28848915228026
    }, 
    "69": {
        "cache-01": 4, 
        "cache-07": 4.28848915228026
    }, 
    "70": {
        "cache-01": 4, 
        "cache-07": 4.28848915228026
    }, 
    "71": {
        "cache-01": 4, 
        "cache-07": 4.28848915228026
    }, 
    "72": {
        "cache-01": 4, 
        "cache-07": 4.28848915228026
    }, 
    "73": {
        "cache-01": 4, 
        "cache-07": 4.28848915228026
    }, 
    "74": {
        "cache-01": 4, 
        "cache-07": 4.28848915228026
    }, 
    "75": {
        "cache-01": 4, 
        "cache-07": 4.28848915228026
    }, 
    "76": {
        "cache-01": 4, 
        "cache-07": 4.28848915228026
    }, 
    "77": {
        "cache-01": 4, 
        "cache-07": 4.28848915228026
    }, 
    "78": {
        "cache-01": 4, 
        "cache-07": 4.174475534901163
    }, 
    "79": {
        "cache-01": 4, 
        "cache-07": 4.231482343590711
    }, 
    "80": {
        "cache-01": 4, 
        "cache-07": 4.259985747935486
    }, 
    "81": {
        "cache-01": 4, 
        "cache-07": 4.274237450107874
    }, 
    "82": {
        "cache-01": 4, 
        "cache-07": 4.281363301194068
    }, 
    "83": {
        "cache-01": 4, 
        "cache-07": 4.284926226737165
    }, 
    "84": {
        "cache-01": 4, 
        "cache-07": 4.286707689508713
    }, 
    "85": {
        "cache-01": 4, 
        "cache-07": 4.287598420894486
    }, 
    "86": {
        "cache-01": 4, 
        "cache-07": 4.288043786587373
    }, 
    "87": {
        "cache-01": 4, 
        "cache-07": 4.288266469433816
    }, 
    "88": {
        "cache-01": 4, 
        "cache-07": 4.288377810857039
    }, 
    "89": {
        "cache-01": 4, 
        "cache-07": 4.288433481568649
    }, 
    "90": {
        "cache-01": 4, 
        "cache-07": 4.174447699545357
    }, 
    "91": {
        "cache-01": 4, 
        "cache-07": 4.1174548085337115
    }, 
    "92": {
        "cache-01": 4, 
        "cache-07": 4.0889583630278885
    }, 
    "93": {
        "cache-01": 4, 
        "cache-07": 4.188723757654074
    }, 
    "94": {
        "cache-01": 4, 
        "cache-07": 4.238606454967167
    }, 
    "95": {
        "cache-01": 4, 
        "cache-07": 4.263547803623714
    }, 
    "96": {
        "cache-01": 4, 
        "cache-07": 4.276018477951988
    }, 
    "97": {
        "cache-01": 4,