{
    "0": {
        "cache-04": 4.2066547001081585, 
        "cache-07": 3.7237345013999716
    }, 
    "1": {
        "cache-04": 4.2066547001081585, 
        "cache-07": 3.7237345013999716
    }, 
    "2": {
        "cache-04": 4.2066547001081585, 
        "cache-07": 3.7237345013999716
    }, 
    "3": {
        "cache-04": 4.2066547001081585, 
        "cache-07": 3.7237345013999716
    }, 
    "4": {
        "cache-04": 4.2066547001081585, 
        "cache-07": 3.7237345013999716
    }, 
    "5": {
        "cache-04": 4.2066547001081585, 
        "cache-07": 3.7237345013999716
    }, 
    "6": {
        "cache-04": 4.281564324451207, 
        "cache-07": 3.7237345013999774
    }, 
    "7": {
        "cache-04": 4.281564324451207, 
        "cache-07": 3.7237345013999774
    }, 
    "8": {
        "cache-04": 4.281564324451207, 
        "cache-07": 3.7237345013999774
    }, 
    "9": {
        "cache-04": 4.281564324451207, 
        "cache-07": 3.7237345013999774
    }, 
    "10": {
        "cache-04": 4.281564324451207, 
        "cache-07": 3.7237345013999774
    }, 
    "11": {
        "cache-04": 4.28290600984308, 
        "cache-07": 3.7237345013999823
    }, 
    "12": {
        "cache-04": 4.28290600984308, 
        "cache-07": 3.7237345013999823
    }, 
    "13": {
        "cache-04": 4.28290600984308, 
        "cache-07": 3.7237345013999823
    }, 
    "14": {
        "cache-04": 4.28290600984308, 
        "cache-07": 3.7237345013999823
    }, 
    "15": {
        "cache-04": 4.28290600984308, 
        "cache-07": 3.7237345013999823
    }, 
    "16": {
        "cache-04": 3.9398740550085107, 
        "cache-07": 3.723734501399986
    }, 
    "17": {
        "cache-04": 3.9398740550085107, 
        "cache-07": 3.723734501399986
    }, 
    "18": {
        "cache-04": 3.9398740550085107, 
        "cache-07": 3.723734501399986
    }, 
    "19": {
        "cache-04": 3.9398740550085107, 
        "cache-07": 3.723734501399986
    }, 
    "20": {
        "cache-04": 3.9398740550085107, 
        "cache-07": 3.723734501399986
    }, 
    "21": {
        "cache-04": 4.2419263081357705, 
        "cache-07": 3.723734501399989
    }, 
    "22": {
        "cache-04": 4.2419263081357705, 
        "cache-07": 3.723734501399989
    }, 
    "23": {
        "cache-04": 4.2419263081357705, 
        "cache-07": 3.723734501399989
    }, 
    "24": {
        "cache-04": 4.2419263081357705, 
        "cache-07": 3.723734501399989
    }, 
    "25": {
        "cache-04": 4.2419263081357705, 
        "cache-07": 3.723734501399989
    }, 
    "26": {
        "cache-04": 4.076924476020819, 
        "cache-07": 3.723734501399991
    }, 
    "27": {
        "cache-04": 4.076924476020819, 
        "cache-07": 3.723734501399991
    }, 
    "28": {
        "cache-04": 4.076924476020819, 
        "cache-07": 3.723734501399991
    }, 
    "29": {
        "cache-04": 4.076924476020819, 
        "cache-07": 3.723734501399991
    }, 
    "30": {
        "cache-04": 4.076924476020819, 
        "cache-07": 3.723734501399991
    }, 
    "31": {
        "cache-04": 4.226228068556225, 
        "cache-07": 3.723734501399993
    }, 
    "32": {
        "cache-04": 4.226228068556225, 
        "cache-07": 3.723734501399993
    }, 
    "33": {
        "cache-04": 4.226228068556225, 
        "cache-07": 3.723734501399993
    }, 
    "34": {
        "cache-04": 4.226228068556225, 
        "cache-07": 3.723734501399993
    }, 
    "35": {
        "cache-04": 4.226228068556225, 
        "cache-07": 3.723734501399993
    }, 
    "36": {
        "cache-04": 4.169882983100321, 
        "cache-07": 3.7237345013999947
    }, 
    "37": {
        "cache-04": 4.169882983100321, 
        "cache-07": 3.7237345013999947
    }, 
    "38": {
        "cache-04": 4.169882983100321, 
        "cache-07": 3.7237345013999947
    }, 
    "39": {
        "cache-04": 4.169882983100321, 
        "cache-07": 3.7237345013999947
    }, 
    "40": {
        "cache-04": 4.169882983100321, 
        "cache-07": 3.7237345013999947
    }, 
    "41": {
        "cache-04": 4.137864322731213, 
        "cache-07": 3.723734501399996
    }, 
    "42": {
        "cache-04": 4.137864322731213, 
        "cache-07": 3.723734501399996
    }, 
    "43": {
        "cache-04": 4.137864322731213, 
        "cache-07": 3.723734501399996
    }, 
    "44": {
        "cache-04": 4.137864322731213, 
        "cache-07": 3.723734501399996
    }, 
    "45": {
        "cache-04": 4.137864322731213, 
        "cache-07": 3.723734501399996
    }, 
    "46": {
        "cache-04": 3.954153496587766, 
        "cache-07": 3.723734501399997
    }, 
    "47": {
        "cache-04": 3.954153496587766, 
        "cache-07": 3.723734501399997
    }, 
    "48": {
        "cache-04": 3.954153496587766, 
        "cache-07": 3.723734501399997
    }, 
    "49": {
        "cache-04": 3.954153496587766, 
        "cache-07": 3.723734501399997
    }, 
    "50": {
        "cache-04": 3.954153496587766, 
        "cache-07": 3.723734501399997
    }, 
    "51": {
        "cache-04": 4.222121332569019, 
        "cache-07": 3.723734501399998
    }, 
    "52": {
        "cache-04": 4.222121332569019, 
        "cache-07": 3.723734501399998
    }, 
    "53": {
        "cache-04": 4.222121332569019, 
        "cache-07": 3.723734501399998
    }, 
    "54": {
        "cache-04": 4.222121332569019, 
        "cache-07": 3.723734501399998
    }, 
    "55": {
        "cache-04": 4.222121332569019, 
        "cache-07": 3.723734501399998
    }, 
    "56": {
        "cache-04": 4.262161973592837, 
        "cache-07": 3.7237345013999983
    }, 
    "57": {
        "cache-04": 4.262161973592837, 
        "cache-07": 3.7237345013999983
    }, 
    "58": {
        "cache-04": 4.262161973592837, 
        "cache-07": 3.7237345013999983
    }, 
    "59": {
        "cache-04": 4.262161973592837, 
        "cache-07": 3.7237345013999983
    }, 
    "60": {
        "cache-04": 4.262161973592837, 
        "cache-07": 3.7237345013999983
    }, 
    "61": {
        "cache-04": 4.270113204897985, 
        "cache-07": 3.7237345013999987
    }, 
    "62": {
        "cache-04": 4.270113204897985, 
        "cache-07": 3.7237345013999987
    }, 
    "63": {
        "cache-04": 4.270113204897985, 
        "cache-07": 3.7237345013999987
    }, 
    "64": {
        "cache-04": 4.270113204897985, 
        "cache-07": 3.7237345013999987
    }, 
    "65": {
        "cache-04": 4.270113204897985, 
        "cache-07": 3.7237345013999987
    }, 
    "66": {
        "cache-04": 4.285074906441222, 
        "cache-07": 3.723734501399999
    }, 
    "67": {
        "cache-04": 4.285074906441222, 
        "cache-07": 3.723734501399999
    }, 
    "68": {
        "cache-04": 4.285074906441222, 
        "cache-07": 3.723734501399999
    }, 
    "69": {
        "cache-04": 4.285074906441222, 
        "cache-07": 3.723734501399999
    }, 
    "70": {
        "cache-04": 4.285074906441222, 
        "cache-07": 3.723734501399999
    }, 
    "71": {
        "cache-04": 4.257233012227754, 
        "cache-07": 3.7237345013999996
    }, 
    "72": {
        "cache-04": 4.257233012227754, 
        "cache-07": 3.7237345013999996
    }, 
    "73": {
        "cache-04": 4.257233012227754, 
        "cache-07": 3.7237345013999996
    }, 
    "74": {
        "cache-04": 4.257233012227754, 
        "cache-07": 3.7237345013999996
    }, 
    "75": {
        "cache-04": 4.257233012227754, 
        "cache-07": 3.7237345013999996
    }, 
    "76": {
        "cache-04": 4.286091612838762, 
        "cache-07": 3.7237345014
    }, 
    "77": {
        "cache-04": 4.286091612838762, 
        "cache-07": 3.7237345014
    }, 
    "78": {
        "cache-04": 4.286091612838762, 
        "cache-07": 3.7237345014
    }, 
    "79": {
        "cache-04": 4.286091612838762, 
        "cache-07": 3.7237345014
    }, 
    "80": {
        "cache-04": 4.286091612838762, 
        "cache-07": 3.7237345014
    },