{
    "cache-02": 47.4943161, 
    "cache-06": 142.1309948
}